instance_id,x_m,y_m,diameter_m,size_class,material_type,source_type,crater_zone,analysis_crater_zone,dominant_crater_index,normalized_crater_radius,analysis_normalized_crater_radius,distance_to_dominant_crater_center_m,local_slope_deg,local_density_per_m2,acceptance_probability,clump_id,mesh_name,source_file,source_files,world_x_cm,world_y_cm,world_z_cm
0,-15.651397017497729,-107.42802639051716,0.27171468311369257,Small,MixedBreccia,crater_ejecta_single,DistalEjecta,DistalEjecta,2,2.0270216889699513,2.0270216889699513,33.89969679536741,0.5028592407473604,0.002,1.0,-1,,unreal_rockfield.json,unreal_rockfield.json,nan,nan,nan
1,-35.74785445441765,-129.99476654021032,0.2668071001412954,Small,RegolithCovered,crater_ejecta_single,CraterFloor,CraterFloor,2,0.33003924561212233,0.33003924561212233,5.519541511422188,0.8380987345789339,0.002,1.0,-1,,unreal_rockfield.json,unreal_rockfield.json,nan,nan,nan
2,-21.104314901484265,-126.91434798992638,0.28097148345981193,Small,MixedBreccia,crater_ejecta_single,Rim,Rim,2,0.9623859107942605,0.9623859107942605,16.094840402342914,3.017155444484162,0.002,1.0,-1,,unreal_rockfield.json,unreal_rockfield.json,nan,nan,nan
3,-50.294651901031294,-124.33208843140336,0.2635851937610213,Small,MixedBreccia,crater_ejecta_clump,Rim,Rim,2,1.1412252611227012,1.1412252611227012,19.08573082261039,3.017155444484162,0.003,1.0,0,,unreal_rockfield.json,unreal_rockfield.json,nan,nan,nan
4,-42.580415767815055,-126.43136709783657,0.2700145048149587,Small,RegolithCovered,crater_ejecta_clump,CraterFloor,CraterFloor,2,0.7125211498599153,0.7125211498599153,11.916128511092483,0.8380987345789339,0.003,1.0,0,,unreal_rockfield.json,unreal_rockfield.json,nan,nan,nan
5,-44.38297692780404,-124.20630321921448,0.28312108139015574,Small,MixedBreccia,crater_ejecta_clump,Rim,Rim,2,0.8836662035907041,0.8836662035907041,14.778340327113467,3.017155444484162,0.003,1.0,0,,unreal_rockfield.json,unreal_rockfield.json,nan,nan,nan
6,-44.44667090104436,-128.96090411754605,0.26616209972146504,Small,RegolithCovered,crater_ejecta_clump,CraterFloor,CraterFloor,2,0.6961519167016662,0.6961519167016662,11.6423711833555,0.8380987345789339,0.003,1.0,0,,unreal_rockfield.json,unreal_rockfield.json,nan,nan,nan
7,-45.13503082876329,-124.21988499507029,0.26337525143945906,Small,MixedBreccia,crater_ejecta_clump,Rim,Rim,2,0.9129765787834239,0.9129765787834239,15.268523948432572,3.017155444484162,0.003,1.0,0,,unreal_rockfield.json,unreal_rockfield.json,nan,nan,nan
8,-40.91264221922602,-111.64270375423516,0.2605283485827151,Small,MixedBreccia,crater_ejecta_clump,ProximalEjecta,ProximalEjecta,2,1.4688643055795305,1.4688643055795305,24.56513162322761,1.0607244443034893,0.003,1.0,1,,unreal_rockfield.json,unreal_rockfield.json,nan,nan,nan
9,124.96916106271307,244.58168751707933,0.26335996221541175,Small,MixedBreccia,crater_ejecta_single,ProximalEjecta,ProximalEjecta,9,1.6603702750319838,1.6603702750319838,16.91812948936278,0.592782599674283,0.002,1.0,-1,,unreal_rockfield.json,unreal_rockfield.json,nan,nan,nan
10,125.62431850099776,239.01111158043386,0.2914807519070559,Small,MixedBreccia,crater_ejecta_clump,Rim,Rim,9,1.1109981696767843,1.1109981696767843,11.320373039486519,1.8555623347262187,0.003,1.0,2,,unreal_rockfield.json,unreal_rockfield.json,nan,nan,nan
11,225.5840237487474,-122.77180046419828,0.2695751797335084,Small,MixedBreccia,crater_ejecta_clump,Rim,Rim,11,1.000792776664502,1.000792776664502,7.9509159662312685,1.455683060340982,0.003,1.0,3,,unreal_rockfield.json,unreal_rockfield.json,nan,nan,nan
12,247.79298317309213,60.67868787452168,0.27763723710539,Small,MixedBreccia,crater_ejecta_single,ProximalEjecta,ProximalEjecta,16,1.2832295029317464,1.2832295029317464,44.629325964824496,2.47174520396218,0.002,1.0,-1,,unreal_rockfield.json,unreal_rockfield.json,nan,nan,nan
13,246.54518506320326,-2.72659533253729,0.26549408120822066,Small,MixedBreccia,crater_ejecta_single,Rim,Rim,16,1.116388105912821,1.116388105912821,38.82676369909364,6.407501601095757,0.002,1.0,-1,,unreal_rockfield.json,unreal_rockfield.json,nan,nan,nan
14,228.02224551349838,-15.657046580771436,0.30751100723186,Medium,MixedBreccia,crater_ejecta_single,ProximalEjecta,ProximalEjecta,16,1.2105534871597383,1.2105534871597383,42.10173320740783,2.563215357321272,0.002,1.0,-1,,unreal_rockfield.json,unreal_rockfield.json,nan,nan,nan
15,235.53252390677105,53.27609865388292,0.29744517925162495,Small,MixedBreccia,crater_ejecta_single,Rim,Rim,16,0.9090348448012672,0.9090348448012672,31.61524287692226,6.407501601095757,0.002,1.0,-1,,unreal_rockfield.json,unreal_rockfield.json,nan,nan,nan
16,211.60719398098348,-8.102710921330335,0.34902501094034877,Medium,MixedBreccia,crater_ejecta_single,Rim,Rim,16,1.0017796485479218,1.0017796485479218,34.84080624535838,6.407501601095757,0.002,1.0,-1,,unreal_rockfield.json,unreal_rockfield.json,nan,nan,nan
17,199.2552091287469,-5.980399344147923,0.28370453047963784,Small,MixedBreccia,crater_ejecta_single,Rim,Rim,16,1.0899722494715993,1.0899722494715993,37.90804895238476,6.407501601095757,0.002,1.0,-1,,unreal_rockfield.json,unreal_rockfield.json,nan,nan,nan
18,189.4564998716602,34.595687769168606,0.2677402684657059,Small,MixedBreccia,crater_ejecta_single,Rim,Rim,16,0.9172064975225998,0.9172064975225998,31.899444067853803,6.407501601095757,0.002,1.0,-1,,unreal_rockfield.json,unreal_rockfield.json,nan,nan,nan
19,207.19055771002115,51.005515841176766,0.29528780447654257,Small,RegolithCovered,crater_ejecta_single,CraterFloor,CraterFloor,16,0.8169097971525657,0.8169097971525657,28.4112339512815,1.7798615558599327,0.002,1.0,-1,,unreal_rockfield.json,unreal_rockfield.json,nan,nan,nan
20,235.04715229269246,-0.3104870575079346,0.2742992261691992,Small,MixedBreccia,crater_ejecta_single,Rim,Rim,16,0.8625075552573337,0.8625075552573337,29.997074368037524,6.407501601095757,0.002,1.0,-1,,unreal_rockfield.json,unreal_rockfield.json,nan,nan,nan
21,249.52810351889704,59.271057977452934,0.32535473978876256,Medium,MixedBreccia,crater_ejecta_single,ProximalEjecta,ProximalEjecta,16,1.2840779304961811,1.2840779304961811,44.65883335243067,2.4706968779534213,0.002,1.0,-1,,unreal_rockfield.json,unreal_rockfield.json,nan,nan,nan
22,181.72201408301058,42.12375166963699,0.27435592355857513,Small,MixedBreccia,crater_ejecta_single,ProximalEjecta,ProximalEjecta,16,1.2000681405659372,1.2000681405659372,41.73706426087893,2.576688745455041,0.002,1.0,-1,,unreal_rockfield.json,unreal_rockfield.json,nan,nan,nan
23,132.58310668749752,-0.6076593871646736,0.2718790840834753,Small,MixedBreccia,crater_ejecta_single,DistalEjecta,DistalEjecta,16,2.6271900492463205,2.6271900492463205,91.37081154343888,1.0679169335159595,0.002,1.0,-1,,unreal_rockfield.json,unreal_rockfield.json,nan,nan,nan
24,188.61347511228763,40.75086751840187,0.2704022894520434,Small,MixedBreccia,crater_ejecta_single,Rim,Rim,16,1.0032494375164744,1.0032494375164744,34.89192390656176,6.407501601095757,0.002,1.0,-1,,unreal_rockfield.json,unreal_rockfield.json,nan,nan,nan
25,195.93789051952567,56.30285854043403,0.32156293776930084,Medium,MixedBreccia,crater_ejecta_single,Rim,Rim,16,1.121127107828428,1.121127107828428,38.99158102970858,6.407501601095757,0.002,1.0,-1,,unreal_rockfield.json,unreal_rockfield.json,nan,nan,nan
26,189.31509394680455,21.47162830830782,0.2676129791038247,Small,MixedBreccia,crater_ejecta_single,Rim,Rim,16,0.8930807874242992,0.8930807874242992,31.06037811928423,6.407501601095757,0.002,1.0,-1,,unreal_rockfield.json,unreal_rockfield.json,nan,nan,nan
27,213.06872248168312,66.83050572785716,0.2683260864242645,Small,MixedBreccia,crater_ejecta_single,ProximalEjecta,ProximalEjecta,16,1.2000007095070468,1.2000007095070468,41.734719082015374,2.5767756213448347,0.002,1.0,-1,,unreal_rockfield.json,unreal_rockfield.json,nan,nan,nan
28,189.5411174373029,16.41415529703135,0.26864388750048895,Small,MixedBreccia,crater_ejecta_single,Rim,Rim,16,0.9179102269272745,0.9179102269272745,31.92391901089439,6.407501601095757,0.002,1.0,-1,,unreal_rockfield.json,unreal_rockfield.json,nan,nan,nan
29,181.28012973897694,13.653118717226027,0.2710984123607613,Small,MixedBreccia,crater_ejecta_single,Rim,Rim,16,1.168278865228522,1.168278865228522,40.63146785121274,6.407501601095757,0.002,1.0,-1,,unreal_rockfield.json,unreal_rockfield.json,nan,nan,nan
30,187.20062513816552,9.423207367469985,0.36948566570304797,Medium,MixedBreccia,crater_ejecta_single,Rim,Rim,16,1.0549562372454035,1.0549562372454035,36.690230144400026,6.407501601095757,0.002,1.0,-1,,unreal_rockfield.json,unreal_rockfield.json,nan,nan,nan
31,211.57918825490745,-5.23311361126208,0.26907421911365215,Small,MixedBreccia,crater_ejecta_single,Rim,Rim,16,0.9221835373721387,0.9221835373721387,32.07254009882685,6.407501601095757,0.002,1.0,-1,,unreal_rockfield.json,unreal_rockfield.json,nan,nan,nan
32,189.61457344908644,54.85514246946,0.2649658194650072,Small,MixedBreccia,crater_ejecta_single,ProximalEjecta,ProximalEjecta,16,1.212820143095097,1.212820143095097,42.180565034729504,2.5603120391862153,0.002,1.0,-1,,unreal_rockfield.json,unreal_rockfield.json,nan,nan,nan
33,177.84875024626447,25.38650609185642,0.2628515922086068,Small,MixedBreccia,crater_ejecta_single,ProximalEjecta,ProximalEjecta,16,1.2145289332526614,1.2145289332526614,42.23999489725465,2.5581254554160093,0.002,1.0,-1,,unreal_rockfield.json,unreal_rockfield.json,nan,nan,nan
34,248.78606489654777,50.322240416329635,0.35682469440968173,Medium,MixedBreccia,crater_ejecta_single,Rim,Rim,16,1.0874336697636449,1.0874336697636449,37.81975991210387,6.407501601095757,0.002,1.0,-1,,unreal_rockfield.json,unreal_rockfield.json,nan,nan,nan
35,243.40238804756686,5.918550408277188,0.42349163492791075,Medium,MixedBreccia,crater_ejecta_single,Rim,Rim,16,0.8789676139559106,0.8789676139559106,30.56953730111428,6.407501601095757,0.002,1.0,-1,,unreal_rockfield.json,unreal_rockfield.json,nan,nan,nan
36,209.23681723586137,-6.942145145778012,0.2778937578586437,Small,MixedBreccia,crater_ejecta_clump,Rim,Rim,16,0.9887929926012257,0.9887929926012257,34.38914448094759,6.407501601095757,0.003,1.0,4,,unreal_rockfield.json,unreal_rockfield.json,nan,nan,nan
37,210.4459192870216,-4.949831556059366,0.2686047267146289,Small,MixedBreccia,crater_ejecta_clump,Rim,Rim,16,0.9235851564469016,0.9235851564469016,32.12128688529272,6.407501601095757,0.003,1.0,4,,unreal_rockfield.json,unreal_rockfield.json,nan,nan,nan
38,211.70715015843976,-3.1410451389956897,0.29505346461798754,Small,MixedBreccia,crater_ejecta_clump,Rim,Rim,16,0.8632986561470531,0.8632986561470531,30.024587996268238,6.407501601095757,0.003,1.0,4,,unreal_rockfield.json,unreal_rockfield.json,nan,nan,nan
39,210.17826965635848,-3.0083804179272486,0.2720153472508803,Small,MixedBreccia,crater_ejecta_clump,Rim,Rim,16,0.8729793067651197,0.8729793067651197,30.36127049226619,6.407501601095757,0.003,1.0,4,,unreal_rockfield.json,unreal_rockfield.json,nan,nan,nan
40,210.60746544712546,-2.447136520260454,0.2772215242701557,Small,MixedBreccia,crater_ejecta_clump,Rim,Rim,16,0.8537217427814973,0.8537217427814973,29.691513369047005,6.407501601095757,0.003,1.0,4,,unreal_rockfield.json,unreal_rockfield.json,nan,nan,nan
41,202.91459123441805,-12.727793989202919,0.2730296208904859,Small,MixedBreccia,crater_ejecta_clump,ProximalEjecta,ProximalEjecta,16,1.209974049365398,1.209974049365398,42.08158099134603,2.5639580768325483,0.003,1.0,5,,unreal_rockfield.json,unreal_rockfield.json,nan,nan,nan
42,201.8506712150182,-9.797040645164987,0.2799305278749028,Small,MixedBreccia,crater_ejecta_clump,Rim,Rim,16,1.14721978280821,1.14721978280821,39.899055876808355,6.407501601095757,0.003,1.0,5,,unreal_rockfield.json,unreal_rockfield.json,nan,nan,nan
43,200.4092714645285,-14.34877604247569,0.2914878792100405,Small,MixedBreccia,crater_ejecta_clump,ProximalEjecta,ProximalEjecta,16,1.282773555598986,1.282773555598986,44.61346861265945,2.472308761014328,0.003,1.0,5,,unreal_rockfield.json,unreal_rockfield.json,nan,nan,nan
44,201.95267899923007,-9.82975117456909,0.3580381440327349,Medium,MixedBreccia,crater_ejecta_clump,Rim,Rim,16,1.1467197129598796,1.1467197129598796,39.88166399155686,6.407501601095757,0.003,1.0,5,,unreal_rockfield.json,unreal_rockfield.json,nan,nan,nan
45,202.58883273376958,-10.588031108933512,0.35963300013547495,Medium,MixedBreccia,crater_ejecta_clump,Rim,Rim,16,1.1581171728075972,1.1581171728075972,40.27805524468241,6.407501601095757,0.003,1.0,5,,unreal_rockfield.json,unreal_rockfield.json,nan,nan,nan
46,200.4875619929496,-13.545888801101468,0.3200605405108087,Medium,MixedBreccia,crater_ejecta_clump,ProximalEjecta,ProximalEjecta,16,1.261088657166324,1.261088657166324,43.85929143823015,2.4992604905484144,0.003,1.0,5,,unreal_rockfield.json,unreal_rockfield.json,nan,nan,nan
47,203.4923932407994,-8.729642990273064,0.36345013742216253,Medium,MixedBreccia,crater_ejecta_clump,Rim,Rim,16,1.098702031374518,1.098702031374518,38.21166126901017,6.407501601095757,0.003,1.0,5,,unreal_rockfield.json,unreal_rockfield.json,nan,nan,nan
48,244.23332140905035,0.1665957150588726,0.3032408548642953,Medium,MixedBreccia,crater_ejecta_clump,Rim,Rim,16,1.0102392468733146,1.0102392468733146,35.135021871115796,6.407501601095757,0.003,1.0,6,,unreal_rockfield.json,unreal_rockfield.json,nan,nan,nan
49,249.167056884923,2.812678523044239,0.31735061174774576,Medium,MixedBreccia,crater_ejecta_clump,Rim,Rim,16,1.0638609632122842,1.0638609632122842,36.999926825231796,6.407501601095757,0.003,1.0,6,,unreal_rockfield.json,unreal_rockfield.json,nan,nan,nan
50,246.24568971570085,1.523914929728504,0.3825217357132314,Medium,MixedBreccia,crater_ejecta_clump,Rim,Rim,16,1.0239698308925773,1.0239698308925773,35.6125566445005,6.407501601095757,0.003,1.0,6,,unreal_rockfield.json,unreal_rockfield.json,nan,nan,nan
51,248.10321841902072,0.5196835427152995,0.27134591840958905,Small,MixedBreccia,crater_ejecta_clump,Rim,Rim,16,1.082898588065057,1.082898588065057,37.66203470477268,6.407501601095757,0.003,1.0,6,,unreal_rockfield.json,unreal_rockfield.json,nan,nan,nan
52,246.3899354880762,5.36280844716743,0.29447942774068003,Small,MixedBreccia,crater_ejecta_clump,Rim,Rim,16,0.9558021657762525,0.9558021657762525,33.241759417826025,6.407501601095757,0.003,1.0,6,,unreal_rockfield.json,unreal_rockfield.json,nan,nan,nan
53,248.97415731246977,1.493374440410629,0.29067510904399996,Small,MixedBreccia,crater_ejecta_clump,Rim,Rim,16,1.0834670613711617,1.0834670613711617,37.68180558786295,6.407501601095757,0.003,1.0,6,,unreal_rockfield.json,unreal_rockfield.json,nan,nan,nan
54,230.85560978440137,-28.941988155618997,0.32399361074498007,Medium,MixedBreccia,crater_ejecta_clump,ProximalEjecta,ProximalEjecta,16,1.6010648924650634,1.6010648924650634,55.68329500951364,2.108563197923506,0.003,1.0,7,,unreal_rockfield.json,unreal_rockfield.json,nan,nan,nan
55,232.59215710619878,-31.487175029630645,0.32977420981672856,Medium,MixedBreccia,crater_ejecta_clump,ProximalEjecta,ProximalEjecta,16,1.6828816313857717,1.6828816313857717,58.52879217298203,2.0240458356182107,0.003,1.0,7,,unreal_rockfield.json,unreal_rockfield.json,nan,nan,nan
56,231.4022464992057,-24.27630809339874,0.27215677342424227,Small,MixedBreccia,crater_ejecta_clump,ProximalEjecta,ProximalEjecta,16,1.4730648337341707,1.4730648337341707,51.23159223026299,2.24792326362577,0.003,1.0,7,,unreal_rockfield.json,unreal_rockfield.json,nan,nan,nan
57,235.4667039102741,-30.160284601536247,0.2924870598454527,Small,MixedBreccia,crater_ejecta_clump,ProximalEjecta,ProximalEjecta,16,1.6656425640814383,1.6656425640814383,57.929236168154446,2.0415675729307465,0.003,1.0,7,,unreal_rockfield.json,unreal_rockfield.json,nan,nan,nan
58,231.875860827474,-30.040631495130192,0.27076104781259297,Small,MixedBreccia,crater_ejecta_clump,ProximalEjecta,ProximalEjecta,16,1.6378877328946537,1.6378877328946537,56.96395333659258,2.0700967523916134,0.003,1.0,7,,unreal_rockfield.json,unreal_rockfield.json,nan,nan,nan
59,234.50535218770364,-31.95439955890286,0.284300499632883,Small,MixedBreccia,crater_ejecta_clump,ProximalEjecta,ProximalEjecta,16,1.7085158272904448,1.7085158272904448,59.42032161667241,1.9982689869599461,0.003,1.0,7,,unreal_rockfield.json,unreal_rockfield.json,nan,nan,nan
60,231.5714480791245,-27.363543489511727,0.260594644009381,Small,MixedBreccia,crater_ejecta_clump,ProximalEjecta,ProximalEjecta,16,1.5607855780656712,1.5607855780656712,54.28242427839101,2.1514594458739333,0.003,1.0,7,,unreal_rockfield.json,unreal_rockfield.json,nan,nan,nan
61,191.8677036550484,38.07623177589201,0.3068638666836606,Medium,MixedBreccia,crater_ejecta_clump,Rim,Rim,16,0.8861252939241872,0.8861252939241872,30.818473622891705,6.407501601095757,0.003,1.0,8,,unreal_rockfield.json,unreal_rockfield.json,nan,nan,nan
62,191.60062765666945,36.36275578864332,0.32755643745808816,Medium,MixedBreccia,crater_ejecta_clump,Rim,Rim,16,0.8746853475683622,0.8746853475683622,30.42060473523929,6.407501601095757,0.003,1.0,8,,unreal_rockfield.json,unreal_rockfield.json,nan,nan,nan
63,192.41543332785324,41.81365695367495,0.2770118617806815,Small,MixedBreccia,crater_ejecta_clump,Rim,Rim,16,0.9208685375907429,0.9208685375907429,32.02680583714295,6.407501601095757,0.003,1.0,8,,unreal_rockfield.json,unreal_rockfield.json,nan,nan,nan
64,190.73228158810207,36.119819347427914,0.26012040282088905,Small,MixedBreccia,crater_ejecta_clump,Rim,Rim,16,0.8957460418847739,0.8957460418847739,31.153072769636296,6.407501601095757,0.003,1.0,8,,unreal_rockfield.json,unreal_rockfield.json,nan,nan,nan
65,205.06776337354017,-9.341919878762626,0.2882718366509443,Small,MixedBreccia,crater_ejecta_clump,Rim,Rim,16,1.0959589910631633,1.0959589910631633,38.1162613113951,6.407501601095757,0.003,1.0,9,,unreal_rockfield.json,unreal_rockfield.json,nan,nan,nan
66,203.82625680507334,-13.46481225302008,0.33984776972215736,Medium,MixedBreccia,crater_ejecta_clump,ProximalEjecta,ProximalEjecta,16,1.219058768229632,1.219058768229632,42.39753762931639,2.5523380687849304,0.003,1.0,9,,unreal_rockfield.json,unreal_rockfield.json,nan,nan,nan
67,204.41278710595242,-15.007613727901939,0.27384747399645926,Small,MixedBreccia,crater_ejecta_clump,ProximalEjecta,ProximalEjecta,16,1.2539816519598501,1.2539816519598501,43.61211752953434,2.508157417472166,0.003,1.0,9,,unreal_rockfield.json,unreal_rockfield.json,nan,nan,nan
68,204.5662971851403,-12.415642576135781,0.30903577575589214,Medium,MixedBreccia,crater_ejecta_clump,Rim,Rim,16,1.1830653854221684,1.1830653854221684,41.145726935889364,6.407501601095757,0.003,1.0,9,,unreal_rockfield.json,unreal_rockfield.json,nan,nan,nan
69,203.09463104365608,-12.880730506894702,0.26398949520053205,Small,MixedBreccia,crater_ejecta_clump,ProximalEjecta,ProximalEjecta,16,1.2118935984983477,1.2118935984983477,42.148340821730365,2.5614984356202477,0.003,1.0,9,,unreal_rockfield.json,unreal_rockfield.json,nan,nan,nan
70,203.05882708312646,-14.19198631121848,0.37866650744553304,Medium,MixedBreccia,crater_ejecta_clump,ProximalEjecta,ProximalEjecta,16,1.2468927570442832,1.2468927570442832,43.36557347705236,2.5170632234111414,0.003,1.0,9,,unreal_rockfield.json,unreal_rockfield.json,nan,nan,nan
71,203.32225995987656,-14.917162418480865,0.3072640376023473,Medium,MixedBreccia,crater_ejecta_clump,ProximalEjecta,ProximalEjecta,16,1.2631854640780131,1.2631854640780131,43.932216101303496,2.4966416302640306,0.003,1.0,9,,unreal_rockfield.json,unreal_rockfield.json,nan,nan,nan
72,204.2399106739729,-11.742218109839488,0.26670343745711017,Small,MixedBreccia,crater_ejecta_clump,Rim,Rim,16,1.1687825177371611,1.1687825177371611,40.64898433749186,6.407501601095757,0.003,1.0,9,,unreal_rockfield.json,unreal_rockfield.json,nan,nan,nan
73,202.3731053757372,-16.944442196355688,0.281155162490907,Small,MixedBreccia,crater_ejecta_clump,ProximalEjecta,ProximalEjecta,16,1.3274826610725265,1.3274826610725265,46.16840265775091,2.4176545654742787,0.003,1.0,9,,unreal_rockfield.json,unreal_rockfield.json,nan,nan,nan
74,204.5575743823604,-13.399009589847328,0.2685798031152727,Small,MixedBreccia,crater_ejecta_clump,ProximalEjecta,ProximalEjecta,16,1.2093908717345352,1.2093908717345352,42.0612987078389,2.5647058073406166,0.003,1.0,9,,unreal_rockfield.json,unreal_rockfield.json,nan,nan,nan
75,202.54311265765452,-13.859419844472608,0.28481990378025795,Small,MixedBreccia,crater_ejecta_clump,ProximalEjecta,ProximalEjecta,16,1.2440429428817783,1.2440429428817783,43.26646004106369,2.52065236110873,0.003,1.0,9,,unreal_rockfield.json,unreal_rockfield.json,nan,nan,nan
76,203.0608742362076,-16.97761544364995,0.26019037235401254,Small,MixedBreccia,crater_ejecta_clump,ProximalEjecta,ProximalEjecta,16,1.320907113626006,1.320907113626006,45.93971227172295,2.425616347723924,0.003,1.0,9,,unreal_rockfield.json,unreal_rockfield.json,nan,nan,nan
77,201.17422038034405,-11.557123537371789,0.3232243673418156,Medium,MixedBreccia,crater_ejecta_clump,ProximalEjecta,ProximalEjecta,16,1.2011360129791013,1.2011360129791013,41.77420370156905,2.5753133252667455,0.003,1.0,9,,unreal_rockfield.json,unreal_rockfield.json,nan,nan,nan
78,230.6609366232393,60.32581992203522,0.27309672396913603,Small,MixedBreccia,crater_ejecta_clump,Rim,Rim,16,1.041248819039445,1.041248819039445,36.21350105279776,6.407501601095757,0.003,1.0,10,,unreal_rockfield.json,unreal_rockfield.json,nan,nan,nan
79,226.2515025127088,57.48539313151205,0.3458448780634137,Medium,MixedBreccia,crater_ejecta_clump,Rim,Rim,16,0.9312283170409346,0.9312283170409346,32.387107695033514,6.407501601095757,0.003,1.0,10,,unreal_rockfield.json,unreal_rockfield.json,nan,nan,nan
80,230.03636842467137,60.34408244795284,0.27086572797091246,Small,MixedBreccia,crater_ejecta_clump,Rim,Rim,16,1.0366526096623125,1.0366526096623125,36.053649891313405,6.407501601095757,0.003,1.0,10,,unreal_rockfield.json,unreal_rockfield.json,nan,nan,nan
81,228.48078751477053,60.6887652109692,0.276194206174653,Small,MixedBreccia,crater_ejecta_clump,Rim,Rim,16,1.0348469709542403,1.0348469709542403,35.99085174157234,6.407501601095757,0.003,1.0,10,,unreal_rockfield.json,unreal_rockfield.json,nan,nan,nan
82,230.10988184078826,60.773245422151014,0.2653925673364426,Small,MixedBreccia,crater_ejecta_clump,Rim,Rim,16,1.0490974245377787,1.0490974245377787,36.48646701278713,6.407501601095757,0.003,1.0,10,,unreal_rockfield.json,unreal_rockfield.json,nan,nan,nan
83,229.30773652999451,-5.837474315587299,0.36023200046632886,Medium,MixedBreccia,crater_ejecta_clump,Rim,Rim,16,0.9444872337097941,0.9444872337097941,32.84823839114287,6.407501601095757,0.003,1.0,11,,unreal_rockfield.json,unreal_rockfield.json,nan,nan,nan
84,228.55826815025665,-7.664093467999887,0.282069381647415,Small,MixedBreccia,crater_ejecta_clump,Rim,Rim,16,0.9894824090654982,0.9894824090654982,34.413121635493404,6.407501601095757,0.003,1.0,11,,unreal_rockfield.json,unreal_rockfield.json,nan,nan,nan
85,229.0572536076439,-9.746509455074104,0.26600876565835974,Small,MixedBreccia,crater_ejecta_clump,Rim,Rim,16,1.0510478934332959,1.0510478934332959,36.554302198873025,6.407501601095757,0.003,1.0,11,,unreal_rockfield.json,unreal_rockfield.json,nan,nan,nan
86,228.88119399129366,-7.584688898521237,0.30011483204473316,Medium,MixedBreccia,crater_ejecta_clump,Rim,Rim,16,0.9896012028793687,0.9896012028793687,34.41725315509276,6.407501601095757,0.003,1.0,11,,unreal_rockfield.json,unreal_rockfield.json,nan,nan,nan
87,228.59679542303525,-9.62697490686351,0.29773623012092687,Small,MixedBreccia,crater_ejecta_clump,Rim,Rim,16,1.0445361268974693,1.0445361268974693,36.327830043525694,6.407501601095757,0.003,1.0,11,,unreal_rockfield.json,unreal_rockfield.json,nan,nan,nan
88,229.81107419877304,-8.975426827230356,0.2726056952506231,Small,MixedBreccia,crater_ejecta_clump,Rim,Rim,16,1.0352112159869424,1.0352112159869424,36.003519787512985,6.407501601095757,0.003,1.0,11,,unreal_rockfield.json,unreal_rockfield.json,nan,nan,nan
89,226.76962172560698,-8.040688682725076,0.2644132312846747,Small,MixedBreccia,crater_ejecta_clump,Rim,Rim,16,0.9887140011592979,0.9887140011592979,34.38639724453963,6.407501601095757,0.003,1.0,11,,unreal_rockfield.json,unreal_rockfield.json,nan,nan,nan
90,231.13750595313965,-8.946088487466415,0.31765603330904524,Medium,MixedBreccia,crater_ejecta_clump,Rim,Rim,16,1.0453523573151213,1.0453523573151213,36.3562176493971,6.407501601095757,0.003,1.0,11,,unreal_rockfield.json,unreal_rockfield.json,nan,nan,nan
91,229.25791186504276,-8.908240787863805,0.33923709192878615,Medium,MixedBreccia,crater_ejecta_clump,Rim,Rim,16,1.0291620377671664,1.0291620377671664,35.793135950504166,6.407501601095757,0.003,1.0,11,,unreal_rockfield.json,unreal_rockfield.json,nan,nan,nan
92,231.0911294271265,-10.833714011867215,0.38722269301351725,Medium,MixedBreccia,crater_ejecta_clump,Rim,Rim,16,1.0967984126909436,1.0967984126909436,38.14545548232285,6.407501601095757,0.003,1.0,11,,unreal_rockfield.json,unreal_rockfield.json,nan,nan,nan
93,185.76451774383216,70.4160858930067,0.2874402862862687,Small,MixedBreccia,crater_ejecta_clump,ProximalEjecta,ProximalEjecta,16,1.6210397702498531,1.6210397702498531,56.377999526303675,2.087608866068693,0.003,1.0,12,,unreal_rockfield.json,unreal_rockfield.json,nan,nan,nan
94,183.74511175372498,72.78792485490031,0.2668246984237906,Small,MixedBreccia,crater_ejecta_clump,ProximalEjecta,ProximalEjecta,16,1.7104980381364072,1.7104980381364072,59.489260753259714,1.99628947284602,0.003,1.0,12,,unreal_rockfield.json,unreal_rockfield.json,nan,nan,nan
95,187.4607496998113,69.91441962743765,0.26357493854272646,Small,MixedBreccia,crater_ejecta_clump,ProximalEjecta,ProximalEjecta,16,1.580187174567564,1.580187174567564,54.957190695889,2.130689477361935,0.003,1.0,12,,unreal_rockfield.json,unreal_rockfield.json,nan,nan,nan
96,183.53199069825607,69.12682660359062,0.3324335993122413,Medium,MixedBreccia,crater_ejecta_clump,ProximalEjecta,ProximalEjecta,16,1.632366828393556,1.632366828393556,56.771942284760286,2.075819050061643,0.003,1.0,12,,unreal_rockfield.json,unreal_rockfield.json,nan,nan,nan
97,184.23026342057193,70.44783985764208,0.2950385477421678,Small,MixedBreccia,crater_ejecta_clump,ProximalEjecta,ProximalEjecta,16,1.648980875147337,1.648980875147337,57.34976075485882,2.0586465974203385,0.003,1.0,12,,unreal_rockfield.json,unreal_rockfield.json,nan,nan,nan
98,183.21439792283073,73.389572763686,0.3058249294653182,Medium,MixedBreccia,crater_ejecta_clump,ProximalEjecta,ProximalEjecta,16,1.7335167563963363,1.7335167563963363,60.28982673009221,1.9734451741670587,0.003,1.0,12,,unreal_rockfield.json,unreal_rockfield.json,nan,nan,nan
99,212.3296743196876,61.60283946390393,0.30463307877615337,Medium,MixedBreccia,crater_ejecta_clump,Rim,Rim,16,1.0564159823529289,1.0564159823529289,36.74099849104455,6.407501601095757,0.003,1.0,13,,unreal_rockfield.json,unreal_rockfield.json,nan,nan,nan
100,206.4286370892121,56.8440780329332,0.3835980834475823,Medium,MixedBreccia,crater_ejecta_clump,Rim,Rim,16,0.9780817119987206,0.9780817119987206,34.01661779541103,6.407501601095757,0.003,1.0,13,,unreal_rockfield.json,unreal_rockfield.json,nan,nan,nan
101,210.27575523588317,56.21313138909596,0.3398655830758161,Medium,MixedBreccia,crater_ejecta_clump,Rim,Rim,16,0.9218573124803854,0.9218573124803854,32.06119435202269,6.407501601095757,0.003,1.0,13,,unreal_rockfield.json,unreal_rockfield.json,nan,nan,nan
102,207.13383321030597,58.655344893717086,0.278545776708333,Small,MixedBreccia,crater_ejecta_clump,Rim,Rim,16,1.0184020382233867,1.0184020382233867,35.41891487319602,6.407501601095757,0.003,1.0,13,,unreal_rockfield.json,unreal_rockfield.json,nan,nan,nan
103,209.11865424678763,60.51218307728594,0.2639398129316283,Small,MixedBreccia,crater_ejecta_clump,Rim,Rim,16,1.0497372488100225,1.0497372488100225,36.50871940485023,6.407501601095757,0.003,1.0,13,,unreal_rockfield.json,unreal_rockfield.json,nan,nan,nan
104,181.50951250847308,-140.76181774346722,0.28946603785731034,Small,MixedBreccia,crater_ejecta_clump,Rim,Rim,32,0.9837867418704012,0.9837867418704012,7.542075336555818,1.4373839544806075,0.003,1.0,14,,unreal_rockfield.json,unreal_rockfield.json,nan,nan,nan
105,202.00562498045184,-7.996482132150682,0.26837256279511496,Small,MixedBreccia,crater_ejecta_single,ProximalEjecta,ProximalEjecta,35,1.2020009799885647,1.2020009799885647,14.29764179733147,0.9016245687325992,0.002,1.0,-1,,unreal_rockfield.json,unreal_rockfield.json,nan,nan,nan
106,201.74357638514326,-5.0509972331354955,0.28665455596212114,Small,MixedBreccia,crater_ejecta_clump,Rim,Rim,35,0.9542365237463538,0.9542365237463538,11.350516541663676,2.2442550497368865,0.003,1.0,15,,unreal_rockfield.json,unreal_rockfield.json,nan,nan,nan
107,202.67330358311852,-4.734475115382854,0.2854311487478057,Small,MixedBreccia,crater_ejecta_clump,Rim,Rim,35,0.9456693967203319,0.9456693967203319,11.248611705070727,2.2442550497368865,0.003,1.0,15,,unreal_rockfield.json,unreal_rockfield.json,nan,nan,nan
108,-139.96814227417923,71.96713942318064,0.27155660421630146,Small,MixedBreccia,crater_ejecta_single,ProximalEjecta,ProximalEjecta,89,1.896022359716468,1.896022359716468,28.136058078660753,0.8569355511309529,0.002,1.0,-1,,unreal_rockfield.json,unreal_rockfield.json,nan,nan,nan
109,-140.8988617871372,88.01052030004507,0.3755231981575185,Medium,MixedBreccia,crater_ejecta_single,Rim,Rim,89,1.03365474371037,1.03365474371037,15.338938253168733,3.017862592488476,0.002,1.0,-1,,unreal_rockfield.json,unreal_rockfield.json,nan,nan,nan
110,-127.75386861622603,114.89997065111162,0.2603926857332648,Small,MixedBreccia,crater_ejecta_clump,Rim,Rim,89,1.1447626034916198,1.1447626034916198,16.98772534672833,3.017862592488476,0.003,1.0,16,,unreal_rockfield.json,unreal_rockfield.json,nan,nan,nan
111,-129.57477805652607,111.02002307206742,0.37380105653960577,Medium,MixedBreccia,crater_ejecta_clump,Rim,Rim,89,0.8792082224952866,0.8792082224952866,13.047026309891574,3.017862592488476,0.003,1.0,16,,unreal_rockfield.json,unreal_rockfield.json,nan,nan,nan
112,-124.77024301711934,111.95188217312467,0.2780622618756104,Small,MixedBreccia,crater_ejecta_clump,Rim,Rim,89,0.988695827882317,0.988695827882317,14.67176960908117,3.017862592488476,0.003,1.0,16,,unreal_rockfield.json,unreal_rockfield.json,nan,nan,nan
113,-126.54096947378423,115.07930404173837,0.40413162415767123,Medium,MixedBreccia,crater_ejecta_clump,Rim,Rim,89,1.1667190801703746,1.1667190801703746,17.313548879278116,3.017862592488476,0.003,1.0,16,,unreal_rockfield.json,unreal_rockfield.json,nan,nan,nan
114,156.15675651816332,-141.69035121574868,0.2759777905673047,Small,MixedBreccia,crater_ejecta_single,Rim,Rim,128,1.0644651218634449,1.0644651218634449,14.233135609294143,2.85226536957242,0.002,1.0,-1,,unreal_rockfield.json,unreal_rockfield.json,nan,nan,nan
115,138.513371617244,-134.3960782633225,0.2706843358261784,Small,MixedBreccia,crater_ejecta_clump,Rim,Rim,128,1.097191429107734,1.097191429107734,14.670724365780574,2.85226536957242,0.003,1.0,17,,unreal_rockfield.json,unreal_rockfield.json,nan,nan,nan
116,138.87215234582834,-132.21741029871117,0.26173929267384366,Small,MixedBreccia,crater_ejecta_clump,ProximalEjecta,ProximalEjecta,128,1.2439399007496883,1.2439399007496883,16.632921956322708,1.1221128467476187,0.003,1.0,17,,unreal_rockfield.json,unreal_rockfield.json,nan,nan,nan
117,134.7683469700155,-132.95254171164618,0.26137787815977626,Small,MixedBreccia,crater_ejecta_clump,ProximalEjecta,ProximalEjecta,128,1.3135886767514175,1.3135886767514175,17.564207024750846,1.083708537984956,0.003,1.0,17,,unreal_rockfield.json,unreal_rockfield.json,nan,nan,nan
118,-8.132927509662231,209.83982429266766,0.3054089136514227,Medium,MixedBreccia,crater_ejecta_single,ProximalEjecta,ProximalEjecta,134,1.345356508107231,1.345356508107231,42.80710416152878,2.549034974306528,0.002,1.0,-1,,unreal_rockfield.json,unreal_rockfield.json,nan,nan,nan
119,-28.0789942464818,203.96271314837531,0.2883741611080773,Small,MixedBreccia,crater_ejecta_single,ProximalEjecta,ProximalEjecta,134,1.985102195887646,1.985102195887646,63.162794366078124,1.8512146703505075,0.002,1.0,-1,,unreal_rockfield.json,unreal_rockfield.json,nan,nan,nan
120,5.7606315187273225,192.0715017663819,0.31536001781327666,Medium,MixedBreccia,crater_ejecta_single,ProximalEjecta,ProximalEjecta,134,1.439314324685786,1.439314324685786,45.796692435589,2.4320534406296273,0.002,1.0,-1,,unreal_rockfield.json,unreal_rockfield.json,nan,nan,nan
121,39.225463397872076,200.66170047548837,0.2805808695059102,Small,MixedBreccia,crater_ejecta_single,Rim,Rim,134,1.031706812611038,1.031706812611038,32.82726974260079,6.816344399627135,0.002,1.0,-1,,unreal_rockfield.json,unreal_rockfield.json,nan,nan,nan
122,56.8971317186524,183.56413679543212,0.27245933504706776,Small,MixedBreccia,crater_ejecta_single,ProximalEjecta,ProximalEjecta,134,1.7551348646130545,1.7551348646130545,55.845599671364816,2.0767946425157158,0.002,1.0,-1,,unreal_rockfield.json,unreal_rockfield.json,nan,nan,nan
123,82.31219295763225,228.82348422097672,0.3035880446991612,Medium,MixedBreccia,crater_ejecta_single,ProximalEjecta,ProximalEjecta,134,1.6890369068982403,1.6890369068982403,53.74246779240799,2.146577356997153,0.002,1.0,-1,,unreal_rockfield.json,unreal_rockfield.json,nan,nan,nan
124,1.6833098001404423,207.16976951092113,0.29848731337384465,Small,MixedBreccia,crater_ejecta_single,Rim,Rim,134,1.1464929478726833,1.1464929478726833,36.4795819875964,6.816344399627135,0.002,1.0,-1,,unreal_rockfield.json,unreal_rockfield.json,nan,nan,nan
125,55.81513619743283,235.77896693391352,0.2806947446327583,Small,MixedBreccia,crater_ejecta_single,Rim,Rim,134,0.8631837421033478,0.8631837421033478,27.46513369214035,6.816344399627135,0.002,1.0,-1,,unreal_rockfield.json,unreal_rockfield.json,nan,nan,nan
126,-9.75418381798896,247.66761805777014,0.27961362795922373,Small,MixedBreccia,crater_ejecta_single,ProximalEjecta,ProximalEjecta,134,1.3066522718047786,1.3066522718047786,41.57559692541151,2.598844606762602,0.002,1.0,-1,,unreal_rockfield.json,unreal_rockfield.json,nan,nan,nan
127,-24.155429408455817,211.39799421838325,0.2841953113794348,Small,MixedBreccia,crater_ejecta_single,ProximalEjecta,ProximalEjecta,134,1.7784181511674388,1.7784181511674388,56.58643681508853,2.0527575273618623,0.002,1.0,-1,,unreal_rockfield.json,unreal_rockfield.json,nan,nan,nan
128,51.11477788189961,248.40100965578458,0.2674423655962238,Small,MixedBreccia,crater_ejecta_single,Rim,Rim,134,0.8790724129139493,0.8790724129139493,27.97068592478577,6.816344399627135,0.002,1.0,-1,,unreal_rockfield.json,unreal_rockfield.json,nan,nan,nan
129,18.51444596894117,206.245221626189,0.2817622125391801,Small,MixedBreccia,crater_ejecta_single,Rim,Rim,134,0.8621974812330101,0.8621974812330101,27.43375243999447,6.816344399627135,0.002,1.0,-1,,unreal_rockfield.json,unreal_rockfield.json,nan,nan,nan
130,1.7603734908882238,235.88268410080317,0.314648113206109,Medium,MixedBreccia,crater_ejecta_single,Rim,Rim,134,0.855038250263243,0.855038250263243,27.205957098021948,6.816344399627135,0.002,1.0,-1,,unreal_rockfield.json,unreal_rockfield.json,nan,nan,nan
131,31.1365271589468,221.5740664980393,0.33312250174996344,Medium,RegolithCovered,crater_ejecta_single,CraterFloor,CraterFloor,134,0.3288783533705094,0.3288783533705094,10.464386089758559,1.8934289998964262,0.002,1.0,-1,,unreal_rockfield.json,unreal_rockfield.json,nan,nan,nan
132,63.68404964457549,235.02918190346375,0.2869908530530873,Small,MixedBreccia,crater_ejecta_clump,Rim,Rim,134,1.1059451782816268,1.1059451782816268,35.189416454563066,6.816344399627135,0.003,1.0,18,,unreal_rockfield.json,unreal_rockfield.json,nan,nan,nan
133,61.109579068337446,237.30905049297056,0.3255559727097005,Medium,MixedBreccia,crater_ejecta_clump,Rim,Rim,134,1.0351007601568847,1.0351007601568847,32.93525975509065,6.816344399627135,0.003,1.0,18,,unreal_rockfield.json,unreal_rockfield.json,nan,nan,nan
134,63.45418667511166,236.0685718960228,0.265420724807434,Small,MixedBreccia,crater_ejecta_clump,Rim,Rim,134,1.1023074473427172,1.1023074473427172,35.073669642268236,6.816344399627135,0.003,1.0,18,,unreal_rockfield.json,unreal_rockfield.json,nan,nan,nan
135,62.219825827274775,232.87403631187428,0.34179732854105405,Medium,MixedBreccia,crater_ejecta_clump,Rim,Rim,134,1.055684129440158,1.055684129440158,33.59018982574079,6.816344399627135,0.003,1.0,18,,unreal_rockfield.json,unreal_rockfield.json,nan,nan,nan
136,66.03839208891098,235.44126711703683,0.33935163772246524,Medium,MixedBreccia,crater_ejecta_clump,Rim,Rim,134,1.1808402636426858,1.1808402636426858,37.57245894249661,6.816344399627135,0.003,1.0,18,,unreal_rockfield.json,unreal_rockfield.json,nan,nan,nan
137,63.56450378094211,236.36944905089018,0.26487023637250484,Small,MixedBreccia,crater_ejecta_clump,Rim,Rim,134,1.1069516617212662,1.1069516617212662,35.22144115669805,6.816344399627135,0.003,1.0,18,,unreal_rockfield.json,unreal_rockfield.json,nan,nan,nan
138,63.494220625331025,234.52849103608213,0.3619035311281298,Medium,MixedBreccia,crater_ejecta_clump,Rim,Rim,134,1.098637671321156,1.098637671321156,34.956903206414395,6.816344399627135,0.003,1.0,18,,unreal_rockfield.json,unreal_rockfield.json,nan,nan,nan
139,53.19788267819639,241.03665106045437,0.29244833395847386,Small,RegolithCovered,crater_ejecta_clump,CraterFloor,CraterFloor,134,0.8250238049144152,0.8250238049144152,26.250945188052153,1.8934289998964262,0.003,1.0,19,,unreal_rockfield.json,unreal_rockfield.json,nan,nan,nan
140,53.083705879001826,242.84600599315525,0.2768381282976132,Small,RegolithCovered,crater_ejecta_clump,CraterFloor,CraterFloor,134,0.8435689888299068,0.8435689888299068,26.841023442240733,1.8934289998964262,0.003,1.0,19,,unreal_rockfield.json,unreal_rockfield.json,nan,nan,nan
141,53.116031110842336,241.46220387447246,0.26540263202490916,Small,RegolithCovered,crater_ejecta_clump,CraterFloor,CraterFloor,134,0.8274642074762725,0.8274642074762725,26.328594915861817,1.8934289998964262,0.003,1.0,19,,unreal_rockfield.json,unreal_rockfield.json,nan,nan,nan
142,54.19282065142032,243.36968855012702,0.31734406760442063,Medium,MixedBreccia,crater_ejecta_clump,Rim,Rim,134,0.8821129767169376,0.8821129767169376,28.067431828670685,6.816344399627135,0.003,1.0,19,,unreal_rockfield.json,unreal_rockfield.json,nan,nan,nan
143,54.999727783378965,243.3045096784533,0.3056194144494604,Medium,MixedBreccia,crater_ejecta_clump,Rim,Rim,134,0.9044284779345082,0.9044284779345082,28.777475582338045,6.816344399627135,0.003,1.0,19,,unreal_rockfield.json,unreal_rockfield.json,nan,nan,nan
144,56.588746988182045,244.01345276346723,0.3665294027599881,Medium,MixedBreccia,crater_ejecta_clump,Rim,Rim,134,0.9591126998892672,0.9591126998892672,30.517440544118234,6.816344399627135,0.003,1.0,19,,unreal_rockfield.json,unreal_rockfield.json,nan,nan,nan
145,53.61087744111728,240.69303944190958,0.2879163283484178,Small,RegolithCovered,crater_ejecta_clump,CraterFloor,CraterFloor,134,0.8334665239791449,0.8334665239791449,26.51957907968796,1.8934289998964262,0.003,1.0,19,,unreal_rockfield.json,unreal_rockfield.json,nan,nan,nan
146,61.39678091263479,220.46380182908948,0.35597282010783865,Medium,MixedBreccia,crater_ejecta_clump,Rim,Rim,134,1.0885037265217314,1.0885037265217314,34.63445720196724,6.816344399627135,0.003,1.0,20,,unreal_rockfield.json,unreal_rockfield.json,nan,nan,nan
147,60.12803124765083,219.55214755519162,0.2879083786748726,Small,MixedBreccia,crater_ejecta_clump,Rim,Rim,134,1.0608851263419563,1.0608851263419563,33.75567727444113,6.816344399627135,0.003,1.0,20,,unreal_rockfield.json,unreal_rockfield.json,nan,nan,nan
148,57.50182065730313,221.41938484419657,0.29098632349754316,Small,MixedBreccia,crater_ejecta_clump,Rim,Rim,134,0.9630508348389354,0.9630508348389354,30.642745734212255,6.816344399627135,0.003,1.0,20,,unreal_rockfield.json,unreal_rockfield.json,nan,nan,nan
149,59.573121448601974,220.7813653755419,0.2832105612865436,Small,MixedBreccia,crater_ejecta_clump,Rim,Rim,134,1.0311032601685204,1.0311032601685204,32.808065663891455,6.816344399627135,0.003,1.0,20,,unreal_rockfield.json,unreal_rockfield.json,nan,nan,nan
150,57.22151539297054,218.77574657751427,0.2655246299293781,Small,MixedBreccia,crater_ejecta_clump,Rim,Rim,134,0.9860839692900499,0.9860839692900499,31.375623435902288,6.816344399627135,0.003,1.0,20,,unreal_rockfield.json,unreal_rockfield.json,nan,nan,nan
151,57.29193063805357,223.07542676388928,0.41746029024544823,Medium,MixedBreccia,crater_ejecta_clump,Rim,Rim,134,0.9404771208439793,0.9404771208439793,29.92448606068219,6.816344399627135,0.003,1.0,20,,unreal_rockfield.json,unreal_rockfield.json,nan,nan,nan
152,56.694546730738566,217.92617748662423,0.2679321399737573,Small,MixedBreccia,crater_ejecta_clump,Rim,Rim,134,0.9825271395634767,0.9825271395634767,31.262450771502387,6.816344399627135,0.003,1.0,20,,unreal_rockfield.json,unreal_rockfield.json,nan,nan,nan
153,60.81263392655982,216.89846738334074,0.2984606414061119,Small,MixedBreccia,crater_ejecta_clump,Rim,Rim,134,1.1132624205518062,1.1132624205518062,35.42223946478167,6.816344399627135,0.003,1.0,20,,unreal_rockfield.json,unreal_rockfield.json,nan,nan,nan
154,58.862862162242415,218.47861875432253,0.3034632894991654,Medium,MixedBreccia,crater_ejecta_clump,Rim,Rim,134,1.0369976021097327,1.0369976021097327,32.9956142489101,6.816344399627135,0.003,1.0,20,,unreal_rockfield.json,unreal_rockfield.json,nan,nan,nan
155,57.79589169470905,221.0766968719278,0.2645490928911574,Small,MixedBreccia,crater_ejecta_clump,Rim,Rim,134,0.9754053959103995,0.9754053959103995,31.035848216319533,6.816344399627135,0.003,1.0,20,,unreal_rockfield.json,unreal_rockfield.json,nan,nan,nan
156,59.799211978202464,220.05843949896553,0.29286284455029205,Small,MixedBreccia,crater_ejecta_clump,Rim,Rim,134,1.045562387359048,1.045562387359048,33.26813209238074,6.816344399627135,0.003,1.0,20,,unreal_rockfield.json,unreal_rockfield.json,nan,nan,nan
157,60.14732340841635,221.2793223130923,0.3135932595412558,Medium,MixedBreccia,crater_ejecta_clump,Rim,Rim,134,1.0430935654000362,1.0430935654000362,33.18957810455756,6.816344399627135,0.003,1.0,20,,unreal_rockfield.json,unreal_rockfield.json,nan,nan,nan
158,64.15935295048448,234.25722626578434,0.28568073524209875,Small,MixedBreccia,crater_ejecta_clump,Rim,Rim,134,1.1188407411878187,1.1188407411878187,35.59973275453291,6.816344399627135,0.003,1.0,21,,unreal_rockfield.json,unreal_rockfield.json,nan,nan,nan
159,62.00543788655947,235.4852112943011,0.27839606033199343,Small,MixedBreccia,crater_ejecta_clump,Rim,Rim,134,1.0549354332731342,1.0549354332731342,33.56636750458354,6.816344399627135,0.003,1.0,21,,unreal_rockfield.json,unreal_rockfield.json,nan,nan,nan
160,62.27184235460513,236.3203623506811,0.2639076887398082,Small,MixedBreccia,crater_ejecta_clump,Rim,Rim,134,1.0664821202267478,1.0664821202267478,33.93376471726682,6.816344399627135,0.003,1.0,21,,unreal_rockfield.json,unreal_rockfield.json,nan,nan,nan
161,61.76286455169121,236.66829918344496,0.2717699131966444,Small,MixedBreccia,crater_ejecta_clump,Rim,Rim,134,1.0521890386446304,1.0521890386446304,33.47898159592471,6.816344399627135,0.003,1.0,21,,unreal_rockfield.json,unreal_rockfield.json,nan,nan,nan
162,61.5204976705475,232.07868891116357,0.2872286281211809,Small,MixedBreccia,crater_ejecta_clump,Rim,Rim,134,1.033157289904113,1.033157289904113,32.87342162293468,6.816344399627135,0.003,1.0,21,,unreal_rockfield.json,unreal_rockfield.json,nan,nan,nan
163,59.217584696060236,235.0925971170715,0.3850063843405877,Medium,MixedBreccia,crater_ejecta_clump,Rim,Rim,134,0.9664912205734053,0.9664912205734053,30.752213335999446,6.816344399627135,0.003,1.0,21,,unreal_rockfield.json,unreal_rockfield.json,nan,nan,nan
164,64.85289906313047,236.05122846451852,0.2825934877058793,Small,MixedBreccia,crater_ejecta_clump,Rim,Rim,134,1.1458786170897042,1.1458786170897042,36.46003495923763,6.816344399627135,0.003,1.0,21,,unreal_rockfield.json,unreal_rockfield.json,nan,nan,nan
165,63.00953668932119,234.90425481852904,0.27369318815443694,Small,MixedBreccia,crater_ejecta_clump,Rim,Rim,134,1.0844737958605772,1.0844737958605772,34.506231218344155,6.816344399627135,0.003,1.0,21,,unreal_rockfield.json,unreal_rockfield.json,nan,nan,nan
166,64.5567038738178,234.23504234966825,0.28896545695868064,Small,MixedBreccia,crater_ejecta_clump,Rim,Rim,134,1.1312493003839013,1.1312493003839013,35.99455337107603,6.816344399627135,0.003,1.0,21,,unreal_rockfield.json,unreal_rockfield.json,nan,nan,nan
167,62.18846599928783,233.34304427578002,0.2674967836881466,Small,MixedBreccia,crater_ejecta_clump,Rim,Rim,134,1.05530072098957,1.05530072098957,33.57799037869324,6.816344399627135,0.003,1.0,21,,unreal_rockfield.json,unreal_rockfield.json,nan,nan,nan
168,62.88911451659846,234.60486891634784,0.31379815809021216,Medium,MixedBreccia,crater_ejecta_clump,Rim,Rim,134,1.0798795242426618,1.0798795242426618,34.36004880311865,6.816344399627135,0.003,1.0,21,,unreal_rockfield.json,unreal_rockfield.json,nan,nan,nan
169,63.24084420346898,234.4008171937867,0.26265961518400055,Small,MixedBreccia,crater_ejecta_clump,Rim,Rim,134,1.0903848049790916,1.0903848049790916,34.69431012643371,6.816344399627135,0.003,1.0,21,,unreal_rockfield.json,unreal_rockfield.json,nan,nan,nan
170,60.35182715376741,245.57483310539712,0.3284412049415515,Medium,MixedBreccia,crater_ejecta_clump,Rim,Rim,134,1.0871323529295949,1.0871323529295949,34.590822275574716,6.816344399627135,0.003,1.0,22,,unreal_rockfield.json,unreal_rockfield.json,nan,nan,nan
171,63.31281556723503,245.64783778107554,0.26541161670847324,Small,MixedBreccia,crater_ejecta_clump,Rim,Rim,134,1.1738655265655347,1.1738655265655347,37.3505339027308,6.816344399627135,0.003,1.0,22,,unreal_rockfield.json,unreal_rockfield.json,nan,nan,nan
172,60.265087675093405,243.67971578037861,0.2626372456087133,Small,MixedBreccia,crater_ejecta_clump,Rim,Rim,134,1.0621577211739772,1.0621577211739772,33.79616921780444,6.816344399627135,0.003,1.0,22,,unreal_rockfield.json,unreal_rockfield.json,nan,nan,nan
173,4.381646245025224,214.97731403233286,0.2664574249721328,Small,MixedBreccia,crater_ejecta_clump,Rim,Rim,134,0.9269137231282333,0.9269137231282333,29.49292031933157,6.816344399627135,0.003,1.0,23,,unreal_rockfield.json,unreal_rockfield.json,nan,nan,nan
174,4.749588344755563,213.60353122232473,0.27413554725800326,Small,MixedBreccia,crater_ejecta_clump,Rim,Rim,134,0.9428763267901558,0.9428763267901558,30.0008249777083,6.816344399627135,0.003,1.0,23,,unreal_rockfield.json,unreal_rockfield.json,nan,nan,nan
175,4.520682357079439,213.62016656427465,0.26288755198506003,Small,MixedBreccia,crater_ejecta_clump,Rim,Rim,134,0.9483032550736513,0.9483032550736513,30.173501203607394,6.816344399627135,0.003,1.0,23,,unreal_rockfield.json,unreal_rockfield.json,nan,nan,nan
176,8.530758735489906,215.92835929081548,0.2842325188299778,Small,RegolithCovered,crater_ejecta_clump,CraterFloor,CraterFloor,134,0.8041580815250544,0.8041580815250544,25.587031058859253,1.8934289998964262,0.003,1.0,23,,unreal_rockfield.json,unreal_rockfield.json,nan,nan,nan
177,3.091662171260761,214.39513603621324,0.47379960862979087,Medium,MixedBreccia,crater_ejecta_clump,Rim,Rim,134,0.9707034723471025,0.9707034723471025,30.886240487423365,6.816344399627135,0.003,1.0,23,,unreal_rockfield.json,unreal_rockfield.json,nan,nan,nan
178,4.642257697515607,216.19040873337306,0.26585535797900084,Small,MixedBreccia,crater_ejecta_clump,Rim,Rim,134,0.8989043109495204,0.8989043109495204,28.601705375625517,6.816344399627135,0.003,1.0,23,,unreal_rockfield.json,unreal_rockfield.json,nan,nan,nan
179,4.886671832687643,212.22675997852497,0.39521103316626577,Medium,MixedBreccia,crater_ejecta_clump,Rim,Rim,134,0.9663113653186064,0.9663113653186064,30.746490627869832,6.816344399627135,0.003,1.0,23,,unreal_rockfield.json,unreal_rockfield.json,nan,nan,nan
180,3.4565795554621825,217.32005332562633,0.37792770238378076,Medium,MixedBreccia,crater_ejecta_clump,Rim,Rim,134,0.9122562026365812,0.9122562026365812,29.02654133156524,6.816344399627135,0.003,1.0,23,,unreal_rockfield.json,unreal_rockfield.json,nan,nan,nan
181,-13.167671273366805,218.35442359076256,0.2956077527476341,Small,MixedBreccia,crater_ejecta_clump,ProximalEjecta,ProximalEjecta,134,1.3798986350129168,1.3798986350129168,43.906179696899486,2.505388425615093,0.003,1.0,24,,unreal_rockfield.json,unreal_rockfield.json,nan,nan,nan
182,-242.12427351348066,50.933617002349735,0.2809420899276093,Small,MixedBreccia,crater_ejecta_single,ProximalEjecta,ProximalEjecta,139,1.2817167915814354,1.2817167915814354,40.14708991991665,2.6042404738935754,0.002,1.0,-1,,unreal_rockfield.json,unreal_rockfield.json,nan,nan,nan
183,-240.2538939275673,24.6161273449659,0.30308547352681253,Medium,MixedBreccia,crater_ejecta_single,Rim,Rim,139,0.8841671670438752,0.8841671670438752,27.694681846019247,6.745864699098163,0.002,1.0,-1,,unreal_rockfield.json,unreal_rockfield.json,nan,nan,nan
184,-216.98174903440443,49.69270524392511,0.30554978166319957,Medium,RegolithCovered,crater_ejecta_single,CraterFloor,CraterFloor,139,0.8398407796341772,0.8398407796341772,26.306250741074063,1.8738513053050454,0.002,1.0,-1,,unreal_rockfield.json,unreal_rockfield.json,nan,nan,nan
185,-210.73750866991315,64.15106257735304,0.2822903165766902,Small,MixedBreccia,crater_ejecta_single,ProximalEjecta,ProximalEjecta,139,1.290880095265988,1.290880095265988,40.43411118655178,2.5923360425329167,0.002,1.0,-1,,unreal_rockfield.json,unreal_rockfield.json,nan,nan,nan
186,-232.6868831268584,26.249350376266744,0.30354826993302003,Medium,RegolithCovered,crater_ejecta_single,CraterFloor,CraterFloor,139,0.647067050453146,0.647067050453146,20.26801804375608,1.8738513053050454,0.002,1.0,-1,,unreal_rockfield.json,unreal_rockfield.json,nan,nan,nan
187,-209.6840007046126,-7.226752641222941,0.30498454846358736,Medium,MixedBreccia,crater_ejecta_single,Rim,Rim,139,0.9935128510477549,0.9935128510477549,31.119706029904744,6.745864699098163,0.002,1.0,-1,,unreal_rockfield.json,unreal_rockfield.json,nan,nan,nan
188,-185.04498172092246,29.004238630773628,0.3278074711527673,Medium,MixedBreccia,crater_ejecta_single,Rim,Rim,139,0.8946442549425204,0.8946442549425204,28.022854647318656,6.745864699098163,0.002,1.0,-1,,unreal_rockfield.json,unreal_rockfield.json,nan,nan,nan
189,-181.55059882394517,60.11638716115633,0.32792238636086235,Medium,MixedBreccia,crater_ejecta_single,ProximalEjecta,ProximalEjecta,139,1.5258414668198792,1.5258414668198792,47.7937832868464,2.304995514244057,0.002,1.0,-1,,unreal_rockfield.json,unreal_rockfield.json,nan,nan,nan
190,-187.0297759797697,39.27602349223413,0.264112542416345,Small,MixedBreccia,crater_ejecta_single,Rim,Rim,139,0.9541514605552835,0.9541514605552835,29.886793038631208,6.745864699098163,0.002,1.0,-1,,unreal_rockfield.json,unreal_rockfield.json,nan,nan,nan
191,-197.55469585841834,-4.1465646104436615,0.29226086354930636,Small,MixedBreccia,crater_ejecta_single,Rim,Rim,139,1.011708131328166,1.011708131328166,31.68963501759823,6.745864699098163,0.002,1.0,-1,,unreal_rockfield.json,unreal_rockfield.json,nan,nan,nan
192,-217.22953424813463,75.04542469177478,0.278149354180559,Small,MixedBreccia,crater_ejecta_single,ProximalEjecta,ProximalEjecta,139,1.644094740384423,1.644094740384423,51.4978190288316,2.1726597180968796,0.002,1.0,-1,,unreal_rockfield.json,unreal_rockfield.json,nan,nan,nan
193,-168.97010950612378,21.415304351665704,0.301138621830644,Medium,MixedBreccia,crater_ejecta_single,ProximalEjecta,ProximalEjecta,139,1.3940376054834194,1.3940376054834194,43.665303807118136,2.462016331127145,0.002,1.0,-1,,unreal_rockfield.json,unreal_rockfield.json,nan,nan,nan
194,-223.5909405168139,-1.3148219689342895,0.26902857673901476,Small,MixedBreccia,crater_ejecta_single,Rim,Rim,139,0.8743649401189834,0.8743649401189834,27.387647649109415,6.745864699098163,0.002,1.0,-1,,unreal_rockfield.json,unreal_rockfield.json,nan,nan,nan
195,-207.42593741047563,-13.66279821326765,0.30554050802131133,Medium,MixedBreccia,crater_ejecta_single,ProximalEjecta,ProximalEjecta,139,1.2059435715290527,1.2059435715290527,37.77365274647429,2.7047992036598503,0.002,1.0,-1,,unreal_rockfield.json,unreal_rockfield.json,nan,nan,nan
196,-247.13546101299914,8.250646176222038,0.34233250024999845,Medium,MixedBreccia,crater_ejecta_single,ProximalEjecta,ProximalEjecta,139,1.2094236525806115,1.2094236525806115,37.882658985468126,2.700096835773194,0.002,1.0,-1,,unreal_rockfield.json,unreal_rockfield.json,nan,nan,nan
197,-178.55578402858856,8.483991919582401,0.3006575275928394,Medium,MixedBreccia,crater_ejecta_single,Rim,Rim,139,1.1904625626167729,1.1904625626167729,37.288742615831865,6.745864699098163,0.002,1.0,-1,,unreal_rockfield.json,unreal_rockfield.json,nan,nan,nan
198,-209.2049730693716,-9.124759546633907,0.26627658915605895,Small,MixedBreccia,crater_ejecta_clump,Rim,Rim,139,1.0553093125995132,1.0553093125995132,33.0553505614787,6.745864699098163,0.003,1.0,25,,unreal_rockfield.json,unreal_rockfield.json,nan,nan,nan
199,-213.688449241714,-7.6176852810638085,0.3012802703157562,Medium,MixedBreccia,crater_ejecta_clump,Rim,Rim,139,1.0023379926231912,1.0023379926231912,31.39613507781312,6.745864699098163,0.003,1.0,25,,unreal_rockfield.json,unreal_rockfield.json,nan,nan,nan
200,-212.16433252037834,-8.877793748111149,0.26070141878730557,Small,MixedBreccia,crater_ejecta_clump,Rim,Rim,139,1.0420157111417454,1.0420157111417454,32.63895638096239,6.745864699098163,0.003,1.0,25,,unreal_rockfield.json,unreal_rockfield.json,nan,nan,nan
201,-215.31438614577965,-6.508843526008485,0.26945051640854367,Small,MixedBreccia,crater_ejecta_clump,Rim,Rim,139,0.9702610733001265,0.9702610733001265,30.391392865746088,6.745864699098163,0.003,1.0,25,,unreal_rockfield.json,unreal_rockfield.json,nan,nan,nan
202,-211.77621757794856,-13.10390071254824,0.3424053576901677,Medium,MixedBreccia,crater_ejecta_clump,Rim,Rim,139,1.1771294362062306,1.1771294362062306,36.8711103990789,6.745864699098163,0.003,1.0,25,,unreal_rockfield.json,unreal_rockfield.json,nan,nan,nan
203,-211.51254559104444,-8.121004841468661,0.30808408511851776,Medium,MixedBreccia,crater_ejecta_clump,Rim,Rim,139,1.0183357469960024,1.0183357469960024,31.897231176062363,6.745864699098163,0.003,1.0,25,,unreal_rockfield.json,unreal_rockfield.json,nan,nan,nan
204,-205.941555313711,57.45616121520406,0.26048517714487857,Small,MixedBreccia,crater_ejecta_clump,Rim,Rim,139,1.096442634386776,1.096442634386776,34.3437655836932,6.745864699098163,0.003,1.0,26,,unreal_rockfield.json,unreal_rockfield.json,nan,nan,nan
205,-208.50564084797745,58.69243263414121,0.3137570703427684,Medium,MixedBreccia,crater_ejecta_clump,Rim,Rim,139,1.1228125661641117,1.1228125661641117,35.16974838207765,6.745864699098163,0.003,1.0,26,,unreal_rockfield.json,unreal_rockfield.json,nan,nan,nan
206,-209.231658211516,54.79539649192147,0.2773762786247976,Small,MixedBreccia,crater_ejecta_clump,Rim,Rim,139,0.9965894356817288,0.9965894356817288,31.21607359000668,6.745864699098163,0.003,1.0,26,,unreal_rockfield.json,unreal_rockfield.json,nan,nan,nan
207,-209.13205577171922,55.719999968959385,0.31901823211561875,Medium,MixedBreccia,crater_ejecta_clump,Rim,Rim,139,1.0262786643450692,1.0262786643450692,32.14602640066576,6.745864699098163,0.003,1.0,26,,unreal_rockfield.json,unreal_rockfield.json,nan,nan,nan
208,-211.2809853271119,53.66101307392946,0.2729101896250532,Small,MixedBreccia,crater_ejecta_clump,Rim,Rim,139,0.9555398085106898,0.9555398085106898,29.93028012608447,6.745864699098163,0.003,1.0,26,,unreal_rockfield.json,unreal_rockfield.json,nan,nan,nan
209,-168.57107664133903,6.114655617269096,0.3183823085921707,Medium,MixedBreccia,crater_ejecta_clump,ProximalEjecta,ProximalEjecta,139,1.5134965624550105,1.5134965624550105,47.40710505274317,2.3192669885218202,0.003,1.0,27,,unreal_rockfield.json,unreal_rockfield.json,nan,nan,nan
210,-168.25696339514158,6.472562658548993,0.2608730418686505,Small,MixedBreccia,crater_ejecta_clump,ProximalEjecta,ProximalEjecta,139,1.518619396060001,1.518619396060001,47.567567069574956,2.3133339807846016,0.003,1.0,27,,unreal_rockfield.json,unreal_rockfield.json,nan,nan,nan
211,-165.73221514662956,6.889240801246945,0.30940259076427257,Medium,MixedBreccia,crater_ejecta_clump,ProximalEjecta,ProximalEjecta,139,1.5894251974845581,1.5894251974845581,49.785410274341025,2.232868016090242,0.003,1.0,27,,unreal_rockfield.json,unreal_rockfield.json,nan,nan,nan
212,-168.21596798767948,8.13201206053416,0.2621726617217252,Small,MixedBreccia,crater_ejecta_clump,ProximalEjecta,ProximalEjecta,139,1.5014134379422133,1.5014134379422133,47.028626523387025,2.3333213969646214,0.003,1.0,27,,unreal_rockfield.json,unreal_rockfield.json,nan,nan,nan
213,-171.56845864641684,7.378910122171408,0.26511177073307834,Small,MixedBreccia,crater_ejecta_clump,ProximalEjecta,ProximalEjecta,139,1.409657395409714,1.409657395409714,44.15456096191241,2.4428631317742204,0.003,1.0,27,,unreal_rockfield.json,unreal_rockfield.json,nan,nan,nan
214,-166.8001656401794,6.139092036652822,0.2649494428046342,Small,MixedBreccia,crater_ejecta_clump,ProximalEjecta,ProximalEjecta,139,1.565833160910135,1.565833160910135,49.04643921617248,2.259362928052843,0.003,1.0,27,,unreal_rockfield.json,unreal_rockfield.json,nan,nan,nan
215,-169.98327755280386,12.086089416761892,0.263693009403009,Small,MixedBreccia,crater_ejecta_clump,ProximalEjecta,ProximalEjecta,139,1.4098249851094762,1.4098249851094762,44.15981035771513,2.4426584410009493,0.003,1.0,27,,unreal_rockfield.json,unreal_rockfield.json,nan,nan,nan
216,-169.83456288626965,3.5377502371510765,0.2647691254979673,Small,MixedBreccia,crater_ejecta_clump,ProximalEjecta,ProximalEjecta,139,1.5094438292415084,1.5094438292415084,47.280161685992745,2.3239714385599615,0.003,1.0,27,,unreal_rockfield.json,unreal_rockfield.json,nan,nan,nan
217,-167.97706403845964,3.4540687064594575,0.2615993141988465,Small,MixedBreccia,crater_ejecta_clump,ProximalEjecta,ProximalEjecta,139,1.5643592051601125,1.5643592051601125,49.00027064412692,2.2610286422643058,0.003,1.0,27,,unreal_rockfield.json,unreal_rockfield.json,nan,nan,nan
218,-165.49931156807986,7.52398577701635,0.2766187706195299,Small,MixedBreccia,crater_ejecta_clump,ProximalEjecta,ProximalEjecta,139,1.5897009760250105,1.5897009760250105,49.79404845863747,2.2325601487752795,0.003,1.0,27,,unreal_rockfield.json,unreal_rockfield.json,nan,nan,nan
219,-167.98597826767255,4.295433852152634,0.2729519829944068,Small,MixedBreccia,crater_ejecta_clump,ProximalEjecta,ProximalEjecta,139,1.5531601812725533,1.5531601812725533,48.649484712334306,2.273724812155843,0.003,1.0,27,,unreal_rockfield.json,unreal_rockfield.json,nan,nan,nan
220,-167.33810701643165,8.197491878762577,0.3210026251277888,Medium,MixedBreccia,crater_ejecta_clump,ProximalEjecta,ProximalEjecta,139,1.5271942666362903,1.5271942666362903,47.83615690341273,2.3034369426580694,0.003,1.0,27,,unreal_rockfield.json,unreal_rockfield.json,nan,nan,nan
221,-169.78344359732975,8.393042219348061,0.3009284254784102,Medium,MixedBreccia,crater_ejecta_clump,ProximalEjecta,ProximalEjecta,139,1.451471740440646,1.451471740440646,45.46430760869541,2.3923199692188803,0.003,1.0,27,,unreal_rockfield.json,unreal_rockfield.json,nan,nan,nan
222,-169.58882427756336,6.976671100988008,0.2702321537050126,Small,MixedBreccia,crater_ejecta_clump,ProximalEjecta,ProximalEjecta,139,1.4731575614089145,1.4731575614089145,46.14357046154925,2.366520382018685,0.003,1.0,27,,unreal_rockfield.json,unreal_rockfield.json,nan,nan,nan
223,-166.13045429921215,6.8438091174501325,0.299751716085889,Small,MixedBreccia,crater_ejecta_clump,ProximalEjecta,ProximalEjecta,139,1.5779649835897378,1.5779649835897378,49.42644311345274,2.245699315873216,0.003,1.0,27,,unreal_rockfield.json,unreal_rockfield.json,nan,nan,nan
224,-166.55659728217188,8.157370855496836,0.3172047586839155,Medium,MixedBreccia,crater_ejecta_clump,ProximalEjecta,ProximalEjecta,139,1.5512193957681348,1.5512193957681348,48.58869367747159,2.2759322891206764,0.003,1.0,27,,unreal_rockfield.json,unreal_rockfield.json,nan,nan,nan
225,-210.03937657238092,-10.768023174356685,0.2734115418561646,Small,MixedBreccia,crater_ejecta_clump,Rim,Rim,139,1.1052434412628054,1.1052434412628054,34.619432398188025,6.745864699098163,0.003,1.0,28,,unreal_rockfield.json,unreal_rockfield.json,nan,nan,nan
226,-211.08290659380947,-16.121336159614547,0.2820776810401435,Small,MixedBreccia,crater_ejecta_clump,ProximalEjecta,ProximalEjecta,139,1.2740759377045998,1.2740759377045998,39.90775619996141,2.614208813886937,0.003,1.0,28,,unreal_rockfield.json,unreal_rockfield.json,nan,nan,nan
227,-212.29845999413826,-12.865100915436933,0.3036752105348839,Medium,MixedBreccia,crater_ejecta_clump,Rim,Rim,139,1.1692638230924957,1.1692638230924957,36.62473656749106,6.745864699098163,0.003,1.0,28,,unreal_rockfield.json,unreal_rockfield.json,nan,nan,nan
228,-215.9506598407227,-13.348641991199251,0.26010503252171785,Small,MixedBreccia,crater_ejecta_clump,Rim,Rim,139,1.1895674782705283,1.1895674782705283,37.26070597624767,6.745864699098163,0.003,1.0,28,,unreal_rockfield.json,unreal_rockfield.json,nan,nan,nan
229,-211.29651841780372,-10.566814368441571,0.33526866634570923,Medium,MixedBreccia,crater_ejecta_clump,Rim,Rim,139,1.0966139726878301,1.0966139726878301,34.34913239656819,6.745864699098163,0.003,1.0,28,,unreal_rockfield.json,unreal_rockfield.json,nan,nan,nan
230,-216.1386604107227,-15.453412192914486,0.26860971018494467,Small,MixedBreccia,crater_ejecta_clump,ProximalEjecta,ProximalEjecta,139,1.257030793584374,1.257030793584374,39.37385281491774,2.6365838076996453,0.003,1.0,28,,unreal_rockfield.json,unreal_rockfield.json,nan,nan,nan
231,-210.18602951724884,-11.730532723626371,0.269642108392186,Small,MixedBreccia,crater_ejecta_clump,Rim,Rim,139,1.135568182045634,1.135568182045634,35.56929129291643,6.745864699098163,0.003,1.0,28,,unreal_rockfield.json,unreal_rockfield.json,nan,nan,nan
232,-238.77144342760872,4.111495239669957,0.2800317859550091,Small,MixedBreccia,crater_ejecta_clump,Rim,Rim,139,1.0454788235730232,1.0454788235730232,32.74743111351992,6.745864699098163,0.003,1.0,29,,unreal_rockfield.json,unreal_rockfield.json,nan,nan,nan
233,-237.44199244358356,5.529010762669822,0.342993164153821,Medium,MixedBreccia,crater_ejecta_clump,Rim,Rim,139,0.984430286544238,0.984430286544238,30.835213748754065,6.745864699098163,0.003,1.0,29,,unreal_rockfield.json,unreal_rockfield.json,nan,nan,nan
234,-237.18491426348555,4.638562006268273,0.2679672631149979,Small,MixedBreccia,crater_ejecta_clump,Rim,Rim,139,0.9950051899714948,0.9950051899714948,31.16645041630578,6.745864699098163,0.003,1.0,29,,unreal_rockfield.json,unreal_rockfield.json,nan,nan,nan
235,-238.77428474747677,4.432601238024771,0.26571674292999314,Small,MixedBreccia,crater_ejecta_clump,Rim,Rim,139,1.0394337171996788,1.0394337171996788,32.55808083681279,6.745864699098163,0.003,1.0,29,,unreal_rockfield.json,unreal_rockfield.json,nan,nan,nan
236,-240.145737586673,4.218030680005485,0.37718544397425,Medium,MixedBreccia,crater_ejecta_clump,Rim,Rim,139,1.0789306399085032,1.0789306399085032,33.795239090466225,6.745864699098163,0.003,1.0,29,,unreal_rockfield.json,unreal_rockfield.json,nan,nan,nan
237,-238.52131928165187,4.267142481597763,0.2752607272644104,Small,MixedBreccia,crater_ejecta_clump,Rim,Rim,139,1.0361093558949224,1.0361093558949224,32.45395219224407,6.745864699098163,0.003,1.0,29,,unreal_rockfield.json,unreal_rockfield.json,nan,nan,nan
238,-237.52161641458912,4.8401143795578125,0.2674542960307765,Small,MixedBreccia,crater_ejecta_clump,Rim,Rim,139,0.999614724918346,0.999614724918346,31.310834429385533,6.745864699098163,0.003,1.0,29,,unreal_rockfield.json,unreal_rockfield.json,nan,nan,nan
239,-239.05963518078877,3.8681091322075636,0.38824561873354935,Medium,MixedBreccia,crater_ejecta_clump,Rim,Rim,139,1.0575016919167097,1.0575016919167097,33.12402224477423,6.745864699098163,0.003,1.0,29,,unreal_rockfield.json,unreal_rockfield.json,nan,nan,nan
240,-237.02941390956812,3.6957442952411084,0.2645140118691865,Small,MixedBreccia,crater_ejecta_clump,Rim,Rim,139,1.0099065827482423,1.0099065827482423,31.63320528732681,6.745864699098163,0.003,1.0,29,,unreal_rockfield.json,unreal_rockfield.json,nan,nan,nan
241,-239.0146922162346,4.092044885564192,0.2813063447267802,Small,MixedBreccia,crater_ejecta_clump,Rim,Rim,139,1.0520725242857814,1.0520725242857814,32.95396495715748,6.745864699098163,0.003,1.0,29,,unreal_rockfield.json,unreal_rockfield.json,nan,nan,nan
242,-239.08706629183476,1.3967068012693584,0.27719688948763965,Small,MixedBreccia,crater_ejecta_clump,Rim,Rim,139,1.1073497052689592,1.1073497052689592,34.685406700003796,6.745864699098163,0.003,1.0,29,,unreal_rockfield.json,unreal_rockfield.json,nan,nan,nan
243,-235.55818737381497,4.186283098941587,0.26123239414629457,Small,MixedBreccia,crater_ejecta_clump,Rim,Rim,139,0.9638220554424098,0.9638220554424098,30.189704138074244,6.745864699098163,0.003,1.0,29,,unreal_rockfield.json,unreal_rockfield.json,nan,nan,nan
244,-238.97395140043844,-11.542758968678296,0.26522675797059864,Small,MixedBreccia,crater_ejecta_clump,ProximalEjecta,ProximalEjecta,139,1.4073412366224078,1.4073412366224078,44.082012146360064,2.4456937999815413,0.003,1.0,30,,unreal_rockfield.json,unreal_rockfield.json,nan,nan,nan
245,-238.78596894718538,-16.097275969955323,0.30095838352387533,Medium,MixedBreccia,crater_ejecta_clump,ProximalEjecta,ProximalEjecta,139,1.5229638764763513,1.5229638764763513,47.70364880547492,2.308314317627501,0.003,1.0,30,,unreal_rockfield.json,unreal_rockfield.json,nan,nan,nan
246,-235.54299735524557,192.33127672059157,0.2674633288492707,Small,MixedBreccia,crater_ejecta_single,DistalEjecta,DistalEjecta,173,2.1722512926738853,2.1722512926738853,80.60029286841832,1.3789716421017426,0.002,1.0,-1,,unreal_rockfield.json,unreal_rockfield.json,nan,nan,nan
247,-182.44697205244012,160.04461879675702,0.26281745731281325,Small,MixedBreccia,crater_ejecta_single,Rim,Rim,173,1.0558415765999316,1.0558415765999316,39.17647124143434,8.273829852610456,0.002,1.0,-1,,unreal_rockfield.json,unreal_rockfield.json,nan,nan,nan
248,-158.0862621629746,148.98277003340738,0.29104649475614924,Small,MixedBreccia,crater_ejecta_single,ProximalEjecta,ProximalEjecta,173,1.2128142617174746,1.2128142617174746,45.00086385912372,3.306069946610808,0.002,1.0,-1,,unreal_rockfield.json,unreal_rockfield.json,nan,nan,nan
249,-204.24105362967575,127.28091536437549,0.26210957793933126,Small,RegolithCovered,crater_ejecta_single,CraterFloor,CraterFloor,173,0.28333369029374256,0.28333369029374256,10.512954230564615,2.298286070169571,0.002,1.0,-1,,unreal_rockfield.json,unreal_rockfield.json,nan,nan,nan
250,-178.18284213820414,172.72148514481864,0.2914532065928367,Small,MixedBreccia,crater_ejecta_single,ProximalEjecta,ProximalEjecta,173,1.416300208126057,1.416300208126057,52.55110766860052,2.9862463083623343,0.002,1.0,-1,,unreal_rockfield.json,unreal_rockfield.json,nan,nan,nan
251,-203.28378266218144,133.0343028592227,0.31162077197103305,Medium,RegolithCovered,crater_ejecta_single,CraterFloor,CraterFloor,173,0.3589866048521796,0.3589866048521796,13.320017616980513,2.298286070169571,0.002,1.0,-1,,unreal_rockfield.json,unreal_rockfield.json,nan,nan,nan
252,-91.59165674176023,127.82482622103188,0.2619712321537223,Small,MixedBreccia,crater_ejecta_single,DistalEjecta,DistalEjecta,173,2.782464520596011,2.782464520596011,103.24194811732143,1.3789716421017426,0.002,1.0,-1,,unreal_rockfield.json,unreal_rockfield.json,nan,nan,nan
253,-239.07053572938696,151.42509361536835,0.28987877780624666,Small,MixedBreccia,crater_ejecta_single,ProximalEjecta,ProximalEjecta,173,1.42223431070894,1.42223431070894,52.771289563625615,2.977399093956468,0.002,1.0,-1,,unreal_rockfield.json,unreal_rockfield.json,nan,nan,nan
254,-225.25595460185457,131.2117789829825,0.34196872371038395,Medium,MixedBreccia,crater_ejecta_single,Rim,Rim,173,0.853534889225753,0.853534889225753,31.66998324596542,8.273829852610456,0.002,1.0,-1,,unreal_rockfield.json,unreal_rockfield.json,nan,nan,nan
255,-246.6719526821936,110.09217083550972,0.2892696458507917,Small,MixedBreccia,crater_ejecta_single,ProximalEjecta,ProximalEjecta,173,1.4418554072178824,1.4418554072178824,53.49932049188603,2.9483319917113815,0.002,1.0,-1,,unreal_rockfield.json,unreal_rockfield.json,nan,nan,nan
256,-216.54823075024728,149.8180245839051,0.2602095216425762,Small,MixedBreccia,crater_ejecta_single,Rim,Rim,173,0.9354331031589497,0.9354331031589497,34.708775328022675,8.273829852610456,0.002,1.0,-1,,unreal_rockfield.json,unreal_rockfield.json,nan,nan,nan
257,-191.000568795604,84.29296641671192,0.3086436263340804,Medium,MixedBreccia,crater_ejecta_single,Rim,Rim,173,1.0436291018364905,1.0436291018364905,38.72333350092464,8.273829852610456,0.002,1.0,-1,,unreal_rockfield.json,unreal_rockfield.json,nan,nan,nan
258,-183.1863280422096,130.07566130228977,0.29615297929078555,Small,RegolithCovered,crater_ejecta_single,CraterFloor,CraterFloor,173,0.36682076755067733,0.36682076755067733,13.610700287998984,2.298286070169571,0.002,1.0,-1,,unreal_rockfield.json,unreal_rockfield.json,nan,nan,nan
259,-144.05936457227375,134.44785704487464,0.29328163825957954,Small,MixedBreccia,crater_ejecta_single,ProximalEjecta,ProximalEjecta,173,1.4005635985327287,1.4005635985327287,51.96720867576486,3.0098356870232323,0.002,1.0,-1,,unreal_rockfield.json,unreal_rockfield.json,nan,nan,nan
260,-214.55327654833204,89.62598771200203,0.29296213636430535,Small,MixedBreccia,crater_ejecta_single,Rim,Rim,173,1.0426434679662062,1.0426434679662062,38.68676205135345,8.273829852610456,0.002,1.0,-1,,unreal_rockfield.json,unreal_rockfield.json,nan,nan,nan
261,-243.03421320825743,128.96263507804517,0.2651438796823113,Small,MixedBreccia,crater_ejecta_single,ProximalEjecta,ProximalEjecta,173,1.3127176164409595,1.3127176164409595,48.70772764436222,3.1449829828768827,0.002,1.0,-1,,unreal_rockfield.json,unreal_rockfield.json,nan,nan,nan
262,-179.67768804370564,151.8738994599827,0.27445548585963736,Small,MixedBreccia,crater_ejecta_single,Rim,Rim,173,0.8812376215207708,0.8812376215207708,32.69787920982758,8.273829852610456,0.002,1.0,-1,,unreal_rockfield.json,unreal_rockfield.json,nan,nan,nan
263,-145.34746446785527,135.60694539260427,0.28479488157571053,Small,MixedBreccia,crater_ejecta_single,ProximalEjecta,ProximalEjecta,173,1.3742356868005674,1.3742356868005674,50.99032473817311,3.0497189660888293,0.002,1.0,-1,,unreal_rockfield.json,unreal_rockfield.json,nan,nan,nan
264,-224.97430126228562,100.32623623594048,0.3940677606591697,Medium,MixedBreccia,crater_ejecta_single,Rim,Rim,173,1.0164877367626381,1.0164877367626381,37.71626678577106,8.273829852610456,0.002,1.0,-1,,unreal_rockfield.json,unreal_rockfield.json,nan,nan,nan
265,-238.19603814807286,129.3009916202896,0.3026252765398278,Medium,MixedBreccia,crater_ejecta_single,Rim,Rim,173,1.1847792455375268,1.1847792455375268,43.96063866865176,8.273829852610456,0.002,1.0,-1,,unreal_rockfield.json,unreal_rockfield.json,nan,nan,nan
266,-159.69905618892147,126.27983204303246,0.28019102924351247,Small,MixedBreccia,crater_ejecta_single,Rim,Rim,173,0.9482085397964073,0.9482085397964073,35.18280148603384,8.273829852610456,0.002,1.0,-1,,unreal_rockfield.json,unreal_rockfield.json,nan,nan,nan
267,-195.94366907259993,91.27954426599794,0.2692380709883261,Small,MixedBreccia,crater_ejecta_single,Rim,Rim,173,0.8511734297981233,0.8511734297981233,31.582362480308262,8.273829852610456,0.002,1.0,-1,,unreal_rockfield.json,unreal_rockfield.json,nan,nan,nan
268,-162.6037299251825,158.78999166745473,0.28448047803593657,Small,MixedBreccia,crater_ejecta_single,ProximalEjecta,ProximalEjecta,173,1.2991240285044447,1.2991240285044447,48.20334439344145,3.166431592564986,0.002,1.0,-1,,unreal_rockfield.json,unreal_rockfield.json,nan,nan,nan
269,-195.79491869874366,66.00093208589672,0.28988126434628236,Small,MixedBreccia,crater_ejecta_single,ProximalEjecta,ProximalEjecta,173,1.5320861310816523,1.5320861310816523,56.847286168636586,2.818272819532971,0.002,1.0,-1,,unreal_rockfield.json,unreal_rockfield.json,nan,nan,nan
270,-198.93789912458857,160.65178791840705,0.32518335748988014,Medium,MixedBreccia,crater_ejecta_single,Rim,Rim,173,1.0254590683923575,1.0254590683923575,38.049143538665064,8.273829852610456,0.002,1.0,-1,,unreal_rockfield.json,unreal_rockfield.json,nan,nan,nan
271,-229.97555962179464,129.71531474104455,0.3009559004745102,Medium,MixedBreccia,crater_ejecta_single,Rim,Rim,173,0.9682618868421385,0.9682618868421385,35.92687085329772,8.273829852610456,0.002,1.0,-1,,unreal_rockfield.json,unreal_rockfield.json,nan,nan,nan
272,-215.56660487142622,98.85290860255543,0.27843713622993627,Small,MixedBreccia,crater_ejecta_single,Rim,Rim,173,0.8565768941944849,0.8565768941944849,31.782855312016842,8.273829852610456,0.002,1.0,-1,,unreal_rockfield.json,unreal_rockfield.json,nan,nan,nan
273,-228.1699900992569,127.79110451054346,0.2901019926327886,Small,MixedBreccia,crater_ejecta_single,Rim,Rim,173,0.9115218550206048,0.9115218550206048,33.82156047893966,8.273829852610456,0.002,1.0,-1,,unreal_rockfield.json,unreal_rockfield.json,nan,nan,nan
274,-163.6780107769372,134.78253794789674,0.29079141445213025,Small,MixedBreccia,crater_ejecta_single,Rim,Rim,173,0.8962343510810122,0.8962343510810122,33.25432532575371,8.273829852610456,0.002,1.0,-1,,unreal_rockfield.json,unreal_rockfield.json,nan,nan,nan
275,-171.05818288225655,42.97630146149896,0.26252264056759766,Small,MixedBreccia,crater_ejecta_single,DistalEjecta,DistalEjecta,173,2.244775221816858,2.244775221816858,83.29125682300605,1.3789716421017426,0.002,1.0,-1,,unreal_rockfield.json,unreal_rockfield.json,nan,nan,nan
276,-160.1151833418794,127.32773836158654,0.270046926159575,Small,MixedBreccia,crater_ejecta_single,Rim,Rim,173,0.9402638572362269,0.9402638572362269,34.88801803107317,8.273829852610456,0.002,1.0,-1,,unreal_rockfield.json,unreal_rockfield.json,nan,nan,nan
277,-173.04913702494875,161.7588924561387,0.408134429740702,Medium,MixedBreccia,crater_ejecta_single,ProximalEjecta,ProximalEjecta,173,1.2005016312128596,1.2005016312128596,44.54400989015634,3.326485934596613,0.002,1.0,-1,,unreal_rockfield.json,unreal_rockfield.json,nan,nan,nan
278,-170.5700217471797,144.3360720104172,0.2885582101918003,Small,MixedBreccia,crater_ejecta_single,Rim,Rim,173,0.8712518251396734,0.8712518251396734,32.32736125200415,8.273829852610456,0.002,1.0,-1,,unreal_rockfield.json,unreal_rockfield.json,nan,nan,nan
279,-200.79158767415245,109.26102439102688,0.3026239346688128,Medium,RegolithCovered,crater_ejecta_single,CraterFloor,CraterFloor,173,0.40090807752107505,0.40090807752107505,14.875492798873122,2.298286070169571,0.002,1.0,-1,,unreal_rockfield.json,unreal_rockfield.json,nan,nan,nan
280,-164.72848324993927,87.43543317693619,0.3190942961081094,Medium,MixedBreccia,crater_ejecta_single,ProximalEjecta,ProximalEjecta,173,1.2503634309926641,1.2503634309926641,46.39410692025257,3.244578897247959,0.002,1.0,-1,,unreal_rockfield.json,unreal_rockfield.json,nan,nan,nan
281,-182.57925143378614,34.35945382085745,0.27153256128107756,Small,MixedBreccia,crater_ejecta_single,DistalEjecta,DistalEjecta,173,2.406894336750685,2.406894336750685,89.30660513344526,1.3789716421017426,0.002,1.0,-1,,unreal_rockfield.json,unreal_rockfield.json,nan,nan,nan
282,-169.88773071233416,104.66633884127688,0.28192010817534763,Small,RegolithCovered,crater_ejecta_clump,CraterFloor,CraterFloor,173,0.8291534774386858,0.8291534774386858,30.765323210908356,2.298286070169571,0.003,1.0,31,,unreal_rockfield.json,unreal_rockfield.json,nan,nan,nan
283,-169.1422464784171,103.41653476926618,0.27250182377708343,Small,MixedBreccia,crater_ejecta_clump,Rim,Rim,173,0.8653964453510729,0.8653964453510729,32.110100326710324,8.273829852610456,0.003,1.0,31,,unreal_rockfield.json,unreal_rockfield.json,nan,nan,nan
284,-172.84261459244593,98.38313674510843,0.275530537362228,Small,MixedBreccia,crater_ejecta_clump,Rim,Rim,173,0.8842011919035768,0.8842011919035768,32.80784099997401,8.273829852610456,0.003,1.0,31,,unreal_rockfield.json,unreal_rockfield.json,nan,nan,nan
285,-168.94699153195117,103.25547956881853,0.275786533419272,Small,MixedBreccia,crater_ejecta_clump,Rim,Rim,173,0.872212462255958,0.872212462255958,32.36300520957661,8.273829852610456,0.003,1.0,31,,unreal_rockfield.json,unreal_rockfield.json,nan,nan,nan
286,-170.98068899629442,101.92899755693212,0.2647667321163886,Small,MixedBreccia,crater_ejecta_clump,Rim,Rim,173,0.8524374058874993,0.8524374058874993,31.629261678078784,8.273829852610456,0.003,1.0,31,,unreal_rockfield.json,unreal_rockfield.json,nan,nan,nan
287,-171.69891000964907,100.55491666454526,0.3259214534349718,Medium,MixedBreccia,crater_ejecta_clump,Rim,Rim,173,0.8633487814209615,0.8633487814209615,32.034122785336685,8.273829852610456,0.003,1.0,31,,unreal_rockfield.json,unreal_rockfield.json,nan,nan,nan
288,-168.65807117286366,101.41666836184001,0.26101768655521307,Small,MixedBreccia,crater_ejecta_clump,Rim,Rim,173,0.9090627843312244,0.9090627843312244,33.730317896455475,8.273829852610456,0.003,1.0,31,,unreal_rockfield.json,unreal_rockfield.json,nan,nan,nan
289,-167.79840270759513,105.02421977405297,0.2784291105197589,Small,MixedBreccia,crater_ejecta_clump,Rim,Rim,173,0.869862761735912,0.869862761735912,32.27582075227763,8.273829852610456,0.003,1.0,31,,unreal_rockfield.json,unreal_rockfield.json,nan,nan,nan
290,-170.0656186838483,101.46286814517543,0.3158499690948614,Medium,MixedBreccia,crater_ejecta_clump,Rim,Rim,173,0.879273612186012,0.879273612186012,32.625005630186145,8.273829852610456,0.003,1.0,31,,unreal_rockfield.json,unreal_rockfield.json,nan,nan,nan
291,-169.86518024966398,107.17810011611623,0.2953590486715941,Small,RegolithCovered,crater_ejecta_clump,CraterFloor,CraterFloor,173,0.7915720799425253,0.7915720799425253,29.37088433783193,2.298286070169571,0.003,1.0,31,,unreal_rockfield.json,unreal_rockfield.json,nan,nan,nan
292,-169.67915715607325,101.53890535568631,0.28867398621044404,Small,MixedBreccia,crater_ejecta_clump,Rim,Rim,173,0.8858392199677086,0.8858392199677086,32.8686192083429,8.273829852610456,0.003,1.0,31,,unreal_rockfield.json,unreal_rockfield.json,nan,nan,nan
293,-169.916542620653,103.37630852522008,0.2788322129154869,Small,RegolithCovered,crater_ejecta_clump,CraterFloor,CraterFloor,173,0.8495410035754315,0.8495410035754315,31.52179212545163,2.298286070169571,0.003,1.0,31,,unreal_rockfield.json,unreal_rockfield.json,nan,nan,nan
294,-170.85545218157534,100.07731351102137,0.3097421943755763,Medium,MixedBreccia,crater_ejecta_clump,Rim,Rim,173,0.8886579657014192,0.8886579657014192,32.97320735264503,8.273829852610456,0.003,1.0,31,,unreal_rockfield.json,unreal_rockfield.json,nan,nan,nan
295,-147.7516612277173,150.04434057382434,0.3568243650138963,Medium,MixedBreccia,crater_ejecta_clump,ProximalEjecta,ProximalEjecta,173,1.4627084354202726,1.4627084354202726,54.27306162670525,2.9177508709129807,0.003,1.0,32,,unreal_rockfield.json,unreal_rockfield.json,nan,nan,nan
296,-146.29813886163532,152.6421652600549,0.3126062919949886,Medium,MixedBreccia,crater_ejecta_clump,ProximalEjecta,ProximalEjecta,173,1.5322488977987276,1.5322488977987276,56.85332554589914,2.818043468358453,0.003,1.0,32,,unreal_rockfield.json,unreal_rockfield.json,nan,nan,nan
297,-145.76825196338024,154.16163844938174,0.31193987213819224,Medium,MixedBreccia,crater_ejecta_clump,ProximalEjecta,ProximalEjecta,173,1.566117533973903,1.566117533973903,58.110004275464,2.77072361939288,0.003,1.0,32,,unreal_rockfield.json,unreal_rockfield.json,nan,nan,nan
298,-223.26839115791188,106.78322024046804,0.28568227898586024,Small,MixedBreccia,crater_ejecta_clump,Rim,Rim,173,0.8828875397750572,0.8828875397750572,32.759098597728475,8.273829852610456,0.003,1.0,33,,unreal_rockfield.json,unreal_rockfield.json,nan,nan,nan
299,-224.21800245909975,104.14186915121903,0.32676175041389066,Medium,MixedBreccia,crater_ejecta_clump,Rim,Rim,173,0.9413865219358853,0.9413865219358853,34.92967394072355,8.273829852610456,0.003,1.0,33,,unreal_rockfield.json,unreal_rockfield.json,nan,nan,nan
300,-222.5206972767256,102.7536143183905,0.2635997703113183,Small,MixedBreccia,crater_ejecta_clump,Rim,Rim,173,0.9244760770166577,0.9244760770166577,34.302220377859165,8.273829852610456,0.003,1.0,33,,unreal_rockfield.json,unreal_rockfield.json,nan,nan,nan
301,-222.93729446732232,105.88523830057754,0.2795102116607538,Small,MixedBreccia,crater_ejecta_clump,Rim,Rim,173,0.8873355888922235,0.8873355888922235,32.92414122550632,8.273829852610456,0.003,1.0,33,,unreal_rockfield.json,unreal_rockfield.json,nan,nan,nan
302,-224.8941582131734,107.51626836901733,0.3176500718036173,Medium,MixedBreccia,crater_ejecta_clump,Rim,Rim,173,0.912219574316754,0.912219574316754,33.847449002886805,8.273829852610456,0.003,1.0,33,,unreal_rockfield.json,unreal_rockfield.json,nan,nan,nan
303,-224.0326180776524,104.1078628598139,0.2679654387867811,Small,MixedBreccia,crater_ejecta_clump,Rim,Rim,173,0.9376630892173088,0.9376630892173088,34.79151784036571,8.273829852610456,0.003,1.0,33,,unreal_rockfield.json,unreal_rockfield.json,nan,nan,nan
304,-224.3624054739562,101.40475194731034,0.2833367275286285,Small,MixedBreccia,crater_ejecta_clump,Rim,Rim,173,0.9859991916897535,0.9859991916897535,36.585004638387744,8.273829852610456,0.003,1.0,33,,unreal_rockfield.json,unreal_rockfield.json,nan,nan,nan
305,-223.34902096168682,101.76795876486565,0.2939750882088643,Small,MixedBreccia,crater_ejecta_clump,Rim,Rim,173,0.958164488725953,0.958164488725953,35.55221196916291,8.273829852610456,0.003,1.0,33,,unreal_rockfield.json,unreal_rockfield.json,nan,nan,nan
306,-221.3884728594698,108.05022650105599,0.26281252506847735,Small,RegolithCovered,crater_ejecta_clump,CraterFloor,CraterFloor,173,0.8220035992878747,0.8220035992878747,30.500030574244978,2.298286070169571,0.003,1.0,33,,unreal_rockfield.json,unreal_rockfield.json,nan,nan,nan
307,-222.58655616243965,101.1015385239027,0.28970287898849295,Small,MixedBreccia,crater_ejecta_clump,Rim,Rim,173,0.9526300130460361,0.9526300130460361,35.346858029598515,8.273829852610456,0.003,1.0,33,,unreal_rockfield.json,unreal_rockfield.json,nan,nan,nan
308,-198.04231562928626,79.67047738415565,0.4317096721347093,Medium,MixedBreccia,crater_ejecta_clump,Rim,Rim,173,1.1668568284971244,1.1668568284971244,43.29563638864932,8.273829852610456,0.003,1.0,34,,unreal_rockfield.json,unreal_rockfield.json,nan,nan,nan
309,-201.53158035599705,83.96221044021621,0.26352398263720894,Small,MixedBreccia,crater_ejecta_clump,Rim,Rim,173,1.0637292062700623,1.0637292062700623,39.46913777757325,8.273829852610456,0.003,1.0,34,,unreal_rockfield.json,unreal_rockfield.json,nan,nan,nan
310,-201.06215144474518,83.79985258883987,0.32722478577731656,Medium,MixedBreccia,crater_ejecta_clump,Rim,Rim,173,1.0659354418047577,1.0659354418047577,39.55099903866809,8.273829852610456,0.003,1.0,34,,unreal_rockfield.json,unreal_rockfield.json,nan,nan,nan
311,-200.95644241494506,83.16090853908904,0.27416665635793797,Small,MixedBreccia,crater_ejecta_clump,Rim,Rim,173,1.0824892667751733,1.0824892667751733,40.16522039749885,8.273829852610456,0.003,1.0,34,,unreal_rockfield.json,unreal_rockfield.json,nan,nan,nan
312,-204.21012578906803,83.36922440097104,0.32461645422856794,Medium,MixedBreccia,crater_ejecta_clump,Rim,Rim,173,1.094078132309367,1.094078132309367,40.595219430860666,8.273829852610456,0.003,1.0,34,,unreal_rockfield.json,unreal_rockfield.json,nan,nan,nan
313,-203.58629963057368,82.12540939231046,0.302392041715881,Medium,MixedBreccia,crater_ejecta_clump,Rim,Rim,173,1.1229971356639261,1.1229971356639261,41.66824452132849,8.273829852610456,0.003,1.0,34,,unreal_rockfield.json,unreal_rockfield.json,nan,nan,nan
314,-199.92677202891485,85.6641349569652,0.3021169038402537,Medium,MixedBreccia,crater_ejecta_clump,Rim,Rim,173,1.0116730755015984,1.0116730755015984,37.53762119858196,8.273829852610456,0.003,1.0,34,,unreal_rockfield.json,unreal_rockfield.json,nan,nan,nan
315,-200.76182303301582,83.95021045899912,0.27380756549415675,Small,MixedBreccia,crater_ejecta_clump,Rim,Rim,173,1.0606617647793024,1.0606617647793024,39.35532190215138,8.273829852610456,0.003,1.0,34,,unreal_rockfield.json,unreal_rockfield.json,nan,nan,nan
316,-206.32328305671254,84.81077232768634,0.32265640984252986,Medium,MixedBreccia,crater_ejecta_clump,Rim,Rim,173,1.0715692718506482,1.0715692718506482,39.760039472065976,8.273829852610456,0.003,1.0,34,,unreal_rockfield.json,unreal_rockfield.json,nan,nan,nan
317,-206.68062450823703,82.65944768852992,0.2954953480418955,Small,MixedBreccia,crater_ejecta_clump,Rim,Rim,173,1.1298610347259899,1.1298610347259899,41.92292604758074,8.273829852610456,0.003,1.0,34,,unreal_rockfield.json,unreal_rockfield.json,nan,nan,nan
318,-206.74085619309676,84.29189215537757,0.26731592219852734,Small,MixedBreccia,crater_ejecta_clump,Rim,Rim,173,1.0882508144470397,1.0882508144470397,40.378999729242814,8.273829852610456,0.003,1.0,34,,unreal_rockfield.json,unreal_rockfield.json,nan,nan,nan
319,-164.6857516842212,139.15559299404342,0.26251711449279364,Small,MixedBreccia,crater_ejecta_clump,Rim,Rim,173,0.9210382825229857,0.9210382825229857,34.17466274033081,8.273829852610456,0.003,1.0,35,,unreal_rockfield.json,unreal_rockfield.json,nan,nan,nan
320,-165.04721808108786,138.4396034737095,0.31287902710453935,Medium,MixedBreccia,crater_ejecta_clump,Rim,Rim,173,0.9033487599858405,0.9033487599858405,33.518301893864766,8.273829852610456,0.003,1.0,35,,unreal_rockfield.json,unreal_rockfield.json,nan,nan,nan
321,-163.54896203718752,140.21517088610227,0.3262768389994362,Medium,MixedBreccia,crater_ejecta_clump,Rim,Rim,173,0.9616498073939748,0.9616498073939748,35.681532967304214,8.273829852610456,0.003,1.0,35,,unreal_rockfield.json,unreal_rockfield.json,nan,nan,nan
322,-165.93661859306513,136.2473218719452,0.2732349012489766,Small,MixedBreccia,crater_ejecta_clump,Rim,Rim,173,0.8556213608823953,0.8556213608823953,31.747400728534863,8.273829852610456,0.003,1.0,35,,unreal_rockfield.json,unreal_rockfield.json,nan,nan,nan
323,-161.94146101567858,138.45701514596342,0.275262835039466,Small,MixedBreccia,crater_ejecta_clump,Rim,Rim,173,0.9784093359181419,0.9784093359181419,36.30338685315078,8.273829852610456,0.003,1.0,35,,unreal_rockfield.json,unreal_rockfield.json,nan,nan,nan
324,-175.9643108982251,94.51318478483024,0.2770676448669113,Small,MixedBreccia,crater_ejecta_clump,Rim,Rim,173,0.9154616461192538,0.9154616461192538,33.967744448290944,8.273829852610456,0.003,1.0,36,,unreal_rockfield.json,unreal_rockfield.json,nan,nan,nan
325,-178.77651344409801,90.82821424759423,0.260163756772939,Small,MixedBreccia,crater_ejecta_clump,Rim,Rim,173,0.9636961543023211,0.9636961543023211,35.75746164124694,8.273829852610456,0.003,1.0,36,,unreal_rockfield.json,unreal_rockfield.json,nan,nan,nan
326,-173.73318751522515,92.54125060191939,0.3900126977499726,Medium,MixedBreccia,crater_ejecta_clump,Rim,Rim,173,0.9931857922732276,0.9931857922732276,36.85165984246561,8.273829852610456,0.003,1.0,36,,unreal_rockfield.json,unreal_rockfield.json,nan,nan,nan
327,-175.49348925567145,92.71263942367064,0.29758758554466075,Small,MixedBreccia,crater_ejecta_clump,Rim,Rim,173,0.9630665426848141,0.9630665426848141,35.734100218498305,8.273829852610456,0.003,1.0,36,,unreal_rockfield.json,unreal_rockfield.json,nan,nan,nan
328,-174.53511858946246,90.84804468294804,0.3191121836262538,Medium,MixedBreccia,crater_ejecta_clump,Rim,Rim,173,1.0193371024005242,1.0193371024005242,37.821991066234105,8.273829852610456,0.003,1.0,36,,unreal_rockfield.json,unreal_rockfield.json,nan,nan,nan
329,-176.93494914439512,90.12942165799396,0.30498706132914327,Medium,MixedBreccia,crater_ejecta_clump,Rim,Rim,173,1.003322897855883,1.003322897855883,37.22779205219461,8.273829852610456,0.003,1.0,36,,unreal_rockfield.json,unreal_rockfield.json,nan,nan,nan
330,-175.5926000688654,91.94571448242097,0.27021485350382485,Small,MixedBreccia,crater_ejecta_clump,Rim,Rim,173,0.9791462197827031,0.9791462197827031,36.33072855873243,8.273829852610456,0.003,1.0,36,,unreal_rockfield.json,unreal_rockfield.json,nan,nan,nan
331,-177.09370083603264,90.77608536560666,0.3317123254880014,Medium,MixedBreccia,crater_ejecta_clump,Rim,Rim,173,0.9859777875156043,0.9859777875156043,36.584210447259466,8.273829852610456,0.003,1.0,36,,unreal_rockfield.json,unreal_rockfield.json,nan,nan,nan
332,-175.37394218846336,91.0814308234714,0.38445302173650076,Medium,MixedBreccia,crater_ejecta_clump,Rim,Rim,173,1.0020802315383137,1.0020802315383137,37.181683542800876,8.273829852610456,0.003,1.0,36,,unreal_rockfield.json,unreal_rockfield.json,nan,nan,nan
333,-174.80406283559253,89.16919115798726,0.320584018587701,Medium,MixedBreccia,crater_ejecta_clump,Rim,Rim,173,1.0541744681179743,1.0541744681179743,39.11461401877214,8.273829852610456,0.003,1.0,36,,unreal_rockfield.json,unreal_rockfield.json,nan,nan,nan
334,-176.77072621683115,91.43858572837254,0.2848532869839574,Small,MixedBreccia,crater_ejecta_clump,Rim,Rim,173,0.9746572239556293,0.9746572239556293,36.16416662385523,8.273829852610456,0.003,1.0,36,,unreal_rockfield.json,unreal_rockfield.json,nan,nan,nan
335,-239.53343125217935,138.29081904188078,0.28712323946034474,Small,MixedBreccia,crater_ejecta_clump,ProximalEjecta,ProximalEjecta,173,1.2777274920517496,1.2777274920517496,47.409436658055,3.200488778690585,0.003,1.0,37,,unreal_rockfield.json,unreal_rockfield.json,nan,nan,nan
336,-235.91655883638273,136.41474417679575,0.2812693580459567,Small,MixedBreccia,crater_ejecta_clump,Rim,Rim,173,1.1692023344643354,1.1692023344643354,43.38266520917272,8.273829852610456,0.003,1.0,37,,unreal_rockfield.json,unreal_rockfield.json,nan,nan,nan
337,-240.38514731977247,133.62584853458569,0.3724538576297503,Medium,MixedBreccia,crater_ejecta_clump,ProximalEjecta,ProximalEjecta,173,1.2647749260099557,1.2647749260099557,46.92883820248633,3.2212833127899168,0.003,1.0,37,,unreal_rockfield.json,unreal_rockfield.json,nan,nan,nan
338,-239.13177689514708,137.09130186469108,0.296847617490558,Small,MixedBreccia,crater_ejecta_clump,ProximalEjecta,ProximalEjecta,173,1.25724720218336,1.25724720218336,46.64952579185389,3.2334306244241104,0.003,1.0,37,,unreal_rockfield.json,unreal_rockfield.json,nan,nan,nan
339,-240.73348175481894,139.35673489700196,0.269505831170567,Small,MixedBreccia,crater_ejecta_clump,ProximalEjecta,ProximalEjecta,173,1.3177720164473254,1.3177720164473254,48.89526861725112,3.1370450165116672,0.003,1.0,37,,unreal_rockfield.json,unreal_rockfield.json,nan,nan,nan
340,-236.9423297557444,137.39513712665905,0.2877220559659389,Small,MixedBreccia,crater_ejecta_clump,ProximalEjecta,ProximalEjecta,173,1.2038404614336966,1.2038404614336966,44.667895508061115,3.32093728150411,0.003,1.0,37,,unreal_rockfield.json,unreal_rockfield.json,nan,nan,nan
341,-236.94910746027327,133.9284076407614,0.2889393659956174,Small,MixedBreccia,crater_ejecta_clump,Rim,Rim,173,1.1768878972693269,1.1768878972693269,43.66783415579971,8.273829852610456,0.003,1.0,37,,unreal_rockfield.json,unreal_rockfield.json,nan,nan,nan
342,-175.618637806003,92.14383037743951,0.31483013630774914,Medium,MixedBreccia,crater_ejecta_clump,Rim,Rim,173,0.9742392920222006,0.9742392920222006,36.14865946943575,8.273829852610456,0.003,1.0,38,,unreal_rockfield.json,unreal_rockfield.json,nan,nan,nan
343,-176.96972706248437,91.9325983945984,0.2843622814129229,Small,MixedBreccia,crater_ejecta_clump,Rim,Rim,173,0.960438408685501,0.960438408685501,35.63658462683702,8.273829852610456,0.003,1.0,38,,unreal_rockfield.json,unreal_rockfield.json,nan,nan,nan
344,-178.30058710635126,90.03798750026594,0.26682099461630965,Small,MixedBreccia,crater_ejecta_clump,Rim,Rim,173,0.9884799580776975,0.9884799580776975,36.677052228867154,8.273829852610456,0.003,1.0,38,,unreal_rockfield.json,unreal_rockfield.json,nan,nan,nan
345,-174.36929651881542,89.56922219709148,0.2864316697423623,Small,MixedBreccia,crater_ejecta_clump,Rim,Rim,173,1.050973750787906,1.050973750787906,38.99585301029094,8.273829852610456,0.003,1.0,38,,unreal_rockfield.json,unreal_rockfield.json,nan,nan,nan
346,-178.15852912967978,92.66324685101294,0.28290252471102456,Small,MixedBreccia,crater_ejecta_clump,Rim,Rim,173,0.9275831237479294,0.9275831237479294,34.41750578583243,8.273829852610456,0.003,1.0,38,,unreal_rockfield.json,unreal_rockfield.json,nan,nan,nan
347,-177.18353482411644,87.33759823646714,0.2970246629477214,Small,MixedBreccia,crater_ejecta_clump,Rim,Rim,173,1.0670513632015513,1.0670513632015513,39.59240474145351,8.273829852610456,0.003,1.0,38,,unreal_rockfield.json,unreal_rockfield.json,nan,nan,nan
348,-180.51805819755887,92.29830156923092,0.3071154086583006,Medium,MixedBreccia,crater_ejecta_clump,Rim,Rim,173,0.9076367020092007,0.9076367020092007,33.677403828365264,8.273829852610456,0.003,1.0,38,,unreal_rockfield.json,unreal_rockfield.json,nan,nan,nan
349,-182.12955637340863,88.9413835037017,0.2706861421653336,Small,MixedBreccia,crater_ejecta_clump,Rim,Rim,173,0.9744611611091168,0.9744611611091168,36.15689181043801,8.273829852610456,0.003,1.0,38,,unreal_rockfield.json,unreal_rockfield.json,nan,nan,nan
350,-177.99469219827967,91.52435311336951,0.281537294675941,Small,MixedBreccia,crater_ejecta_clump,Rim,Rim,173,0.956679366925167,0.956679366925167,35.497107270874864,8.273829852610456,0.003,1.0,38,,unreal_rockfield.json,unreal_rockfield.json,nan,nan,nan
351,-177.15633560111797,90.37750575862532,0.2870101772969929,Small,MixedBreccia,crater_ejecta_clump,Rim,Rim,173,0.9946012430530993,0.9946012430530993,36.90417943252559,8.273829852610456,0.003,1.0,38,,unreal_rockfield.json,unreal_rockfield.json,nan,nan,nan
352,-158.82112513152325,145.1828790094479,0.26351276328532225,Small,MixedBreccia,crater_ejecta_clump,Rim,Rim,173,1.1394628313656712,1.1394628313656712,42.27919588792167,8.273829852610456,0.003,1.0,39,,unreal_rockfield.json,unreal_rockfield.json,nan,nan,nan
353,-156.0641210351417,145.81112603694896,0.30077150002224,Medium,MixedBreccia,crater_ejecta_clump,ProximalEjecta,ProximalEjecta,173,1.2117457566319283,1.2117457566319283,44.96121751474501,3.3078366947892013,0.003,1.0,39,,unreal_rockfield.json,unreal_rockfield.json,nan,nan,nan
354,-155.48003140964377,148.3331477514766,0.27953299829162903,Small,MixedBreccia,crater_ejecta_clump,ProximalEjecta,ProximalEjecta,173,1.261014531961153,1.261014531961153,46.78931067053993,3.227345657504688,0.003,1.0,39,,unreal_rockfield.json,unreal_rockfield.json,nan,nan,nan
355,-155.0453090078005,149.4894940484199,0.3023999899309012,Medium,MixedBreccia,crater_ejecta_clump,ProximalEjecta,ProximalEjecta,173,1.287971391430899,1.287971391430899,47.789531397949354,3.1841379460014236,0.003,1.0,39,,unreal_rockfield.json,unreal_rockfield.json,nan,nan,nan
356,-156.89717920812257,142.03375872292878,0.26549270359076954,Small,MixedBreccia,crater_ejecta_clump,Rim,Rim,173,1.142961220134157,1.142961220134157,42.409001845574224,8.273829852610456,0.003,1.0,39,,unreal_rockfield.json,unreal_rockfield.json,nan,nan,nan
357,-156.09403856460702,142.60943696027596,0.26982527367186987,Small,MixedBreccia,crater_ejecta_clump,Rim,Rim,173,1.1692919386370548,1.1692919386370548,43.38598992698404,8.273829852610456,0.003,1.0,39,,unreal_rockfield.json,unreal_rockfield.json,nan,nan,nan
358,-151.34768790377916,147.2727590790237,0.31526853284166567,Medium,MixedBreccia,crater_ejecta_clump,ProximalEjecta,ProximalEjecta,173,1.3415002413959474,1.3415002413959474,49.775692482830905,3.1000466718408886,0.003,1.0,39,,unreal_rockfield.json,unreal_rockfield.json,nan,nan,nan
359,-158.02019383088955,147.23583126674694,0.3049436024407091,Medium,MixedBreccia,crater_ejecta_clump,Rim,Rim,173,1.187562073567884,1.187562073567884,44.06389410461614,8.273829852610456,0.003,1.0,39,,unreal_rockfield.json,unreal_rockfield.json,nan,nan,nan
360,-152.75553427522595,143.64757210802028,0.27365939611711126,Small,MixedBreccia,crater_ejecta_clump,ProximalEjecta,ProximalEjecta,173,1.262234679039314,1.262234679039314,46.83458361486916,3.225377339787905,0.003,1.0,39,,unreal_rockfield.json,unreal_rockfield.json,nan,nan,nan
361,-155.73512781023356,141.69852378044533,0.28991636955279326,Small,MixedBreccia,crater_ejecta_clump,Rim,Rim,173,1.167009917277589,1.167009917277589,43.30131667093615,8.273829852610456,0.003,1.0,39,,unreal_rockfield.json,unreal_rockfield.json,nan,nan,nan
362,-157.045596178864,144.46438199324714,0.3303306274487352,Medium,MixedBreccia,crater_ejecta_clump,Rim,Rim,173,1.1705956822883705,1.1705956822883705,43.434364680160975,8.273829852610456,0.003,1.0,39,,unreal_rockfield.json,unreal_rockfield.json,nan,nan,nan
363,-155.54866655866496,146.1086637338789,0.2875166057320867,Small,MixedBreccia,crater_ejecta_clump,ProximalEjecta,ProximalEjecta,173,1.2277847156108133,1.2277847156108133,45.556335029630404,3.2814156493759548,0.003,1.0,39,,unreal_rockfield.json,unreal_rockfield.json,nan,nan,nan
364,-153.6571755142174,146.7099969598671,0.27042775491178556,Small,MixedBreccia,crater_ejecta_clump,ProximalEjecta,ProximalEjecta,173,1.2799453288395966,1.2799453288395966,47.49172837781951,3.1969416649076994,0.003,1.0,39,,unreal_rockfield.json,unreal_rockfield.json,nan,nan,nan
365,-152.49594446386507,146.9184377995932,0.26034397108669466,Small,MixedBreccia,crater_ejecta_clump,ProximalEjecta,ProximalEjecta,173,1.309869382390742,1.309869382390742,48.60204535089112,3.149464997385558,0.003,1.0,39,,unreal_rockfield.json,unreal_rockfield.json,nan,nan,nan
366,80.76197893203607,-208.37669761865226,0.3656873615480783,Medium,MixedBreccia,crater_ejecta_clump,Rim,Rim,188,0.8889841170500757,0.8889841170500757,6.891015503018159,1.752260079171778,0.003,1.0,40,,unreal_rockfield.json,unreal_rockfield.json,nan,nan,nan
367,-21.250893390673916,-55.1464610015326,0.26030727683892013,Small,MixedBreccia,crater_ejecta_clump,Rim,Rim,191,0.9425527689800762,0.9425527689800762,9.19372964524788,2.2101096535348925,0.003,1.0,41,,unreal_rockfield.json,unreal_rockfield.json,nan,nan,nan
368,94.13996861054389,-59.439568121869655,0.27632864579332556,Small,MixedBreccia,crater_ejecta_single,Rim,Rim,207,0.965494059461283,0.965494059461283,19.33579145261218,4.605800898014215,0.002,1.0,-1,,unreal_rockfield.json,unreal_rockfield.json,nan,nan,nan
369,84.76155647191071,-54.406615222720696,0.26014849296600573,Small,MixedBreccia,crater_ejecta_single,Rim,Rim,207,0.8652257231330677,0.8652257231330677,17.32773389747349,4.605800898014215,0.002,1.0,-1,,unreal_rockfield.json,unreal_rockfield.json,nan,nan,nan
370,71.34626801344615,-87.13069041923242,0.28418569984162534,Small,MixedBreccia,crater_ejecta_single,Rim,Rim,207,0.900777335527145,0.900777335527145,18.039720218176015,4.605800898014215,0.002,1.0,-1,,unreal_rockfield.json,unreal_rockfield.json,nan,nan,nan
371,91.86796130597206,-86.81503880407209,0.2705856773852657,Small,MixedBreccia,crater_ejecta_single,Rim,Rim,207,1.0621829156281812,1.0621829156281812,21.272163344613173,4.605800898014215,0.002,1.0,-1,,unreal_rockfield.json,unreal_rockfield.json,nan,nan,nan
372,70.68012725626878,-105.78070260276503,0.267324741693523,Small,MixedBreccia,crater_ejecta_single,ProximalEjecta,ProximalEjecta,207,1.8034408018976507,1.8034408018976507,36.117213669943865,1.3698016613760629,0.002,1.0,-1,,unreal_rockfield.json,unreal_rockfield.json,nan,nan,nan
373,90.3336094940111,-77.5410970513467,0.2945520762287485,Small,RegolithCovered,crater_ejecta_clump,CraterFloor,CraterFloor,207,0.6988484973881641,0.6988484973881641,13.995724437712918,1.2793891383372822,0.003,1.0,42,,unreal_rockfield.json,unreal_rockfield.json,nan,nan,nan
374,91.06143318793579,-81.4175110987866,0.26558680479382957,Small,RegolithCovered,crater_ejecta_clump,CraterFloor,CraterFloor,207,0.841275732234847,0.841275732234847,16.84809135098455,1.2793891383372822,0.003,1.0,42,,unreal_rockfield.json,unreal_rockfield.json,nan,nan,nan
375,92.01749613179973,-81.83838753843993,0.33180374411522506,Medium,MixedBreccia,crater_ejecta_clump,Rim,Rim,207,0.891342768828035,0.891342768828035,17.85077569557425,4.605800898014215,0.003,1.0,42,,unreal_rockfield.json,unreal_rockfield.json,nan,nan,nan
376,90.65706445821534,-80.75179326710776,0.26668381189557355,Small,RegolithCovered,crater_ejecta_clump,CraterFloor,CraterFloor,207,0.8044173311567264,0.8044173311567264,16.109934187261622,1.2793891383372822,0.003,1.0,42,,unreal_rockfield.json,unreal_rockfield.json,nan,nan,nan
377,92.20746608688944,-79.50338150446098,0.27195011385805345,Small,RegolithCovered,crater_ejecta_clump,CraterFloor,CraterFloor,207,0.8299446840818424,0.8299446840818424,16.621166304808447,1.2793891383372822,0.003,1.0,42,,unreal_rockfield.json,unreal_rockfield.json,nan,nan,nan
378,89.39703218643365,-79.28221746628122,0.2785129416753291,Small,RegolithCovered,crater_ejecta_clump,CraterFloor,CraterFloor,207,0.7093313371046619,0.7093313371046619,14.205662552404641,1.2793891383372822,0.003,1.0,42,,unreal_rockfield.json,unreal_rockfield.json,nan,nan,nan
379,92.60411768643154,-80.94197732055031,0.41545144032811654,Medium,MixedBreccia,crater_ejecta_clump,Rim,Rim,207,0.8870040922469241,0.8870040922469241,17.76388573003733,4.605800898014215,0.003,1.0,42,,unreal_rockfield.json,unreal_rockfield.json,nan,nan,nan
380,89.45429074914564,-84.54640830396772,0.29147770956746805,Small,MixedBreccia,crater_ejecta_clump,Rim,Rim,207,0.898237814924369,0.898237814924369,17.98886165484908,4.605800898014215,0.003,1.0,42,,unreal_rockfield.json,unreal_rockfield.json,nan,nan,nan
381,94.51316941350427,-82.67469978173452,0.2676339539630093,Small,MixedBreccia,crater_ejecta_clump,Rim,Rim,207,1.0151027367647225,1.0151027367647225,20.329296310751293,4.605800898014215,0.003,1.0,42,,unreal_rockfield.json,unreal_rockfield.json,nan,nan,nan
382,91.93998018071495,-82.50741723587872,0.27422886175002137,Small,MixedBreccia,crater_ejecta_clump,Rim,Rim,207,0.910077098771916,0.910077098771916,18.225965054068524,4.605800898014215,0.003,1.0,42,,unreal_rockfield.json,unreal_rockfield.json,nan,nan,nan
383,92.90997655324813,-83.27253250988815,0.27105772683803087,Small,MixedBreccia,crater_ejecta_clump,Rim,Rim,207,0.9716824865833021,0.9716824865833021,19.45972606938011,4.605800898014215,0.003,1.0,42,,unreal_rockfield.json,unreal_rockfield.json,nan,nan,nan
384,235.9457946847272,-79.05619303197759,0.26934637866031463,Small,MixedBreccia,crater_ejecta_clump,Rim,Rim,215,1.1971170436111338,1.1971170436111338,8.817142553376518,1.7015006124402001,0.003,1.0,43,,unreal_rockfield.json,unreal_rockfield.json,nan,nan,nan
385,-74.91200896922469,114.80098974101176,0.2692739832162242,Small,MixedBreccia,crater_ejecta_clump,ProximalEjecta,ProximalEjecta,259,1.4132232422345923,1.4132232422345923,10.509147351497615,0.645789254276962,0.003,1.0,44,,unreal_rockfield.json,unreal_rockfield.json,nan,nan,nan
386,-29.694678267264237,-116.3277220782898,0.29403941196101,Small,MixedBreccia,crater_ejecta_clump,Rim,Rim,273,0.8757813648214258,0.8757813648214258,7.868770214968101,2.1855960847948173,0.003,1.0,45,,unreal_rockfield.json,unreal_rockfield.json,nan,nan,nan
387,-58.84299198276899,203.81205608025766,0.26865130788411473,Small,MixedBreccia,crater_ejecta_single,Rim,Rim,274,1.126545367681273,1.126545367681273,65.19427918866724,9.731840248804238,0.002,1.0,-1,,unreal_rockfield.json,unreal_rockfield.json,nan,nan,nan
388,-69.15582710515312,170.78970221319105,0.3238133235217015,Medium,MixedBreccia,crater_ejecta_single,ProximalEjecta,ProximalEjecta,274,1.352239023807906,1.352239023807906,78.2553911960034,3.626809302151086,0.002,1.0,-1,,unreal_rockfield.json,unreal_rockfield.json,nan,nan,nan
389,-119.54725322468714,213.87528076258667,0.3097487742730996,Medium,RegolithCovered,crater_ejecta_single,CraterFloor,CraterFloor,274,0.3215109748702662,0.3215109748702662,18.606153697170058,2.703288958001177,0.002,1.0,-1,,unreal_rockfield.json,unreal_rockfield.json,nan,nan,nan
390,-55.676289867955184,216.72469056832904,0.26442148703910195,Small,MixedBreccia,crater_ejecta_single,Rim,Rim,274,1.101162228169951,1.101162228169951,63.72533214804154,9.731840248804238,0.002,1.0,-1,,unreal_rockfield.json,unreal_rockfield.json,nan,nan,nan
391,-100.47092167233382,179.66500100067782,0.3180554371526722,Medium,MixedBreccia,crater_ejecta_single,Rim,Rim,274,0.9567292175461655,0.9567292175461655,55.366852952438556,9.731840248804238,0.002,1.0,-1,,unreal_rockfield.json,unreal_rockfield.json,nan,nan,nan
392,-198.102664252415,193.67663260177264,0.26272456020261753,Small,MixedBreccia,crater_ejecta_single,ProximalEjecta,ProximalEjecta,274,1.5456532172956572,1.5456532172956572,89.44845921708543,3.2924968070811373,0.002,1.0,-1,,unreal_rockfield.json,unreal_rockfield.json,nan,nan,nan
393,-62.36450394915353,225.19281027872427,0.3122723888735806,Medium,MixedBreccia,crater_ejecta_single,Rim,Rim,274,0.9599481396556354,0.9599481396556354,55.553135114446206,9.731840248804238,0.002,1.0,-1,,unreal_rockfield.json,unreal_rockfield.json,nan,nan,nan
394,-179.55160778088336,221.99818065772394,0.27717500426614805,Small,MixedBreccia,crater_ejecta_single,Rim,Rim,274,1.0878984020987124,1.0878984020987124,62.95774159660367,9.731840248804238,0.002,1.0,-1,,unreal_rockfield.json,unreal_rockfield.json,nan,nan,nan
395,-131.4894683103355,185.8437256501409,0.3290430648199145,Medium,RegolithCovered,crater_ejecta_single,CraterFloor,CraterFloor,274,0.8396435872453473,0.8396435872453473,48.59099332902723,2.703288958001177,0.002,1.0,-1,,unreal_rockfield.json,unreal_rockfield.json,nan,nan,nan
396,-78.44319171785179,158.93557283430493,0.2709759548745928,Small,MixedBreccia,crater_ejecta_single,ProximalEjecta,ProximalEjecta,274,1.4367602013438203,1.4367602013438203,83.14671417660642,3.4767317244386624,0.002,1.0,-1,,unreal_rockfield.json,unreal_rockfield.json,nan,nan,nan
397,-117.25291490272306,173.593351681643,0.33291062682062206,Medium,MixedBreccia,crater_ejecta_single,Rim,Rim,274,1.0155380933462113,1.0155380933462113,58.77017995343743,9.731840248804238,0.002,1.0,-1,,unreal_rockfield.json,unreal_rockfield.json,nan,nan,nan
398,-134.6684553836425,131.574000540854,0.31483691511553535,Medium,MixedBreccia,crater_ejecta_single,ProximalEjecta,ProximalEjecta,274,1.7668422823181076,1.7668422823181076,102.24888614372983,2.9477779592282896,0.002,1.0,-1,,unreal_rockfield.json,unreal_rockfield.json,nan,nan,nan
399,-67.19283836394877,203.60940168297336,0.28389034688000925,Small,MixedBreccia,crater_ejecta_single,Rim,Rim,274,1.0005685154539794,1.0005685154539794,57.90387588043643,9.731840248804238,0.002,1.0,-1,,unreal_rockfield.json,unreal_rockfield.json,nan,nan,nan
400,-165.19706168613018,178.10428286666465,0.2782516559484305,Small,MixedBreccia,crater_ejecta_single,ProximalEjecta,ProximalEjecta,274,1.2488815010110916,1.2488815010110916,72.27399054337475,3.819165881021847,0.002,1.0,-1,,unreal_rockfield.json,unreal_rockfield.json,nan,nan,nan
401,-144.77572855519026,166.41133755139657,0.2971713680460626,Small,MixedBreccia,crater_ejecta_single,ProximalEjecta,ProximalEjecta,274,1.2335638654950078,1.2335638654950078,71.38754403620811,3.848528474340028,0.002,1.0,-1,,unreal_rockfield.json,unreal_rockfield.json,nan,nan,nan
402,-74.40683020588133,241.67495346962096,0.3040212608184819,Medium,RegolithCovered,crater_ejecta_single,CraterFloor,CraterFloor,274,0.7610337327328004,0.7610337327328004,44.041764377316284,2.703288958001177,0.002,1.0,-1,,unreal_rockfield.json,unreal_rockfield.json,nan,nan,nan
403,-103.59847381124422,185.1236013174119,0.2629897056534463,Small,MixedBreccia,crater_ejecta_single,Rim,Rim,274,0.8506736354931825,0.8506736354931825,49.22931297913943,9.731840248804238,0.002,1.0,-1,,unreal_rockfield.json,unreal_rockfield.json,nan,nan,nan
404,-74.34529604671799,169.93855595894075,0.3590014060263307,Medium,MixedBreccia,crater_ejecta_single,ProximalEjecta,ProximalEjecta,274,1.3108886646107745,1.3108886646107745,75.86240557874578,3.7025747692705884,0.002,1.0,-1,,unreal_rockfield.json,unreal_rockfield.json,nan,nan,nan
405,-168.37137086138932,230.65877481838987,0.28402293434323944,Small,MixedBreccia,crater_ejecta_single,Rim,Rim,274,0.8803539744856081,0.8803539744856081,50.94694314495266,9.731840248804238,0.002,1.0,-1,,unreal_rockfield.json,unreal_rockfield.json,nan,nan,nan
406,-218.2200489342333,247.9930141493364,0.2708934110886017,Small,MixedBreccia,crater_ejecta_single,ProximalEjecta,ProximalEjecta,274,1.7620587222080877,1.7620587222080877,101.97205685458164,2.954836834030661,0.002,1.0,-1,,unreal_rockfield.json,unreal_rockfield.json,nan,nan,nan
407,-166.4819782180362,167.9066416496736,0.2677564717323195,Small,MixedBreccia,crater_ejecta_single,ProximalEjecta,ProximalEjecta,274,1.3993979078711976,1.3993979078711976,80.98452181253268,3.5422915194150066,0.002,1.0,-1,,unreal_rockfield.json,unreal_rockfield.json,nan,nan,nan
408,-198.7691141889002,208.53587317277902,0.39476654698256974,Medium,MixedBreccia,crater_ejecta_single,ProximalEjecta,ProximalEjecta,274,1.464209577472456,1.464209577472456,84.73523634555234,3.429340623980692,0.002,1.0,-1,,unreal_rockfield.json,unreal_rockfield.json,nan,nan,nan
409,-16.88667253718603,236.27980738840847,0.27047891036611554,Small,MixedBreccia,crater_ejecta_single,ProximalEjecta,ProximalEjecta,274,1.7390844305636701,1.7390844305636701,100.64251218945122,2.988975176290285,0.002,1.0,-1,,unreal_rockfield.json,unreal_rockfield.json,nan,nan,nan
410,-98.26693447765489,248.5074975707665,0.4397655718863276,Medium,RegolithCovered,crater_ejecta_single,CraterFloor,CraterFloor,274,0.4332866618462097,0.4332866618462097,25.074721721388716,2.703288958001177,0.002,1.0,-1,,unreal_rockfield.json,unreal_rockfield.json,nan,nan,nan
411,-175.9760886208921,195.74895336916015,0.2752475676288932,Small,MixedBreccia,crater_ejecta_single,Rim,Rim,274,1.1928784626498012,1.1928784626498012,69.03304009159268,9.731840248804238,0.002,1.0,-1,,unreal_rockfield.json,unreal_rockfield.json,nan,nan,nan
412,-64.68898264792229,233.39532538506316,0.2846726238305935,Small,MixedBreccia,crater_ejecta_single,Rim,Rim,274,0.9119261796256423,0.9119261796256423,52.77405744993429,9.731840248804238,0.002,1.0,-1,,unreal_rockfield.json,unreal_rockfield.json,nan,nan,nan
413,-93.49738193847791,129.00696606758476,0.44043456793294233,Medium,MixedBreccia,crater_ejecta_single,ProximalEjecta,ProximalEjecta,274,1.8333211086279788,1.8333211086279788,106.09608066151588,2.851406094804967,0.002,1.0,-1,,unreal_rockfield.json,unreal_rockfield.json,nan,nan,nan
414,-168.46819745353648,229.9402400902612,0.26203136744021976,Small,MixedBreccia,crater_ejecta_single,Rim,Rim,274,0.8825280245836291,0.8825280245836291,51.072757544555806,9.731840248804238,0.002,1.0,-1,,unreal_rockfield.json,unreal_rockfield.json,nan,nan,nan
415,-68.9291789192161,144.712495318082,0.4143275638916756,Medium,MixedBreccia,crater_ejecta_single,ProximalEjecta,ProximalEjecta,274,1.7311930396717188,1.7311930396717188,100.18582970177148,3.000792059611925,0.002,1.0,-1,,unreal_rockfield.json,unreal_rockfield.json,nan,nan,nan
416,-65.81119696725176,237.39962774993995,0.27106757313067037,Small,MixedBreccia,crater_ejecta_single,Rim,Rim,274,0.896593853751015,0.896593853751015,51.88676079739071,9.731840248804238,0.002,1.0,-1,,unreal_rockfield.json,unreal_rockfield.json,nan,nan,nan
417,-181.6340650461481,247.690223509652,0.2701503716285638,Small,MixedBreccia,crater_ejecta_single,Rim,Rim,274,1.1402237710328058,1.1402237710328058,65.98586173166817,9.731840248804238,0.002,1.0,-1,,unreal_rockfield.json,unreal_rockfield.json,nan,nan,nan
418,-71.62176712698314,195.60872088378224,0.29881383196734734,Small,MixedBreccia,crater_ejecta_single,Rim,Rim,274,1.0151637328449263,1.0151637328449263,58.74851534610055,9.731840248804238,0.002,1.0,-1,,unreal_rockfield.json,unreal_rockfield.json,nan,nan,nan
419,-113.19139338441751,211.6815514571884,0.26264574886232045,Small,RegolithCovered,crater_ejecta_single,CraterFloor,CraterFloor,274,0.364882956411558,0.364882956411558,21.116132571246514,2.703288958001177,0.002,1.0,-1,,unreal_rockfield.json,unreal_rockfield.json,nan,nan,nan
420,-6.531818408792702,160.65154194446467,0.2620432988098712,Small,MixedBreccia,crater_ejecta_single,DistalEjecta,DistalEjecta,274,2.2823794284026695,2.2823794284026695,132.08352360990136,1.6219733748007061,0.002,1.0,-1,,unreal_rockfield.json,unreal_rockfield.json,nan,nan,nan
421,-64.44630011102187,243.41533029314226,0.26582646484431577,Small,MixedBreccia,crater_ejecta_single,Rim,Rim,274,0.9356434677791475,0.9356434677791475,54.14660004771732,9.731840248804238,0.002,1.0,-1,,unreal_rockfield.json,unreal_rockfield.json,nan,nan,nan
422,-80.50984387639673,175.81133167652195,0.3239194420299673,Medium,MixedBreccia,crater_ejecta_single,Rim,Rim,274,1.1672394062872629,1.1672394062872629,67.54928289318198,9.731840248804238,0.002,1.0,-1,,unreal_rockfield.json,unreal_rockfield.json,nan,nan,nan
423,-59.36953600040618,218.67469767114864,0.26180766379659537,Small,MixedBreccia,crater_ejecta_single,Rim,Rim,274,1.031166235816153,1.031166235816153,59.6745958008726,9.731840248804238,0.002,1.0,-1,,unreal_rockfield.json,unreal_rockfield.json,nan,nan,nan
424,-87.30049503616476,169.75865886314372,0.2745228803850669,Small,MixedBreccia,crater_ejecta_single,ProximalEjecta,ProximalEjecta,274,1.2007295976559704,1.2007295976559704,69.48739293189917,3.91223176363046,0.002,1.0,-1,,unreal_rockfield.json,unreal_rockfield.json,nan,nan,nan
425,21.21250989739957,223.33660597215933,0.26199045812643534,Small,MixedBreccia,crater_ejecta_single,DistalEjecta,DistalEjecta,274,2.4011854389287692,2.4011854389287692,138.95894331489959,1.6219733748007061,0.002,1.0,-1,,unreal_rockfield.json,unreal_rockfield.json,nan,nan,nan
426,-166.37670496499442,215.61040776459788,0.30223344753570663,Medium,MixedBreccia,crater_ejecta_single,Rim,Rim,274,0.8935838748051571,0.8935838748051571,51.71257038005121,9.731840248804238,0.002,1.0,-1,,unreal_rockfield.json,unreal_rockfield.json,nan,nan,nan
427,-166.534467802147,202.96294594375223,0.2957360012794038,Small,MixedBreccia,crater_ejecta_single,Rim,Rim,274,0.9886367723358482,0.9886367723358482,57.21337426872415,9.731840248804238,0.002,1.0,-1,,unreal_rockfield.json,unreal_rockfield.json,nan,nan,nan
428,-140.2080292449278,188.71680581960265,0.30210541655876766,Medium,MixedBreccia,crater_ejecta_single,Rim,Rim,274,0.8505464757651675,0.8505464757651675,49.22195412165565,9.731840248804238,0.002,1.0,-1,,unreal_rockfield.json,unreal_rockfield.json,nan,nan,nan
429,-173.94395379896028,191.86702091160467,0.27262910769144566,Small,MixedBreccia,crater_ejecta_single,ProximalEjecta,ProximalEjecta,274,1.2010622775825033,1.2010622775825033,69.50664544372255,3.911581057263345,0.002,1.0,-1,,unreal_rockfield.json,unreal_rockfield.json,nan,nan,nan
430,-107.94404580503665,146.88303959116226,0.27740578554572093,Small,MixedBreccia,crater_ejecta_single,ProximalEjecta,ProximalEjecta,274,1.4861926020614222,1.4861926020614222,86.00741541936472,3.391853382500531,0.002,1.0,-1,,unreal_rockfield.json,unreal_rockfield.json,nan,nan,nan
431,-189.8485926055372,173.28318671887536,0.26985630254729776,Small,MixedBreccia,crater_ejecta_single,ProximalEjecta,ProximalEjecta,274,1.6146765253772908,1.6146765253772908,93.44290537672961,3.180805704320578,0.002,1.0,-1,,unreal_rockfield.json,unreal_rockfield.json,nan,nan,nan
432,-92.53968799081917,224.73249718885333,0.3649217841822869,Medium,RegolithCovered,crater_ejecta_single,CraterFloor,CraterFloor,274,0.4502372648248575,0.4502372648248575,26.055669648306896,2.703288958001177,0.002,1.0,-1,,unreal_rockfield.json,unreal_rockfield.json,nan,nan,nan
433,-169.1043315928431,212.47819982649648,0.2710271680507994,Small,MixedBreccia,crater_ejecta_single,Rim,Rim,274,0.9563843040632857,0.9563843040632857,55.346892472777554,9.731840248804238,0.002,1.0,-1,,unreal_rockfield.json,unreal_rockfield.json,nan,nan,nan
434,-147.212369834646,196.95899495911624,0.2703189836584292,Small,RegolithCovered,crater_ejecta_single,CraterFloor,CraterFloor,274,0.7991949918952548,0.7991949918952548,46.250193665121074,2.703288958001177,0.002,1.0,-1,,unreal_rockfield.json,unreal_rockfield.json,nan,nan,nan
435,-171.4130296493397,140.27959603646795,0.28021154043766733,Small,MixedBreccia,crater_ejecta_single,ProximalEjecta,ProximalEjecta,274,1.8442578143864483,1.8442578143864483,106.72899849072816,2.835856155104323,0.002,1.0,-1,,unreal_rockfield.json,unreal_rockfield.json,nan,nan,nan
436,-92.998904615138,193.4965266472007,0.29138090731778155,Small,RegolithCovered,crater_ejecta_single,CraterFloor,CraterFloor,274,0.7934839162840263,0.7934839162840263,45.91968814927811,2.703288958001177,0.002,1.0,-1,,unreal_rockfield.json,unreal_rockfield.json,nan,nan,nan
437,-52.11697414340392,218.28212354959928,0.3147877141147617,Medium,MixedBreccia,crater_ejecta_single,Rim,Rim,274,1.154915920167129,1.154915920167129,66.83611073186253,9.731840248804238,0.002,1.0,-1,,unreal_rockfield.json,unreal_rockfield.json,nan,nan,nan
438,-192.31691358774674,180.62838647020493,0.2777875708797769,Small,MixedBreccia,crater_ejecta_single,ProximalEjecta,ProximalEjecta,274,1.5724734027674394,1.5724734027674394,91.00056950904654,3.2486388464732974,0.002,1.0,-1,,unreal_rockfield.json,unreal_rockfield.json,nan,nan,nan
439,-185.44052356102287,218.01732571912996,0.3084377433400455,Medium,MixedBreccia,crater_ejecta_single,ProximalEjecta,ProximalEjecta,274,1.2006819467327399,1.2006819467327399,69.48463532649613,3.912324975468578,0.002,1.0,-1,,unreal_rockfield.json,unreal_rockfield.json,nan,nan,nan
440,-91.30307438666753,167.4365587702123,0.2859330577387968,Small,MixedBreccia,crater_ejecta_single,ProximalEjecta,ProximalEjecta,274,1.2094989029365182,1.2094989029365182,69.99488118150904,3.895115538072353,0.002,1.0,-1,,unreal_rockfield.json,unreal_rockfield.json,nan,nan,nan
441,-46.423460518300075,217.0835729797723,0.29792878984113624,Small,MixedBreccia,crater_ejecta_single,ProximalEjecta,ProximalEjecta,274,1.2554540414674336,1.2554540414674336,72.65434987002263,3.806635669997061,0.002,1.0,-1,,unreal_rockfield.json,unreal_rockfield.json,nan,nan,nan
442,-104.52460408249524,238.95824094058932,0.28603989556402526,Small,RegolithCovered,crater_ejecta_single,CraterFloor,CraterFloor,274,0.2507876971167155,0.2507876971167155,14.513328634569355,2.703288958001177,0.002,1.0,-1,,unreal_rockfield.json,unreal_rockfield.json,nan,nan,nan
443,-122.28644673815968,174.45054883326364,0.2862982956458925,Small,MixedBreccia,crater_ejecta_single,Rim,Rim,274,1.0041994045296871,1.0041994045296871,58.113998972586735,9.731840248804238,0.002,1.0,-1,,unreal_rockfield.json,unreal_rockfield.json,nan,nan,nan
444,-169.5236250572462,230.73015239123666,0.28314776166185834,Small,MixedBreccia,crater_ejecta_single,Rim,Rim,274,0.900214313266839,0.900214313266839,52.09628032073818,9.731840248804238,0.002,1.0,-1,,unreal_rockfield.json,unreal_rockfield.json,nan,nan,nan
445,-157.72115518540096,198.47241454235393,0.2806614819537336,Small,MixedBreccia,crater_ejecta_single,Rim,Rim,274,0.9094691515610682,0.9094691515610682,52.631866839407934,9.731840248804238,0.002,1.0,-1,,unreal_rockfield.json,unreal_rockfield.json,nan,nan,nan
446,-119.86704946176721,198.87115645125613,0.286414410266893,Small,RegolithCovered,crater_ejecta_single,CraterFloor,CraterFloor,274,0.5802377798642696,0.5802377798642696,33.57892624790069,2.703288958001177,0.002,1.0,-1,,unreal_rockfield.json,unreal_rockfield.json,nan,nan,nan
447,-86.61506441278618,195.98155275357377,0.29322223512433704,Small,RegolithCovered,crater_ejecta_single,CraterFloor,CraterFloor,274,0.8241221340573043,0.8241221340573043,47.69275169439348,2.703288958001177,0.002,1.0,-1,,unreal_rockfield.json,unreal_rockfield.json,nan,nan,nan
448,-75.81218982476847,205.07825646473262,0.2634792913948392,Small,MixedBreccia,crater_ejecta_single,Rim,Rim,274,0.8602539438510933,0.8602539438510933,49.78373476783732,9.731840248804238,0.002,1.0,-1,,unreal_rockfield.json,unreal_rockfield.json,nan,nan,nan
449,-77.11896632845966,185.2199149517521,0.30537086610409986,Medium,MixedBreccia,crater_ejecta_single,Rim,Rim,274,1.0720896841143939,1.0720896841143939,62.04287566802958,9.731840248804238,0.002,1.0,-1,,unreal_rockfield.json,unreal_rockfield.json,nan,nan,nan
450,-110.34228277034677,133.31620112102522,0.3012589572273563,Medium,MixedBreccia,crater_ejecta_single,ProximalEjecta,ProximalEjecta,274,1.7159189321072414,1.7159189321072414,99.3019021996187,3.0237970031432817,0.002,1.0,-1,,unreal_rockfield.json,unreal_rockfield.json,nan,nan,nan
451,-128.58393568391958,152.2814235092535,0.38265785293100885,Medium,MixedBreccia,crater_ejecta_single,ProximalEjecta,ProximalEjecta,274,1.3971018151629817,1.3971018151629817,80.85164468804496,3.54636056956123,0.002,1.0,-1,,unreal_rockfield.json,unreal_rockfield.json,nan,nan,nan
452,-131.35090004138942,180.4139777366302,0.26737577514771715,Small,MixedBreccia,crater_ejecta_single,Rim,Rim,274,0.9292420930448979,0.9292420930448979,53.7761462483511,9.731840248804238,0.002,1.0,-1,,unreal_rockfield.json,unreal_rockfield.json,nan,nan,nan
453,-98.42934566787821,182.4719355996038,0.3338046048777018,Medium,MixedBreccia,crater_ejecta_single,Rim,Rim,274,0.9226573682362939,0.9226573682362939,53.395081801353925,9.731840248804238,0.002,1.0,-1,,unreal_rockfield.json,unreal_rockfield.json,nan,nan,nan
454,-66.1740020431724,197.81316484911517,0.28571118285260677,Small,MixedBreccia,crater_ejecta_single,Rim,Rim,274,1.068451128607757,1.068451128607757,61.832308912044056,9.731840248804238,0.002,1.0,-1,,unreal_rockfield.json,unreal_rockfield.json,nan,nan,nan
455,-87.7428214065208,181.2476336235508,0.2750567848978996,Small,MixedBreccia,crater_ejecta_single,Rim,Rim,274,1.0216292958019715,1.0216292958019715,59.12268378052507,9.731840248804238,0.002,1.0,-1,,unreal_rockfield.json,unreal_rockfield.json,nan,nan,nan
456,-165.24585040906837,169.28106143078514,0.3268141877375943,Medium,MixedBreccia,crater_ejecta_single,ProximalEjecta,ProximalEjecta,274,1.3675660835239833,1.3675660835239833,79.1423830908154,3.599121369930784,0.002,1.0,-1,,unreal_rockfield.json,unreal_rockfield.json,nan,nan,nan
457,-68.88714662589452,240.2255133456853,0.31420374016822583,Medium,MixedBreccia,crater_ejecta_single,Rim,Rim,274,0.8501342709857596,0.8501342709857596,49.19809942903291,9.731840248804238,0.002,1.0,-1,,unreal_rockfield.json,unreal_rockfield.json,nan,nan,nan
458,-170.6746742402766,218.4515601009492,0.36684805173671525,Medium,MixedBreccia,crater_ejecta_clump,Rim,Rim,274,0.9505606212587079,0.9505606212587079,55.009870268825544,9.731840248804238,0.003,1.0,46,,unreal_rockfield.json,unreal_rockfield.json,nan,nan,nan
459,-171.60846692249856,221.99544124907072,0.30873254321088006,Medium,MixedBreccia,crater_ejecta_clump,Rim,Rim,274,0.9527921719112353,0.9527921719112353,55.13901228160038,9.731840248804238,0.003,1.0,46,,unreal_rockfield.json,unreal_rockfield.json,nan,nan,nan
460,-172.5420406180734,217.78810564608224,0.28536767384531947,Small,MixedBreccia,crater_ejecta_clump,Rim,Rim,274,0.984683111776245,0.984683111776245,56.98457207599001,9.731840248804238,0.003,1.0,46,,unreal_rockfield.json,unreal_rockfield.json,nan,nan,nan
461,-173.6919518662599,219.75604519066587,0.3026007082356791,Medium,MixedBreccia,crater_ejecta_clump,Rim,Rim,274,0.9959182927284813,0.9959182927284813,57.634762955779344,9.731840248804238,0.003,1.0,46,,unreal_rockfield.json,unreal_rockfield.json,nan,nan,nan
462,-173.56578129121223,220.60916977354526,0.3053519017356677,Medium,MixedBreccia,crater_ejecta_clump,Rim,Rim,274,0.9906638581532615,0.9906638581532615,57.33068370206892,9.731840248804238,0.003,1.0,46,,unreal_rockfield.json,unreal_rockfield.json,nan,nan,nan
463,-168.52688622218366,216.0757362421267,0.2614670161263432,Small,MixedBreccia,crater_ejecta_clump,Rim,Rim,274,0.9263383106599891,0.9263383106599891,53.60810152957112,9.731840248804238,0.003,1.0,46,,unreal_rockfield.json,unreal_rockfield.json,nan,nan,nan
464,-171.69948521025114,218.9509209895458,0.2603908509239833,Small,MixedBreccia,crater_ejecta_clump,Rim,Rim,274,0.9655965529929051,0.9655965529929051,55.88001430337839,9.731840248804238,0.003,1.0,46,,unreal_rockfield.json,unreal_rockfield.json,nan,nan,nan
465,-60.059928948982574,206.35339325004972,0.2733740636743774,Small,MixedBreccia,crater_ejecta_clump,Rim,Rim,274,1.0888299257270053,1.0888299257270053,63.01164977752208,9.731840248804238,0.003,1.0,47,,unreal_rockfield.json,unreal_rockfield.json,nan,nan,nan
466,-60.68842519393729,200.12987188641713,0.2760361857586505,Small,MixedBreccia,crater_ejecta_clump,Rim,Rim,274,1.1279894572477311,1.1279894572477311,65.27785006035162,9.731840248804238,0.003,1.0,47,,unreal_rockfield.json,unreal_rockfield.json,nan,nan,nan
467,-60.02424939235449,202.5608576842631,0.27227153827951595,Small,MixedBreccia,crater_ejecta_clump,Rim,Rim,274,1.1180235805231575,1.1180235805231575,64.70111505421603,9.731840248804238,0.003,1.0,47,,unreal_rockfield.json,unreal_rockfield.json,nan,nan,nan
468,-58.61117829248986,202.00323586559017,0.28244248840050784,Small,MixedBreccia,crater_ejecta_clump,Rim,Rim,274,1.1441381304805298,1.1441381304805298,66.21238953072607,9.731840248804238,0.003,1.0,47,,unreal_rockfield.json,unreal_rockfield.json,nan,nan,nan
469,-59.37655904074245,199.3338549242589,0.34712040667320565,Medium,MixedBreccia,crater_ejecta_clump,Rim,Rim,274,1.1544941760096072,1.1544941760096072,66.81170398612423,9.731840248804238,0.003,1.0,47,,unreal_rockfield.json,unreal_rockfield.json,nan,nan,nan
470,-59.301505004446994,203.6493972093128,0.2829223759434105,Small,MixedBreccia,crater_ejecta_clump,Rim,Rim,274,1.1206695015073793,1.1206695015073793,64.85423708223658,9.731840248804238,0.003,1.0,47,,unreal_rockfield.json,unreal_rockfield.json,nan,nan,nan
471,-161.93244741341815,192.53128197406423,0.26261667259901356,Small,MixedBreccia,crater_ejecta_clump,Rim,Rim,274,1.0317379219859433,1.0317379219859433,59.70767983710483,9.731840248804238,0.003,1.0,48,,unreal_rockfield.json,unreal_rockfield.json,nan,nan,nan
472,-164.91389520143912,191.12529014732527,0.27660122091347217,Small,MixedBreccia,crater_ejecta_clump,Rim,Rim,274,1.0864467313300343,1.0864467313300343,62.87373199335261,9.731840248804238,0.003,1.0,48,,unreal_rockfield.json,unreal_rockfield.json,nan,nan,nan
473,-163.71084401401077,191.88650789950808,0.2675108586058669,Small,MixedBreccia,crater_ejecta_clump,Rim,Rim,274,1.0621334450216928,1.0621334450216928,61.46669840105038,9.731840248804238,0.003,1.0,48,,unreal_rockfield.json,unreal_rockfield.json,nan,nan,nan
474,-163.11667479252242,192.58160363570204,0.28227939503674787,Small,MixedBreccia,crater_ejecta_clump,Rim,Rim,274,1.0464997046397737,1.0464997046397737,60.56195859698921,9.731840248804238,0.003,1.0,48,,unreal_rockfield.json,unreal_rockfield.json,nan,nan,nan
475,-168.27182581351195,189.45442389154886,0.3253925756265871,Medium,MixedBreccia,crater_ejecta_clump,Rim,Rim,274,1.1492990693679581,1.1492990693679581,66.51105809779423,9.731840248804238,0.003,1.0,48,,unreal_rockfield.json,unreal_rockfield.json,nan,nan,nan
476,-158.17145402393425,200.17507023570934,0.2658847850042629,Small,MixedBreccia,crater_ejecta_clump,Rim,Rim,274,0.8968995350404224,0.8968995350404224,51.90445087175087,9.731840248804238,0.003,1.0,49,,unreal_rockfield.json,unreal_rockfield.json,nan,nan,nan
477,-160.66728764718889,200.27332694784326,0.2916227504318277,Small,MixedBreccia,crater_ejecta_clump,Rim,Rim,274,0.9301036256692268,0.9301036256692268,53.826003981605325,9.731840248804238,0.003,1.0,49,,unreal_rockfield.json,unreal_rockfield.json,nan,nan,nan
478,-158.43614987536498,199.08833198008622,0.3694159008674771,Medium,MixedBreccia,crater_ejecta_clump,Rim,Rim,274,0.9122106900248612,0.9122106900248612,52.7905223442305,9.731840248804238,0.003,1.0,49,,unreal_rockfield.json,unreal_rockfield.json,nan,nan,nan
479,-159.6871196903869,200.07723031195127,0.27726992629093944,Small,MixedBreccia,crater_ejecta_clump,Rim,Rim,274,0.9186152024878341,0.9186152024878341,53.161157727018285,9.731840248804238,0.003,1.0,49,,unreal_rockfield.json,unreal_rockfield.json,nan,nan,nan
480,-162.00091569933764,198.39413706649103,0.26160996504235284,Small,MixedBreccia,crater_ejecta_clump,Rim,Rim,274,0.9680429075929141,0.9680429075929141,56.02158723010013,9.731840248804238,0.003,1.0,49,,unreal_rockfield.json,unreal_rockfield.json,nan,nan,nan
481,-163.05110295408605,197.66771578191788,0.3030723521447958,Medium,MixedBreccia,crater_ejecta_clump,Rim,Rim,274,0.9900850843985688,0.9900850843985688,57.297189500385606,9.731840248804238,0.003,1.0,49,,unreal_rockfield.json,unreal_rockfield.json,nan,nan,nan
482,-158.62865747475522,197.990186377192,0.3309600084715916,Medium,MixedBreccia,crater_ejecta_clump,Rim,Rim,274,0.9268400711773496,0.9268400711773496,53.63713890009618,9.731840248804238,0.003,1.0,49,,unreal_rockfield.json,unreal_rockfield.json,nan,nan,nan
483,-162.42794182520555,198.6260092228816,0.2605351987738974,Small,MixedBreccia,crater_ejecta_clump,Rim,Rim,274,0.9715112913572755,0.9715112913572755,56.22230598138543,9.731840248804238,0.003,1.0,49,,unreal_rockfield.json,unreal_rockfield.json,nan,nan,nan
484,-159.32081385222332,198.5679104025466,0.27639250818407674,Small,MixedBreccia,crater_ejecta_clump,Rim,Rim,274,0.9297505290144085,0.9297505290144085,53.80556993380289,9.731840248804238,0.003,1.0,49,,unreal_rockfield.json,unreal_rockfield.json,nan,nan,nan
485,-160.47596181250194,198.84891566402018,0.27240278712249183,Small,MixedBreccia,crater_ejecta_clump,Rim,Rim,274,0.9423740111082766,0.9423740111082766,54.536103154719406,9.731840248804238,0.003,1.0,49,,unreal_rockfield.json,unreal_rockfield.json,nan,nan,nan
486,-159.57289102271017,200.80290271140353,0.26892852200893624,Small,MixedBreccia,crater_ejecta_clump,Rim,Rim,274,0.9094737749263541,0.9094737749263541,52.63213439806637,9.731840248804238,0.003,1.0,49,,unreal_rockfield.json,unreal_rockfield.json,nan,nan,nan
487,-65.31053819235633,164.17154465249448,0.3100483749463348,Medium,MixedBreccia,crater_ejecta_clump,ProximalEjecta,ProximalEjecta,274,1.4833425469001686,1.4833425469001686,85.8424799474198,3.396690312680962,0.003,1.0,50,,unreal_rockfield.json,unreal_rockfield.json,nan,nan,nan
488,-65.49764171658097,165.41711573353913,0.26992561618769956,Small,MixedBreccia,crater_ejecta_clump,ProximalEjecta,ProximalEjecta,274,1.464318714997761,1.464318714997761,84.74155224058755,3.4291534942118935,0.003,1.0,50,,unreal_rockfield.json,unreal_rockfield.json,nan,nan,nan
489,-68.19813776715392,167.12252422989133,0.30710221657142084,Medium,MixedBreccia,crater_ejecta_clump,ProximalEjecta,ProximalEjecta,274,1.4125531811530947,1.4125531811530947,81.74583030817587,3.519068074346311,0.003,1.0,50,,unreal_rockfield.json,unreal_rockfield.json,nan,nan,nan
490,-64.45292114273988,165.07789212192364,0.2937513825115167,Small,MixedBreccia,crater_ejecta_clump,ProximalEjecta,ProximalEjecta,274,1.4800560321337408,1.4800560321337408,85.65228613242843,3.4022765376614497,0.003,1.0,50,,unreal_rockfield.json,unreal_rockfield.json,nan,nan,nan
491,-55.758221392163065,202.59927619017722,0.28074599206604023,Small,MixedBreccia,crater_ejecta_clump,Rim,Rim,274,1.1836524518784974,1.1836524518784974,68.49912184979115,9.731840248804238,0.003,1.0,51,,unreal_rockfield.json,unreal_rockfield.json,nan,nan,nan
492,-57.653293743389256,205.46510219630653,0.3020374620202567,Medium,MixedBreccia,crater_ejecta_clump,Rim,Rim,274,1.1330483908409636,1.1330483908409636,65.5706154815552,9.731840248804238,0.003,1.0,51,,unreal_rockfield.json,unreal_rockfield.json,nan,nan,nan
493,-54.303753069082816,205.04130827858907,0.2614023286804234,Small,MixedBreccia,crater_ejecta_clump,Rim,Rim,274,1.188960302694298,1.188960302694298,68.80629235344281,9.731840248804238,0.003,1.0,51,,unreal_rockfield.json,unreal_rockfield.json,nan,nan,nan
494,-55.94521871461547,204.34413324061723,0.26006189753941406,Small,MixedBreccia,crater_ejecta_clump,Rim,Rim,274,1.167925099266689,1.167925099266689,67.58896461468285,9.731840248804238,0.003,1.0,51,,unreal_rockfield.json,unreal_rockfield.json,nan,nan,nan
495,-56.408225849274444,204.6274522269631,0.2668181498037904,Small,MixedBreccia,crater_ejecta_clump,Rim,Rim,274,1.1586153140830895,1.1586153140830895,67.05019826593353,9.731840248804238,0.003,1.0,51,,unreal_rockfield.json,unreal_rockfield.json,nan,nan,nan
496,-54.30659675454433,206.94903943333185,0.2748677471338924,Small,MixedBreccia,crater_ejecta_clump,Rim,Rim,274,1.176213904154061,1.176213904154061,68.06864583789002,9.731840248804238,0.003,1.0,51,,unreal_rockfield.json,unreal_rockfield.json,nan,nan,nan
497,-56.08043629065275,205.2294555220698,0.316163729840311,Medium,MixedBreccia,crater_ejecta_clump,Rim,Rim,274,1.1595292589116812,1.1595292589116812,67.10308914456799,9.731840248804238,0.003,1.0,51,,unreal_rockfield.json,unreal_rockfield.json,nan,nan,nan
498,-55.37364826392118,205.826335798766,0.2866587724705832,Small,MixedBreccia,crater_ejecta_clump,Rim,Rim,274,1.1666174029158385,1.1666174029158385,67.513286951415,9.731840248804238,0.003,1.0,51,,unreal_rockfield.json,unreal_rockfield.json,nan,nan,nan
499,-53.46862920792791,202.68985454730418,0.27634262107782737,Small,MixedBreccia,crater_ejecta_clump,ProximalEjecta,ProximalEjecta,274,1.2187479645243107,1.2187479645243107,70.53013339654308,3.877144043215058,0.003,1.0,51,,unreal_rockfield.json,unreal_rockfield.json,nan,nan,nan
500,-57.18794266622216,204.53394380955888,0.29306104359048823,Small,MixedBreccia,crater_ejecta_clump,Rim,Rim,274,1.1470387368467334,1.1470387368467334,66.38025045020588,9.731840248804238,0.003,1.0,51,,unreal_rockfield.json,unreal_rockfield.json,nan,nan,nan
501,-56.54448176844793,206.0313946128292,0.3095235803911602,Medium,MixedBreccia,crater_ejecta_clump,Rim,Rim,274,1.1466308654483917,1.1466308654483917,66.35664653457194,9.731840248804238,0.003,1.0,51,,unreal_rockfield.json,unreal_rockfield.json,nan,nan,nan
502,-103.38160466507216,149.78605368228773,0.261246653348178,Small,MixedBreccia,crater_ejecta_clump,ProximalEjecta,ProximalEjecta,274,1.4474864675691756,1.4474864675691756,83.767453664788,3.45813546109526,0.003,1.0,52,,unreal_rockfield.json,unreal_rockfield.json,nan,nan,nan
503,-103.12741622666952,149.22053958267426,0.30688347046948183,Medium,MixedBreccia,crater_ejecta_clump,ProximalEjecta,ProximalEjecta,274,1.4578598983601787,1.4578598983601787,84.36777422225028,3.4402455317516893,0.003,1.0,52,,unreal_rockfield.json,unreal_rockfield.json,nan,nan,nan
504,-102.3910896527183,147.1160356151779,0.2966869488107789,Small,MixedBreccia,crater_ejecta_clump,ProximalEjecta,ProximalEjecta,274,1.4958712616551875,1.4958712616551875,86.56752889000705,3.375478738467953,0.003,1.0,52,,unreal_rockfield.json,unreal_rockfield.json,nan,nan,nan
505,-100.27628607889807,148.48564960879224,0.29758376287370447,Small,MixedBreccia,crater_ejecta_clump,ProximalEjecta,ProximalEjecta,274,1.4794673795565445,1.4794673795565445,85.61822023365166,3.4032780644681684,0.003,1.0,52,,unreal_rockfield.json,unreal_rockfield.json,nan,nan,nan
506,-101.28521889242698,146.36632338671734,0.2749919224869194,Small,MixedBreccia,crater_ejecta_clump,ProximalEjecta,ProximalEjecta,274,1.5120440974935052,1.5120440974935052,87.50346667392957,3.348293271373921,0.003,1.0,52,,unreal_rockfield.json,unreal_rockfield.json,nan,nan,nan
507,-100.82619012925556,146.91880300786138,0.28471906110151984,Small,MixedBreccia,crater_ejecta_clump,ProximalEjecta,ProximalEjecta,274,1.5041576548638218,1.5041576548638218,87.04707054701348,3.3615223983159805,0.003,1.0,52,,unreal_rockfield.json,unreal_rockfield.json,nan,nan,nan
508,-102.18666302315437,150.07233771660393,0.27879304098554974,Small,MixedBreccia,crater_ejecta_clump,ProximalEjecta,ProximalEjecta,274,1.4462335464779752,1.4462335464779752,83.6949458992204,3.4603025252421986,0.003,1.0,52,,unreal_rockfield.json,unreal_rockfield.json,nan,nan,nan
509,-134.2745059569033,177.10528006382955,0.2960141494526361,Small,MixedBreccia,crater_ejecta_clump,Rim,Rim,274,0.9981098923100624,0.9981098923100624,57.761592961112775,9.731840248804238,0.003,1.0,53,,unreal_rockfield.json,unreal_rockfield.json,nan,nan,nan
510,-131.61392278132786,173.38232215061063,0.3015807679144449,Medium,MixedBreccia,crater_ejecta_clump,Rim,Rim,274,1.0481426478450864,1.0481426478450864,60.657037322703324,9.731840248804238,0.003,1.0,53,,unreal_rockfield.json,unreal_rockfield.json,nan,nan,nan
511,-133.84517192671962,175.7913460465109,0.28644447357652814,Small,MixedBreccia,crater_ejecta_clump,Rim,Rim,274,1.0177621049901042,1.0177621049901042,58.898885676429494,9.731840248804238,0.003,1.0,53,,unreal_rockfield.json,unreal_rockfield.json,nan,nan,nan
512,-129.37136151277022,177.20364989408662,0.29414194974222524,Small,MixedBreccia,crater_ejecta_clump,Rim,Rim,274,0.9751428807366114,0.9751428807366114,56.43246960078971,9.731840248804238,0.003,1.0,53,,unreal_rockfield.json,unreal_rockfield.json,nan,nan,nan
513,-130.40044777892405,173.54580307651733,0.35500441602801114,Medium,MixedBreccia,crater_ejecta_clump,Rim,Rim,274,1.0406874963604087,1.0406874963604087,60.22560043500276,9.731840248804238,0.003,1.0,53,,unreal_rockfield.json,unreal_rockfield.json,nan,nan,nan
514,-132.0836523372815,175.05522699508185,0.2623289900204111,Small,MixedBreccia,crater_ejecta_clump,Rim,Rim,274,1.022033804560704,1.022033804560704,59.14609309692513,9.731840248804238,0.003,1.0,53,,unreal_rockfield.json,unreal_rockfield.json,nan,nan,nan
515,-129.77228710478306,176.6780455596389,0.2954535008425444,Small,MixedBreccia,crater_ejecta_clump,Rim,Rim,274,0.9854954748556226,0.9854954748556226,57.03158431972105,9.731840248804238,0.003,1.0,53,,unreal_rockfield.json,unreal_rockfield.json,nan,nan,nan
516,-132.2067912426358,176.30788152470024,0.2985077734873622,Small,MixedBreccia,crater_ejecta_clump,Rim,Rim,274,1.001614663024283,1.001614663024283,57.964417460675946,9.731840248804238,0.003,1.0,53,,unreal_rockfield.json,unreal_rockfield.json,nan,nan,nan
517,-129.56700046441765,177.62477601566866,0.2724262585204087,Small,MixedBreccia,crater_ejecta_clump,Rim,Rim,274,0.9687561153087105,0.9687561153087105,56.062861256230875,9.731840248804238,0.003,1.0,53,,unreal_rockfield.json,unreal_rockfield.json,nan,nan,nan
518,-129.75929328643173,176.06204991965424,0.294123485046705,Small,MixedBreccia,crater_ejecta_clump,Rim,Rim,274,0.995843154800929,0.995843154800929,57.630414650627124,9.731840248804238,0.003,1.0,53,,unreal_rockfield.json,unreal_rockfield.json,nan,nan,nan
519,-95.02804897558075,181.1126076850221,0.2610754979496748,Small,MixedBreccia,crater_ejecta_clump,Rim,Rim,274,0.9666662583782077,0.9666662583782077,55.94191919734868,9.731840248804238,0.003,1.0,54,,unreal_rockfield.json,unreal_rockfield.json,nan,nan,nan
520,-94.87835642467032,181.00258967477453,0.32082802820659284,Medium,MixedBreccia,crater_ejecta_clump,Rim,Rim,274,0.9694461451769133,0.9694461451769133,56.10279395771517,9.731840248804238,0.003,1.0,54,,unreal_rockfield.json,unreal_rockfield.json,nan,nan,nan
521,-92.83059938613836,182.5454496457296,0.3688038875524612,Medium,MixedBreccia,crater_ejecta_clump,Rim,Rim,274,0.9602461592063953,0.9602461592063953,55.57038179651807,9.731840248804238,0.003,1.0,54,,unreal_rockfield.json,unreal_rockfield.json,nan,nan,nan
522,-93.04557744896522,182.91213927294208,0.3459649573083791,Medium,MixedBreccia,crater_ejecta_clump,Rim,Rim,274,0.9529199478442691,0.9529199478442691,55.146406799469595,9.731840248804238,0.003,1.0,54,,unreal_rockfield.json,unreal_rockfield.json,nan,nan,nan
523,-95.99422195708027,184.25619020853597,0.2706134320581264,Small,MixedBreccia,crater_ejecta_clump,Rim,Rim,274,0.9102316681497864,0.9102316681497864,52.675994418107415,9.731840248804238,0.003,1.0,54,,unreal_rockfield.json,unreal_rockfield.json,nan,nan,nan
524,-93.97827115924642,184.73740713668465,0.27313377185276555,Small,MixedBreccia,crater_ejecta_clump,Rim,Rim,274,0.9175040079808788,0.9175040079808788,53.09685181711209,9.731840248804238,0.003,1.0,54,,unreal_rockfield.json,unreal_rockfield.json,nan,nan,nan
525,-91.64634018295388,180.7824391281338,0.30747770441420536,Medium,MixedBreccia,crater_ejecta_clump,Rim,Rim,274,0.9966359424924286,0.9966359424924286,57.67629404756907,9.731840248804238,0.003,1.0,54,,unreal_rockfield.json,unreal_rockfield.json,nan,nan,nan
526,-58.44731688534201,203.0530421106567,0.3742497849478758,Medium,MixedBreccia,crater_ejecta_clump,Rim,Rim,274,1.1384698691808435,1.1384698691808435,65.88436172085039,9.731840248804238,0.003,1.0,55,,unreal_rockfield.json,unreal_rockfield.json,nan,nan,nan
527,-58.948375669087255,204.1588670752499,0.34122346695221895,Medium,MixedBreccia,crater_ejecta_clump,Rim,Rim,274,1.1222931608351872,1.1222931608351872,64.94819983115121,9.731840248804238,0.003,1.0,55,,unreal_rockfield.json,unreal_rockfield.json,nan,nan,nan
528,-56.47386649241478,202.33453114191502,0.29798569188566454,Small,MixedBreccia,crater_ejecta_clump,Rim,Rim,274,1.1745408043772922,1.1745408043772922,67.97182192197293,9.731840248804238,0.003,1.0,55,,unreal_rockfield.json,unreal_rockfield.json,nan,nan,nan
529,-59.45000629835954,205.10624555965754,0.2859647326368613,Small,MixedBreccia,crater_ejecta_clump,Rim,Rim,274,1.1074304608696244,1.1074304608696244,64.08808088800853,9.731840248804238,0.003,1.0,55,,unreal_rockfield.json,unreal_rockfield.json,nan,nan,nan
530,-58.01100489997412,202.77897872897972,0.2896695725130763,Small,MixedBreccia,crater_ejecta_clump,Rim,Rim,274,1.1473292581634749,1.1473292581634749,66.39706320216179,9.731840248804238,0.003,1.0,55,,unreal_rockfield.json,unreal_rockfield.json,nan,nan,nan
531,-57.0050237157275,203.12790799578184,0.264848537521186,Small,MixedBreccia,crater_ejecta_clump,Rim,Rim,274,1.1602794733945723,1.1602794733945723,67.14650478840456,9.731840248804238,0.003,1.0,55,,unreal_rockfield.json,unreal_rockfield.json,nan,nan,nan
532,-61.03192754576762,235.07719771491782,0.31941518651830625,Medium,MixedBreccia,crater_ejecta_clump,Rim,Rim,274,0.976072307440619,0.976072307440619,56.48625643065453,9.731840248804238,0.003,1.0,56,,unreal_rockfield.json,unreal_rockfield.json,nan,nan,nan
533,-61.24687166649962,238.83419872761488,0.27798413889023926,Small,MixedBreccia,crater_ejecta_clump,Rim,Rim,274,0.9776464196228449,0.9776464196228449,56.5773518379292,9.731840248804238,0.003,1.0,56,,unreal_rockfield.json,unreal_rockfield.json,nan,nan,nan
534,-59.7278927738787,236.94852276349144,0.27001275343051595,Small,MixedBreccia,crater_ejecta_clump,Rim,Rim,274,1.000620470130958,1.000620470130958,57.90688254826649,9.731840248804238,0.003,1.0,56,,unreal_rockfield.json,unreal_rockfield.json,nan,nan,nan
535,-59.58183921241243,234.16116912157094,0.6005988867159366,Medium,MixedBreccia,crater_ejecta_clump,Rim,Rim,274,1.0004847887038,1.0004847887038,57.89903053174179,9.731840248804238,0.003,1.0,56,,unreal_rockfield.json,unreal_rockfield.json,nan,nan,nan
536,-64.46835616580766,236.07486245471898,0.37597104477064025,Medium,MixedBreccia,crater_ejecta_clump,Rim,Rim,274,0.9178078532831923,0.9178078532831923,53.114435641108415,9.731840248804238,0.003,1.0,56,,unreal_rockfield.json,unreal_rockfield.json,nan,nan,nan
537,-59.086165179715394,234.22992172024806,0.4137915241096025,Medium,MixedBreccia,crater_ejecta_clump,Rim,Rim,274,1.0090831291509885,1.0090831291509885,58.3966248796969,9.731840248804238,0.003,1.0,56,,unreal_rockfield.json,unreal_rockfield.json,nan,nan,nan
538,-66.95664951562465,221.26395713121408,0.29971279821350916,Small,MixedBreccia,crater_ejecta_clump,Rim,Rim,274,0.8933965684857795,0.8933965684857795,51.701730780662125,9.731840248804238,0.003,1.0,57,,unreal_rockfield.json,unreal_rockfield.json,nan,nan,nan
539,-64.58108654789675,224.4801457854104,0.2757147545287837,Small,MixedBreccia,crater_ejecta_clump,Rim,Rim,274,0.923715195971338,0.923715195971338,53.456299324119065,9.731840248804238,0.003,1.0,57,,unreal_rockfield.json,unreal_rockfield.json,nan,nan,nan
540,-64.30580911150861,222.0135263978132,0.3021051401585824,Medium,MixedBreccia,crater_ejecta_clump,Rim,Rim,274,0.9356242295915497,0.9356242295915497,54.14548671503732,9.731840248804238,0.003,1.0,57,,unreal_rockfield.json,unreal_rockfield.json,nan,nan,nan
541,-67.37138223565545,224.13765264777157,0.2819776428626058,Small,MixedBreccia,crater_ejecta_clump,Rim,Rim,274,0.8769950989819354,0.8769950989819354,50.75256174352082,9.731840248804238,0.003,1.0,57,,unreal_rockfield.json,unreal_rockfield.json,nan,nan,nan
542,-65.83970434738777,221.4389441854708,0.26732357269835727,Small,MixedBreccia,crater_ejecta_clump,Rim,Rim,274,0.9116256731963753,0.9116256731963753,52.75666684977769,9.731840248804238,0.003,1.0,57,,unreal_rockfield.json,unreal_rockfield.json,nan,nan,nan
543,-175.33754145438198,241.2240260827263,0.27136103118211463,Small,MixedBreccia,crater_ejecta_clump,Rim,Rim,274,1.0118866244886373,1.0118866244886373,58.558865889238305,9.731840248804238,0.003,1.0,58,,unreal_rockfield.json,unreal_rockfield.json,nan,nan,nan
544,-171.42142182669375,241.7444544366834,0.2782981831098678,Small,MixedBreccia,crater_ejecta_clump,Rim,Rim,274,0.9465500314274891,0.9465500314274891,54.777773523617775,9.731840248804238,0.003,1.0,58,,unreal_rockfield.json,unreal_rockfield.json,nan,nan,nan
545,-175.3379777997544,241.32247424654338,0.3053516275100847,Medium,MixedBreccia,crater_ejecta_clump,Rim,Rim,274,1.0121528846319139,1.0121528846319139,58.574274623423,9.731840248804238,0.003,1.0,58,,unreal_rockfield.json,unreal_rockfield.json,nan,nan,nan
546,-175.0953961024169,238.7483534735119,0.28165359812933255,Small,MixedBreccia,crater_ejecta_clump,Rim,Rim,274,1.0021434686171549,1.0021434686171549,57.9950199560989,9.731840248804238,0.003,1.0,58,,unreal_rockfield.json,unreal_rockfield.json,nan,nan,nan
547,-175.02452002331617,240.62807214835826,0.2652596917544518,Small,MixedBreccia,crater_ejecta_clump,Rim,Rim,274,1.005025308809054,1.005025308809054,58.161794858768374,9.731840248804238,0.003,1.0,58,,unreal_rockfield.json,unreal_rockfield.json,nan,nan,nan
548,-175.7569684533771,243.40149049669827,0.3156060077870859,Medium,MixedBreccia,crater_ejecta_clump,Rim,Rim,274,1.0253797450100828,1.0253797450100828,59.33972593414894,9.731840248804238,0.003,1.0,58,,unreal_rockfield.json,unreal_rockfield.json,nan,nan,nan
549,-176.79477130759207,236.97341071936924,0.2767398640715531,Small,MixedBreccia,crater_ejecta_clump,Rim,Rim,274,1.0285058721467852,1.0285058721467852,59.52063796057618,9.731840248804238,0.003,1.0,58,,unreal_rockfield.json,unreal_rockfield.json,nan,nan,nan
550,-176.29897190800034,241.5763818816753,0.34591862099862747,Medium,MixedBreccia,crater_ejecta_clump,Rim,Rim,274,1.0292359465159588,1.0292359465159588,59.562888076388525,9.731840248804238,0.003,1.0,58,,unreal_rockfield.json,unreal_rockfield.json,nan,nan,nan
551,-174.58397268070016,236.07128425227828,0.5100535584114901,Medium,MixedBreccia,crater_ejecta_clump,Rim,Rim,274,0.9892910356789671,0.9892910356789671,57.251237126517466,9.731840248804238,0.003,1.0,58,,unreal_rockfield.json,unreal_rockfield.json,nan,nan,nan
552,-171.5580968696905,242.86795245809603,0.266291508611525,Small,MixedBreccia,crater_ejecta_clump,Rim,Rim,274,0.9523857285258633,0.9523857285258633,55.11549100646978,9.731840248804238,0.003,1.0,58,,unreal_rockfield.json,unreal_rockfield.json,nan,nan,nan
553,-184.14100323722752,211.68686478055864,0.2799982278191166,Small,MixedBreccia,crater_ejecta_clump,ProximalEjecta,ProximalEjecta,274,1.2064738990464194,1.2064738990464194,69.81982125599197,3.9010113655011343,0.003,1.0,59,,unreal_rockfield.json,unreal_rockfield.json,nan,nan,nan
554,-185.7018024987143,212.27662836054486,0.2694918413558757,Small,MixedBreccia,crater_ejecta_clump,ProximalEjecta,ProximalEjecta,274,1.2293442559068217,1.2293442559068217,71.14335111380002,3.8566566896241037,0.003,1.0,59,,unreal_rockfield.json,unreal_rockfield.json,nan,nan,nan
555,-187.1127763023507,209.1167926419504,0.2641092334105552,Small,MixedBreccia,crater_ejecta_clump,ProximalEjecta,ProximalEjecta,274,1.2689656259114375,1.2689656259114375,73.43627844014026,3.781005503865746,0.003,1.0,59,,unreal_rockfield.json,unreal_rockfield.json,nan,nan,nan
556,-184.3301984217447,211.64126693412595,0.26720024699258926,Small,MixedBreccia,crater_ejecta_clump,ProximalEjecta,ProximalEjecta,274,1.2098298685363735,1.2098298685363735,70.01403448357554,3.894471016777136,0.003,1.0,59,,unreal_rockfield.json,unreal_rockfield.json,nan,nan,nan
557,-186.42035738362858,208.65384259177407,0.27920101233531586,Small,MixedBreccia,crater_ejecta_clump,ProximalEjecta,ProximalEjecta,274,1.2601997080943326,1.2601997080943326,72.92898622634374,3.7976138659187426,0.003,1.0,59,,unreal_rockfield.json,unreal_rockfield.json,nan,nan,nan
558,-189.01821135065916,209.51708290158467,0.3168389230652748,Medium,MixedBreccia,crater_ejecta_clump,ProximalEjecta,ProximalEjecta,274,1.2981195440581128,1.2981195440581128,75.12344411817237,3.726289705224807,0.003,1.0,59,,unreal_rockfield.json,unreal_rockfield.json,nan,nan,nan
559,-187.19054704796187,211.18043169400016,0.272338112629037,Small,MixedBreccia,crater_ejecta_clump,ProximalEjecta,ProximalEjecta,274,1.2594181852426436,1.2594181852426436,72.88375873666864,3.7990981169029245,0.003,1.0,59,,unreal_rockfield.json,unreal_rockfield.json,nan,nan,nan
560,-187.8204054548128,211.65397309625104,0.26841708135576275,Small,MixedBreccia,crater_ejecta_clump,ProximalEjecta,ProximalEjecta,274,1.2675016709257778,1.2675016709257778,73.35155793727122,3.783774127956485,0.003,1.0,59,,unreal_rockfield.json,unreal_rockfield.json,nan,nan,nan
561,-187.43173468393687,212.37372087190792,0.2900947328378486,Small,MixedBreccia,crater_ejecta_clump,ProximalEjecta,ProximalEjecta,274,1.2575874278470542,1.2575874278470542,72.77781102058115,3.8025773225423927,0.003,1.0,59,,unreal_rockfield.json,unreal_rockfield.json,nan,nan,nan
562,-185.47893951678049,210.24366020982333,0.37868668612127426,Medium,MixedBreccia,crater_ejecta_clump,ProximalEjecta,ProximalEjecta,274,1.236057913733297,1.236057913733297,71.53187704029448,3.843732257629808,0.003,1.0,59,,unreal_rockfield.json,unreal_rockfield.json,nan,nan,nan
563,-185.2955114963678,213.20959547353513,0.2751212761824692,Small,MixedBreccia,crater_ejecta_clump,ProximalEjecta,ProximalEjecta,274,1.218132149855025,1.218132149855025,70.49449560100491,3.8783380281123514,0.003,1.0,59,,unreal_rockfield.json,unreal_rockfield.json,nan,nan,nan
564,-184.15572175131354,213.1723773089666,0.27694924504773977,Small,MixedBreccia,crater_ejecta_clump,Rim,Rim,274,1.1993673063037158,1.1993673063037158,69.40855580265155,9.731840248804238,0.003,1.0,59,,unreal_rockfield.json,unreal_rockfield.json,nan,nan,nan
565,-103.2514274056768,163.6405335122157,0.31654900998823743,Medium,MixedBreccia,crater_ejecta_clump,ProximalEjecta,ProximalEjecta,274,1.2126059297618823,1.2126059297618823,70.17468785428991,3.8890691216505533,0.003,1.0,60,,unreal_rockfield.json,unreal_rockfield.json,nan,nan,nan
566,-108.9515601078536,162.46737940605323,0.4009629948905929,Medium,MixedBreccia,crater_ejecta_clump,ProximalEjecta,ProximalEjecta,274,1.2166880297983358,1.2166880297983358,70.41092296482114,3.881139432248121,0.003,1.0,60,,unreal_rockfield.json,unreal_rockfield.json,nan,nan,nan
567,-107.10728030448199,164.4291449260186,0.2877740254200044,Small,MixedBreccia,crater_ejecta_clump,Rim,Rim,274,1.1874225468909667,1.1874225468909667,68.71730092527449,9.731840248804238,0.003,1.0,60,,unreal_rockfield.json,unreal_rockfield.json,nan,nan,nan
568,-104.74487110461813,163.1850603248297,0.29620131200792743,Small,MixedBreccia,crater_ejecta_clump,ProximalEjecta,ProximalEjecta,274,1.2153879779901593,1.2153879779901593,70.33568769869382,3.8836630935502092,0.003,1.0,60,,unreal_rockfield.json,unreal_rockfield.json,nan,nan,nan
569,-105.1295750179626,164.40466818928877,0.35570714412932286,Medium,MixedBreccia,crater_ejecta_clump,Rim,Rim,274,1.1934622612122452,1.1934622612122452,69.06682508380142,9.731840248804238,0.003,1.0,60,,unreal_rockfield.json,unreal_rockfield.json,nan,nan,nan
570,-105.67127541070208,160.22823447551923,0.34100983609854096,Medium,MixedBreccia,crater_ejecta_clump,ProximalEjecta,ProximalEjecta,274,1.2629951948358835,1.2629951948358835,73.09076377061788,3.7923094842586322,0.003,1.0,60,,unreal_rockfield.json,unreal_rockfield.json,nan,nan,nan
571,-107.00522944043699,165.3786556756537,0.2903940303988052,Small,MixedBreccia,crater_ejecta_clump,Rim,Rim,274,1.171475255024142,1.171475255024142,67.79441559096358,9.731840248804238,0.003,1.0,60,,unreal_rockfield.json,unreal_rockfield.json,nan,nan,nan
572,-106.82347710611357,163.4603562510664,0.26577724142876175,Small,MixedBreccia,crater_ejecta_clump,ProximalEjecta,ProximalEjecta,274,1.2047128045635744,1.2047128045635744,69.71790500060978,3.9044479030925854,0.003,1.0,60,,unreal_rockfield.json,unreal_rockfield.json,nan,nan,nan
573,-104.95911199899362,166.21710592116136,0.2705456794123961,Small,MixedBreccia,crater_ejecta_clump,Rim,Rim,274,1.1632027541501855,1.1632027541501855,67.31567789691466,9.731840248804238,0.003,1.0,60,,unreal_rockfield.json,unreal_rockfield.json,nan,nan,nan
574,-152.57485452449345,141.54584586947757,0.32443657250469293,Medium,MixedBreccia,crater_ejecta_clump,ProximalEjecta,ProximalEjecta,274,1.6825734353045505,1.6825734353045505,97.37216577656282,3.0746346336543082,0.003,1.0,61,,unreal_rockfield.json,unreal_rockfield.json,nan,nan,nan
575,-151.8412030235588,142.46713149119964,0.3368523376620196,Medium,MixedBreccia,crater_ejecta_clump,ProximalEjecta,ProximalEjecta,274,1.6631638764994214,1.6631638764994214,96.24891567765651,3.1046185427991477,0.003,1.0,61,,unreal_rockfield.json,unreal_rockfield.json,nan,nan,nan
576,-151.84319434092865,144.34076658167317,0.30431797683100414,Medium,MixedBreccia,crater_ejecta_clump,ProximalEjecta,ProximalEjecta,274,1.6329782579878935,1.6329782579878935,94.50204449325524,3.1518313489916028,0.003,1.0,61,,unreal_rockfield.json,unreal_rockfield.json,nan,nan,nan
577,-153.40673160151923,142.6950528247213,0.284810344909934,Small,MixedBreccia,crater_ejecta_clump,ProximalEjecta,ProximalEjecta,274,1.6693637868646287,1.6693637868646287,96.60771053749068,3.095009266315813,0.003,1.0,61,,unreal_rockfield.json,unreal_rockfield.json,nan,nan,nan
578,-150.0051069118618,143.27269173967684,0.34527944181344916,Medium,MixedBreccia,crater_ejecta_clump,ProximalEjecta,ProximalEjecta,274,1.639012524790875,1.639012524790875,94.85125339858516,3.1423361846443942,0.003,1.0,61,,unreal_rockfield.json,unreal_rockfield.json,nan,nan,nan
579,-153.1704784828945,142.93617018364696,0.395489482138969,Medium,MixedBreccia,crater_ejecta_clump,ProximalEjecta,ProximalEjecta,274,1.6639787945903708,1.6639787945903708,96.2960757823992,3.1033537955749826,0.003,1.0,61,,unreal_rockfield.json,unreal_rockfield.json,nan,nan,nan
580,-152.84147224609438,145.31221144142418,0.26211698766522984,Small,MixedBreccia,crater_ejecta_clump,ProximalEjecta,ProximalEjecta,274,1.6237717497720605,1.6237717497720605,93.96925488336036,3.166373474466826,0.003,1.0,61,,unreal_rockfield.json,unreal_rockfield.json,nan,nan,nan
581,-150.5669571991282,142.63952412260528,0.3203643932758038,Medium,MixedBreccia,crater_ejecta_clump,ProximalEjecta,ProximalEjecta,274,1.6526296889594896,1.6526296889594896,95.63929197034177,3.1210140000855855,0.003,1.0,61,,unreal_rockfield.json,unreal_rockfield.json,nan,nan,nan
582,-153.04401769883756,143.83476202257128,0.3996605107438964,Medium,MixedBreccia,crater_ejecta_clump,ProximalEjecta,ProximalEjecta,274,1.648752599521879,1.648752599521879,95.41492102311994,3.1270700934000804,0.003,1.0,61,,unreal_rockfield.json,unreal_rockfield.json,nan,nan,nan
583,-152.7095698147823,143.86970489946134,0.40477987385831143,Medium,MixedBreccia,crater_ejecta_clump,ProximalEjecta,ProximalEjecta,274,1.6460446672146891,1.6460446672146891,95.25821033935732,3.131306908071042,0.003,1.0,61,,unreal_rockfield.json,unreal_rockfield.json,nan,nan,nan
584,-88.40717743209531,192.12313719667432,0.33192177793614386,Medium,MixedBreccia,crater_ejecta_clump,Rim,Rim,274,0.8575594352830649,0.8575594352830649,49.62780092895263,9.731840248804238,0.003,1.0,62,,unreal_rockfield.json,unreal_rockfield.json,nan,nan,nan
585,-91.055544741639,189.05574416486263,0.2679598471271481,Small,MixedBreccia,crater_ejecta_clump,Rim,Rim,274,0.8764050747268097,0.8764050747268097,50.718416464404434,9.731840248804238,0.003,1.0,62,,unreal_rockfield.json,unreal_rockfield.json,nan,nan,nan
586,-85.72240422380169,190.36160966689306,0.320624696237866,Medium,MixedBreccia,crater_ejecta_clump,Rim,Rim,274,0.9096081384875386,0.9096081384875386,52.639910148401825,9.731840248804238,0.003,1.0,62,,unreal_rockfield.json,unreal_rockfield.json,nan,nan,nan
587,-87.29440659962287,189.4164331417145,0.27410513254781077,Small,MixedBreccia,crater_ejecta_clump,Rim,Rim,274,0.906813826000866,0.906813826000866,52.47820055940278,9.731840248804238,0.003,1.0,62,,unreal_rockfield.json,unreal_rockfield.json,nan,nan,nan
588,-89.12504698549438,188.94155800449096,0.3189480148834452,Medium,MixedBreccia,crater_ejecta_clump,Rim,Rim,274,0.8958729136560388,0.8958729136560388,51.845039290935155,9.731840248804238,0.003,1.0,62,,unreal_rockfield.json,unreal_rockfield.json,nan,nan,nan
589,-89.34881839468783,190.009156157187,0.27727381886540886,Small,MixedBreccia,crater_ejecta_clump,Rim,Rim,274,0.878336172239269,0.878336172239269,50.830170960920576,9.731840248804238,0.003,1.0,62,,unreal_rockfield.json,unreal_rockfield.json,nan,nan,nan
590,-88.52090954220428,188.56352010282106,0.2752093880850588,Small,MixedBreccia,crater_ejecta_clump,Rim,Rim,274,0.9070627896408856,0.9070627896408856,52.49260832807407,9.731840248804238,0.003,1.0,62,,unreal_rockfield.json,unreal_rockfield.json,nan,nan,nan
591,-88.61669334813934,189.93223405982425,0.3174424002528803,Medium,MixedBreccia,crater_ejecta_clump,Rim,Rim,274,0.8864927274109393,0.8864927274109393,51.3021987640921,9.731840248804238,0.003,1.0,62,,unreal_rockfield.json,unreal_rockfield.json,nan,nan,nan
592,-90.57772127419433,190.07961881829166,0.3185878492801122,Medium,MixedBreccia,crater_ejecta_clump,Rim,Rim,274,0.8657479568199503,0.8657479568199503,50.10167865685712,9.731840248804238,0.003,1.0,62,,unreal_rockfield.json,unreal_rockfield.json,nan,nan,nan
593,-68.34641023702063,194.7250261258945,0.3057326615595796,Medium,MixedBreccia,crater_ejecta_clump,Rim,Rim,274,1.0691284585179666,1.0691284585179666,61.871506654572556,9.731840248804238,0.003,1.0,63,,unreal_rockfield.json,unreal_rockfield.json,nan,nan,nan
594,-68.92829264067184,195.99689175999322,0.26213066763895393,Small,MixedBreccia,crater_ejecta_clump,Rim,Rim,274,1.0478397156597596,1.0478397156597596,60.63950634167761,9.731840248804238,0.003,1.0,63,,unreal_rockfield.json,unreal_rockfield.json,nan,nan,nan
595,-68.09406628676494,195.66120642433887,0.3158064765852876,Medium,MixedBreccia,crater_ejecta_clump,Rim,Rim,274,1.062861265795943,1.062861265795943,61.50881809912649,9.731840248804238,0.003,1.0,63,,unreal_rockfield.json,unreal_rockfield.json,nan,nan,nan
596,-68.92241153452247,199.1076929073778,0.3112853698363811,Medium,MixedBreccia,crater_ejecta_clump,Rim,Rim,274,1.0165970407077425,1.0165970407077425,58.83146227007937,9.731840248804238,0.003,1.0,63,,unreal_rockfield.json,unreal_rockfield.json,nan,nan,nan
597,-69.46111467500714,201.88378414851448,0.35416808597600313,Medium,MixedBreccia,crater_ejecta_clump,Rim,Rim,274,0.9824014441731725,0.9824014441731725,56.85252974640623,9.731840248804238,0.003,1.0,63,,unreal_rockfield.json,unreal_rockfield.json,nan,nan,nan
598,-69.85542753323408,197.07635595662197,0.30313369590044853,Medium,MixedBreccia,crater_ejecta_clump,Rim,Rim,274,1.023847089481381,1.023847089481381,59.25102966384789,9.731840248804238,0.003,1.0,63,,unreal_rockfield.json,unreal_rockfield.json,nan,nan,nan
599,-67.91390641612685,200.93182087078577,0.2746500630279335,Small,MixedBreccia,crater_ejecta_clump,Rim,Rim,274,1.0137891231628815,1.0137891231628815,58.668965343093454,9.731840248804238,0.003,1.0,63,,unreal_rockfield.json,unreal_rockfield.json,nan,nan,nan
600,-67.75912665023192,196.23304314094702,0.31189718738572164,Medium,MixedBreccia,crater_ejecta_clump,Rim,Rim,274,1.0616706518292514,1.0616706518292514,61.43991610762463,9.731840248804238,0.003,1.0,63,,unreal_rockfield.json,unreal_rockfield.json,nan,nan,nan
601,-49.15379186902771,189.07432790952643,0.26357427343797757,Small,MixedBreccia,crater_ejecta_clump,ProximalEjecta,ProximalEjecta,274,1.397284718279674,1.397284718279674,80.86222946980003,3.5460362641900285,0.003,1.0,64,,unreal_rockfield.json,unreal_rockfield.json,nan,nan,nan
602,-51.05412704479689,187.43411159894757,0.35517951330097863,Medium,MixedBreccia,crater_ejecta_clump,ProximalEjecta,ProximalEjecta,274,1.385344291142978,1.385344291142978,80.17122530546358,3.5672701804450186,0.003,1.0,64,,unreal_rockfield.json,unreal_rockfield.json,nan,nan,nan
603,-48.305526463586844,190.45627482834107,0.2641554659448716,Small,MixedBreccia,crater_ejecta_clump,ProximalEjecta,ProximalEjecta,274,1.3971623865076486,1.3971623865076486,80.85515001083826,3.5462531672734277,0.003,1.0,64,,unreal_rockfield.json,unreal_rockfield.json,nan,nan,nan
604,-53.602125690282044,188.9784794510563,0.27770420680845265,Small,MixedBreccia,crater_ejecta_clump,ProximalEjecta,ProximalEjecta,274,1.3339260035029534,1.3339260035029534,77.19559884959645,3.660170722349238,0.003,1.0,64,,unreal_rockfield.json,unreal_rockfield.json,nan,nan,nan
605,-48.075868319165195,187.99918682615055,0.2754169282848098,Small,MixedBreccia,crater_ejecta_clump,ProximalEjecta,ProximalEjecta,274,1.4229743762139386,1.4229743762139386,82.34891503052008,3.5007793159871006,0.003,1.0,64,,unreal_rockfield.json,unreal_rockfield.json,nan,nan,nan
606,-48.18064031604822,189.52141454209394,0.26080153696909275,Small,MixedBreccia,crater_ejecta_clump,ProximalEjecta,ProximalEjecta,274,1.407437858158695,1.407437858158695,81.44980157732812,3.528080179310207,0.003,1.0,64,,unreal_rockfield.json,unreal_rockfield.json,nan,nan,nan
607,-51.54022742235508,190.76796122235018,0.2615720471918006,Small,MixedBreccia,crater_ejecta_clump,ProximalEjecta,ProximalEjecta,274,1.3467897906338901,1.3467897906338901,77.94003875738643,3.636704441042009,0.003,1.0,64,,unreal_rockfield.json,unreal_rockfield.json,nan,nan,nan
608,-49.69260324637806,187.29541689145498,0.31022600705440834,Medium,MixedBreccia,crater_ejecta_clump,ProximalEjecta,ProximalEjecta,274,1.4062172549285643,1.4062172549285643,81.37916407790142,3.5302340295239985,0.003,1.0,64,,unreal_rockfield.json,unreal_rockfield.json,nan,nan,nan
609,-50.05964299026535,190.4322322205497,0.35240644061948534,Medium,MixedBreccia,crater_ejecta_clump,ProximalEjecta,ProximalEjecta,274,1.3715499587950153,1.3715499587950153,79.37293383836948,3.59195928020542,0.003,1.0,64,,unreal_rockfield.json,unreal_rockfield.json,nan,nan,nan
610,-48.69656151782467,190.52376649011083,0.28900668540203617,Small,MixedBreccia,crater_ejecta_clump,ProximalEjecta,ProximalEjecta,274,1.3907815750526098,1.3907815750526098,80.48588622849608,3.557585221001972,0.003,1.0,64,,unreal_rockfield.json,unreal_rockfield.json,nan,nan,nan
611,-102.8151914109963,163.06610327139677,0.28241499986931656,Small,MixedBreccia,crater_ejecta_clump,ProximalEjecta,ProximalEjecta,274,1.223863899724403,1.223863899724403,70.82619755633137,3.8672391080242807,0.003,1.0,65,,unreal_rockfield.json,unreal_rockfield.json,nan,nan,nan
612,-103.81553514829388,161.42772698935144,0.26964442041040154,Small,MixedBreccia,crater_ejecta_clump,ProximalEjecta,ProximalEjecta,274,1.2481986418061093,1.2481986418061093,72.23447281516482,3.820470079943842,0.003,1.0,65,,unreal_rockfield.json,unreal_rockfield.json,nan,nan,nan
613,-101.56668199256644,165.5161300484632,0.2629804888462745,Small,MixedBreccia,crater_ejecta_clump,Rim,Rim,274,1.187276127372396,1.187276127372396,68.70882748492647,9.731840248804238,0.003,1.0,65,,unreal_rockfield.json,unreal_rockfield.json,nan,nan,nan
614,-106.4181556910062,158.72995239293996,0.3074914322310271,Medium,MixedBreccia,crater_ejecta_clump,ProximalEjecta,ProximalEjecta,274,1.2865774718869973,1.2865774718869973,74.45549314422425,3.7478564288928142,0.003,1.0,65,,unreal_rockfield.json,unreal_rockfield.json,nan,nan,nan
615,-106.86173208646079,164.1493208845283,0.29052875141345275,Small,MixedBreccia,crater_ejecta_clump,Rim,Rim,274,1.1928465844468386,1.1928465844468386,69.03119526889525,9.731840248804238,0.003,1.0,65,,unreal_rockfield.json,unreal_rockfield.json,nan,nan,nan
616,-102.5535064578947,162.41859297244866,0.2772917181575752,Small,MixedBreccia,crater_ejecta_clump,ProximalEjecta,ProximalEjecta,274,1.2357475434115814,1.2357475434115814,71.51391560706126,3.844328794124111,0.003,1.0,65,,unreal_rockfield.json,unreal_rockfield.json,nan,nan,nan
617,-102.40367459997468,162.43423888617568,0.2959838366165957,Small,MixedBreccia,crater_ejecta_clump,ProximalEjecta,ProximalEjecta,274,1.2360252429162597,1.2360252429162597,71.52998634824749,3.8437950470793165,0.003,1.0,65,,unreal_rockfield.json,unreal_rockfield.json,nan,nan,nan
618,-151.11465713522128,192.03929786815726,0.2678625375636205,Small,MixedBreccia,crater_ejecta_clump,Rim,Rim,274,0.9076638871078757,0.9076638871078757,52.52739442476116,9.731840248804238,0.003,1.0,66,,unreal_rockfield.json,unreal_rockfield.json,nan,nan,nan
619,-148.548504915157,190.74124780307443,0.34178353842711856,Medium,MixedBreccia,crater_ejecta_clump,Rim,Rim,274,0.8977726701125344,0.8977726701125344,51.954980049974594,9.731840248804238,0.003,1.0,66,,unreal_rockfield.json,unreal_rockfield.json,nan,nan,nan
620,-151.88577102049396,192.8169135496327,0.28591223485864403,Small,MixedBreccia,crater_ejecta_clump,Rim,Rim,274,0.9060835227414068,0.9060835227414068,52.43593719748636,9.731840248804238,0.003,1.0,66,,unreal_rockfield.json,unreal_rockfield.json,nan,nan,nan
621,-147.42748037221293,190.91310270224085,0.26219169763572264,Small,MixedBreccia,crater_ejecta_clump,Rim,Rim,274,0.8839066838827199,0.8839066838827199,51.15254190285108,9.731840248804238,0.003,1.0,66,,unreal_rockfield.json,unreal_rockfield.json,nan,nan,nan
622,-148.5504083621726,198.1083568898168,0.27993709177054793,Small,RegolithCovered,crater_ejecta_clump,CraterFloor,CraterFloor,274,0.7994500227331856,0.7994500227331856,46.264952548453046,2.703288958001177,0.003,1.0,66,,unreal_rockfield.json,unreal_rockfield.json,nan,nan,nan
623,-147.10515053370858,191.46601708665955,0.28072301556964174,Small,MixedBreccia,crater_ejecta_clump,Rim,Rim,274,0.872901509543075,0.872901509543075,50.51566173006628,9.731840248804238,0.003,1.0,66,,unreal_rockfield.json,unreal_rockfield.json,nan,nan,nan
624,-149.664656358453,192.91948732752832,0.2874343546089733,Small,MixedBreccia,crater_ejecta_clump,Rim,Rim,274,0.8799823387939559,0.8799823387939559,50.925436225006834,9.731840248804238,0.003,1.0,66,,unreal_rockfield.json,unreal_rockfield.json,nan,nan,nan
625,-111.02366021987667,182.40545234522526,0.31557069994578496,Medium,MixedBreccia,crater_ejecta_clump,Rim,Rim,274,0.8703801254971553,0.8703801254971553,50.36974677613071,9.731840248804238,0.003,1.0,67,,unreal_rockfield.json,unreal_rockfield.json,nan,nan,nan
626,-103.35841702059396,182.4035120573991,0.2898380211001421,Small,MixedBreccia,crater_ejecta_clump,Rim,Rim,274,0.8969916267699347,0.8969916267699347,51.90978030995818,9.731840248804238,0.003,1.0,67,,unreal_rockfield.json,unreal_rockfield.json,nan,nan,nan
627,-104.46341940380803,180.643084712177,0.5334644120540061,Medium,MixedBreccia,crater_ejecta_clump,Rim,Rim,274,0.9214693089481659,0.9214693089481659,53.32632765159224,9.731840248804238,0.003,1.0,67,,unreal_rockfield.json,unreal_rockfield.json,nan,nan,nan
628,-101.4337256931043,178.40895386586453,0.2681329572691934,Small,MixedBreccia,crater_ejecta_clump,Rim,Rim,274,0.9725445780442383,0.9725445780442383,56.28210328976231,9.731840248804238,0.003,1.0,67,,unreal_rockfield.json,unreal_rockfield.json,nan,nan,nan
629,-106.34438260445334,177.11024446594075,0.27973483833696167,Small,MixedBreccia,crater_ejecta_clump,Rim,Rim,274,0.9738658929393166,0.9738658929393166,56.358569071467294,9.731840248804238,0.003,1.0,67,,unreal_rockfield.json,unreal_rockfield.json,nan,nan,nan
630,-107.19083093693315,179.55612031642784,0.2601731468682398,Small,MixedBreccia,crater_ejecta_clump,Rim,Rim,274,0.9295671950467157,0.9295671950467157,53.794960218280174,9.731840248804238,0.003,1.0,67,,unreal_rockfield.json,unreal_rockfield.json,nan,nan,nan
631,-105.28012858193517,179.41749250914935,0.33105960797016704,Medium,MixedBreccia,crater_ejecta_clump,Rim,Rim,274,0.9387609959166334,0.9387609959166334,54.327014441672986,9.731840248804238,0.003,1.0,67,,unreal_rockfield.json,unreal_rockfield.json,nan,nan,nan
632,-103.51856643633471,179.44555709309557,0.30772504985626115,Medium,MixedBreccia,crater_ejecta_clump,Rim,Rim,274,0.9455776944352621,0.9455776944352621,54.721503433521725,9.731840248804238,0.003,1.0,67,,unreal_rockfield.json,unreal_rockfield.json,nan,nan,nan
633,-179.61717377360281,226.4084682358164,0.26908501216913744,Small,MixedBreccia,crater_ejecta_clump,Rim,Rim,274,1.0791036106729532,1.0791036106729532,62.44877843891283,9.731840248804238,0.003,1.0,68,,unreal_rockfield.json,unreal_rockfield.json,nan,nan,nan
634,-180.85715443451832,231.33040002521255,0.40927652206113496,Medium,MixedBreccia,crater_ejecta_clump,Rim,Rim,274,1.0957586074817478,1.0957586074817478,63.41261934846608,9.731840248804238,0.003,1.0,68,,unreal_rockfield.json,unreal_rockfield.json,nan,nan,nan
635,-184.00865737675713,227.52392638213055,0.2609143546018389,Small,MixedBreccia,crater_ejecta_clump,Rim,Rim,274,1.1531067243662303,1.1531067243662303,66.7314108062896,9.731840248804238,0.003,1.0,68,,unreal_rockfield.json,unreal_rockfield.json,nan,nan,nan
636,-178.03650880538532,228.6286357759704,0.3017295090884053,Medium,MixedBreccia,crater_ejecta_clump,Rim,Rim,274,1.0488601221454394,1.0488601221454394,60.698558260243715,9.731840248804238,0.003,1.0,68,,unreal_rockfield.json,unreal_rockfield.json,nan,nan,nan
637,-179.8091432305159,226.24097864440307,0.3253982099734293,Medium,MixedBreccia,crater_ejecta_clump,Rim,Rim,274,1.0826847026688224,1.0826847026688224,62.656019725483944,9.731840248804238,0.003,1.0,68,,unreal_rockfield.json,unreal_rockfield.json,nan,nan,nan
638,-180.405401111107,227.23486559913746,0.2951245898228286,Small,MixedBreccia,crater_ejecta_clump,Rim,Rim,274,1.0914105878397968,1.0914105878397968,63.160995211003595,9.731840248804238,0.003,1.0,68,,unreal_rockfield.json,unreal_rockfield.json,nan,nan,nan
639,-178.06415590427804,228.08608523191126,0.3089903831475153,Medium,MixedBreccia,crater_ejecta_clump,Rim,Rim,274,1.0499552102897198,1.0499552102897198,60.761932079232785,9.731840248804238,0.003,1.0,68,,unreal_rockfield.json,unreal_rockfield.json,nan,nan,nan
640,-178.48096825831905,228.13855079683916,0.2648744059753007,Small,MixedBreccia,crater_ejecta_clump,Rim,Rim,274,1.0570769123486363,1.0570769123486363,61.17407192343911,9.731840248804238,0.003,1.0,68,,unreal_rockfield.json,unreal_rockfield.json,nan,nan,nan
641,-180.76614847996132,224.4119573199389,0.2647544989211589,Small,MixedBreccia,crater_ejecta_clump,Rim,Rim,274,1.1026344286425769,1.1026344286425769,63.81052982528343,9.731840248804238,0.003,1.0,68,,unreal_rockfield.json,unreal_rockfield.json,nan,nan,nan
642,-179.4161700977115,231.56987938319577,0.2702326319219721,Small,MixedBreccia,crater_ejecta_clump,Rim,Rim,274,1.070801067326497,1.070801067326497,61.96830215767884,9.731840248804238,0.003,1.0,68,,unreal_rockfield.json,unreal_rockfield.json,nan,nan,nan
643,-178.8105813926194,226.20302847398509,0.270484274615602,Small,MixedBreccia,crater_ejecta_clump,Rim,Rim,274,1.0655789460346456,1.0655789460346456,61.666092905193274,9.731840248804238,0.003,1.0,68,,unreal_rockfield.json,unreal_rockfield.json,nan,nan,nan
644,-180.32734879703193,228.72872286571035,0.2713396051459085,Small,MixedBreccia,crater_ejecta_clump,Rim,Rim,274,1.0882719764363633,1.0882719764363633,62.97936070788426,9.731840248804238,0.003,1.0,68,,unreal_rockfield.json,unreal_rockfield.json,nan,nan,nan
645,-178.692913286539,226.404054053117,0.27586961040730135,Small,MixedBreccia,crater_ejecta_clump,Rim,Rim,274,1.0632138046274549,1.0632138046274549,61.52921986515011,9.731840248804238,0.003,1.0,68,,unreal_rockfield.json,unreal_rockfield.json,nan,nan,nan
646,-180.13243424000493,223.59160358361981,0.3173054864702908,Medium,MixedBreccia,crater_ejecta_clump,Rim,Rim,274,1.0936445293449688,1.0936445293449688,63.290275584752855,9.731840248804238,0.003,1.0,68,,unreal_rockfield.json,unreal_rockfield.json,nan,nan,nan
647,-179.80992044239696,226.98350750033862,0.35576132361440405,Medium,MixedBreccia,crater_ejecta_clump,Rim,Rim,274,1.0815197567310493,1.0815197567310493,62.588603167850586,9.731840248804238,0.003,1.0,68,,unreal_rockfield.json,unreal_rockfield.json,nan,nan,nan
648,-181.49605987766407,228.68824884064367,0.41991238986125573,Medium,MixedBreccia,crater_ejecta_clump,Rim,Rim,274,1.1084738958254305,1.1084738958254305,64.14846548660137,9.731840248804238,0.003,1.0,68,,unreal_rockfield.json,unreal_rockfield.json,nan,nan,nan
649,-181.66295805354912,243.2057864374056,0.28559606887187194,Small,MixedBreccia,crater_ejecta_clump,Rim,Rim,274,1.1252450007896517,1.1252450007896517,65.11902568835369,9.731840248804238,0.003,1.0,69,,unreal_rockfield.json,unreal_rockfield.json,nan,nan,nan
650,-184.96786167052488,246.31084103145156,0.2650253973732578,Small,MixedBreccia,crater_ejecta_clump,Rim,Rim,274,1.1912804167492625,1.1912804167492625,68.94055961669581,9.731840248804238,0.003,1.0,69,,unreal_rockfield.json,unreal_rockfield.json,nan,nan,nan
651,-182.30469250134541,242.14948539019446,0.2849797946007955,Small,MixedBreccia,crater_ejecta_clump,Rim,Rim,274,1.133313859650223,1.133313859650223,65.58597842046848,9.731840248804238,0.003,1.0,69,,unreal_rockfield.json,unreal_rockfield.json,nan,nan,nan
652,-181.1120614029761,244.34402006238068,0.27675442013631346,Small,MixedBreccia,crater_ejecta_clump,Rim,Rim,274,1.1193299893081106,1.1193299893081106,64.77671820478959,9.731840248804238,0.003,1.0,69,,unreal_rockfield.json,unreal_rockfield.json,nan,nan,nan
653,-179.9119254956809,247.25367628384436,0.2710283345025992,Small,MixedBreccia,crater_ejecta_clump,Rim,Rim,274,1.1095273182516288,1.1095273182516288,64.20942806984692,9.731840248804238,0.003,1.0,69,,unreal_rockfield.json,unreal_rockfield.json,nan,nan,nan
654,-180.65657884161794,241.4684734455618,0.26747578654658144,Small,MixedBreccia,crater_ejecta_clump,Rim,Rim,274,1.1034223938646313,1.1034223938646313,63.85613014121506,9.731840248804238,0.003,1.0,69,,unreal_rockfield.json,unreal_rockfield.json,nan,nan,nan
655,-180.00992366096847,244.19764374817342,0.2771038649189505,Small,MixedBreccia,crater_ejecta_clump,Rim,Rim,274,1.1001464995235544,1.1001464995235544,63.666550940597226,9.731840248804238,0.003,1.0,69,,unreal_rockfield.json,unreal_rockfield.json,nan,nan,nan
656,-164.43565539372776,201.74474588134183,0.26800855006332736,Small,MixedBreccia,crater_ejecta_clump,Rim,Rim,274,0.9690365192790023,0.9690365192790023,56.079088507479916,9.731840248804238,0.003,1.0,70,,unreal_rockfield.json,unreal_rockfield.json,nan,nan,nan
657,-162.33729329133007,198.44659633446122,0.2895583724611987,Small,MixedBreccia,crater_ejecta_clump,Rim,Rim,274,0.972124617111487,0.972124617111487,56.257799740980715,9.731840248804238,0.003,1.0,70,,unreal_rockfield.json,unreal_rockfield.json,nan,nan,nan
658,-160.32571574333755,197.77931003759036,0.27316802832409964,Small,MixedBreccia,crater_ejecta_clump,Rim,Rim,274,0.9518215175539237,0.9518215175539237,55.082839567228014,9.731840248804238,0.003,1.0,70,,unreal_rockfield.json,unreal_rockfield.json,nan,nan,nan
659,-158.09297406855214,198.48245020411895,0.2653608385940076,Small,MixedBreccia,crater_ejecta_clump,Rim,Rim,274,0.9142831433535252,0.9142831433535252,52.910457239699916,9.731840248804238,0.003,1.0,70,,unreal_rockfield.json,unreal_rockfield.json,nan,nan,nan
660,-161.30570836545215,199.94054396326385,0.2791553129339207,Small,MixedBreccia,crater_ejecta_clump,Rim,Rim,274,0.9423908462679084,0.9423908462679084,54.53707742182724,9.731840248804238,0.003,1.0,70,,unreal_rockfield.json,unreal_rockfield.json,nan,nan,nan
661,-162.1370246898544,198.94475149451227,0.37394021111789716,Medium,MixedBreccia,crater_ejecta_clump,Rim,Rim,274,0.9641858933391474,0.9641858933391474,55.798378053347406,9.731840248804238,0.003,1.0,70,,unreal_rockfield.json,unreal_rockfield.json,nan,nan,nan
662,-164.40221510607074,201.21150800113728,0.3430716531368477,Medium,MixedBreccia,crater_ejecta_clump,Rim,Rim,274,0.9736164255641128,0.9736164255641128,56.34413215114958,9.731840248804238,0.003,1.0,70,,unreal_rockfield.json,unreal_rockfield.json,nan,nan,nan
663,-163.84457997897962,202.0144439830394,0.2821117952304554,Small,MixedBreccia,crater_ejecta_clump,Rim,Rim,274,0.9579365431577614,0.9579365431577614,55.43672206313051,9.731840248804238,0.003,1.0,70,,unreal_rockfield.json,unreal_rockfield.json,nan,nan,nan
664,-180.1793624840416,233.9590216238819,0.3226377941918954,Medium,MixedBreccia,crater_ejecta_clump,Rim,Rim,274,1.084251865410202,1.084251865410202,62.7467129618388,9.731840248804238,0.003,1.0,71,,unreal_rockfield.json,unreal_rockfield.json,nan,nan,nan
665,-182.29549471266338,233.42037374421588,0.2704094454382731,Small,MixedBreccia,crater_ejecta_clump,Rim,Rim,274,1.1206164356773307,1.1206164356773307,64.85116611089461,9.731840248804238,0.003,1.0,71,,unreal_rockfield.json,unreal_rockfield.json,nan,nan,nan
666,-179.96197355689313,235.03312493625975,0.323099222539473,Medium,MixedBreccia,crater_ejecta_clump,Rim,Rim,274,1.0811295514913655,1.0811295514913655,62.566021610048615,9.731840248804238,0.003,1.0,71,,unreal_rockfield.json,unreal_rockfield.json,nan,nan,nan
667,-181.92362525565866,235.59619524153408,0.29564801930143114,Small,MixedBreccia,crater_ejecta_clump,Rim,Rim,274,1.1154415565528153,1.1154415565528153,64.5516908087098,9.731840248804238,0.003,1.0,71,,unreal_rockfield.json,unreal_rockfield.json,nan,nan,nan
668,-182.88598290902343,235.53183509332678,0.27792614520429976,Small,MixedBreccia,crater_ejecta_clump,Rim,Rim,274,1.1319960218880853,1.1319960218880853,65.50971386383814,9.731840248804238,0.003,1.0,71,,unreal_rockfield.json,unreal_rockfield.json,nan,nan,nan
669,-181.67377678215303,237.52683441318985,0.3104453129165987,Medium,MixedBreccia,crater_ejecta_clump,Rim,Rim,274,1.1133056930669467,1.1133056930669467,64.4280863055967,9.731840248804238,0.003,1.0,71,,unreal_rockfield.json,unreal_rockfield.json,nan,nan,nan
670,-179.1778329233796,234.67356518944507,0.26583743309078867,Small,MixedBreccia,crater_ejecta_clump,Rim,Rim,274,1.0673417926158255,1.0673417926158255,61.76811055621497,9.731840248804238,0.003,1.0,71,,unreal_rockfield.json,unreal_rockfield.json,nan,nan,nan
671,-182.7314689045005,233.3518061929112,0.31797646647336314,Medium,MixedBreccia,crater_ejecta_clump,Rim,Rim,274,1.1281304327788375,1.1281304327788375,65.28600845183536,9.731840248804238,0.003,1.0,71,,unreal_rockfield.json,unreal_rockfield.json,nan,nan,nan
672,-141.88429886906516,169.10165771281248,0.2631544175790495,Small,MixedBreccia,crater_ejecta_clump,Rim,Rim,274,1.1718358415509325,1.1718358415509325,67.81528308496219,9.731840248804238,0.003,1.0,72,,unreal_rockfield.json,unreal_rockfield.json,nan,nan,nan
673,-145.57677257219473,175.02438560118267,0.3151611132794617,Medium,MixedBreccia,crater_ejecta_clump,Rim,Rim,274,1.1035689019570507,1.1035689019570507,63.86460870741808,9.731840248804238,0.003,1.0,72,,unreal_rockfield.json,unreal_rockfield.json,nan,nan,nan
674,-146.03175665748614,169.5644314994947,0.382248115335689,Medium,MixedBreccia,crater_ejecta_clump,Rim,Rim,274,1.192236490550197,1.192236490550197,68.99588854004968,9.731840248804238,0.003,1.0,72,,unreal_rockfield.json,unreal_rockfield.json,nan,nan,nan
675,-142.94071181076308,172.67330298435218,0.2889402119611813,Small,MixedBreccia,crater_ejecta_clump,Rim,Rim,274,1.1215266991046815,1.1215266991046815,64.90384394324866,9.731840248804238,0.003,1.0,72,,unreal_rockfield.json,unreal_rockfield.json,nan,nan,nan
676,-141.4511105371447,175.3126795766869,0.3090886458996455,Medium,MixedBreccia,crater_ejecta_clump,Rim,Rim,274,1.0694899939407116,1.0694899939407116,61.892429062105556,9.731840248804238,0.003,1.0,72,,unreal_rockfield.json,unreal_rockfield.json,nan,nan,nan
677,-138.7116942934658,173.5340724471752,0.305980873440353,Medium,MixedBreccia,crater_ejecta_clump,Rim,Rim,274,1.0808937367045937,1.0808937367045937,62.55237477833934,9.731840248804238,0.003,1.0,72,,unreal_rockfield.json,unreal_rockfield.json,nan,nan,nan
678,-139.6052253055533,172.88994438020623,0.3248635477885763,Medium,MixedBreccia,crater_ejecta_clump,Rim,Rim,274,1.096661603605748,1.096661603605748,63.46487661488716,9.731840248804238,0.003,1.0,72,,unreal_rockfield.json,unreal_rockfield.json,nan,nan,nan
679,-136.50304410015013,173.42658260300843,0.29346583362162476,Small,MixedBreccia,crater_ejecta_clump,Rim,Rim,274,1.0702933849903158,1.0702933849903158,61.93892208572286,9.731840248804238,0.003,1.0,72,,unreal_rockfield.json,unreal_rockfield.json,nan,nan,nan
680,-142.1856037123986,173.14895989164296,0.3144450205576175,Medium,MixedBreccia,crater_ejecta_clump,Rim,Rim,274,1.1088784084539234,1.1088784084539234,64.17187502694823,9.731840248804238,0.003,1.0,72,,unreal_rockfield.json,unreal_rockfield.json,nan,nan,nan
681,-144.39422571097106,174.7994897148302,0.4119113766097056,Medium,MixedBreccia,crater_ejecta_clump,Rim,Rim,274,1.0982426078065681,1.0982426078065681,63.55637086999991,9.731840248804238,0.003,1.0,72,,unreal_rockfield.json,unreal_rockfield.json,nan,nan,nan
682,-39.20419651369082,195.3881296621819,0.4331950737865209,Medium,MixedBreccia,crater_ejecta_clump,ProximalEjecta,ProximalEjecta,274,1.495480465380734,1.495480465380734,86.54491312844652,3.3761383651685133,0.003,1.0,73,,unreal_rockfield.json,unreal_rockfield.json,nan,nan,nan
683,-36.86878314759447,191.8839956892347,0.30786893350357564,Medium,MixedBreccia,crater_ejecta_clump,ProximalEjecta,ProximalEjecta,274,1.5582883795254368,1.5582883795254368,90.1796683788592,3.2717617580733362,0.003,1.0,73,,unreal_rockfield.json,unreal_rockfield.json,nan,nan,nan
684,-38.04309063495791,190.99677800725607,0.27670665110248105,Small,MixedBreccia,crater_ejecta_clump,ProximalEjecta,ProximalEjecta,274,1.547205468343092,1.547205468343092,89.53828949916777,3.2899424076679193,0.003,1.0,73,,unreal_rockfield.json,unreal_rockfield.json,nan,nan,nan
685,-37.91807940308803,194.26973924007257,0.2825743708782264,Small,MixedBreccia,crater_ejecta_clump,ProximalEjecta,ProximalEjecta,274,1.52385142620139,1.52385142620139,88.18676830237493,3.3285843065411616,0.003,1.0,73,,unreal_rockfield.json,unreal_rockfield.json,nan,nan,nan
686,-39.18167184624726,194.51789416824045,0.3160323903348212,Medium,MixedBreccia,crater_ejecta_clump,ProximalEjecta,ProximalEjecta,274,1.502316964005269,1.502316964005269,86.94054797173582,3.3646175841922905,0.003,1.0,73,,unreal_rockfield.json,unreal_rockfield.json,nan,nan,nan
687,-39.617080947699385,194.05926346907958,0.2817141728332258,Small,MixedBreccia,crater_ejecta_clump,ProximalEjecta,ProximalEjecta,274,1.4990293375799357,1.4990293375799357,86.75028982395933,3.37015293532799,0.003,1.0,73,,unreal_rockfield.json,unreal_rockfield.json,nan,nan,nan
688,-40.58820905971457,195.16031835704015,0.40632995997932037,Medium,MixedBreccia,crater_ejecta_clump,ProximalEjecta,ProximalEjecta,274,1.4756036508069228,1.4756036508069228,85.3946224824749,3.4098590908969895,0.003,1.0,73,,unreal_rockfield.json,unreal_rockfield.json,nan,nan,nan
689,-57.11212268331694,223.3415651215543,0.3537878334037998,Medium,MixedBreccia,crater_ejecta_clump,Rim,Rim,274,1.0542679219681241,1.0542679219681241,61.01151291040768,9.731840248804238,0.003,1.0,74,,unreal_rockfield.json,unreal_rockfield.json,nan,nan,nan
690,-58.895850203667116,224.74787058045152,0.3276283949532511,Medium,MixedBreccia,crater_ejecta_clump,Rim,Rim,274,1.0203768576115724,1.0203768576115724,59.050203960897846,9.731840248804238,0.003,1.0,74,,unreal_rockfield.json,unreal_rockfield.json,nan,nan,nan
691,-58.23196533507419,224.2164080396508,0.34595086775886374,Medium,MixedBreccia,crater_ejecta_clump,Rim,Rim,274,1.0329653781907118,1.0329653781907118,59.77871392485777,9.731840248804238,0.003,1.0,74,,unreal_rockfield.json,unreal_rockfield.json,nan,nan,nan
692,-58.86355514316854,221.02345183768043,0.333752744265229,Medium,MixedBreccia,crater_ejecta_clump,Rim,Rim,274,1.0312022917626364,1.0312022917626364,59.67668239366229,9.731840248804238,0.003,1.0,74,,unreal_rockfield.json,unreal_rockfield.json,nan,nan,nan
693,-61.48901874517067,220.6052542422882,0.3182465256901578,Medium,MixedBreccia,crater_ejecta_clump,Rim,Rim,274,0.9881594667465444,0.9881594667465444,57.18575212873755,9.731840248804238,0.003,1.0,74,,unreal_rockfield.json,unreal_rockfield.json,nan,nan,nan
694,-61.41007188082495,226.09072895588372,0.29167401858819064,Small,MixedBreccia,crater_ejecta_clump,Rim,Rim,274,0.9744573422521917,0.9744573422521917,56.392796820065556,9.731840248804238,0.003,1.0,74,,unreal_rockfield.json,unreal_rockfield.json,nan,nan,nan
695,-58.25549619920843,220.71820822584874,0.30480692755468053,Medium,MixedBreccia,crater_ejecta_clump,Rim,Rim,274,1.042525127811831,1.042525127811831,60.33194595940582,9.731840248804238,0.003,1.0,74,,unreal_rockfield.json,unreal_rockfield.json,nan,nan,nan
696,-60.84440863578745,223.9004715605806,0.322754373235877,Medium,MixedBreccia,crater_ejecta_clump,Rim,Rim,274,0.989055582367077,0.989055582367077,57.23761121371215,9.731840248804238,0.003,1.0,74,,unreal_rockfield.json,unreal_rockfield.json,nan,nan,nan
697,-51.910551794879076,244.81800154092343,0.26385649768141384,Small,MixedBreccia,crater_ejecta_clump,Rim,Rim,274,1.1528278788691686,1.1528278788691686,66.71527374540642,9.731840248804238,0.003,1.0,75,,unreal_rockfield.json,unreal_rockfield.json,nan,nan,nan
698,-54.23980053923843,248.31730427608932,0.27029074838281314,Small,MixedBreccia,crater_ejecta_clump,Rim,Rim,274,1.126564114028093,1.126564114028093,65.19536405804173,9.731840248804238,0.003,1.0,75,,unreal_rockfield.json,unreal_rockfield.json,nan,nan,nan
699,-52.916543648537555,244.89143327992062,0.36473328765087987,Medium,MixedBreccia,crater_ejecta_clump,Rim,Rim,274,1.135995891311601,1.135995891311601,65.74119020859612,9.731840248804238,0.003,1.0,75,,unreal_rockfield.json,unreal_rockfield.json,nan,nan,nan
700,-52.486081777111615,245.04462861191442,0.3314343524975566,Medium,MixedBreccia,crater_ejecta_clump,Rim,Rim,274,1.1438029608273519,1.1438029608273519,66.19299293599343,9.731840248804238,0.003,1.0,75,,unreal_rockfield.json,unreal_rockfield.json,nan,nan,nan
701,-53.395760290550115,246.3007038922967,0.3115528450191489,Medium,MixedBreccia,crater_ejecta_clump,Rim,Rim,274,1.1327942797379464,1.1327942797379464,65.55590982417972,9.731840248804238,0.003,1.0,75,,unreal_rockfield.json,unreal_rockfield.json,nan,nan,nan
702,-52.27577680722843,248.2898417108855,0.3063949083053443,Medium,MixedBreccia,crater_ejecta_clump,Rim,Rim,274,1.1593872351382506,1.1593872351382506,67.09487009027858,9.731840248804238,0.003,1.0,75,,unreal_rockfield.json,unreal_rockfield.json,nan,nan,nan
703,-50.992215376732815,243.6556050906797,0.37321059467061524,Medium,MixedBreccia,crater_ejecta_clump,Rim,Rim,274,1.164888918738716,1.164888918738716,67.413257886231,9.731840248804238,0.003,1.0,75,,unreal_rockfield.json,unreal_rockfield.json,nan,nan,nan
704,-50.88221362055796,246.27790050498476,0.3067565509240323,Medium,MixedBreccia,crater_ejecta_clump,Rim,Rim,274,1.1751905366015165,1.1751905366015165,68.00942255949641,9.731840248804238,0.003,1.0,75,,unreal_rockfield.json,unreal_rockfield.json,nan,nan,nan
705,-49.626082524055604,247.00979985625324,0.2652005558722982,Small,MixedBreccia,crater_ejecta_clump,Rim,Rim,274,1.199050956897653,1.199050956897653,69.39024835397554,9.731840248804238,0.003,1.0,75,,unreal_rockfield.json,unreal_rockfield.json,nan,nan,nan
706,-53.12290926747542,248.93740914896043,0.2686165569878798,Small,MixedBreccia,crater_ejecta_clump,Rim,Rim,274,1.1479131538235874,1.1479131538235874,66.43085381350733,9.731840248804238,0.003,1.0,75,,unreal_rockfield.json,unreal_rockfield.json,nan,nan,nan
707,-161.8430704701238,211.54157342812948,0.42481651193268355,Medium,RegolithCovered,crater_ejecta_clump,CraterFloor,CraterFloor,274,0.8472439945204646,0.8472439945204646,49.03083631099382,2.703288958001177,0.003,1.0,76,,unreal_rockfield.json,unreal_rockfield.json,nan,nan,nan
708,-165.23188798492856,209.712042366032,0.2840810534793666,Small,MixedBreccia,crater_ejecta_clump,Rim,Rim,274,0.9136927050149066,0.9136927050149066,52.87628799716792,9.731840248804238,0.003,1.0,76,,unreal_rockfield.json,unreal_rockfield.json,nan,nan,nan
709,-161.11407440519278,210.33732924167705,0.26056360187321337,Small,RegolithCovered,crater_ejecta_clump,CraterFloor,CraterFloor,274,0.8450225173138416,0.8450225173138416,48.902277258358474,2.703288958001177,0.003,1.0,76,,unreal_rockfield.json,unreal_rockfield.json,nan,nan,nan
710,-160.94395132250872,207.47610206262186,0.35528985427710313,Medium,MixedBreccia,crater_ejecta_clump,Rim,Rim,274,0.8658611677663635,0.8658611677663635,50.10823028474483,9.731840248804238,0.003,1.0,76,,unreal_rockfield.json,unreal_rockfield.json,nan,nan,nan
711,-164.9126148340997,213.31428145826914,0.42171876259723745,Medium,MixedBreccia,crater_ejecta_clump,Rim,Rim,274,0.8836868398974045,0.8836868398974045,51.13981931699899,9.731840248804238,0.003,1.0,76,,unreal_rockfield.json,unreal_rockfield.json,nan,nan,nan
712,-163.8909869018325,209.8526842573669,0.2640247092668658,Small,MixedBreccia,crater_ejecta_clump,Rim,Rim,274,0.8917482714222964,0.8917482714222964,51.60634222195387,9.731840248804238,0.003,1.0,76,,unreal_rockfield.json,unreal_rockfield.json,nan,nan,nan
713,-164.65788336315774,210.64671234335077,0.28218034711656625,Small,MixedBreccia,crater_ejecta_clump,Rim,Rim,274,0.897871046339121,0.897871046339121,51.9606731781571,9.731840248804238,0.003,1.0,76,,unreal_rockfield.json,unreal_rockfield.json,nan,nan,nan
714,-160.91149341073887,214.4421611508242,0.29920697089056725,Small,RegolithCovered,crater_ejecta_clump,CraterFloor,CraterFloor,274,0.812300149341061,0.812300149341061,47.00860190844986,2.703288958001177,0.003,1.0,76,,unreal_rockfield.json,unreal_rockfield.json,nan,nan,nan
715,-163.47820666693244,210.09937884802702,0.29215509360655734,Small,MixedBreccia,crater_ejecta_clump,Rim,Rim,274,0.8834707021226184,0.8834707021226184,51.12731121316503,9.731840248804238,0.003,1.0,76,,unreal_rockfield.json,unreal_rockfield.json,nan,nan,nan
716,-162.3060755703157,212.06499081034102,0.28109421648992744,Small,MixedBreccia,crater_ejecta_clump,Rim,Rim,274,0.8507253910954913,0.8507253910954913,49.232308126324185,9.731840248804238,0.003,1.0,76,,unreal_rockfield.json,unreal_rockfield.json,nan,nan,nan
717,-162.35431400048876,212.61118499384148,0.3980933477067085,Medium,RegolithCovered,crater_ejecta_clump,CraterFloor,CraterFloor,274,0.847640678771839,0.847640678771839,49.05379281552153,2.703288958001177,0.003,1.0,76,,unreal_rockfield.json,unreal_rockfield.json,nan,nan,nan
718,-162.54662445713242,208.78490052275802,0.3082897970964142,Medium,MixedBreccia,crater_ejecta_clump,Rim,Rim,274,0.8792992960475999,0.8792992960475999,50.88590787507861,9.731840248804238,0.003,1.0,76,,unreal_rockfield.json,unreal_rockfield.json,nan,nan,nan
719,-106.87452440055978,170.2636464344829,0.32457338239995037,Medium,MixedBreccia,crater_ejecta_clump,Rim,Rim,274,1.0885266458705383,1.0885266458705383,62.99409867642838,9.731840248804238,0.003,1.0,77,,unreal_rockfield.json,unreal_rockfield.json,nan,nan,nan
720,-106.98833617924525,169.85741891790875,0.2634429484442748,Small,MixedBreccia,crater_ejecta_clump,Rim,Rim,274,1.0951206861477356,1.0951206861477356,63.375702218678754,9.731840248804238,0.003,1.0,77,,unreal_rockfield.json,unreal_rockfield.json,nan,nan,nan
721,-109.95163328896126,169.72136254300838,0.28282370113035626,Small,MixedBreccia,crater_ejecta_clump,Rim,Rim,274,1.0901728879276515,1.0901728879276515,63.089368309913695,9.731840248804238,0.003,1.0,77,,unreal_rockfield.json,unreal_rockfield.json,nan,nan,nan
722,-111.06470024885459,170.21802159635362,0.31117929312132253,Medium,MixedBreccia,crater_ejecta_clump,Rim,Rim,274,1.0795160785090017,1.0795160785090017,62.472648354879944,9.731840248804238,0.003,1.0,77,,unreal_rockfield.json,unreal_rockfield.json,nan,nan,nan
723,-109.83142305241414,170.0909744165581,0.26115872295627823,Small,MixedBreccia,crater_ejecta_clump,Rim,Rim,274,1.0840820206603852,1.0840820206603852,62.73688388051109,9.731840248804238,0.003,1.0,77,,unreal_rockfield.json,unreal_rockfield.json,nan,nan,nan
724,-108.58227576533793,168.64742588781257,0.2682887889370157,Small,MixedBreccia,crater_ejecta_clump,Rim,Rim,274,1.1116159695227026,1.1116159695227026,64.33030035604204,9.731840248804238,0.003,1.0,77,,unreal_rockfield.json,unreal_rockfield.json,nan,nan,nan
725,-172.32846147750473,194.98526284351712,0.28566602904465993,Small,MixedBreccia,crater_ejecta_clump,Rim,Rim,274,1.1473112638513152,1.1473112638513152,66.3960218537666,9.731840248804238,0.003,1.0,78,,unreal_rockfield.json,unreal_rockfield.json,nan,nan,nan
726,-169.9645043938336,194.98203053195425,0.30697280971935326,Medium,MixedBreccia,crater_ejecta_clump,Rim,Rim,274,1.113820071689254,1.113820071689254,64.45785389816193,9.731840248804238,0.003,1.0,78,,unreal_rockfield.json,unreal_rockfield.json,nan,nan,nan
727,-173.40178960142939,195.90907579416356,0.28819476566093155,Small,MixedBreccia,crater_ejecta_clump,Rim,Rim,274,1.153895518497632,1.153895518497632,66.77705909201363,9.731840248804238,0.003,1.0,78,,unreal_rockfield.json,unreal_rockfield.json,nan,nan,nan
728,-170.23317188587546,196.4477942848514,0.3141431261842993,Medium,MixedBreccia,crater_ejecta_clump,Rim,Rim,274,1.1031602291762743,1.1031602291762743,63.840958415001026,9.731840248804238,0.003,1.0,78,,unreal_rockfield.json,unreal_rockfield.json,nan,nan,nan
729,-176.56720836346045,195.7308800288426,0.34418995831606036,Medium,MixedBreccia,crater_ejecta_clump,ProximalEjecta,ProximalEjecta,274,1.201714502419107,1.201714502419107,69.54439033115557,3.9103056500797413,0.003,1.0,78,,unreal_rockfield.json,unreal_rockfield.json,nan,nan,nan
730,-172.16220058817993,199.20003705519807,0.2695362845073587,Small,MixedBreccia,crater_ejecta_clump,Rim,Rim,274,1.1054895024205602,1.1054895024205602,63.975755729473335,9.731840248804238,0.003,1.0,78,,unreal_rockfield.json,unreal_rockfield.json,nan,nan,nan
731,-187.68370170797564,231.98948659125293,0.36683707726105724,Medium,MixedBreccia,crater_ejecta_clump,ProximalEjecta,ProximalEjecta,274,1.2135919509772788,1.2135919509772788,70.23174986372752,3.887152241879365,0.003,1.0,79,,unreal_rockfield.json,unreal_rockfield.json,nan,nan,nan
732,-189.88102333493958,229.03411542112238,0.2700944379502552,Small,MixedBreccia,crater_ejecta_clump,ProximalEjecta,ProximalEjecta,274,1.252865449011674,1.252865449011674,72.50454549985882,3.8115657740049174,0.003,1.0,79,,unreal_rockfield.json,unreal_rockfield.json,nan,nan,nan
733,-188.2523963408851,227.3652937466998,0.2709205854709953,Small,MixedBreccia,crater_ejecta_clump,ProximalEjecta,ProximalEjecta,274,1.2264461968473332,1.2264461968473332,70.97563760944429,3.8622491498949585,0.003,1.0,79,,unreal_rockfield.json,unreal_rockfield.json,nan,nan,nan
734,-185.43918354661432,228.74159724774674,0.3201605871897566,Medium,MixedBreccia,crater_ejecta_clump,Rim,Rim,274,1.1764555375195582,1.1764555375195582,68.08262939642522,9.731840248804238,0.003,1.0,79,,unreal_rockfield.json,unreal_rockfield.json,nan,nan,nan
735,-189.42266905143967,228.5575290115693,0.3126841610022547,Medium,MixedBreccia,crater_ejecta_clump,ProximalEjecta,ProximalEjecta,274,1.2453612790927355,1.2453612790927355,72.07027186755812,3.8258939560863205,0.003,1.0,79,,unreal_rockfield.json,unreal_rockfield.json,nan,nan,nan
736,-184.68684478094374,228.56498204019448,0.29395848274761777,Small,MixedBreccia,crater_ejecta_clump,Rim,Rim,274,1.1636420147702877,1.1636420147702877,67.34109833742696,9.731840248804238,0.003,1.0,79,,unreal_rockfield.json,unreal_rockfield.json,nan,nan,nan
737,-77.18053084331598,189.1439155411659,0.292524243314768,Small,MixedBreccia,crater_ejecta_clump,Rim,Rim,274,1.0207932766865113,1.0207932766865113,59.07430253891334,9.731840248804238,0.003,1.0,80,,unreal_rockfield.json,unreal_rockfield.json,nan,nan,nan
738,89.24375133518481,1.3962218085268887,0.2605028261026305,Small,RegolithCovered,background_regolith,Background,Background,-1,-1.0,-1.0,-1.0,0.0,0.012,1.0,-1,,unreal_rockfield.json,unreal_rockfield.json,nan,nan,nan
739,122.98196356089971,77.09738456373788,0.31760844185928744,Medium,RegolithCovered,background_regolith,Background,Background,-1,-1.0,-1.0,-1.0,0.0,0.012,1.0,-1,,unreal_rockfield.json,unreal_rockfield.json,nan,nan,nan
740,-217.284157841731,-191.67912839136937,0.32441471818149015,Medium,RegolithCovered,background_regolith,Background,Background,-1,-1.0,-1.0,-1.0,0.0,0.012,1.0,-1,,unreal_rockfield.json,unreal_rockfield.json,nan,nan,nan
741,-144.3449201940977,215.60563982055112,0.3197348406355454,Medium,RegolithCovered,background_regolith,Background,Background,-1,-1.0,-1.0,-1.0,0.0,0.012,1.0,-1,,unreal_rockfield.json,unreal_rockfield.json,nan,nan,nan
742,-30.877101962340163,217.009491256447,0.2867021774391437,Small,RegolithCovered,background_regolith,Background,Background,-1,-1.0,-1.0,-1.0,0.0,0.012,1.0,-1,,unreal_rockfield.json,unreal_rockfield.json,nan,nan,nan
743,72.56538590655231,-17.70836512344738,0.2774889731913071,Small,RegolithCovered,background_regolith,Background,Background,-1,-1.0,-1.0,-1.0,0.0,0.012,1.0,-1,,unreal_rockfield.json,unreal_rockfield.json,nan,nan,nan
744,230.94119083223973,151.45573290200508,0.28024087179221413,Small,RegolithCovered,background_regolith,Background,Background,-1,-1.0,-1.0,-1.0,0.0,0.012,1.0,-1,,unreal_rockfield.json,unreal_rockfield.json,nan,nan,nan
745,27.29117709891051,90.38819544053467,0.2730023134297204,Small,RegolithCovered,background_regolith,Background,Background,-1,-1.0,-1.0,-1.0,0.0,0.012,1.0,-1,,unreal_rockfield.json,unreal_rockfield.json,nan,nan,nan
746,-147.28995635853147,214.27808465834528,0.2679075057211481,Small,RegolithCovered,background_regolith,Background,Background,-1,-1.0,-1.0,-1.0,0.0,0.012,1.0,-1,,unreal_rockfield.json,unreal_rockfield.json,nan,nan,nan
747,-155.16373180333875,98.56715598010192,0.2757479833943244,Small,RegolithCovered,background_regolith,Background,Background,-1,-1.0,-1.0,-1.0,0.0,0.012,1.0,-1,,unreal_rockfield.json,unreal_rockfield.json,nan,nan,nan
748,146.16077150791955,-66.85842463454082,0.28647541299536006,Small,RegolithCovered,background_regolith,Background,Background,-1,-1.0,-1.0,-1.0,0.0,0.012,1.0,-1,,unreal_rockfield.json,unreal_rockfield.json,nan,nan,nan
749,238.0977813043611,-190.97720267342143,0.3659697346455476,Medium,RegolithCovered,background_regolith,Background,Background,-1,-1.0,-1.0,-1.0,0.0,0.012,1.0,-1,,unreal_rockfield.json,unreal_rockfield.json,nan,nan,nan
750,95.88152714621418,-203.91705069124424,0.2949949504784728,Small,RegolithCovered,background_regolith,Background,Background,-1,-1.0,-1.0,-1.0,0.0,0.012,1.0,-1,,unreal_rockfield.json,unreal_rockfield.json,nan,nan,nan
751,-184.20209356975005,-117.16818750572222,0.30623218556574583,Medium,RegolithCovered,background_regolith,Background,Background,-1,-1.0,-1.0,-1.0,0.0,0.012,1.0,-1,,unreal_rockfield.json,unreal_rockfield.json,nan,nan,nan
752,-43.481246375927014,-120.35737174596392,0.26437429517217875,Small,RegolithCovered,background_regolith,Background,Background,-1,-1.0,-1.0,-1.0,0.0,0.012,1.0,-1,,unreal_rockfield.json,unreal_rockfield.json,nan,nan,nan
753,-114.83352153080844,-108.65352336191899,0.2736654068860753,Small,RegolithCovered,background_regolith,Background,Background,-1,-1.0,-1.0,-1.0,0.0,0.012,1.0,-1,,unreal_rockfield.json,unreal_rockfield.json,nan,nan,nan
754,177.01498458815274,-134.68581194494462,0.37473872591840196,Medium,RegolithCovered,background_regolith,Background,Background,-1,-1.0,-1.0,-1.0,0.0,0.012,1.0,-1,,unreal_rockfield.json,unreal_rockfield.json,nan,nan,nan
755,-37.24021118808557,32.78450880459002,0.27138864131417506,Small,RegolithCovered,background_regolith,Background,Background,-1,-1.0,-1.0,-1.0,0.0,0.012,1.0,-1,,unreal_rockfield.json,unreal_rockfield.json,nan,nan,nan
756,202.7115695669424,3.883480330820646,0.26428940479908086,Small,RegolithCovered,background_regolith,Background,Background,-1,-1.0,-1.0,-1.0,0.0,0.012,1.0,-1,,unreal_rockfield.json,unreal_rockfield.json,nan,nan,nan
757,105.98315378276925,-190.90090639973144,0.33227809760024246,Medium,RegolithCovered,background_regolith,Background,Background,-1,-1.0,-1.0,-1.0,0.0,0.012,1.0,-1,,unreal_rockfield.json,unreal_rockfield.json,nan,nan,nan
758,-1.9760734885708189,63.57768486587116,0.33316413807357764,Medium,RegolithCovered,background_regolith,Background,Background,-1,-1.0,-1.0,-1.0,0.0,0.012,1.0,-1,,unreal_rockfield.json,unreal_rockfield.json,nan,nan,nan
759,97.20908230842008,-234.67970824304942,0.30964396761631996,Medium,RegolithCovered,background_regolith,Background,Background,-1,-1.0,-1.0,-1.0,0.0,0.012,1.0,-1,,unreal_rockfield.json,unreal_rockfield.json,nan,nan,nan
760,228.9574877162999,-78.71486556596577,0.28177333362202983,Small,RegolithCovered,background_regolith,Background,Background,-1,-1.0,-1.0,-1.0,0.0,0.012,1.0,-1,,unreal_rockfield.json,unreal_rockfield.json,nan,nan,nan
761,-104.59456160161136,131.1761833552049,0.27140004635249765,Small,RegolithCovered,background_regolith,Background,Background,-1,-1.0,-1.0,-1.0,0.0,0.012,1.0,-1,,unreal_rockfield.json,unreal_rockfield.json,nan,nan,nan
762,133.52610858485667,166.54713583788566,0.26100132119452885,Small,RegolithCovered,background_regolith,Background,Background,-1,-1.0,-1.0,-1.0,0.0,0.012,1.0,-1,,unreal_rockfield.json,unreal_rockfield.json,nan,nan,nan
763,49.737540818506375,59.076204718161534,0.28326432018917924,Small,RegolithCovered,background_regolith,Background,Background,-1,-1.0,-1.0,-1.0,0.0,0.012,1.0,-1,,unreal_rockfield.json,unreal_rockfield.json,nan,nan,nan
764,-122.8446302682577,-179.02920621356853,0.38061211448286036,Medium,RegolithCovered,background_regolith,Background,Background,-1,-1.0,-1.0,-1.0,0.0,0.012,1.0,-1,,unreal_rockfield.json,unreal_rockfield.json,nan,nan,nan
765,-113.99426252021851,-187.72698141422774,0.34096913707090554,Medium,RegolithCovered,background_regolith,Background,Background,-1,-1.0,-1.0,-1.0,0.0,0.012,1.0,-1,,unreal_rockfield.json,unreal_rockfield.json,nan,nan,nan
766,-174.81765190588092,-29.290139469588297,0.27464747067909706,Small,RegolithCovered,background_regolith,Background,Background,-1,-1.0,-1.0,-1.0,0.0,0.012,1.0,-1,,unreal_rockfield.json,unreal_rockfield.json,nan,nan,nan
767,166.71498764000364,-92.66182439649648,0.4138374817466827,Medium,RegolithCovered,background_regolith,Background,Background,-1,-1.0,-1.0,-1.0,0.0,0.012,1.0,-1,,unreal_rockfield.json,unreal_rockfield.json,nan,nan,nan
768,-144.3296609393597,201.53660695211647,0.27293072959771186,Small,RegolithCovered,background_regolith,Background,Background,-1,-1.0,-1.0,-1.0,0.0,0.012,1.0,-1,,unreal_rockfield.json,unreal_rockfield.json,nan,nan,nan
769,25.673696096682647,47.25028229621262,0.2662008213982771,Small,RegolithCovered,background_regolith,Background,Background,-1,-1.0,-1.0,-1.0,0.0,0.012,1.0,-1,,unreal_rockfield.json,unreal_rockfield.json,nan,nan,nan
770,-232.02459791863765,155.6062501907407,0.3125497644402468,Medium,RegolithCovered,background_regolith,Background,Background,-1,-1.0,-1.0,-1.0,0.0,0.012,1.0,-1,,unreal_rockfield.json,unreal_rockfield.json,nan,nan,nan
771,227.53837702566602,-121.05929746391186,0.29219766166152744,Small,RegolithCovered,background_regolith,Background,Background,-1,-1.0,-1.0,-1.0,0.0,0.012,1.0,-1,,unreal_rockfield.json,unreal_rockfield.json,nan,nan,nan
772,204.8478652302622,230.72756126590775,0.4144981388320107,Medium,RegolithCovered,background_regolith,Background,Background,-1,-1.0,-1.0,-1.0,0.0,0.012,1.0,-1,,unreal_rockfield.json,unreal_rockfield.json,nan,nan,nan
773,137.12729270302435,-137.56981109042636,0.2666593236890807,Small,RegolithCovered,background_regolith,Background,Background,-1,-1.0,-1.0,-1.0,0.0,0.012,1.0,-1,,unreal_rockfield.json,unreal_rockfield.json,nan,nan,nan
774,-14.549699392681674,-144.10077211828974,0.2634856263356315,Small,RegolithCovered,background_regolith,Background,Background,-1,-1.0,-1.0,-1.0,0.0,0.012,1.0,-1,,unreal_rockfield.json,unreal_rockfield.json,nan,nan,nan
775,142.42225409710989,33.41013824884794,0.3170676777428846,Medium,RegolithCovered,background_regolith,Background,Background,-1,-1.0,-1.0,-1.0,0.0,0.012,1.0,-1,,unreal_rockfield.json,unreal_rockfield.json,nan,nan,nan
776,31.029694509720173,-161.17587817011017,0.5085486490061535,Medium,RegolithCovered,background_regolith,Background,Background,-1,-1.0,-1.0,-1.0,0.0,0.012,1.0,-1,,unreal_rockfield.json,unreal_rockfield.json,nan,nan,nan
777,93.66893520920439,-133.57188634907072,0.26985585008140567,Small,RegolithCovered,background_regolith,Background,Background,-1,-1.0,-1.0,-1.0,0.0,0.012,1.0,-1,,unreal_rockfield.json,unreal_rockfield.json,nan,nan,nan
778,-159.40580462050232,-71.8482009338664,0.26946837351744723,Small,RegolithCovered,background_regolith,Background,Background,-1,-1.0,-1.0,-1.0,0.0,0.012,1.0,-1,,unreal_rockfield.json,unreal_rockfield.json,nan,nan,nan
779,39.712210455641355,-12.45918149357587,0.314231220112335,Medium,RegolithCovered,background_regolith,Background,Background,-1,-1.0,-1.0,-1.0,0.0,0.012,1.0,-1,,unreal_rockfield.json,unreal_rockfield.json,nan,nan,nan
780,-68.79634998626665,-95.48478652302623,0.2931220259503052,Small,RegolithCovered,background_regolith,Background,Background,-1,-1.0,-1.0,-1.0,0.0,0.012,1.0,-1,,unreal_rockfield.json,unreal_rockfield.json,nan,nan,nan
781,95.46952726828823,-168.22565385906552,0.26400971530373435,Small,RegolithCovered,background_regolith,Background,Background,-1,-1.0,-1.0,-1.0,0.0,0.012,1.0,-1,,unreal_rockfield.json,unreal_rockfield.json,nan,nan,nan
782,-20.57710501419112,145.85558641315959,0.2802534287715509,Small,RegolithCovered,background_regolith,Background,Background,-1,-1.0,-1.0,-1.0,0.0,0.012,1.0,-1,,unreal_rockfield.json,unreal_rockfield.json,nan,nan,nan
783,102.27515488143558,180.2652058473464,0.3277492956914404,Medium,RegolithCovered,background_regolith,Background,Background,-1,-1.0,-1.0,-1.0,0.0,0.012,1.0,-1,,unreal_rockfield.json,unreal_rockfield.json,nan,nan,nan
784,-220.3817865535447,143.0173650318918,0.2603693327592008,Small,RegolithCovered,background_regolith,Background,Background,-1,-1.0,-1.0,-1.0,0.0,0.012,1.0,-1,,unreal_rockfield.json,unreal_rockfield.json,nan,nan,nan
785,-219.20682393871883,29.610583819086287,0.32663561457940926,Medium,RegolithCovered,background_regolith,Background,Background,-1,-1.0,-1.0,-1.0,0.0,0.012,1.0,-1,,unreal_rockfield.json,unreal_rockfield.json,nan,nan,nan
786,-246.07837153233436,-192.12164677877132,0.32988213384807114,Medium,RegolithCovered,background_regolith,Background,Background,-1,-1.0,-1.0,-1.0,0.0,0.012,1.0,-1,,unreal_rockfield.json,unreal_rockfield.json,nan,nan,nan
787,-237.77733695486313,132.61055330057678,0.27269824288869693,Small,RegolithCovered,background_regolith,Background,Background,-1,-1.0,-1.0,-1.0,0.0,0.012,1.0,-1,,unreal_rockfield.json,unreal_rockfield.json,nan,nan,nan
788,-201.0483108005005,55.73442793053988,0.2800322324907143,Small,RegolithCovered,background_regolith,Background,Background,-1,-1.0,-1.0,-1.0,0.0,0.012,1.0,-1,,unreal_rockfield.json,unreal_rockfield.json,nan,nan,nan
789,156.73543504135256,-10.841700491348007,0.28211335390346315,Small,RegolithCovered,background_regolith,Background,Background,-1,-1.0,-1.0,-1.0,0.0,0.012,1.0,-1,,unreal_rockfield.json,unreal_rockfield.json,nan,nan,nan
790,-78.40968047120577,-5.7298501541184805,0.2835269086771435,Small,RegolithCovered,background_regolith,Background,Background,-1,-1.0,-1.0,-1.0,0.0,0.012,1.0,-1,,unreal_rockfield.json,unreal_rockfield.json,nan,nan,nan
791,113.47544785912658,249.57274086733605,0.3779302033596737,Medium,RegolithCovered,background_regolith,Background,Background,-1,-1.0,-1.0,-1.0,0.0,0.012,1.0,-1,,unreal_rockfield.json,unreal_rockfield.json,nan,nan,nan
792,87.183751945555,50.790429395428305,0.26520377433241904,Small,RegolithCovered,background_regolith,Background,Background,-1,-1.0,-1.0,-1.0,0.0,0.012,1.0,-1,,unreal_rockfield.json,unreal_rockfield.json,nan,nan,nan
793,83.36893826105535,103.84685811944945,0.364353522628709,Medium,RegolithCovered,background_regolith,Background,Background,-1,-1.0,-1.0,-1.0,0.0,0.012,1.0,-1,,unreal_rockfield.json,unreal_rockfield.json,nan,nan,nan
794,167.96624652851955,-46.182134464552746,0.26730160208561576,Small,RegolithCovered,background_regolith,Background,Background,-1,-1.0,-1.0,-1.0,0.0,0.012,1.0,-1,,unreal_rockfield.json,unreal_rockfield.json,nan,nan,nan
795,151.42521439252909,-38.979766228217414,0.26826136185631677,Small,RegolithCovered,background_regolith,Background,Background,-1,-1.0,-1.0,-1.0,0.0,0.012,1.0,-1,,unreal_rockfield.json,unreal_rockfield.json,nan,nan,nan
796,22.667622913296952,93.91308328501236,0.33533132136090416,Medium,RegolithCovered,background_regolith,Background,Background,-1,-1.0,-1.0,-1.0,0.0,0.012,1.0,-1,,unreal_rockfield.json,unreal_rockfield.json,nan,nan,nan
797,-203.77971739860226,-244.01837214270455,0.28345364981540444,Small,RegolithCovered,background_regolith,Background,Background,-1,-1.0,-1.0,-1.0,0.0,0.012,1.0,-1,,unreal_rockfield.json,unreal_rockfield.json,nan,nan,nan
798,249.43540757469407,-142.01025421918393,0.28225247479505455,Small,RegolithCovered,background_regolith,Background,Background,-1,-1.0,-1.0,-1.0,0.0,0.012,1.0,-1,,unreal_rockfield.json,unreal_rockfield.json,nan,nan,nan
799,199.1561632129887,248.16888943144016,0.28432390142327585,Small,RegolithCovered,background_regolith,Background,Background,-1,-1.0,-1.0,-1.0,0.0,0.012,1.0,-1,,unreal_rockfield.json,unreal_rockfield.json,nan,nan,nan
800,218.90163884395884,-1.1978514969328842,0.5592625649363274,Medium,RegolithCovered,background_regolith,Background,Background,-1,-1.0,-1.0,-1.0,0.0,0.012,1.0,-1,,unreal_rockfield.json,unreal_rockfield.json,nan,nan,nan
801,201.2009033478805,-118.05322428052614,0.37696943448646486,Medium,RegolithCovered,background_regolith,Background,Background,-1,-1.0,-1.0,-1.0,0.0,0.012,1.0,-1,,unreal_rockfield.json,unreal_rockfield.json,nan,nan,nan
802,-197.03512680440687,-94.7065645313883,0.2691676018881402,Small,RegolithCovered,background_regolith,Background,Background,-1,-1.0,-1.0,-1.0,0.0,0.012,1.0,-1,,unreal_rockfield.json,unreal_rockfield.json,nan,nan,nan
803,129.57396160771503,-147.25943784905547,0.2912164143597199,Small,RegolithCovered,background_regolith,Background,Background,-1,-1.0,-1.0,-1.0,0.0,0.012,1.0,-1,,unreal_rockfield.json,unreal_rockfield.json,nan,nan,nan
804,-49.09665211951048,216.67378765221105,0.29661520351235093,Small,RegolithCovered,background_regolith,Background,Background,-1,-1.0,-1.0,-1.0,0.0,0.012,1.0,-1,,unreal_rockfield.json,unreal_rockfield.json,nan,nan,nan
805,-73.86242255928221,149.54832605975525,0.5874608706918018,Medium,RegolithCovered,background_regolith,Background,Background,-1,-1.0,-1.0,-1.0,0.0,0.012,1.0,-1,,unreal_rockfield.json,unreal_rockfield.json,nan,nan,nan
806,119.82329783013398,10.719626453443993,0.2604626038012807,Small,RegolithCovered,background_regolith,Background,Background,-1,-1.0,-1.0,-1.0,0.0,0.012,1.0,-1,,unreal_rockfield.json,unreal_rockfield.json,nan,nan,nan
807,242.78237250892664,215.7582323679311,0.29600748602123245,Small,RegolithCovered,background_regolith,Background,Background,-1,-1.0,-1.0,-1.0,0.0,0.012,1.0,-1,,unreal_rockfield.json,unreal_rockfield.json,nan,nan,nan
808,225.32578508865623,234.16089358195745,0.2623184840972518,Small,RegolithCovered,background_regolith,Background,Background,-1,-1.0,-1.0,-1.0,0.0,0.012,1.0,-1,,unreal_rockfield.json,unreal_rockfield.json,nan,nan,nan
809,-136.15070039979247,169.6295052949614,0.40879014181845885,Medium,RegolithCovered,background_regolith,Background,Background,-1,-1.0,-1.0,-1.0,0.0,0.012,1.0,-1,,unreal_rockfield.json,unreal_rockfield.json,nan,nan,nan
810,-70.27649769585253,64.41694387646106,0.26528279974010743,Small,RegolithCovered,background_regolith,Background,Background,-1,-1.0,-1.0,-1.0,0.0,0.012,1.0,-1,,unreal_rockfield.json,unreal_rockfield.json,nan,nan,nan
811,-91.99041718802454,-57.657094027527705,0.3177531240207906,Medium,RegolithCovered,background_regolith,Background,Background,-1,-1.0,-1.0,-1.0,0.0,0.012,1.0,-1,,unreal_rockfield.json,unreal_rockfield.json,nan,nan,nan
812,-84.20819727164525,-61.07516708883941,0.43083935649796207,Medium,RegolithCovered,background_regolith,Background,Background,-1,-1.0,-1.0,-1.0,0.0,0.012,1.0,-1,,unreal_rockfield.json,unreal_rockfield.json,nan,nan,nan
813,190.5652027954955,-86.17664113284707,0.2761542816558261,Small,RegolithCovered,background_regolith,Background,Background,-1,-1.0,-1.0,-1.0,0.0,0.012,1.0,-1,,unreal_rockfield.json,unreal_rockfield.json,nan,nan,nan
814,-6.96584978789636,-5.8214056825464695,0.2660344672492878,Small,RegolithCovered,background_regolith,Background,Background,-1,-1.0,-1.0,-1.0,0.0,0.012,1.0,-1,,unreal_rockfield.json,unreal_rockfield.json,nan,nan,nan
815,-170.13306070131534,-159.8025452436903,0.2955168243525134,Small,RegolithCovered,background_regolith,Background,Background,-1,-1.0,-1.0,-1.0,0.0,0.012,1.0,-1,,unreal_rockfield.json,unreal_rockfield.json,nan,nan,nan
816,135.70818201239047,62.54005554368723,0.33950591072848585,Medium,RegolithCovered,background_regolith,Background,Background,-1,-1.0,-1.0,-1.0,0.0,0.012,1.0,-1,,unreal_rockfield.json,unreal_rockfield.json,nan,nan,nan
817,94.32508316293831,-239.94415112765893,0.26645541220288166,Small,RegolithCovered,background_regolith,Background,Background,-1,-1.0,-1.0,-1.0,0.0,0.012,1.0,-1,,unreal_rockfield.json,unreal_rockfield.json,nan,nan,nan
818,47.14346751304663,115.91692861720634,0.4388154092972836,Medium,RegolithCovered,background_regolith,Background,Background,-1,-1.0,-1.0,-1.0,0.0,0.012,1.0,-1,,unreal_rockfield.json,unreal_rockfield.json,nan,nan,nan
819,47.58598590044858,-172.11676381725516,0.31963548404626424,Medium,RegolithCovered,background_regolith,Background,Background,-1,-1.0,-1.0,-1.0,0.0,0.012,1.0,-1,,unreal_rockfield.json,unreal_rockfield.json,nan,nan,nan
820,-229.87304300057986,59.73235267189551,0.26910806582011504,Small,RegolithCovered,background_regolith,Background,Background,-1,-1.0,-1.0,-1.0,0.0,0.012,1.0,-1,,unreal_rockfield.json,unreal_rockfield.json,nan,nan,nan
821,197.8743858149968,-162.0151371807001,0.3519599782237736,Medium,RegolithCovered,background_regolith,Background,Background,-1,-1.0,-1.0,-1.0,0.0,0.012,1.0,-1,,unreal_rockfield.json,unreal_rockfield.json,nan,nan,nan
822,-95.7289345988342,6.721701712088361,0.27155519972774705,Small,RegolithCovered,background_regolith,Background,Background,-1,-1.0,-1.0,-1.0,0.0,0.012,1.0,-1,,unreal_rockfield.json,unreal_rockfield.json,nan,nan,nan
823,27.3674733726005,-239.77629932554095,0.35359811746917647,Medium,RegolithCovered,background_regolith,Background,Background,-1,-1.0,-1.0,-1.0,0.0,0.012,1.0,-1,,unreal_rockfield.json,unreal_rockfield.json,nan,nan,nan
824,-161.19113742484816,33.68480483413191,0.2975654199325066,Small,RegolithCovered,background_regolith,Background,Background,-1,-1.0,-1.0,-1.0,0.0,0.012,1.0,-1,,unreal_rockfield.json,unreal_rockfield.json,nan,nan,nan
825,-89.88464003418073,96.04937894833216,0.3658022367639351,Medium,RegolithCovered,background_regolith,Background,Background,-1,-1.0,-1.0,-1.0,0.0,0.012,1.0,-1,,unreal_rockfield.json,unreal_rockfield.json,nan,nan,nan
826,247.65007477034823,-115.39811395611437,0.28897288402543997,Small,RegolithCovered,background_regolith,Background,Background,-1,-1.0,-1.0,-1.0,0.0,0.012,1.0,-1,,unreal_rockfield.json,unreal_rockfield.json,nan,nan,nan
827,-43.26761680959501,-32.448805200354,0.2619666889405406,Small,RegolithCovered,background_regolith,Background,Background,-1,-1.0,-1.0,-1.0,0.0,0.012,1.0,-1,,unreal_rockfield.json,unreal_rockfield.json,nan,nan,nan
828,112.05633716849269,66.52272103030487,0.2814797721705649,Small,RegolithCovered,background_regolith,Background,Background,-1,-1.0,-1.0,-1.0,0.0,0.012,1.0,-1,,unreal_rockfield.json,unreal_rockfield.json,nan,nan,nan
829,190.6872768333995,-237.89941099276712,0.3276571223777851,Medium,RegolithCovered,background_regolith,Background,Background,-1,-1.0,-1.0,-1.0,0.0,0.012,1.0,-1,,unreal_rockfield.json,unreal_rockfield.json,nan,nan,nan
830,-77.41782891323587,229.5831171605579,0.3384626810622222,Medium,RegolithCovered,background_regolith,Background,Background,-1,-1.0,-1.0,-1.0,0.0,0.012,1.0,-1,,unreal_rockfield.json,unreal_rockfield.json,nan,nan,nan
831,100.38300729392375,55.67339091158789,0.26153053913414787,Small,RegolithCovered,background_regolith,Background,Background,-1,-1.0,-1.0,-1.0,0.0,0.012,1.0,-1,,unreal_rockfield.json,unreal_rockfield.json,nan,nan,nan
832,151.4099551377911,64.46272164067506,0.28079969544162764,Small,RegolithCovered,background_regolith,Background,Background,-1,-1.0,-1.0,-1.0,0.0,0.012,1.0,-1,,unreal_rockfield.json,unreal_rockfield.json,nan,nan,nan
833,-37.987914670247505,119.56389049958801,0.3533166918165272,Medium,RegolithCovered,background_regolith,Background,Background,-1,-1.0,-1.0,-1.0,0.0,0.012,1.0,-1,,unreal_rockfield.json,unreal_rockfield.json,nan,nan,nan
834,-230.20874660481581,130.275887325663,0.28824898646634506,Small,RegolithCovered,background_regolith,Background,Background,-1,-1.0,-1.0,-1.0,0.0,0.012,1.0,-1,,unreal_rockfield.json,unreal_rockfield.json,nan,nan,nan
835,-172.9712820825831,-236.49555955687123,0.2927642542024245,Small,RegolithCovered,background_regolith,Background,Background,-1,-1.0,-1.0,-1.0,0.0,0.012,1.0,-1,,unreal_rockfield.json,unreal_rockfield.json,nan,nan,nan
836,197.0961638233589,-23.01858577227088,0.32373219825209126,Medium,RegolithCovered,background_regolith,Background,Background,-1,-1.0,-1.0,-1.0,0.0,0.012,1.0,-1,,unreal_rockfield.json,unreal_rockfield.json,nan,nan,nan
837,153.21054719687487,-229.38474684896389,0.2929856117133284,Small,RegolithCovered,background_regolith,Background,Background,-1,-1.0,-1.0,-1.0,0.0,0.012,1.0,-1,,unreal_rockfield.json,unreal_rockfield.json,nan,nan,nan
838,-202.63527329325237,90.51026947843866,0.2784114154036316,Small,RegolithCovered,background_regolith,Background,Background,-1,-1.0,-1.0,-1.0,0.0,0.012,1.0,-1,,unreal_rockfield.json,unreal_rockfield.json,nan,nan,nan
839,166.48609881893367,-74.82375560777612,0.29818174211475507,Small,RegolithCovered,background_regolith,Background,Background,-1,-1.0,-1.0,-1.0,0.0,0.012,1.0,-1,,unreal_rockfield.json,unreal_rockfield.json,nan,nan,nan
840,73.9539780877102,-0.5874813074129577,0.29009005964441015,Small,RegolithCovered,background_regolith,Background,Background,-1,-1.0,-1.0,-1.0,0.0,0.012,1.0,-1,,unreal_rockfield.json,unreal_rockfield.json,nan,nan,nan
841,110.17944883571886,-191.08401745658742,0.4456410261343814,Medium,RegolithCovered,background_regolith,Background,Background,-1,-1.0,-1.0,-1.0,0.0,0.012,1.0,-1,,unreal_rockfield.json,unreal_rockfield.json,nan,nan,nan
842,238.60133671071503,-219.83245338297678,0.2753463016281812,Small,RegolithCovered,background_regolith,Background,Background,-1,-1.0,-1.0,-1.0,0.0,0.012,1.0,-1,,unreal_rockfield.json,unreal_rockfield.json,nan,nan,nan
843,6.263924069948416,-166.54713583788566,0.28105991159773064,Small,RegolithCovered,background_regolith,Background,Background,-1,-1.0,-1.0,-1.0,0.0,0.012,1.0,-1,,unreal_rockfield.json,unreal_rockfield.json,nan,nan,nan
844,37.78954435865353,118.28211310159617,0.2661518094547816,Small,RegolithCovered,background_regolith,Background,Background,-1,-1.0,-1.0,-1.0,0.0,0.012,1.0,-1,,unreal_rockfield.json,unreal_rockfield.json,nan,nan,nan
845,-143.73455000457778,73.11471907712024,0.2721811509068846,Small,RegolithCovered,background_regolith,Background,Background,-1,-1.0,-1.0,-1.0,0.0,0.012,1.0,-1,,unreal_rockfield.json,unreal_rockfield.json,nan,nan,nan
846,-207.6250495925779,-35.05813776055177,0.3094530502926144,Medium,RegolithCovered,background_regolith,Background,Background,-1,-1.0,-1.0,-1.0,0.0,0.012,1.0,-1,,unreal_rockfield.json,unreal_rockfield.json,nan,nan,nan
847,-212.49275185399944,51.49235511337622,0.3302721789250128,Medium,RegolithCovered,background_regolith,Background,Background,-1,-1.0,-1.0,-1.0,0.0,0.012,1.0,-1,,unreal_rockfield.json,unreal_rockfield.json,nan,nan,nan
848,234.08459730826746,108.80611590929902,0.26982002033084634,Small,RegolithCovered,background_regolith,Background,Background,-1,-1.0,-1.0,-1.0,0.0,0.012,1.0,-1,,unreal_rockfield.json,unreal_rockfield.json,nan,nan,nan
849,-62.097537156285284,-96.62923062837612,0.2654455151462701,Small,RegolithCovered,background_regolith,Background,Background,-1,-1.0,-1.0,-1.0,0.0,0.012,1.0,-1,,unreal_rockfield.json,unreal_rockfield.json,nan,nan,nan
850,93.16537980285045,98.87234107486194,0.4543833410579249,Medium,RegolithCovered,background_regolith,Background,Background,-1,-1.0,-1.0,-1.0,0.0,0.012,1.0,-1,,unreal_rockfield.json,unreal_rockfield.json,nan,nan,nan
851,-191.03823969237342,-30.40406506546219,0.30178504734608097,Medium,RegolithCovered,background_regolith,Background,Background,-1,-1.0,-1.0,-1.0,0.0,0.012,1.0,-1,,unreal_rockfield.json,unreal_rockfield.json,nan,nan,nan
852,190.82461012604148,-156.09454634235664,0.2623960498976499,Small,RegolithCovered,background_regolith,Background,Background,-1,-1.0,-1.0,-1.0,0.0,0.012,1.0,-1,,unreal_rockfield.json,unreal_rockfield.json,nan,nan,nan
853,-160.38239692373423,72.73323770867029,0.3776078232235712,Medium,RegolithCovered,background_regolith,Background,Background,-1,-1.0,-1.0,-1.0,0.0,0.012,1.0,-1,,unreal_rockfield.json,unreal_rockfield.json,nan,nan,nan
854,207.21304971465196,-185.33127842036197,0.3039156620691755,Medium,RegolithCovered,background_regolith,Background,Background,-1,-1.0,-1.0,-1.0,0.0,0.012,1.0,-1,,unreal_rockfield.json,unreal_rockfield.json,nan,nan,nan
855,-1.0605182042909007,154.12610248115482,0.26549352107709356,Small,RegolithCovered,background_regolith,Background,Background,-1,-1.0,-1.0,-1.0,0.0,0.012,1.0,-1,,unreal_rockfield.json,unreal_rockfield.json,nan,nan,nan
856,17.433698538163412,24.147770622882774,0.39114089946935593,Medium,RegolithCovered,background_regolith,Background,Background,-1,-1.0,-1.0,-1.0,0.0,0.012,1.0,-1,,unreal_rockfield.json,unreal_rockfield.json,nan,nan,nan
857,202.6963103122044,-184.842982268746,0.5620674799509688,Medium,RegolithCovered,background_regolith,Background,Background,-1,-1.0,-1.0,-1.0,0.0,0.012,1.0,-1,,unreal_rockfield.json,unreal_rockfield.json,nan,nan,nan
858,202.0554216132084,-204.3137913144322,0.287777577091239,Small,RegolithCovered,background_regolith,Background,Background,-1,-1.0,-1.0,-1.0,0.0,0.012,1.0,-1,,unreal_rockfield.json,unreal_rockfield.json,nan,nan,nan
859,-235.61052278206733,-214.90371410260323,0.3030085267622528,Medium,RegolithCovered,background_regolith,Background,Background,-1,-1.0,-1.0,-1.0,0.0,0.012,1.0,-1,,unreal_rockfield.json,unreal_rockfield.json,nan,nan,nan
860,231.6125980407117,187.9406109805597,0.26246751853036254,Small,RegolithCovered,background_regolith,Background,Background,-1,-1.0,-1.0,-1.0,0.0,0.012,1.0,-1,,unreal_rockfield.json,unreal_rockfield.json,nan,nan,nan
861,-168.04254280220954,122.03588976714377,0.2900106993531117,Small,RegolithCovered,background_regolith,Background,Background,-1,-1.0,-1.0,-1.0,0.0,0.012,1.0,-1,,unreal_rockfield.json,unreal_rockfield.json,nan,nan,nan
862,86.23767815179906,-235.9309671315653,0.2691538536751889,Small,RegolithCovered,background_regolith,Background,Background,-1,-1.0,-1.0,-1.0,0.0,0.012,1.0,-1,,unreal_rockfield.json,unreal_rockfield.json,nan,nan,nan
863,-223.47941526535845,229.67467268898588,0.33857228502385417,Medium,RegolithCovered,background_regolith,Background,Background,-1,-1.0,-1.0,-1.0,0.0,0.012,1.0,-1,,unreal_rockfield.json,unreal_rockfield.json,nan,nan,nan
864,-114.02478102969451,111.30863368633078,0.3350438224437914,Medium,RegolithCovered,background_regolith,Background,Background,-1,-1.0,-1.0,-1.0,0.0,0.012,1.0,-1,,unreal_rockfield.json,unreal_rockfield.json,nan,nan,nan
865,225.00534073915827,229.21689504684588,0.28716247680208723,Small,RegolithCovered,background_regolith,Background,Background,-1,-1.0,-1.0,-1.0,0.0,0.012,1.0,-1,,unreal_rockfield.json,unreal_rockfield.json,nan,nan,nan
866,165.87572862941374,69.6661275063326,0.3096758766432422,Medium,RegolithCovered,background_regolith,Background,Background,-1,-1.0,-1.0,-1.0,0.0,0.012,1.0,-1,,unreal_rockfield.json,unreal_rockfield.json,nan,nan,nan
867,-197.8133487960448,48.12005981627857,0.30434739561874974,Medium,RegolithCovered,background_regolith,Background,Background,-1,-1.0,-1.0,-1.0,0.0,0.012,1.0,-1,,unreal_rockfield.json,unreal_rockfield.json,nan,nan,nan
868,-83.59782708212532,-43.14554277169103,0.28375449261763824,Small,RegolithCovered,background_regolith,Background,Background,-1,-1.0,-1.0,-1.0,0.0,0.012,1.0,-1,,unreal_rockfield.json,unreal_rockfield.json,nan,nan,nan
869,108.28730124820703,-33.70006408886991,0.2636659237881306,Small,RegolithCovered,background_regolith,Background,Background,-1,-1.0,-1.0,-1.0,0.0,0.012,1.0,-1,,unreal_rockfield.json,unreal_rockfield.json,nan,nan,nan
870,115.15396588030643,113.68907742545855,0.3512235000179446,Medium,RegolithCovered,background_regolith,Background,Background,-1,-1.0,-1.0,-1.0,0.0,0.012,1.0,-1,,unreal_rockfield.json,unreal_rockfield.json,nan,nan,nan
871,-59.25931577501757,-20.531327249977124,0.2703266234231022,Small,RegolithCovered,background_regolith,Background,Background,-1,-1.0,-1.0,-1.0,0.0,0.012,1.0,-1,,unreal_rockfield.json,unreal_rockfield.json,nan,nan,nan
872,-116.10003967406232,-219.03897213660085,0.3040103130562511,Medium,RegolithCovered,background_regolith,Background,Background,-1,-1.0,-1.0,-1.0,0.0,0.012,1.0,-1,,unreal_rockfield.json,unreal_rockfield.json,nan,nan,nan
873,214.36964018677327,-109.82848597674487,0.27141960654823843,Small,RegolithCovered,background_regolith,Background,Background,-1,-1.0,-1.0,-1.0,0.0,0.012,1.0,-1,,unreal_rockfield.json,unreal_rockfield.json,nan,nan,nan
874,-192.3963133640553,91.89886165959655,0.27390442255429986,Small,RegolithCovered,background_regolith,Background,Background,-1,-1.0,-1.0,-1.0,0.0,0.012,1.0,-1,,unreal_rockfield.json,unreal_rockfield.json,nan,nan,nan
875,-124.62996307260354,203.27616199224832,0.4235024909184181,Medium,RegolithCovered,background_regolith,Background,Background,-1,-1.0,-1.0,-1.0,0.0,0.012,1.0,-1,,unreal_rockfield.json,unreal_rockfield.json,nan,nan,nan
876,31.945249794000063,-241.1496322519608,0.27827250844636703,Small,RegolithCovered,background_regolith,Background,Background,-1,-1.0,-1.0,-1.0,0.0,0.012,1.0,-1,,unreal_rockfield.json,unreal_rockfield.json,nan,nan,nan
877,-215.1631214331492,-125.53025910214545,0.2890181020689895,Small,RegolithCovered,background_regolith,Background,Background,-1,-1.0,-1.0,-1.0,0.0,0.012,1.0,-1,,unreal_rockfield.json,unreal_rockfield.json,nan,nan,nan
878,204.95468001342817,-208.5863826410718,0.29020804437313746,Small,RegolithCovered,background_regolith,Background,Background,-1,-1.0,-1.0,-1.0,0.0,0.012,1.0,-1,,unreal_rockfield.json,unreal_rockfield.json,nan,nan,nan
879,-1.4725180822168795,-75.14419995727408,0.39906058700662794,Medium,RegolithCovered,background_regolith,Background,Background,-1,-1.0,-1.0,-1.0,0.0,0.012,1.0,-1,,unreal_rockfield.json,unreal_rockfield.json,nan,nan,nan
880,-169.00387585070345,236.7702261421552,0.26587308412689725,Small,RegolithCovered,background_regolith,Background,Background,-1,-1.0,-1.0,-1.0,0.0,0.012,1.0,-1,,unreal_rockfield.json,unreal_rockfield.json,nan,nan,nan
881,33.12021240882598,77.09738456373788,0.3862313897405475,Medium,RegolithCovered,background_regolith,Background,Background,-1,-1.0,-1.0,-1.0,0.0,0.012,1.0,-1,,unreal_rockfield.json,unreal_rockfield.json,nan,nan,nan
882,-149.63988158818324,-74.44227423932614,0.2850860523161581,Small,RegolithCovered,background_regolith,Background,Background,-1,-1.0,-1.0,-1.0,0.0,0.012,1.0,-1,,unreal_rockfield.json,unreal_rockfield.json,nan,nan,nan
883,20.836512344737116,80.56123538926357,0.26381320855448787,Small,RegolithCovered,background_regolith,Background,Background,-1,-1.0,-1.0,-1.0,0.0,0.012,1.0,-1,,unreal_rockfield.json,unreal_rockfield.json,nan,nan,nan
884,-67.51457258827477,-29.381694998016286,0.27477823556826725,Small,RegolithCovered,background_regolith,Background,Background,-1,-1.0,-1.0,-1.0,0.0,0.012,1.0,-1,,unreal_rockfield.json,unreal_rockfield.json,nan,nan,nan
885,51.58391064180421,-42.5504318369091,0.2745635358291579,Small,RegolithCovered,background_regolith,Background,Background,-1,-1.0,-1.0,-1.0,0.0,0.012,1.0,-1,,unreal_rockfield.json,unreal_rockfield.json,nan,nan,nan
886,-236.67867061372723,241.27170628986482,0.3022162378651458,Medium,RegolithCovered,background_regolith,Background,Background,-1,-1.0,-1.0,-1.0,0.0,0.012,1.0,-1,,unreal_rockfield.json,unreal_rockfield.json,nan,nan,nan
887,-77.43308816797386,209.95971556749163,0.45871404000680227,Medium,RegolithCovered,background_regolith,Background,Background,-1,-1.0,-1.0,-1.0,0.0,0.012,1.0,-1,,unreal_rockfield.json,unreal_rockfield.json,nan,nan,nan
888,203.4745323038423,160.7333597827082,0.2948142928215616,Small,RegolithCovered,background_regolith,Background,Background,-1,-1.0,-1.0,-1.0,0.0,0.012,1.0,-1,,unreal_rockfield.json,unreal_rockfield.json,nan,nan,nan
889,-102.50404370250558,-234.54237495040744,0.2790149494618278,Small,RegolithCovered,background_regolith,Background,Background,-1,-1.0,-1.0,-1.0,0.0,0.012,1.0,-1,,unreal_rockfield.json,unreal_rockfield.json,nan,nan,nan
890,-217.497787408063,-116.74092837305827,0.3064837507595832,Medium,RegolithCovered,background_regolith,Background,Background,-1,-1.0,-1.0,-1.0,0.0,0.012,1.0,-1,,unreal_rockfield.json,unreal_rockfield.json,nan,nan,nan
891,-142.51380962553787,-208.03704947050386,0.33815363183150965,Medium,RegolithCovered,background_regolith,Background,Background,-1,-1.0,-1.0,-1.0,0.0,0.012,1.0,-1,,unreal_rockfield.json,unreal_rockfield.json,nan,nan,nan
892,-235.50370799890135,141.59825434125793,0.4105289783053209,Medium,RegolithCovered,background_regolith,Background,Background,-1,-1.0,-1.0,-1.0,0.0,0.012,1.0,-1,,unreal_rockfield.json,unreal_rockfield.json,nan,nan,nan
893,-158.00195318460646,174.008911404767,0.27092422645008657,Small,RegolithCovered,background_regolith,Background,Background,-1,-1.0,-1.0,-1.0,0.0,0.012,1.0,-1,,unreal_rockfield.json,unreal_rockfield.json,nan,nan,nan
894,153.82091738639485,249.45066682943207,0.33697426595028107,Medium,RegolithCovered,background_regolith,Background,Background,-1,-1.0,-1.0,-1.0,0.0,0.012,1.0,-1,,unreal_rockfield.json,unreal_rockfield.json,nan,nan,nan
895,-131.92388683736687,91.80730613116856,0.3084456486211034,Medium,RegolithCovered,background_regolith,Background,Background,-1,-1.0,-1.0,-1.0,0.0,0.012,1.0,-1,,unreal_rockfield.json,unreal_rockfield.json,nan,nan,nan
896,202.28431043427844,-163.54106265449997,0.35756429685613533,Medium,RegolithCovered,background_regolith,Background,Background,-1,-1.0,-1.0,-1.0,0.0,0.012,1.0,-1,,unreal_rockfield.json,unreal_rockfield.json,nan,nan,nan
897,16.41132847071748,-23.140659810174867,0.3120432797106754,Medium,RegolithCovered,background_regolith,Background,Background,-1,-1.0,-1.0,-1.0,0.0,0.012,1.0,-1,,unreal_rockfield.json,unreal_rockfield.json,nan,nan,nan
898,-89.50315866573078,-178.03735465559862,0.4501833411945164,Medium,RegolithCovered,background_regolith,Background,Background,-1,-1.0,-1.0,-1.0,0.0,0.012,1.0,-1,,unreal_rockfield.json,unreal_rockfield.json,nan,nan,nan
899,21.736808374279008,-184.644611957152,0.2652664345820075,Small,RegolithCovered,background_regolith,Background,Background,-1,-1.0,-1.0,-1.0,0.0,0.012,1.0,-1,,unreal_rockfield.json,unreal_rockfield.json,nan,nan,nan
900,-121.25766777550584,-164.1514328440199,0.27995326634264833,Small,RegolithCovered,background_regolith,Background,Background,-1,-1.0,-1.0,-1.0,0.0,0.012,1.0,-1,,unreal_rockfield.json,unreal_rockfield.json,nan,nan,nan
901,-59.381389812921554,24.040955839716787,0.33505225089417345,Medium,RegolithCovered,background_regolith,Background,Background,-1,-1.0,-1.0,-1.0,0.0,0.012,1.0,-1,,unreal_rockfield.json,unreal_rockfield.json,nan,nan,nan
902,-157.91039765617847,208.06756797997986,0.3308946428972958,Medium,RegolithCovered,background_regolith,Background,Background,-1,-1.0,-1.0,-1.0,0.0,0.012,1.0,-1,,unreal_rockfield.json,unreal_rockfield.json,nan,nan,nan
903,-172.8186895352031,118.20581682790618,0.2991862059850062,Small,RegolithCovered,background_regolith,Background,Background,-1,-1.0,-1.0,-1.0,0.0,0.012,1.0,-1,,unreal_rockfield.json,unreal_rockfield.json,nan,nan,nan
904,9.08688619647819,209.56297494430368,0.2622074514504801,Small,RegolithCovered,background_regolith,Background,Background,-1,-1.0,-1.0,-1.0,0.0,0.012,1.0,-1,,unreal_rockfield.json,unreal_rockfield.json,nan,nan,nan
905,167.5084688863796,-183.92742698446608,0.2700527958482869,Small,RegolithCovered,background_regolith,Background,Background,-1,-1.0,-1.0,-1.0,0.0,0.012,1.0,-1,,unreal_rockfield.json,unreal_rockfield.json,nan,nan,nan
906,99.08597064119391,-124.55366679891355,0.30266753632684545,Medium,RegolithCovered,background_regolith,Background,Background,-1,-1.0,-1.0,-1.0,0.0,0.012,1.0,-1,,unreal_rockfield.json,unreal_rockfield.json,nan,nan,nan
907,40.58198797570731,-234.02356028931547,0.3478925475402284,Medium,RegolithCovered,background_regolith,Background,Background,-1,-1.0,-1.0,-1.0,0.0,0.012,1.0,-1,,unreal_rockfield.json,unreal_rockfield.json,nan,nan,nan
908,-70.15442365794854,-88.67915890987885,0.32008744797958755,Medium,RegolithCovered,background_regolith,Background,Background,-1,-1.0,-1.0,-1.0,0.0,0.012,1.0,-1,,unreal_rockfield.json,unreal_rockfield.json,nan,nan,nan
909,27.932065797906432,-70.41383098849451,0.30504663714338026,Medium,RegolithCovered,background_regolith,Background,Background,-1,-1.0,-1.0,-1.0,0.0,0.012,1.0,-1,,unreal_rockfield.json,unreal_rockfield.json,nan,nan,nan
910,230.13245033112582,-183.7443159276101,0.3122470509430922,Medium,RegolithCovered,background_regolith,Background,Background,-1,-1.0,-1.0,-1.0,0.0,0.012,1.0,-1,,unreal_rockfield.json,unreal_rockfield.json,nan,nan,nan
911,220.62593462935268,-7.118442335276342,0.2693483646509204,Small,RegolithCovered,background_regolith,Background,Background,-1,-1.0,-1.0,-1.0,0.0,0.012,1.0,-1,,unreal_rockfield.json,unreal_rockfield.json,nan,nan,nan
912,229.5678579058199,-114.26892910550248,0.37058485837226207,Medium,RegolithCovered,background_regolith,Background,Background,-1,-1.0,-1.0,-1.0,0.0,0.012,1.0,-1,,unreal_rockfield.json,unreal_rockfield.json,nan,nan,nan
913,210.89053010650957,195.661793877987,0.270545346065177,Small,RegolithCovered,background_regolith,Background,Background,-1,-1.0,-1.0,-1.0,0.0,0.012,1.0,-1,,unreal_rockfield.json,unreal_rockfield.json,nan,nan,nan
914,198.98831141087072,124.20270393993962,0.26739870104169444,Small,RegolithCovered,background_regolith,Background,Background,-1,-1.0,-1.0,-1.0,0.0,0.012,1.0,-1,,unreal_rockfield.json,unreal_rockfield.json,nan,nan,nan
915,142.07129123813593,-144.5432905056917,0.28907137051065634,Small,RegolithCovered,background_regolith,Background,Background,-1,-1.0,-1.0,-1.0,0.0,0.012,1.0,-1,,unreal_rockfield.json,unreal_rockfield.json,nan,nan,nan
916,163.46476638080998,236.6328928495132,0.26740015236514214,Small,RegolithCovered,background_regolith,Background,Background,-1,-1.0,-1.0,-1.0,0.0,0.012,1.0,-1,,unreal_rockfield.json,unreal_rockfield.json,nan,nan,nan
917,162.732322153386,-196.95883053071688,0.317736403672394,Medium,RegolithCovered,background_regolith,Background,Background,-1,-1.0,-1.0,-1.0,0.0,0.012,1.0,-1,,unreal_rockfield.json,unreal_rockfield.json,nan,nan,nan
918,177.54905850398268,218.99319437238682,0.33186144383023325,Medium,RegolithCovered,background_regolith,Background,Background,-1,-1.0,-1.0,-1.0,0.0,0.012,1.0,-1,,unreal_rockfield.json,unreal_rockfield.json,nan,nan,nan
919,-72.94686727500229,128.2464064455092,0.2822104613304615,Small,RegolithCovered,background_regolith,Background,Background,-1,-1.0,-1.0,-1.0,0.0,0.012,1.0,-1,,unreal_rockfield.json,unreal_rockfield.json,nan,nan,nan
920,24.224066896572765,66.35486922818689,0.27344009944036696,Small,RegolithCovered,background_regolith,Background,Background,-1,-1.0,-1.0,-1.0,0.0,0.012,1.0,-1,,unreal_rockfield.json,unreal_rockfield.json,nan,nan,nan
921,40.32258064516134,248.10785241248817,0.3155031169955063,Medium,RegolithCovered,background_regolith,Background,Background,-1,-1.0,-1.0,-1.0,0.0,0.012,1.0,-1,,unreal_rockfield.json,unreal_rockfield.json,nan,nan,nan
922,162.25928525650806,202.84890285958437,0.3066185804227556,Medium,RegolithCovered,background_regolith,Background,Background,-1,-1.0,-1.0,-1.0,0.0,0.012,1.0,-1,,unreal_rockfield.json,unreal_rockfield.json,nan,nan,nan
923,3.4714804528946956,38.308359019745524,0.30673693693717163,Medium,RegolithCovered,background_regolith,Background,Background,-1,-1.0,-1.0,-1.0,0.0,0.012,1.0,-1,,unreal_rockfield.json,unreal_rockfield.json,nan,nan,nan
924,-109.18759727774895,-154.62965788750878,0.26582869875955356,Small,RegolithCovered,background_regolith,Background,Background,-1,-1.0,-1.0,-1.0,0.0,0.012,1.0,-1,,unreal_rockfield.json,unreal_rockfield.json,nan,nan,nan
925,202.1317178868984,-196.8672750022889,0.2901448897160499,Small,RegolithCovered,background_regolith,Background,Background,-1,-1.0,-1.0,-1.0,0.0,0.012,1.0,-1,,unreal_rockfield.json,unreal_rockfield.json,nan,nan,nan
926,210.6769005401776,83.03323465681939,0.2933395309399258,Small,RegolithCovered,background_regolith,Background,Background,-1,-1.0,-1.0,-1.0,0.0,0.012,1.0,-1,,unreal_rockfield.json,unreal_rockfield.json,nan,nan,nan
927,249.954222235786,-114.40626239814446,0.26686445872097186,Small,RegolithCovered,background_regolith,Background,Background,-1,-1.0,-1.0,-1.0,0.0,0.012,1.0,-1,,unreal_rockfield.json,unreal_rockfield.json,nan,nan,nan
928,-73.16049684133426,-78.56227301858576,0.2963942669987816,Small,RegolithCovered,background_regolith,Background,Background,-1,-1.0,-1.0,-1.0,0.0,0.012,1.0,-1,,unreal_rockfield.json,unreal_rockfield.json,nan,nan,nan
929,-28.145695364238406,-74.59486678670612,0.40253794301927504,Medium,RegolithCovered,background_regolith,Background,Background,-1,-1.0,-1.0,-1.0,0.0,0.012,1.0,-1,,unreal_rockfield.json,unreal_rockfield.json,nan,nan,nan
930,-155.10269478438676,-154.93484298226875,0.3012150531333513,Medium,RegolithCovered,background_regolith,Background,Background,-1,-1.0,-1.0,-1.0,0.0,0.012,1.0,-1,,unreal_rockfield.json,unreal_rockfield.json,nan,nan,nan
931,-63.27249977111117,-154.1718802453688,0.28474087686050886,Small,RegolithCovered,background_regolith,Background,Background,-1,-1.0,-1.0,-1.0,0.0,0.012,1.0,-1,,unreal_rockfield.json,unreal_rockfield.json,nan,nan,nan
932,150.9063997314371,27.916806543168434,0.2709049429270251,Small,RegolithCovered,background_regolith,Background,Background,-1,-1.0,-1.0,-1.0,0.0,0.012,1.0,-1,,unreal_rockfield.json,unreal_rockfield.json,nan,nan,nan
933,158.91750846888635,-221.8161564989166,0.3945825684830012,Medium,RegolithCovered,background_regolith,Background,Background,-1,-1.0,-1.0,-1.0,0.0,0.012,1.0,-1,,unreal_rockfield.json,unreal_rockfield.json,nan,nan,nan
934,-81.00375377666555,110.83559678945284,0.2627663155902511,Small,RegolithCovered,background_regolith,Background,Background,-1,-1.0,-1.0,-1.0,0.0,0.012,1.0,-1,,unreal_rockfield.json,unreal_rockfield.json,nan,nan,nan
935,-178.2357249671926,2.922147282326705,0.30009257647560145,Medium,RegolithCovered,background_regolith,Background,Background,-1,-1.0,-1.0,-1.0,0.0,0.012,1.0,-1,,unreal_rockfield.json,unreal_rockfield.json,nan,nan,nan
936,-149.76195562608723,-99.71160008545183,0.30729974980182384,Medium,RegolithCovered,background_regolith,Background,Background,-1,-1.0,-1.0,-1.0,0.0,0.012,1.0,-1,,unreal_rockfield.json,unreal_rockfield.json,nan,nan,nan
937,70.03234962004456,-213.78978850672934,0.3299718256544711,Medium,RegolithCovered,background_regolith,Background,Background,-1,-1.0,-1.0,-1.0,0.0,0.012,1.0,-1,,unreal_rockfield.json,unreal_rockfield.json,nan,nan,nan
938,-2.8611102633747407,-133.95336771752068,0.2617964692835106,Small,RegolithCovered,background_regolith,Background,Background,-1,-1.0,-1.0,-1.0,0.0,0.012,1.0,-1,,unreal_rockfield.json,unreal_rockfield.json,nan,nan,nan
939,11.528366954557953,-92.29560228278453,0.32547004298655197,Medium,RegolithCovered,background_regolith,Background,Background,-1,-1.0,-1.0,-1.0,0.0,0.012,1.0,-1,,unreal_rockfield.json,unreal_rockfield.json,nan,nan,nan
940,60.02227851191748,-139.29410687582018,0.2724320252774649,Small,RegolithCovered,background_regolith,Background,Background,-1,-1.0,-1.0,-1.0,0.0,0.012,1.0,-1,,unreal_rockfield.json,unreal_rockfield.json,nan,nan,nan
941,-3.4714804528946956,-102.97708059938353,0.27259184959348837,Small,RegolithCovered,background_regolith,Background,Background,-1,-1.0,-1.0,-1.0,0.0,0.012,1.0,-1,,unreal_rockfield.json,unreal_rockfield.json,nan,nan,nan
942,39.208655049287415,-8.491775261696233,0.3743167328908306,Medium,RegolithCovered,background_regolith,Background,Background,-1,-1.0,-1.0,-1.0,0.0,0.012,1.0,-1,,unreal_rockfield.json,unreal_rockfield.json,nan,nan,nan
943,-54.17798394726401,210.06653035065767,0.2904506739771274,Small,RegolithCovered,background_regolith,Background,Background,-1,-1.0,-1.0,-1.0,0.0,0.012,1.0,-1,,unreal_rockfield.json,unreal_rockfield.json,nan,nan,nan
944,-220.27497177037873,-20.546586504715123,0.26843293382602945,Small,RegolithCovered,background_regolith,Background,Background,-1,-1.0,-1.0,-1.0,0.0,0.012,1.0,-1,,unreal_rockfield.json,unreal_rockfield.json,nan,nan,nan
945,-88.49604785302287,-29.625843073824257,0.268291139058458,Small,RegolithCovered,background_regolith,Background,Background,-1,-1.0,-1.0,-1.0,0.0,0.012,1.0,-1,,unreal_rockfield.json,unreal_rockfield.json,nan,nan,nan
946,-58.83205664235359,82.34656819360941,0.3882119075066968,Medium,RegolithCovered,background_regolith,Background,Background,-1,-1.0,-1.0,-1.0,0.0,0.012,1.0,-1,,unreal_rockfield.json,unreal_rockfield.json,nan,nan,nan
947,115.90166936246834,160.91647083956417,0.2881760691379206,Small,RegolithCovered,background_regolith,Background,Background,-1,-1.0,-1.0,-1.0,0.0,0.012,1.0,-1,,unreal_rockfield.json,unreal_rockfield.json,nan,nan,nan
948,-151.0589922788171,173.0780968657491,0.3089349555718861,Medium,RegolithCovered,background_regolith,Background,Background,-1,-1.0,-1.0,-1.0,0.0,0.012,1.0,-1,,unreal_rockfield.json,unreal_rockfield.json,nan,nan,nan
949,-138.57692190313423,-32.677694021423974,0.36540266640461977,Medium,RegolithCovered,background_regolith,Background,Background,-1,-1.0,-1.0,-1.0,0.0,0.012,1.0,-1,,unreal_rockfield.json,unreal_rockfield.json,nan,nan,nan
950,226.56178472243414,-210.31067842646564,0.27703082584320826,Small,RegolithCovered,background_regolith,Background,Background,-1,-1.0,-1.0,-1.0,0.0,0.012,1.0,-1,,unreal_rockfield.json,unreal_rockfield.json,nan,nan,nan
951,-124.44685201574754,31.47221289712212,0.2689027693022919,Small,RegolithCovered,background_regolith,Background,Background,-1,-1.0,-1.0,-1.0,0.0,0.012,1.0,-1,,unreal_rockfield.json,unreal_rockfield.json,nan,nan,nan
952,153.92773216956084,-151.68462172307505,0.26909434130432547,Small,RegolithCovered,background_regolith,Background,Background,-1,-1.0,-1.0,-1.0,0.0,0.012,1.0,-1,,unreal_rockfield.json,unreal_rockfield.json,nan,nan,nan
953,-213.71349223303935,-138.8973662526322,0.2680876799899205,Small,RegolithCovered,background_regolith,Background,Background,-1,-1.0,-1.0,-1.0,0.0,0.012,1.0,-1,,unreal_rockfield.json,unreal_rockfield.json,nan,nan,nan
954,-63.62346263008513,169.37009796441544,0.2703376848886138,Small,RegolithCovered,background_regolith,Background,Background,-1,-1.0,-1.0,-1.0,0.0,0.012,1.0,-1,,unreal_rockfield.json,unreal_rockfield.json,nan,nan,nan
955,-45.83117160557879,246.18518631550035,0.2847385076316184,Small,RegolithCovered,background_regolith,Background,Background,-1,-1.0,-1.0,-1.0,0.0,0.012,1.0,-1,,unreal_rockfield.json,unreal_rockfield.json,nan,nan,nan
956,87.44315927610097,-48.53205969420455,0.2878858308414493,Small,RegolithCovered,background_regolith,Background,Background,-1,-1.0,-1.0,-1.0,0.0,0.012,1.0,-1,,unreal_rockfield.json,unreal_rockfield.json,nan,nan,nan
957,-246.96340830713828,-58.52687154759363,0.37178402547542544,Medium,RegolithCovered,background_regolith,Background,Background,-1,-1.0,-1.0,-1.0,0.0,0.012,1.0,-1,,unreal_rockfield.json,unreal_rockfield.json,nan,nan,nan
958,14.000366222113712,-228.45393230994597,0.3486103628799451,Medium,RegolithCovered,background_regolith,Background,Background,-1,-1.0,-1.0,-1.0,0.0,0.012,1.0,-1,,unreal_rockfield.json,unreal_rockfield.json,nan,nan,nan
959,31.365398113956132,-223.54045228431045,0.2916280900240417,Small,RegolithCovered,background_regolith,Background,Background,-1,-1.0,-1.0,-1.0,0.0,0.012,1.0,-1,,unreal_rockfield.json,unreal_rockfield.json,nan,nan,nan
960,-66.91946165349285,32.15887936033204,0.27225455404468696,Small,RegolithCovered,background_regolith,Background,Background,-1,-1.0,-1.0,-1.0,0.0,0.012,1.0,-1,,unreal_rockfield.json,unreal_rockfield.json,nan,nan,nan
961,-163.66313669240395,-65.42405468916897,0.26357111526497373,Small,RegolithCovered,background_regolith,Background,Background,-1,-1.0,-1.0,-1.0,0.0,0.012,1.0,-1,,unreal_rockfield.json,unreal_rockfield.json,nan,nan,nan
962,232.11615344706564,-43.75591296121098,0.261709227649526,Small,RegolithCovered,background_regolith,Background,Background,-1,-1.0,-1.0,-1.0,0.0,0.012,1.0,-1,,unreal_rockfield.json,unreal_rockfield.json,nan,nan,nan
963,-17.433698538163412,92.09723197119052,0.2786387986609783,Small,RegolithCovered,background_regolith,Background,Background,-1,-1.0,-1.0,-1.0,0.0,0.012,1.0,-1,,unreal_rockfield.json,unreal_rockfield.json,nan,nan,nan
964,96.49189733573411,181.36387218848233,0.28505736196434167,Small,RegolithCovered,background_regolith,Background,Background,-1,-1.0,-1.0,-1.0,0.0,0.012,1.0,-1,,unreal_rockfield.json,unreal_rockfield.json,nan,nan,nan
965,131.2067018646809,109.98107852412488,0.29855362053621,Small,RegolithCovered,background_regolith,Background,Background,-1,-1.0,-1.0,-1.0,0.0,0.012,1.0,-1,,unreal_rockfield.json,unreal_rockfield.json,nan,nan,nan
966,-41.46702475051117,168.54609820856348,0.2660637649818746,Small,RegolithCovered,background_regolith,Background,Background,-1,-1.0,-1.0,-1.0,0.0,0.012,1.0,-1,,unreal_rockfield.json,unreal_rockfield.json,nan,nan,nan
967,154.82802819910273,216.978972746971,0.341513612800041,Medium,RegolithCovered,background_regolith,Background,Background,-1,-1.0,-1.0,-1.0,0.0,0.012,1.0,-1,,unreal_rockfield.json,unreal_rockfield.json,nan,nan,nan
968,-145.00106814783166,-47.341837824640635,0.334900791277867,Medium,RegolithCovered,background_regolith,Background,Background,-1,-1.0,-1.0,-1.0,0.0,0.012,1.0,-1,,unreal_rockfield.json,unreal_rockfield.json,nan,nan,nan
969,131.81707205420082,-202.95571764275033,0.2772495378829608,Small,RegolithCovered,background_regolith,Background,Background,-1,-1.0,-1.0,-1.0,0.0,0.012,1.0,-1,,unreal_rockfield.json,unreal_rockfield.json,nan,nan,nan
970,-192.1979430524613,158.30713827936643,0.2728609911140941,Small,RegolithCovered,background_regolith,Background,Background,-1,-1.0,-1.0,-1.0,0.0,0.012,1.0,-1,,unreal_rockfield.json,unreal_rockfield.json,nan,nan,nan
971,-217.74193548387098,186.46046327097383,0.3000676040584475,Medium,RegolithCovered,background_regolith,Background,Background,-1,-1.0,-1.0,-1.0,0.0,0.012,1.0,-1,,unreal_rockfield.json,unreal_rockfield.json,nan,nan,nan
972,47.81487472151855,126.43055513168736,0.3138497504955897,Medium,RegolithCovered,background_regolith,Background,Background,-1,-1.0,-1.0,-1.0,0.0,0.012,1.0,-1,,unreal_rockfield.json,unreal_rockfield.json,nan,nan,nan
973,-38.964506973479416,-17.76940214239937,0.3534955785399535,Medium,RegolithCovered,background_regolith,Background,Background,-1,-1.0,-1.0,-1.0,0.0,0.012,1.0,-1,,unreal_rockfield.json,unreal_rockfield.json,nan,nan,nan
974,-24.697103793450708,-121.44077883236181,0.28010511845172037,Small,RegolithCovered,background_regolith,Background,Background,-1,-1.0,-1.0,-1.0,0.0,0.012,1.0,-1,,unreal_rockfield.json,unreal_rockfield.json,nan,nan,nan
975,-99.40641499069187,-47.29606006042664,0.29105581771631656,Small,RegolithCovered,background_regolith,Background,Background,-1,-1.0,-1.0,-1.0,0.0,0.012,1.0,-1,,unreal_rockfield.json,unreal_rockfield.json,nan,nan,nan
976,-121.62388988921782,-74.03027436140019,0.26003266445683326,Small,RegolithCovered,background_regolith,Background,Background,-1,-1.0,-1.0,-1.0,0.0,0.012,1.0,-1,,unreal_rockfield.json,unreal_rockfield.json,nan,nan,nan
977,184.69038972136605,-90.60182500686668,0.2813565372994359,Small,RegolithCovered,background_regolith,Background,Background,-1,-1.0,-1.0,-1.0,0.0,0.012,1.0,-1,,unreal_rockfield.json,unreal_rockfield.json,nan,nan,nan
978,-199.12564470351268,46.945097201452654,0.30685140478876133,Medium,RegolithCovered,background_regolith,Background,Background,-1,-1.0,-1.0,-1.0,0.0,0.012,1.0,-1,,unreal_rockfield.json,unreal_rockfield.json,nan,nan,nan
979,-130.06225775933103,35.31754509109777,0.35897147814457864,Medium,RegolithCovered,background_regolith,Background,Background,-1,-1.0,-1.0,-1.0,0.0,0.012,1.0,-1,,unreal_rockfield.json,unreal_rockfield.json,nan,nan,nan
980,-248.9776299325541,45.43443098239078,0.3202411906606144,Medium,RegolithCovered,background_regolith,Background,Background,-1,-1.0,-1.0,-1.0,0.0,0.012,1.0,-1,,unreal_rockfield.json,unreal_rockfield.json,nan,nan,nan
981,195.40238654744104,-145.09262367625965,0.28203409583646777,Small,RegolithCovered,background_regolith,Background,Background,-1,-1.0,-1.0,-1.0,0.0,0.012,1.0,-1,,unreal_rockfield.json,unreal_rockfield.json,nan,nan,nan
982,-141.01840266121403,104.64033936582541,0.2617251845166148,Small,RegolithCovered,background_regolith,Background,Background,-1,-1.0,-1.0,-1.0,0.0,0.012,1.0,-1,,unreal_rockfield.json,unreal_rockfield.json,nan,nan,nan
983,-134.39588610492262,-36.08050782799768,0.32024711535513467,Medium,RegolithCovered,background_regolith,Background,Background,-1,-1.0,-1.0,-1.0,0.0,0.012,1.0,-1,,unreal_rockfield.json,unreal_rockfield.json,nan,nan,nan
984,-186.36890774254584,98.30774864955595,0.32861704929940067,Medium,RegolithCovered,background_regolith,Background,Background,-1,-1.0,-1.0,-1.0,0.0,0.012,1.0,-1,,unreal_rockfield.json,unreal_rockfield.json,nan,nan,nan
985,-100.06256294442579,-0.6485183263649503,0.27751416888696945,Small,RegolithCovered,background_regolith,Background,Background,-1,-1.0,-1.0,-1.0,0.0,0.012,1.0,-1,,unreal_rockfield.json,unreal_rockfield.json,nan,nan,nan
986,121.8527787102878,57.107760856959715,0.26739434743996693,Small,RegolithCovered,background_regolith,Background,Background,-1,-1.0,-1.0,-1.0,0.0,0.012,1.0,-1,,unreal_rockfield.json,unreal_rockfield.json,nan,nan,nan
987,-54.22376171147803,-190.50416577654346,0.30971237553297876,Medium,RegolithCovered,background_regolith,Background,Background,-1,-1.0,-1.0,-1.0,0.0,0.012,1.0,-1,,unreal_rockfield.json,unreal_rockfield.json,nan,nan,nan
988,128.2158879360332,-153.5157322916349,0.32172501339376525,Medium,RegolithCovered,background_regolith,Background,Background,-1,-1.0,-1.0,-1.0,0.0,0.012,1.0,-1,,unreal_rockfield.json,unreal_rockfield.json,nan,nan,nan
989,194.8225348673971,67.89605395672476,0.37368074915087796,Medium,RegolithCovered,background_regolith,Background,Background,-1,-1.0,-1.0,-1.0,0.0,0.012,1.0,-1,,unreal_rockfield.json,unreal_rockfield.json,nan,nan,nan
990,-7.13370159001434,-68.93368327890866,0.328718614892819,Medium,RegolithCovered,background_regolith,Background,Background,-1,-1.0,-1.0,-1.0,0.0,0.012,1.0,-1,,unreal_rockfield.json,unreal_rockfield.json,nan,nan,nan
991,55.948057496871854,-148.31232642597735,0.3368071260416426,Medium,RegolithCovered,background_regolith,Background,Background,-1,-1.0,-1.0,-1.0,0.0,0.012,1.0,-1,,unreal_rockfield.json,unreal_rockfield.json,nan,nan,nan
992,141.30832850123596,-181.15024262215033,0.2976122203909104,Small,RegolithCovered,background_regolith,Background,Background,-1,-1.0,-1.0,-1.0,0.0,0.012,1.0,-1,,unreal_rockfield.json,unreal_rockfield.json,nan,nan,nan
993,-35.775322733237715,160.99276711325416,0.28622289067813045,Small,RegolithCovered,background_regolith,Background,Background,-1,-1.0,-1.0,-1.0,0.0,0.012,1.0,-1,,unreal_rockfield.json,unreal_rockfield.json,nan,nan,nan
994,-242.95022431104465,-167.88995025482956,0.30773588346667774,Medium,RegolithCovered,background_regolith,Background,Background,-1,-1.0,-1.0,-1.0,0.0,0.012,1.0,-1,,unreal_rockfield.json,unreal_rockfield.json,nan,nan,nan
995,79.0658284249397,178.51039155247656,0.33077246663187726,Medium,RegolithCovered,background_regolith,Background,Background,-1,-1.0,-1.0,-1.0,0.0,0.012,1.0,-1,,unreal_rockfield.json,unreal_rockfield.json,nan,nan,nan
996,-123.9432966093936,178.86135441145058,0.2785928063591843,Small,RegolithCovered,background_regolith,Background,Background,-1,-1.0,-1.0,-1.0,0.0,0.012,1.0,-1,,unreal_rockfield.json,unreal_rockfield.json,nan,nan,nan
997,84.89486373485516,-52.484206671346186,0.4087503813946288,Medium,RegolithCovered,background_regolith,Background,Background,-1,-1.0,-1.0,-1.0,0.0,0.012,1.0,-1,,unreal_rockfield.json,unreal_rockfield.json,nan,nan,nan
998,245.23911252174446,-162.88491470076602,0.2646034970170225,Small,RegolithCovered,background_regolith,Background,Background,-1,-1.0,-1.0,-1.0,0.0,0.012,1.0,-1,,unreal_rockfield.json,unreal_rockfield.json,nan,nan,nan
999,-208.90682699056978,-234.38978240302743,0.29575498993538374,Small,RegolithCovered,background_regolith,Background,Background,-1,-1.0,-1.0,-1.0,0.0,0.012,1.0,-1,,unreal_rockfield.json,unreal_rockfield.json,nan,nan,nan
1000,17.891476180303357,-49.47813348796046,0.2650178370673719,Small,RegolithCovered,background_regolith,Background,Background,-1,-1.0,-1.0,-1.0,0.0,0.012,1.0,-1,,unreal_rockfield.json,unreal_rockfield.json,nan,nan,nan
1001,172.07098605304117,141.91869869075595,0.31429259197495807,Medium,RegolithCovered,background_regolith,Background,Background,-1,-1.0,-1.0,-1.0,0.0,0.012,1.0,-1,,unreal_rockfield.json,unreal_rockfield.json,nan,nan,nan
1002,-240.98178044984283,206.20593890194408,0.26963368216829486,Small,RegolithCovered,background_regolith,Background,Background,-1,-1.0,-1.0,-1.0,0.0,0.012,1.0,-1,,unreal_rockfield.json,unreal_rockfield.json,nan,nan,nan
1003,-168.83602404858547,-167.95098727378155,0.287592735092755,Small,RegolithCovered,background_regolith,Background,Background,-1,-1.0,-1.0,-1.0,0.0,0.012,1.0,-1,,unreal_rockfield.json,unreal_rockfield.json,nan,nan,nan
1004,-184.522537919248,-37.75902584917753,0.32039551121939835,Medium,RegolithCovered,background_regolith,Background,Background,-1,-1.0,-1.0,-1.0,0.0,0.012,1.0,-1,,unreal_rockfield.json,unreal_rockfield.json,nan,nan,nan
1005,51.202429273354255,-62.47901852473524,0.4223103275310395,Medium,RegolithCovered,background_regolith,Background,Background,-1,-1.0,-1.0,-1.0,0.0,0.012,1.0,-1,,unreal_rockfield.json,unreal_rockfield.json,nan,nan,nan
1006,53.44553971984004,148.19025238807336,0.2602974912291614,Small,RegolithCovered,background_regolith,Background,Background,-1,-1.0,-1.0,-1.0,0.0,0.012,1.0,-1,,unreal_rockfield.json,unreal_rockfield.json,nan,nan,nan
1007,45.75487533188874,19.035920285653276,0.29688006403104583,Small,RegolithCovered,background_regolith,Background,Background,-1,-1.0,-1.0,-1.0,0.0,0.012,1.0,-1,,unreal_rockfield.json,unreal_rockfield.json,nan,nan,nan
1008,-30.785546433912174,117.77855769524217,0.3070813444430397,Medium,RegolithCovered,background_regolith,Background,Background,-1,-1.0,-1.0,-1.0,0.0,0.012,1.0,-1,,unreal_rockfield.json,unreal_rockfield.json,nan,nan,nan
1009,189.48179570909758,-182.18787194433423,0.5291425450786018,Medium,RegolithCovered,background_regolith,Background,Background,-1,-1.0,-1.0,-1.0,0.0,0.012,1.0,-1,,unreal_rockfield.json,unreal_rockfield.json,nan,nan,nan
1010,-75.96819971312601,124.34003723258161,0.28149060235345347,Small,RegolithCovered,background_regolith,Background,Background,-1,-1.0,-1.0,-1.0,0.0,0.012,1.0,-1,,unreal_rockfield.json,unreal_rockfield.json,nan,nan,nan
1011,-183.8206122013001,189.05453657643363,0.31265281721128185,Medium,RegolithCovered,background_regolith,Background,Background,-1,-1.0,-1.0,-1.0,0.0,0.012,1.0,-1,,unreal_rockfield.json,unreal_rockfield.json,nan,nan,nan
1012,-71.32938627277443,-146.40491958372752,0.2645981491104632,Small,RegolithCovered,background_regolith,Background,Background,-1,-1.0,-1.0,-1.0,0.0,0.012,1.0,-1,,unreal_rockfield.json,unreal_rockfield.json,nan,nan,nan
1013,71.7566454054384,-82.62123477889341,0.3823044954220987,Medium,RegolithCovered,background_regolith,Background,Background,-1,-1.0,-1.0,-1.0,0.0,0.012,1.0,-1,,unreal_rockfield.json,unreal_rockfield.json,nan,nan,nan
1014,195.32609027375105,-75.55619983520003,0.2720896135922525,Small,RegolithCovered,background_regolith,Background,Background,-1,-1.0,-1.0,-1.0,0.0,0.012,1.0,-1,,unreal_rockfield.json,unreal_rockfield.json,nan,nan,nan
1015,229.1253395184179,-108.21100497451704,0.27141471546838364,Small,RegolithCovered,background_regolith,Background,Background,-1,-1.0,-1.0,-1.0,0.0,0.012,1.0,-1,,unreal_rockfield.json,unreal_rockfield.json,nan,nan,nan
1016,-228.72859889522996,-107.66167180394908,0.34967974939237123,Medium,RegolithCovered,background_regolith,Background,Background,-1,-1.0,-1.0,-1.0,0.0,0.012,1.0,-1,,unreal_rockfield.json,unreal_rockfield.json,nan,nan,nan
1017,-244.82711264381848,-145.36729026154364,0.27519888434942336,Small,RegolithCovered,background_regolith,Background,Background,-1,-1.0,-1.0,-1.0,0.0,0.012,1.0,-1,,unreal_rockfield.json,unreal_rockfield.json,nan,nan,nan
1018,157.49839777825252,-0.26703695791496784,0.2813414321746909,Small,RegolithCovered,background_regolith,Background,Background,-1,-1.0,-1.0,-1.0,0.0,0.012,1.0,-1,,unreal_rockfield.json,unreal_rockfield.json,nan,nan,nan
1019,198.91201513718073,-205.93127231666006,0.26424968552772443,Small,RegolithCovered,background_regolith,Background,Background,-1,-1.0,-1.0,-1.0,0.0,0.012,1.0,-1,,unreal_rockfield.json,unreal_rockfield.json,nan,nan,nan
1020,83.7961973937193,151.4099551377911,0.2886658022315279,Small,RegolithCovered,background_regolith,Background,Background,-1,-1.0,-1.0,-1.0,0.0,0.012,1.0,-1,,unreal_rockfield.json,unreal_rockfield.json,nan,nan,nan
1021,86.90908536027098,208.12860499893185,0.26059172341334547,Small,RegolithCovered,background_regolith,Background,Background,-1,-1.0,-1.0,-1.0,0.0,0.012,1.0,-1,,unreal_rockfield.json,unreal_rockfield.json,nan,nan,nan
1022,248.24518570513015,-212.9200109866634,0.2603328038048584,Small,RegolithCovered,background_regolith,Background,Background,-1,-1.0,-1.0,-1.0,0.0,0.012,1.0,-1,,unreal_rockfield.json,unreal_rockfield.json,nan,nan,nan
1023,-98.27723014007998,120.43366801965396,0.31719394769242,Medium,RegolithCovered,background_regolith,Background,Background,-1,-1.0,-1.0,-1.0,0.0,0.012,1.0,-1,,unreal_rockfield.json,unreal_rockfield.json,nan,nan,nan
1024,18.639179662465324,-83.7961973937193,0.29849538269537745,Small,RegolithCovered,background_regolith,Background,Background,-1,-1.0,-1.0,-1.0,0.0,0.012,1.0,-1,,unreal_rockfield.json,unreal_rockfield.json,nan,nan,nan
1025,-180.73824274422435,58.14539017914365,0.3963955243313666,Medium,RegolithCovered,background_regolith,Background,Background,-1,-1.0,-1.0,-1.0,0.0,0.012,1.0,-1,,unreal_rockfield.json,unreal_rockfield.json,nan,nan,nan
1026,26.589251380962594,8.705404828028179,0.26480061954520107,Small,RegolithCovered,background_regolith,Background,Background,-1,-1.0,-1.0,-1.0,0.0,0.012,1.0,-1,,unreal_rockfield.json,unreal_rockfield.json,nan,nan,nan
1027,130.397961363567,-98.65871150852993,0.3678876690844248,Medium,RegolithCovered,background_regolith,Background,Background,-1,-1.0,-1.0,-1.0,0.0,0.012,1.0,-1,,unreal_rockfield.json,unreal_rockfield.json,nan,nan,nan
1028,-53.003021332438124,137.5087740714743,0.2654564819621171,Small,RegolithCovered,background_regolith,Background,Background,-1,-1.0,-1.0,-1.0,0.0,0.012,1.0,-1,,unreal_rockfield.json,unreal_rockfield.json,nan,nan,nan
1029,106.77663502914521,-234.23718985564744,0.2629313454677485,Small,RegolithCovered,background_regolith,Background,Background,-1,-1.0,-1.0,-1.0,0.0,0.012,1.0,-1,,unreal_rockfield.json,unreal_rockfield.json,nan,nan,nan
1030,235.53422650837734,181.89794610431227,0.30261416900200017,Medium,RegolithCovered,background_regolith,Background,Background,-1,-1.0,-1.0,-1.0,0.0,0.012,1.0,-1,,unreal_rockfield.json,unreal_rockfield.json,nan,nan,nan
1031,-70.33753471480452,75.98345896786401,0.3501171304421462,Medium,RegolithCovered,background_regolith,Background,Background,-1,-1.0,-1.0,-1.0,0.0,0.012,1.0,-1,,unreal_rockfield.json,unreal_rockfield.json,nan,nan,nan
1032,-119.74700155644399,-37.89635914181952,0.2936515897504213,Small,RegolithCovered,background_regolith,Background,Background,-1,-1.0,-1.0,-1.0,0.0,0.012,1.0,-1,,unreal_rockfield.json,unreal_rockfield.json,nan,nan,nan
1033,119.36552018799404,-88.98434400463881,0.27007474804198767,Small,RegolithCovered,background_regolith,Background,Background,-1,-1.0,-1.0,-1.0,0.0,0.012,1.0,-1,,unreal_rockfield.json,unreal_rockfield.json,nan,nan,nan
1034,0.5417035431989348,-176.92342905972473,0.33697426595028107,Medium,RegolithCovered,background_regolith,Background,Background,-1,-1.0,-1.0,-1.0,0.0,0.012,1.0,-1,,unreal_rockfield.json,unreal_rockfield.json,nan,nan,nan
1035,121.0135196996979,246.26148258919034,0.31650156645382876,Medium,RegolithCovered,background_regolith,Background,Background,-1,-1.0,-1.0,-1.0,0.0,0.012,1.0,-1,,unreal_rockfield.json,unreal_rockfield.json,nan,nan,nan
1036,82.11767937253944,-143.6582537308878,0.35338049888257056,Medium,RegolithCovered,background_regolith,Background,Background,-1,-1.0,-1.0,-1.0,0.0,0.012,1.0,-1,,unreal_rockfield.json,unreal_rockfield.json,nan,nan,nan
1037,-243.85052034058657,62.11279641102328,0.2600256622354322,Small,RegolithCovered,background_regolith,Background,Background,-1,-1.0,-1.0,-1.0,0.0,0.012,1.0,-1,,unreal_rockfield.json,unreal_rockfield.json,nan,nan,nan
1038,-39.49858088930935,80.53071687978758,0.2683224328895061,Small,RegolithCovered,background_regolith,Background,Background,-1,-1.0,-1.0,-1.0,0.0,0.012,1.0,-1,,unreal_rockfield.json,unreal_rockfield.json,nan,nan,nan
1039,76.48701437421795,129.17722098452708,0.3258142805245086,Medium,RegolithCovered,background_regolith,Background,Background,-1,-1.0,-1.0,-1.0,0.0,0.012,1.0,-1,,unreal_rockfield.json,unreal_rockfield.json,nan,nan,nan
1040,42.82509842219304,-68.3385723441267,0.3770328954629811,Medium,RegolithCovered,background_regolith,Background,Background,-1,-1.0,-1.0,-1.0,0.0,0.012,1.0,-1,,unreal_rockfield.json,unreal_rockfield.json,nan,nan,nan
1041,194.30372020630512,-202.46742149113436,0.28605059102412145,Small,RegolithCovered,background_regolith,Background,Background,-1,-1.0,-1.0,-1.0,0.0,0.012,1.0,-1,,unreal_rockfield.json,unreal_rockfield.json,nan,nan,nan
1042,-121.65440839869382,-219.78667561876279,0.27246393170032257,Small,RegolithCovered,background_regolith,Background,Background,-1,-1.0,-1.0,-1.0,0.0,0.012,1.0,-1,,unreal_rockfield.json,unreal_rockfield.json,nan,nan,nan
1043,-149.0142521439253,4.280220954008598,0.2709724821460569,Small,RegolithCovered,background_regolith,Background,Background,-1,-1.0,-1.0,-1.0,0.0,0.012,1.0,-1,,unreal_rockfield.json,unreal_rockfield.json,nan,nan,nan
1044,237.71629993591114,-168.17987609485152,0.27604808283845317,Small,RegolithCovered,background_regolith,Background,Background,-1,-1.0,-1.0,-1.0,0.0,0.012,1.0,-1,,unreal_rockfield.json,unreal_rockfield.json,nan,nan,nan
1045,-243.04177983947264,153.13425092318488,0.5223509178932176,Medium,RegolithCovered,background_regolith,Background,Background,-1,-1.0,-1.0,-1.0,0.0,0.012,1.0,-1,,unreal_rockfield.json,unreal_rockfield.json,nan,nan,nan
1046,27.901547288430436,119.10611285744807,0.48519004076554373,Medium,RegolithCovered,background_regolith,Background,Background,-1,-1.0,-1.0,-1.0,0.0,0.012,1.0,-1,,unreal_rockfield.json,unreal_rockfield.json,nan,nan,nan
1047,32.37250892666407,203.13882869960634,0.29486715483114667,Small,RegolithCovered,background_regolith,Background,Background,-1,-1.0,-1.0,-1.0,0.0,0.012,1.0,-1,,unreal_rockfield.json,unreal_rockfield.json,nan,nan,nan
1048,-158.30713827936643,-209.12045655690176,0.29472738683349986,Small,RegolithCovered,background_regolith,Background,Background,-1,-1.0,-1.0,-1.0,0.0,0.012,1.0,-1,,unreal_rockfield.json,unreal_rockfield.json,nan,nan,nan
1049,-164.73128452406382,-84.40656758323922,0.29991100473433113,Small,RegolithCovered,background_regolith,Background,Background,-1,-1.0,-1.0,-1.0,0.0,0.012,1.0,-1,,unreal_rockfield.json,unreal_rockfield.json,nan,nan,nan
1050,-95.95782341990417,-9.697256385998116,0.4353957700224559,Medium,RegolithCovered,background_regolith,Background,Background,-1,-1.0,-1.0,-1.0,0.0,0.012,1.0,-1,,unreal_rockfield.json,unreal_rockfield.json,nan,nan,nan
1051,-81.50730918301949,-62.44850001525924,0.3007948278127606,Medium,RegolithCovered,background_regolith,Background,Background,-1,-1.0,-1.0,-1.0,0.0,0.012,1.0,-1,,unreal_rockfield.json,unreal_rockfield.json,nan,nan,nan
1052,-178.2662434766686,221.57200842310857,0.26619241435001395,Small,RegolithCovered,background_regolith,Background,Background,-1,-1.0,-1.0,-1.0,0.0,0.012,1.0,-1,,unreal_rockfield.json,unreal_rockfield.json,nan,nan,nan
1053,-151.88299203466903,-65.179906613361,0.304695451842587,Medium,RegolithCovered,background_regolith,Background,Background,-1,-1.0,-1.0,-1.0,0.0,0.012,1.0,-1,,unreal_rockfield.json,unreal_rockfield.json,nan,nan,nan
1054,52.9419843134861,174.40565202795494,0.3169636628097056,Medium,RegolithCovered,background_regolith,Background,Background,-1,-1.0,-1.0,-1.0,0.0,0.012,1.0,-1,,unreal_rockfield.json,unreal_rockfield.json,nan,nan,nan
1055,-118.95352031006806,13.695181127353749,0.3136578439489915,Medium,RegolithCovered,background_regolith,Background,Background,-1,-1.0,-1.0,-1.0,0.0,0.012,1.0,-1,,unreal_rockfield.json,unreal_rockfield.json,nan,nan,nan
1056,79.15738395336774,-56.80257576219978,0.3044990386425815,Medium,RegolithCovered,background_regolith,Background,Background,-1,-1.0,-1.0,-1.0,0.0,0.012,1.0,-1,,unreal_rockfield.json,unreal_rockfield.json,nan,nan,nan
1057,-25.42954802087465,-123.62285225989564,0.3223687524935344,Medium,RegolithCovered,background_regolith,Background,Background,-1,-1.0,-1.0,-1.0,0.0,0.012,1.0,-1,,unreal_rockfield.json,unreal_rockfield.json,nan,nan,nan
1058,69.36094241157264,-118.61781670583207,0.26029513838545104,Small,RegolithCovered,background_regolith,Background,Background,-1,-1.0,-1.0,-1.0,0.0,0.012,1.0,-1,,unreal_rockfield.json,unreal_rockfield.json,nan,nan,nan
1059,25.109103671376715,228.75911740470593,0.2619345525253327,Small,RegolithCovered,background_regolith,Background,Background,-1,-1.0,-1.0,-1.0,0.0,0.012,1.0,-1,,unreal_rockfield.json,unreal_rockfield.json,nan,nan,nan
1060,63.57768486587116,-91.2884914700766,0.31656648560881445,Medium,RegolithCovered,background_regolith,Background,Background,-1,-1.0,-1.0,-1.0,0.0,0.012,1.0,-1,,unreal_rockfield.json,unreal_rockfield.json,nan,nan,nan
1061,143.0326242866298,86.58864101077302,0.2612751800876131,Small,RegolithCovered,background_regolith,Background,Background,-1,-1.0,-1.0,-1.0,0.0,0.012,1.0,-1,,unreal_rockfield.json,unreal_rockfield.json,nan,nan,nan
1062,57.7181310464797,-122.46314889980772,0.26024576695125934,Small,RegolithCovered,background_regolith,Background,Background,-1,-1.0,-1.0,-1.0,0.0,0.012,1.0,-1,,unreal_rockfield.json,unreal_rockfield.json,nan,nan,nan
1063,4.005554368724631,-2.9526657918027297,0.28320521453720615,Small,RegolithCovered,background_regolith,Background,Background,-1,-1.0,-1.0,-1.0,0.0,0.012,1.0,-1,,unreal_rockfield.json,unreal_rockfield.json,nan,nan,nan
1064,30.38880581072425,40.04791405987737,0.2856306338733304,Small,RegolithCovered,background_regolith,Background,Background,-1,-1.0,-1.0,-1.0,0.0,0.012,1.0,-1,,unreal_rockfield.json,unreal_rockfield.json,nan,nan,nan
1065,11.665700247199936,-8.537553025910228,0.3025456615635273,Medium,RegolithCovered,background_regolith,Background,Background,-1,-1.0,-1.0,-1.0,0.0,0.012,1.0,-1,,unreal_rockfield.json,unreal_rockfield.json,nan,nan,nan
1066,104.01470992156743,181.6995757927183,0.2671600704548081,Small,RegolithCovered,background_regolith,Background,Background,-1,-1.0,-1.0,-1.0,0.0,0.012,1.0,-1,,unreal_rockfield.json,unreal_rockfield.json,nan,nan,nan
1067,98.93337809381393,2.647480697042738,0.36404653768617135,Medium,RegolithCovered,background_regolith,Background,Background,-1,-1.0,-1.0,-1.0,0.0,0.012,1.0,-1,,unreal_rockfield.json,unreal_rockfield.json,nan,nan,nan
1068,-136.27277443769646,31.243324076052147,0.2812315710921697,Small,RegolithCovered,background_regolith,Background,Background,-1,-1.0,-1.0,-1.0,0.0,0.012,1.0,-1,,unreal_rockfield.json,unreal_rockfield.json,nan,nan,nan
1069,-75.57145908993803,202.0401623584704,0.2817253309114937,Small,RegolithCovered,background_regolith,Background,Background,-1,-1.0,-1.0,-1.0,0.0,0.012,1.0,-1,,unreal_rockfield.json,unreal_rockfield.json,nan,nan,nan
1070,55.26139103366188,65.13412884914698,0.5337613453475658,Medium,RegolithCovered,background_regolith,Background,Background,-1,-1.0,-1.0,-1.0,0.0,0.012,1.0,-1,,unreal_rockfield.json,unreal_rockfield.json,nan,nan,nan
1071,-77.66197698904386,-74.9458296456801,0.3675220526637034,Medium,RegolithCovered,background_regolith,Background,Background,-1,-1.0,-1.0,-1.0,0.0,0.012,1.0,-1,,unreal_rockfield.json,unreal_rockfield.json,nan,nan,nan
1072,136.7152928250984,228.88119144260992,0.32201469153891704,Medium,RegolithCovered,background_regolith,Background,Background,-1,-1.0,-1.0,-1.0,0.0,0.012,1.0,-1,,unreal_rockfield.json,unreal_rockfield.json,nan,nan,nan
1073,76.96005127109589,247.37540818506426,0.36161500276791647,Medium,RegolithCovered,background_regolith,Background,Background,-1,-1.0,-1.0,-1.0,0.0,0.012,1.0,-1,,unreal_rockfield.json,unreal_rockfield.json,nan,nan,nan
1074,153.4699545274209,-160.35187841425824,0.28386997746856085,Small,RegolithCovered,background_regolith,Background,Background,-1,-1.0,-1.0,-1.0,0.0,0.012,1.0,-1,,unreal_rockfield.json,unreal_rockfield.json,nan,nan,nan
1075,-144.90951261940367,35.103915524765796,0.4185482161824914,Medium,RegolithCovered,background_regolith,Background,Background,-1,-1.0,-1.0,-1.0,0.0,0.012,1.0,-1,,unreal_rockfield.json,unreal_rockfield.json,nan,nan,nan
1076,-169.14120914334543,-51.263466292306276,0.3433313650841814,Medium,RegolithCovered,background_regolith,Background,Background,-1,-1.0,-1.0,-1.0,0.0,0.012,1.0,-1,,unreal_rockfield.json,unreal_rockfield.json,nan,nan,nan
1077,-123.11929685354167,107.44804223761713,0.2671125431497992,Small,RegolithCovered,background_regolith,Background,Background,-1,-1.0,-1.0,-1.0,0.0,0.012,1.0,-1,,unreal_rockfield.json,unreal_rockfield.json,nan,nan,nan
1078,-179.01394695883053,167.99676503799554,0.3222130888451614,Medium,RegolithCovered,background_regolith,Background,Background,-1,-1.0,-1.0,-1.0,0.0,0.012,1.0,-1,,unreal_rockfield.json,unreal_rockfield.json,nan,nan,nan
1079,76.029236732078,207.89971617786188,0.27558602773541196,Small,RegolithCovered,background_regolith,Background,Background,-1,-1.0,-1.0,-1.0,0.0,0.012,1.0,-1,,unreal_rockfield.json,unreal_rockfield.json,nan,nan,nan
1080,-113.44492934965055,-161.28269295327615,0.2813954081179757,Small,RegolithCovered,background_regolith,Background,Background,-1,-1.0,-1.0,-1.0,0.0,0.012,1.0,-1,,unreal_rockfield.json,unreal_rockfield.json,nan,nan,nan
1081,232.89437543870355,-32.250434888760026,0.2726914781230711,Small,RegolithCovered,background_regolith,Background,Background,-1,-1.0,-1.0,-1.0,0.0,0.012,1.0,-1,,unreal_rockfield.json,unreal_rockfield.json,nan,nan,nan
1082,144.08551286355174,-118.77040925321208,0.3981782668475199,Medium,RegolithCovered,background_regolith,Background,Background,-1,-1.0,-1.0,-1.0,0.0,0.012,1.0,-1,,unreal_rockfield.json,unreal_rockfield.json,nan,nan,nan
1083,-206.12964262825403,149.50254829554126,0.28256356034130947,Small,RegolithCovered,background_regolith,Background,Background,-1,-1.0,-1.0,-1.0,0.0,0.012,1.0,-1,,unreal_rockfield.json,unreal_rockfield.json,nan,nan,nan
1084,6.4775536362803905,146.69484542374948,0.39473371797316864,Medium,RegolithCovered,background_regolith,Background,Background,-1,-1.0,-1.0,-1.0,0.0,0.012,1.0,-1,,unreal_rockfield.json,unreal_rockfield.json,nan,nan,nan
1085,-243.3317056794946,-132.5189977721488,0.2722378579519153,Small,RegolithCovered,background_regolith,Background,Background,-1,-1.0,-1.0,-1.0,0.0,0.012,1.0,-1,,unreal_rockfield.json,unreal_rockfield.json,nan,nan,nan
1086,-148.32758568071534,37.255470442823594,0.33721289837275803,Medium,RegolithCovered,background_regolith,Background,Background,-1,-1.0,-1.0,-1.0,0.0,0.012,1.0,-1,,unreal_rockfield.json,unreal_rockfield.json,nan,nan,nan
1087,40.688802758873294,-115.59648426770835,0.380045754128444,Medium,RegolithCovered,background_regolith,Background,Background,-1,-1.0,-1.0,-1.0,0.0,0.012,1.0,-1,,unreal_rockfield.json,unreal_rockfield.json,nan,nan,nan
1088,-116.2526322214423,3.2578508865627214,0.28462024183886936,Small,RegolithCovered,background_regolith,Background,Background,-1,-1.0,-1.0,-1.0,0.0,0.012,1.0,-1,,unreal_rockfield.json,unreal_rockfield.json,nan,nan,nan
1089,112.63618884853668,162.97647022919398,0.3122324613984598,Medium,RegolithCovered,background_regolith,Background,Background,-1,-1.0,-1.0,-1.0,0.0,0.012,1.0,-1,,unreal_rockfield.json,unreal_rockfield.json,nan,nan,nan
1090,-164.0751365703299,204.92416150395218,0.26445673597203523,Small,RegolithCovered,background_regolith,Background,Background,-1,-1.0,-1.0,-1.0,0.0,0.012,1.0,-1,,unreal_rockfield.json,unreal_rockfield.json,nan,nan,nan
1091,136.13544114505447,-199.27823725089266,0.336196872724326,Medium,RegolithCovered,background_regolith,Background,Background,-1,-1.0,-1.0,-1.0,0.0,0.012,1.0,-1,,unreal_rockfield.json,unreal_rockfield.json,nan,nan,nan
1092,-223.06741538743248,78.33338419751578,0.2616063042950244,Small,RegolithCovered,background_regolith,Background,Background,-1,-1.0,-1.0,-1.0,0.0,0.012,1.0,-1,,unreal_rockfield.json,unreal_rockfield.json,nan,nan,nan
1093,-0.8163701284829301,-21.30954924161503,0.349691514591402,Medium,RegolithCovered,background_regolith,Background,Background,-1,-1.0,-1.0,-1.0,0.0,0.012,1.0,-1,,unreal_rockfield.json,unreal_rockfield.json,nan,nan,nan
1094,11.9708853419599,208.11334574419385,0.26234723764101775,Small,RegolithCovered,background_regolith,Background,Background,-1,-1.0,-1.0,-1.0,0.0,0.012,1.0,-1,,unreal_rockfield.json,unreal_rockfield.json,nan,nan,nan
1095,181.98950163274026,-200.30060731833856,0.32157175404668203,Medium,RegolithCovered,background_regolith,Background,Background,-1,-1.0,-1.0,-1.0,0.0,0.012,1.0,-1,,unreal_rockfield.json,unreal_rockfield.json,nan,nan,nan
1096,103.4043397320475,221.3126010925626,0.2896678465178434,Small,RegolithCovered,background_regolith,Background,Background,-1,-1.0,-1.0,-1.0,0.0,0.012,1.0,-1,,unreal_rockfield.json,unreal_rockfield.json,nan,nan,nan
1097,-3.6698507644886718,67.19412823877678,0.2697686771649148,Small,RegolithCovered,background_regolith,Background,Background,-1,-1.0,-1.0,-1.0,0.0,0.012,1.0,-1,,unreal_rockfield.json,unreal_rockfield.json,nan,nan,nan
1098,62.997833185827176,-185.8806115909299,0.2796782453404927,Small,RegolithCovered,background_regolith,Background,Background,-1,-1.0,-1.0,-1.0,0.0,0.012,1.0,-1,,unreal_rockfield.json,unreal_rockfield.json,nan,nan,nan
1099,196.44001586962497,-153.27158421582692,0.3190673748502216,Medium,RegolithCovered,background_regolith,Background,Background,-1,-1.0,-1.0,-1.0,0.0,0.012,1.0,-1,,unreal_rockfield.json,unreal_rockfield.json,nan,nan,nan
1100,-26.833399456770508,-56.13116855372783,0.29269369457999544,Small,RegolithCovered,background_regolith,Background,Background,-1,-1.0,-1.0,-1.0,0.0,0.012,1.0,-1,,unreal_rockfield.json,unreal_rockfield.json,nan,nan,nan
1101,-236.11407818842127,-249.74059266945403,0.3004619134382295,Medium,RegolithCovered,background_regolith,Background,Background,-1,-1.0,-1.0,-1.0,0.0,0.012,1.0,-1,,unreal_rockfield.json,unreal_rockfield.json,nan,nan,nan
1102,-131.6492202520829,100.88656270027775,0.2616418016772854,Small,RegolithCovered,background_regolith,Background,Background,-1,-1.0,-1.0,-1.0,0.0,0.012,1.0,-1,,unreal_rockfield.json,unreal_rockfield.json,nan,nan,nan
1103,247.29911191137427,-29.473250526444275,0.2857303038891325,Small,RegolithCovered,background_regolith,Background,Background,-1,-1.0,-1.0,-1.0,0.0,0.012,1.0,-1,,unreal_rockfield.json,unreal_rockfield.json,nan,nan,nan
1104,-164.79232154301582,-145.04684591204565,0.29728250051251737,Small,RegolithCovered,background_regolith,Background,Background,-1,-1.0,-1.0,-1.0,0.0,0.012,1.0,-1,,unreal_rockfield.json,unreal_rockfield.json,nan,nan,nan
1105,-175.3517258217109,-137.0204779198584,0.3158846387097998,Medium,RegolithCovered,background_regolith,Background,Background,-1,-1.0,-1.0,-1.0,0.0,0.012,1.0,-1,,unreal_rockfield.json,unreal_rockfield.json,nan,nan,nan
1106,160.88595233008817,-12.916959135715814,0.2712536943859731,Small,RegolithCovered,background_regolith,Background,Background,-1,-1.0,-1.0,-1.0,0.0,0.012,1.0,-1,,unreal_rockfield.json,unreal_rockfield.json,nan,nan,nan
1107,193.6170537430952,7.469405194250328,0.29379346960251435,Small,RegolithCovered,background_regolith,Background,Background,-1,-1.0,-1.0,-1.0,0.0,0.012,1.0,-1,,unreal_rockfield.json,unreal_rockfield.json,nan,nan,nan
1108,157.7120273445845,-92.66182439649648,0.3802715094361752,Medium,RegolithCovered,background_regolith,Background,Background,-1,-1.0,-1.0,-1.0,0.0,0.012,1.0,-1,,unreal_rockfield.json,unreal_rockfield.json,nan,nan,nan
1109,-83.24686422315133,-127.51396221808527,0.44448311312853367,Medium,RegolithCovered,background_regolith,Background,Background,-1,-1.0,-1.0,-1.0,0.0,0.012,1.0,-1,,unreal_rockfield.json,unreal_rockfield.json,nan,nan,nan
1110,210.6616412854396,159.8483230079043,0.3222317375467672,Medium,RegolithCovered,background_regolith,Background,Background,-1,-1.0,-1.0,-1.0,0.0,0.012,1.0,-1,,unreal_rockfield.json,unreal_rockfield.json,nan,nan,nan
1111,-104.88448744163333,137.89025543992432,0.3374172220137988,Medium,RegolithCovered,background_regolith,Background,Background,-1,-1.0,-1.0,-1.0,0.0,0.012,1.0,-1,,unreal_rockfield.json,unreal_rockfield.json,nan,nan,nan
1112,-185.54490798669394,65.01205481124299,0.2705056199290723,Small,RegolithCovered,background_regolith,Background,Background,-1,-1.0,-1.0,-1.0,0.0,0.012,1.0,-1,,unreal_rockfield.json,unreal_rockfield.json,nan,nan,nan
1113,150.0366222113712,93.51634266182441,0.32272587284657844,Medium,RegolithCovered,background_regolith,Background,Background,-1,-1.0,-1.0,-1.0,0.0,0.012,1.0,-1,,unreal_rockfield.json,unreal_rockfield.json,nan,nan,nan
1114,82.10242011780144,-115.70329905087434,0.29142310476687455,Small,RegolithCovered,background_regolith,Background,Background,-1,-1.0,-1.0,-1.0,0.0,0.012,1.0,-1,,unreal_rockfield.json,unreal_rockfield.json,nan,nan,nan
1115,-1.2588885158848768,11.314737388225979,0.3616761787920658,Medium,RegolithCovered,background_regolith,Background,Background,-1,-1.0,-1.0,-1.0,0.0,0.012,1.0,-1,,unreal_rockfield.json,unreal_rockfield.json,nan,nan,nan
1116,99.31485946226388,-249.13022247993408,0.5745180802795191,Medium,RegolithCovered,background_regolith,Background,Background,-1,-1.0,-1.0,-1.0,0.0,0.012,1.0,-1,,unreal_rockfield.json,unreal_rockfield.json,nan,nan,nan
1117,-49.874874111148415,172.49824518570512,0.27001676171982375,Small,RegolithCovered,background_regolith,Background,Background,-1,-1.0,-1.0,-1.0,0.0,0.012,1.0,-1,,unreal_rockfield.json,unreal_rockfield.json,nan,nan,nan
1118,-238.998077333903,-70.76479384746847,0.31140953352720663,Medium,RegolithCovered,background_regolith,Background,Background,-1,-1.0,-1.0,-1.0,0.0,0.012,1.0,-1,,unreal_rockfield.json,unreal_rockfield.json,nan,nan,nan
1119,161.77098910489212,7.332071901608344,0.27015326253532834,Small,RegolithCovered,background_regolith,Background,Background,-1,-1.0,-1.0,-1.0,0.0,0.012,1.0,-1,,unreal_rockfield.json,unreal_rockfield.json,nan,nan,nan
1120,40.23102511673335,184.12579729606006,0.2625983098392058,Small,RegolithCovered,background_regolith,Background,Background,-1,-1.0,-1.0,-1.0,0.0,0.012,1.0,-1,,unreal_rockfield.json,unreal_rockfield.json,nan,nan,nan
1121,25.337992492446688,-237.9909665211951,0.2600490086952144,Small,RegolithCovered,background_regolith,Background,Background,-1,-1.0,-1.0,-1.0,0.0,0.012,1.0,-1,,unreal_rockfield.json,unreal_rockfield.json,nan,nan,nan
1122,198.77468184453875,93.45530564287242,0.27230636274178194,Small,RegolithCovered,background_regolith,Background,Background,-1,-1.0,-1.0,-1.0,0.0,0.012,1.0,-1,,unreal_rockfield.json,unreal_rockfield.json,nan,nan,nan
1123,-179.2580950346385,-70.82583086642049,0.26189627618081196,Small,RegolithCovered,background_regolith,Background,Background,-1,-1.0,-1.0,-1.0,0.0,0.012,1.0,-1,,unreal_rockfield.json,unreal_rockfield.json,nan,nan,nan
1124,-64.874721518601,-33.486434522537905,0.315151293343556,Medium,RegolithCovered,background_regolith,Background,Background,-1,-1.0,-1.0,-1.0,0.0,0.012,1.0,-1,,unreal_rockfield.json,unreal_rockfield.json,nan,nan,nan
1125,-159.8330637531663,57.6876125370037,0.2954282915449912,Small,RegolithCovered,background_regolith,Background,Background,-1,-1.0,-1.0,-1.0,0.0,0.012,1.0,-1,,unreal_rockfield.json,unreal_rockfield.json,nan,nan,nan
1126,70.32227546006652,67.0262764366588,0.271591228815356,Small,RegolithCovered,background_regolith,Background,Background,-1,-1.0,-1.0,-1.0,0.0,0.012,1.0,-1,,unreal_rockfield.json,unreal_rockfield.json,nan,nan,nan
1127,-134.21277504806665,176.70979949339272,0.2608084360021838,Small,RegolithCovered,background_regolith,Background,Background,-1,-1.0,-1.0,-1.0,0.0,0.012,1.0,-1,,unreal_rockfield.json,unreal_rockfield.json,nan,nan,nan
1128,-218.7032685323649,27.27591784417251,0.31375873325816167,Medium,RegolithCovered,background_regolith,Background,Background,-1,-1.0,-1.0,-1.0,0.0,0.012,1.0,-1,,unreal_rockfield.json,unreal_rockfield.json,nan,nan,nan
1129,-169.94994964445937,119.04507583849607,0.3075625798443595,Medium,RegolithCovered,background_regolith,Background,Background,-1,-1.0,-1.0,-1.0,0.0,0.012,1.0,-1,,unreal_rockfield.json,unreal_rockfield.json,nan,nan,nan
1130,-207.13675344096194,111.87322611163671,0.31754183845758455,Medium,RegolithCovered,background_regolith,Background,Background,-1,-1.0,-1.0,-1.0,0.0,0.012,1.0,-1,,unreal_rockfield.json,unreal_rockfield.json,nan,nan,nan
1131,-170.5603198339793,195.87542344431898,0.27319563793538093,Small,RegolithCovered,background_regolith,Background,Background,-1,-1.0,-1.0,-1.0,0.0,0.012,1.0,-1,,unreal_rockfield.json,unreal_rockfield.json,nan,nan,nan
1132,20.195623645741136,-214.52223273415325,0.2752388627345608,Small,RegolithCovered,background_regolith,Background,Background,-1,-1.0,-1.0,-1.0,0.0,0.012,1.0,-1,,unreal_rockfield.json,unreal_rockfield.json,nan,nan,nan
1133,-158.18506424146244,146.6185491500595,0.49589304772074166,Medium,RegolithCovered,background_regolith,Background,Background,-1,-1.0,-1.0,-1.0,0.0,0.012,1.0,-1,,unreal_rockfield.json,unreal_rockfield.json,nan,nan,nan
1134,102.30567339091158,-203.93230994598224,0.29396018068385693,Small,RegolithCovered,background_regolith,Background,Background,-1,-1.0,-1.0,-1.0,0.0,0.012,1.0,-1,,unreal_rockfield.json,unreal_rockfield.json,nan,nan,nan
1135,-50.363170262764385,-248.67244483779413,0.31444643179772985,Medium,RegolithCovered,background_regolith,Background,Background,-1,-1.0,-1.0,-1.0,0.0,0.012,1.0,-1,,unreal_rockfield.json,unreal_rockfield.json,nan,nan,nan
1136,-230.4376354258858,139.88921781060213,0.26583147115222266,Small,RegolithCovered,background_regolith,Background,Background,-1,-1.0,-1.0,-1.0,0.0,0.012,1.0,-1,,unreal_rockfield.json,unreal_rockfield.json,nan,nan,nan
1137,33.92895290993988,136.95944090090637,0.41388127067824565,Medium,RegolithCovered,background_regolith,Background,Background,-1,-1.0,-1.0,-1.0,0.0,0.012,1.0,-1,,unreal_rockfield.json,unreal_rockfield.json,nan,nan,nan
1138,233.96252327036348,-233.6573381756035,0.2627726479699364,Small,RegolithCovered,background_regolith,Background,Background,-1,-1.0,-1.0,-1.0,0.0,0.012,1.0,-1,,unreal_rockfield.json,unreal_rockfield.json,nan,nan,nan
1139,216.03289895321512,-180.81453901791434,0.4450977413748894,Medium,RegolithCovered,background_regolith,Background,Background,-1,-1.0,-1.0,-1.0,0.0,0.012,1.0,-1,,unreal_rockfield.json,unreal_rockfield.json,nan,nan,nan
1140,-35.302285836359744,145.01632740256963,0.3065089961113796,Medium,RegolithCovered,background_regolith,Background,Background,-1,-1.0,-1.0,-1.0,0.0,0.012,1.0,-1,,unreal_rockfield.json,unreal_rockfield.json,nan,nan,nan
1141,221.19052705465862,87.30582598345899,0.3647115176469553,Medium,RegolithCovered,background_regolith,Background,Background,-1,-1.0,-1.0,-1.0,0.0,0.012,1.0,-1,,unreal_rockfield.json,unreal_rockfield.json,nan,nan,nan
1142,4.921109653004578,-207.21304971465193,0.316404382058232,Medium,RegolithCovered,background_regolith,Background,Background,-1,-1.0,-1.0,-1.0,0.0,0.012,1.0,-1,,unreal_rockfield.json,unreal_rockfield.json,nan,nan,nan
1143,-240.96652119510483,146.80166020691547,0.26523100373277336,Small,RegolithCovered,background_regolith,Background,Background,-1,-1.0,-1.0,-1.0,0.0,0.012,1.0,-1,,unreal_rockfield.json,unreal_rockfield.json,nan,nan,nan
1144,80.83590197454754,-16.670735801263476,0.2696972348417296,Small,RegolithCovered,background_regolith,Background,Background,-1,-1.0,-1.0,-1.0,0.0,0.012,1.0,-1,,unreal_rockfield.json,unreal_rockfield.json,nan,nan,nan
1145,-101.89367351298563,172.13202307199316,0.2621800616103864,Small,RegolithCovered,background_regolith,Background,Background,-1,-1.0,-1.0,-1.0,0.0,0.012,1.0,-1,,unreal_rockfield.json,unreal_rockfield.json,nan,nan,nan
1146,-155.5909909360027,70.67323831904048,0.26188270473350594,Small,RegolithCovered,background_regolith,Background,Background,-1,-1.0,-1.0,-1.0,0.0,0.012,1.0,-1,,unreal_rockfield.json,unreal_rockfield.json,nan,nan,nan
1147,191.20609149449143,-223.69304483169043,0.2991583326505172,Small,RegolithCovered,background_regolith,Background,Background,-1,-1.0,-1.0,-1.0,0.0,0.012,1.0,-1,,unreal_rockfield.json,unreal_rockfield.json,nan,nan,nan
1148,-141.567735831782,92.60078737754446,0.27164698356362615,Small,RegolithCovered,background_regolith,Background,Background,-1,-1.0,-1.0,-1.0,0.0,0.012,1.0,-1,,unreal_rockfield.json,unreal_rockfield.json,nan,nan,nan
1149,-74.57960753196812,63.10464796899316,0.3593337442459511,Medium,RegolithCovered,background_regolith,Background,Background,-1,-1.0,-1.0,-1.0,0.0,0.012,1.0,-1,,unreal_rockfield.json,unreal_rockfield.json,nan,nan,nan
1150,69.40672017578663,13.298440504165796,0.2800426357167315,Small,RegolithCovered,background_regolith,Background,Background,-1,-1.0,-1.0,-1.0,0.0,0.012,1.0,-1,,unreal_rockfield.json,unreal_rockfield.json,nan,nan,nan
1151,-240.2035584582049,79.15738395336774,0.2701988826309751,Small,RegolithCovered,background_regolith,Background,Background,-1,-1.0,-1.0,-1.0,0.0,0.012,1.0,-1,,unreal_rockfield.json,unreal_rockfield.json,nan,nan,nan
1152,203.23038422803432,57.94701986754967,0.35194760449523554,Medium,RegolithCovered,background_regolith,Background,Background,-1,-1.0,-1.0,-1.0,0.0,0.012,1.0,-1,,unreal_rockfield.json,unreal_rockfield.json,nan,nan,nan
1153,113.93322550126652,-185.49913022247995,0.2757682801287563,Small,RegolithCovered,background_regolith,Background,Background,-1,-1.0,-1.0,-1.0,0.0,0.012,1.0,-1,,unreal_rockfield.json,unreal_rockfield.json,nan,nan,nan
1154,-47.8453932309946,20.5008087405011,0.28254571184941857,Small,RegolithCovered,background_regolith,Background,Background,-1,-1.0,-1.0,-1.0,0.0,0.012,1.0,-1,,unreal_rockfield.json,unreal_rockfield.json,nan,nan,nan
1155,-79.34049501022369,97.849971007416,0.3175362930892196,Medium,RegolithCovered,background_regolith,Background,Background,-1,-1.0,-1.0,-1.0,0.0,0.012,1.0,-1,,unreal_rockfield.json,unreal_rockfield.json,nan,nan,nan
1156,183.0118717001862,127.86492507705918,0.27634887251238066,Small,RegolithCovered,background_regolith,Background,Background,-1,-1.0,-1.0,-1.0,0.0,0.012,1.0,-1,,unreal_rockfield.json,unreal_rockfield.json,nan,nan,nan
1157,190.2752769554735,-13.954588457899717,0.26609308789993286,Small,RegolithCovered,background_regolith,Background,Background,-1,-1.0,-1.0,-1.0,0.0,0.012,1.0,-1,,unreal_rockfield.json,unreal_rockfield.json,nan,nan,nan
1158,-123.31766716513565,-42.88613544114506,0.3029009256609582,Medium,RegolithCovered,background_regolith,Background,Background,-1,-1.0,-1.0,-1.0,0.0,0.012,1.0,-1,,unreal_rockfield.json,unreal_rockfield.json,nan,nan,nan
1159,192.04535050508133,242.66029847102266,0.2644660564118024,Small,RegolithCovered,background_regolith,Background,Background,-1,-1.0,-1.0,-1.0,0.0,0.012,1.0,-1,,unreal_rockfield.json,unreal_rockfield.json,nan,nan,nan
1160,-207.02993865779595,-36.33991515854365,0.2826999449935488,Small,RegolithCovered,background_regolith,Background,Background,-1,-1.0,-1.0,-1.0,0.0,0.012,1.0,-1,,unreal_rockfield.json,unreal_rockfield.json,nan,nan,nan
1161,-121.05929746391186,-75.28153324991607,0.26912789976417817,Small,RegolithCovered,background_regolith,Background,Background,-1,-1.0,-1.0,-1.0,0.0,0.012,1.0,-1,,unreal_rockfield.json,unreal_rockfield.json,nan,nan,nan
1162,130.93203527939693,-174.23780022583696,0.2939632186321639,Small,RegolithCovered,background_regolith,Background,Background,-1,-1.0,-1.0,-1.0,0.0,0.012,1.0,-1,,unreal_rockfield.json,unreal_rockfield.json,nan,nan,nan
1163,-101.80211798455764,139.29410687582015,0.311859805355141,Medium,RegolithCovered,background_regolith,Background,Background,-1,-1.0,-1.0,-1.0,0.0,0.012,1.0,-1,,unreal_rockfield.json,unreal_rockfield.json,nan,nan,nan
1164,-88.57234412671286,-18.227179784539345,0.2961005977017283,Small,RegolithCovered,background_regolith,Background,Background,-1,-1.0,-1.0,-1.0,0.0,0.012,1.0,-1,,unreal_rockfield.json,unreal_rockfield.json,nan,nan,nan
1165,84.83382671590317,-122.21900082399975,0.3421442755493419,Medium,RegolithCovered,background_regolith,Background,Background,-1,-1.0,-1.0,-1.0,0.0,0.012,1.0,-1,,unreal_rockfield.json,unreal_rockfield.json,nan,nan,nan
1166,131.48136844996486,-131.6644795068209,0.2794380413451092,Small,RegolithCovered,background_regolith,Background,Background,-1,-1.0,-1.0,-1.0,0.0,0.012,1.0,-1,,unreal_rockfield.json,unreal_rockfield.json,nan,nan,nan
1167,162.0761741996521,175.04654072695092,0.299329375559761,Small,RegolithCovered,background_regolith,Background,Background,-1,-1.0,-1.0,-1.0,0.0,0.012,1.0,-1,,unreal_rockfield.json,unreal_rockfield.json,nan,nan,nan
1168,117.85485396893216,-102.01574755088961,0.28474087686050886,Small,RegolithCovered,background_regolith,Background,Background,-1,-1.0,-1.0,-1.0,0.0,0.012,1.0,-1,,unreal_rockfield.json,unreal_rockfield.json,nan,nan,nan
1169,-89.28952909939878,-141.308328501236,0.5659856116224856,Medium,RegolithCovered,background_regolith,Background,Background,-1,-1.0,-1.0,-1.0,0.0,0.012,1.0,-1,,unreal_rockfield.json,unreal_rockfield.json,nan,nan,nan
1170,127.95648060548723,80.63753166295356,0.2800197525974046,Small,RegolithCovered,background_regolith,Background,Background,-1,-1.0,-1.0,-1.0,0.0,0.012,1.0,-1,,unreal_rockfield.json,unreal_rockfield.json,nan,nan,nan
1171,-243.80474257637258,39.98687704092532,0.2757682801287563,Small,RegolithCovered,background_regolith,Background,Background,-1,-1.0,-1.0,-1.0,0.0,0.012,1.0,-1,,unreal_rockfield.json,unreal_rockfield.json,nan,nan,nan
1172,-204.83260597552416,-166.50135807367167,0.26201495129184943,Small,RegolithCovered,background_regolith,Background,Background,-1,-1.0,-1.0,-1.0,0.0,0.012,1.0,-1,,unreal_rockfield.json,unreal_rockfield.json,nan,nan,nan
1173,-5.882442701498462,-62.18909268471327,0.28042127578483717,Small,RegolithCovered,background_regolith,Background,Background,-1,-1.0,-1.0,-1.0,0.0,0.012,1.0,-1,,unreal_rockfield.json,unreal_rockfield.json,nan,nan,nan
1174,183.62224188970612,-125.68285164952543,0.2607857463666459,Small,RegolithCovered,background_regolith,Background,Background,-1,-1.0,-1.0,-1.0,0.0,0.012,1.0,-1,,unreal_rockfield.json,unreal_rockfield.json,nan,nan,nan
1175,171.61320841090122,-189.83275856807154,0.445407556570302,Medium,RegolithCovered,background_regolith,Background,Background,-1,-1.0,-1.0,-1.0,0.0,0.012,1.0,-1,,unreal_rockfield.json,unreal_rockfield.json,nan,nan,nan
1176,188.0169072542497,91.57841731009859,0.36396608658182455,Medium,RegolithCovered,background_regolith,Background,Background,-1,-1.0,-1.0,-1.0,0.0,0.012,1.0,-1,,unreal_rockfield.json,unreal_rockfield.json,nan,nan,nan
1177,-102.09204382457963,-120.23529770805993,0.29262033578553165,Small,RegolithCovered,background_regolith,Background,Background,-1,-1.0,-1.0,-1.0,0.0,0.012,1.0,-1,,unreal_rockfield.json,unreal_rockfield.json,nan,nan,nan
1178,-20.760216071047097,-129.10092471083712,0.34571981007974434,Medium,RegolithCovered,background_regolith,Background,Background,-1,-1.0,-1.0,-1.0,0.0,0.012,1.0,-1,,unreal_rockfield.json,unreal_rockfield.json,nan,nan,nan
1179,13.67992187261575,-130.336924344615,0.28111989946930377,Small,RegolithCovered,background_regolith,Background,Background,-1,-1.0,-1.0,-1.0,0.0,0.012,1.0,-1,,unreal_rockfield.json,unreal_rockfield.json,nan,nan,nan
1180,-161.11484115115817,-35.302285836359744,0.2895218728243525,Small,RegolithCovered,background_regolith,Background,Background,-1,-1.0,-1.0,-1.0,0.0,0.012,1.0,-1,,unreal_rockfield.json,unreal_rockfield.json,nan,nan,nan
1181,38.90346995452745,-200.56001464888453,0.2955231560486368,Small,RegolithCovered,background_regolith,Background,Background,-1,-1.0,-1.0,-1.0,0.0,0.012,1.0,-1,,unreal_rockfield.json,unreal_rockfield.json,nan,nan,nan
1182,237.18222602008115,61.77709280678732,0.289269132056015,Small,RegolithCovered,background_regolith,Background,Background,-1,-1.0,-1.0,-1.0,0.0,0.012,1.0,-1,,unreal_rockfield.json,unreal_rockfield.json,nan,nan,nan
1183,84.6507156590472,218.3828241828669,0.2707910673311525,Small,RegolithCovered,background_regolith,Background,Background,-1,-1.0,-1.0,-1.0,0.0,0.012,1.0,-1,,unreal_rockfield.json,unreal_rockfield.json,nan,nan,nan
1184,74.30494094668416,181.25705740531635,0.30012827949833226,Medium,RegolithCovered,background_regolith,Background,Background,-1,-1.0,-1.0,-1.0,0.0,0.012,1.0,-1,,unreal_rockfield.json,unreal_rockfield.json,nan,nan,nan
1185,-111.00344859157079,-241.68370616779077,0.3480510675062081,Medium,RegolithCovered,background_regolith,Background,Background,-1,-1.0,-1.0,-1.0,0.0,0.012,1.0,-1,,unreal_rockfield.json,unreal_rockfield.json,nan,nan,nan
1186,-187.71172215948974,-181.08920560319834,0.30109033548617964,Medium,RegolithCovered,background_regolith,Background,Background,-1,-1.0,-1.0,-1.0,0.0,0.012,1.0,-1,,unreal_rockfield.json,unreal_rockfield.json,nan,nan,nan
1187,-238.0977813043611,-37.591174047059525,0.2667774109878224,Small,RegolithCovered,background_regolith,Background,Background,-1,-1.0,-1.0,-1.0,0.0,0.012,1.0,-1,,unreal_rockfield.json,unreal_rockfield.json,nan,nan,nan
1188,-37.62169255653555,-148.72432630390333,0.27107726665608584,Small,RegolithCovered,background_regolith,Background,Background,-1,-1.0,-1.0,-1.0,0.0,0.012,1.0,-1,,unreal_rockfield.json,unreal_rockfield.json,nan,nan,nan
1189,-66.85842463454082,-26.863917966246532,0.2881526619534964,Small,RegolithCovered,background_regolith,Background,Background,-1,-1.0,-1.0,-1.0,0.0,0.012,1.0,-1,,unreal_rockfield.json,unreal_rockfield.json,nan,nan,nan
1190,246.90237128818626,-9.453108310190146,0.3506068261836539,Medium,RegolithCovered,background_regolith,Background,Background,-1,-1.0,-1.0,-1.0,0.0,0.012,1.0,-1,,unreal_rockfield.json,unreal_rockfield.json,nan,nan,nan
1191,31.701101718192092,34.08154545731986,0.3032672169579863,Medium,RegolithCovered,background_regolith,Background,Background,-1,-1.0,-1.0,-1.0,0.0,0.012,1.0,-1,,unreal_rockfield.json,unreal_rockfield.json,nan,nan,nan
1192,-85.82567827387311,20.607623523667144,0.27761318618859193,Small,RegolithCovered,background_regolith,Background,Background,-1,-1.0,-1.0,-1.0,0.0,0.012,1.0,-1,,unreal_rockfield.json,unreal_rockfield.json,nan,nan,nan
1193,118.44996490371415,58.816797387615566,0.2847527253119668,Small,RegolithCovered,background_regolith,Background,Background,-1,-1.0,-1.0,-1.0,0.0,0.012,1.0,-1,,unreal_rockfield.json,unreal_rockfield.json,nan,nan,nan
1194,-163.69365520187995,66.04968413342692,0.27363586121784356,Small,RegolithCovered,background_regolith,Background,Background,-1,-1.0,-1.0,-1.0,0.0,0.012,1.0,-1,,unreal_rockfield.json,unreal_rockfield.json,nan,nan,nan
1195,-212.63008514664145,-61.914426099429306,0.2840113670430079,Small,RegolithCovered,background_regolith,Background,Background,-1,-1.0,-1.0,-1.0,0.0,0.012,1.0,-1,,unreal_rockfield.json,unreal_rockfield.json,nan,nan,nan
1196,-149.67040009765924,192.7472762230293,0.26258697125234376,Small,RegolithCovered,background_regolith,Background,Background,-1,-1.0,-1.0,-1.0,0.0,0.012,1.0,-1,,unreal_rockfield.json,unreal_rockfield.json,nan,nan,nan
1197,-221.05319376201666,-22.682882168034894,0.28854473034572037,Small,RegolithCovered,background_regolith,Background,Background,-1,-1.0,-1.0,-1.0,0.0,0.012,1.0,-1,,unreal_rockfield.json,unreal_rockfield.json,nan,nan,nan
1198,2.159184545426797,144.72640156254766,0.3770752491155549,Medium,RegolithCovered,background_regolith,Background,Background,-1,-1.0,-1.0,-1.0,0.0,0.012,1.0,-1,,unreal_rockfield.json,unreal_rockfield.json,nan,nan,nan
1199,-248.36725974303414,71.13101596118042,0.33430024211814247,Medium,RegolithCovered,background_regolith,Background,Background,-1,-1.0,-1.0,-1.0,0.0,0.012,1.0,-1,,unreal_rockfield.json,unreal_rockfield.json,nan,nan,nan
1200,105.06759849848936,-72.03131199072237,0.4453299449986153,Medium,RegolithCovered,background_regolith,Background,Background,-1,-1.0,-1.0,-1.0,0.0,0.012,1.0,-1,,unreal_rockfield.json,unreal_rockfield.json,nan,nan,nan
1201,-229.67467268898588,114.5130771813105,0.31770298355108917,Medium,RegolithCovered,background_regolith,Background,Background,-1,-1.0,-1.0,-1.0,0.0,0.012,1.0,-1,,unreal_rockfield.json,unreal_rockfield.json,nan,nan,nan
1202,19.99725333414716,192.51838740195933,0.33269886679252736,Medium,RegolithCovered,background_regolith,Background,Background,-1,-1.0,-1.0,-1.0,0.0,0.012,1.0,-1,,unreal_rockfield.json,unreal_rockfield.json,nan,nan,nan
1203,132.3664052247688,-88.57234412671286,0.4932568439559024,Medium,RegolithCovered,background_regolith,Background,Background,-1,-1.0,-1.0,-1.0,0.0,0.012,1.0,-1,,unreal_rockfield.json,unreal_rockfield.json,nan,nan,nan
1204,-10.643330179754031,-121.07455671864986,0.34578443940597464,Medium,RegolithCovered,background_regolith,Background,Background,-1,-1.0,-1.0,-1.0,0.0,0.012,1.0,-1,,unreal_rockfield.json,unreal_rockfield.json,nan,nan,nan
1205,-201.0483108005005,156.79647206030455,0.3674354175943749,Medium,RegolithCovered,background_regolith,Background,Background,-1,-1.0,-1.0,-1.0,0.0,0.012,1.0,-1,,unreal_rockfield.json,unreal_rockfield.json,nan,nan,nan
1206,-101.51219214453567,-178.70876186407054,0.29284674175845943,Small,RegolithCovered,background_regolith,Background,Background,-1,-1.0,-1.0,-1.0,0.0,0.012,1.0,-1,,unreal_rockfield.json,unreal_rockfield.json,nan,nan,nan
1207,-129.05514694662313,125.46922208319347,0.34466682376961794,Medium,RegolithCovered,background_regolith,Background,Background,-1,-1.0,-1.0,-1.0,0.0,0.012,1.0,-1,,unreal_rockfield.json,unreal_rockfield.json,nan,nan,nan
1208,185.163426618244,-127.94122135074923,0.26608470735103573,Small,RegolithCovered,background_regolith,Background,Background,-1,-1.0,-1.0,-1.0,0.0,0.012,1.0,-1,,unreal_rockfield.json,unreal_rockfield.json,nan,nan,nan
1209,179.5937986388745,189.4512771996216,0.2664412967681019,Small,RegolithCovered,background_regolith,Background,Background,-1,-1.0,-1.0,-1.0,0.0,0.012,1.0,-1,,unreal_rockfield.json,unreal_rockfield.json,nan,nan,nan
1210,-43.29813531907101,74.90005188146608,0.2836577678503055,Small,RegolithCovered,background_regolith,Background,Background,-1,-1.0,-1.0,-1.0,0.0,0.012,1.0,-1,,unreal_rockfield.json,unreal_rockfield.json,nan,nan,nan
1211,93.04330576494647,-111.58330027161472,0.2753226005442038,Small,RegolithCovered,background_regolith,Background,Background,-1,-1.0,-1.0,-1.0,0.0,0.012,1.0,-1,,unreal_rockfield.json,unreal_rockfield.json,nan,nan,nan
1212,-107.40226447340311,-105.60167241431927,0.28133064667142677,Small,RegolithCovered,background_regolith,Background,Background,-1,-1.0,-1.0,-1.0,0.0,0.012,1.0,-1,,unreal_rockfield.json,unreal_rockfield.json,nan,nan,nan
1213,6.263924069948416,188.5509811700797,0.2969621847982803,Small,RegolithCovered,background_regolith,Background,Background,-1,-1.0,-1.0,-1.0,0.0,0.012,1.0,-1,,unreal_rockfield.json,unreal_rockfield.json,nan,nan,nan
1214,-103.4653767509995,-43.603320413831,0.27271516053149397,Small,RegolithCovered,background_regolith,Background,Background,-1,-1.0,-1.0,-1.0,0.0,0.012,1.0,-1,,unreal_rockfield.json,unreal_rockfield.json,nan,nan,nan
1215,120.57100131229595,-34.6003601184118,0.27379779846657465,Small,RegolithCovered,background_regolith,Background,Background,-1,-1.0,-1.0,-1.0,0.0,0.012,1.0,-1,,unreal_rockfield.json,unreal_rockfield.json,nan,nan,nan
1216,-98.155156102176,94.9354533524583,0.28039184591870886,Small,RegolithCovered,background_regolith,Background,Background,-1,-1.0,-1.0,-1.0,0.0,0.012,1.0,-1,,unreal_rockfield.json,unreal_rockfield.json,nan,nan,nan
1217,-29.412213507492282,-171.8268379772332,0.2703013533229728,Small,RegolithCovered,background_regolith,Background,Background,-1,-1.0,-1.0,-1.0,0.0,0.012,1.0,-1,,unreal_rockfield.json,unreal_rockfield.json,nan,nan,nan
1218,-82.77382732627339,181.01290932950837,0.6259520304525475,Medium,RegolithCovered,background_regolith,Background,Background,-1,-1.0,-1.0,-1.0,0.0,0.012,1.0,-1,,unreal_rockfield.json,unreal_rockfield.json,nan,nan,nan
1219,154.91958372753072,-149.65514084292124,0.3217127316644272,Medium,RegolithCovered,background_regolith,Background,Background,-1,-1.0,-1.0,-1.0,0.0,0.012,1.0,-1,,unreal_rockfield.json,unreal_rockfield.json,nan,nan,nan
1220,11.87932981353191,160.10773033845027,0.3065468945746644,Medium,RegolithCovered,background_regolith,Background,Background,-1,-1.0,-1.0,-1.0,0.0,0.012,1.0,-1,,unreal_rockfield.json,unreal_rockfield.json,nan,nan,nan
1221,-188.15424054689169,-224.83748893704032,0.29364255171510634,Small,RegolithCovered,background_regolith,Background,Background,-1,-1.0,-1.0,-1.0,0.0,0.012,1.0,-1,,unreal_rockfield.json,unreal_rockfield.json,nan,nan,nan
1222,168.59187597277747,-111.11026337473677,0.2668187667159096,Small,RegolithCovered,background_regolith,Background,Background,-1,-1.0,-1.0,-1.0,0.0,0.012,1.0,-1,,unreal_rockfield.json,unreal_rockfield.json,nan,nan,nan
1223,-9.880367442854094,9.315775017548162,0.4547474433372566,Medium,RegolithCovered,background_regolith,Background,Background,-1,-1.0,-1.0,-1.0,0.0,0.012,1.0,-1,,unreal_rockfield.json,unreal_rockfield.json,nan,nan,nan
1224,-32.448805200354,172.5745414593951,0.29181698561192054,Small,RegolithCovered,background_regolith,Background,Background,-1,-1.0,-1.0,-1.0,0.0,0.012,1.0,-1,,unreal_rockfield.json,unreal_rockfield.json,nan,nan,nan
1225,133.41929380169069,-107.20389416180913,0.2936124405924108,Small,RegolithCovered,background_regolith,Background,Background,-1,-1.0,-1.0,-1.0,0.0,0.012,1.0,-1,,unreal_rockfield.json,unreal_rockfield.json,nan,nan,nan
1226,90.06775109103671,-197.67601550340282,0.2841696315018621,Small,RegolithCovered,background_regolith,Background,Background,-1,-1.0,-1.0,-1.0,0.0,0.012,1.0,-1,,unreal_rockfield.json,unreal_rockfield.json,nan,nan,nan
1227,-134.04492324594867,25.261696218756697,0.26662667274189283,Small,RegolithCovered,background_regolith,Background,Background,-1,-1.0,-1.0,-1.0,0.0,0.012,1.0,-1,,unreal_rockfield.json,unreal_rockfield.json,nan,nan,nan
1228,-162.70180364391,-187.19290749839777,0.2746921985310966,Small,RegolithCovered,background_regolith,Background,Background,-1,-1.0,-1.0,-1.0,0.0,0.012,1.0,-1,,unreal_rockfield.json,unreal_rockfield.json,nan,nan,nan
1229,69.55931272316661,25.688955351420645,0.27128453967727867,Small,RegolithCovered,background_regolith,Background,Background,-1,-1.0,-1.0,-1.0,0.0,0.012,1.0,-1,,unreal_rockfield.json,unreal_rockfield.json,nan,nan,nan
1230,-67.52983184301277,61.60924100466934,0.26740886159632354,Small,RegolithCovered,background_regolith,Background,Background,-1,-1.0,-1.0,-1.0,0.0,0.012,1.0,-1,,unreal_rockfield.json,unreal_rockfield.json,nan,nan,nan
1231,-180.18890957365642,190.93142490920746,0.3146008609338628,Medium,RegolithCovered,background_regolith,Background,Background,-1,-1.0,-1.0,-1.0,0.0,0.012,1.0,-1,,unreal_rockfield.json,unreal_rockfield.json,nan,nan,nan
1232,3.044221320230747,12.916959135715842,0.2829291507410028,Small,RegolithCovered,background_regolith,Background,Background,-1,-1.0,-1.0,-1.0,0.0,0.012,1.0,-1,,unreal_rockfield.json,unreal_rockfield.json,nan,nan,nan
1233,37.46910000915557,-212.43171483504744,0.2945387452462389,Small,RegolithCovered,background_regolith,Background,Background,-1,-1.0,-1.0,-1.0,0.0,0.012,1.0,-1,,unreal_rockfield.json,unreal_rockfield.json,nan,nan,nan
1234,9.071626941740192,223.9524521622364,0.6091036572363303,Medium,RegolithCovered,background_regolith,Background,Background,-1,-1.0,-1.0,-1.0,0.0,0.012,1.0,-1,,unreal_rockfield.json,unreal_rockfield.json,nan,nan,nan
1235,147.15262306588943,-153.04269539475692,0.2899424209991152,Small,RegolithCovered,background_regolith,Background,Background,-1,-1.0,-1.0,-1.0,0.0,0.012,1.0,-1,,unreal_rockfield.json,unreal_rockfield.json,nan,nan,nan
1236,184.30890835291603,-78.1807916501358,0.31579423236328585,Medium,RegolithCovered,background_regolith,Background,Background,-1,-1.0,-1.0,-1.0,0.0,0.012,1.0,-1,,unreal_rockfield.json,unreal_rockfield.json,nan,nan,nan
1237,58.38953825495162,23.888363292336805,0.3303400531037331,Medium,RegolithCovered,background_regolith,Background,Background,-1,-1.0,-1.0,-1.0,0.0,0.012,1.0,-1,,unreal_rockfield.json,unreal_rockfield.json,nan,nan,nan
1238,-26.863917966246532,159.98565630054628,0.35222061324859527,Medium,RegolithCovered,background_regolith,Background,Background,-1,-1.0,-1.0,-1.0,0.0,0.012,1.0,-1,,unreal_rockfield.json,unreal_rockfield.json,nan,nan,nan
1239,-170.37720877712331,11.986144596697898,0.41566309404645146,Medium,RegolithCovered,background_regolith,Background,Background,-1,-1.0,-1.0,-1.0,0.0,0.012,1.0,-1,,unreal_rockfield.json,unreal_rockfield.json,nan,nan,nan
1240,168.3782464064455,-208.5253456221198,0.26758497152848537,Small,RegolithCovered,background_regolith,Background,Background,-1,-1.0,-1.0,-1.0,0.0,0.012,1.0,-1,,unreal_rockfield.json,unreal_rockfield.json,nan,nan,nan
1241,-117.36655781731619,-128.94833216345714,0.2694853314400012,Small,RegolithCovered,background_regolith,Background,Background,-1,-1.0,-1.0,-1.0,0.0,0.012,1.0,-1,,unreal_rockfield.json,unreal_rockfield.json,nan,nan,nan
1242,168.74446852015745,-168.05780205694754,0.2799076283790641,Small,RegolithCovered,background_regolith,Background,Background,-1,-1.0,-1.0,-1.0,0.0,0.012,1.0,-1,,unreal_rockfield.json,unreal_rockfield.json,nan,nan,nan
1243,40.45991393780332,101.48167363505968,0.29769258353819206,Small,RegolithCovered,background_regolith,Background,Background,-1,-1.0,-1.0,-1.0,0.0,0.012,1.0,-1,,unreal_rockfield.json,unreal_rockfield.json,nan,nan,nan
1244,168.3782464064455,143.29203161717578,0.282078106648896,Small,RegolithCovered,background_regolith,Background,Background,-1,-1.0,-1.0,-1.0,0.0,0.012,1.0,-1,,unreal_rockfield.json,unreal_rockfield.json,nan,nan,nan
1245,-97.45323038422805,84.25397503585924,0.2682822031906404,Small,RegolithCovered,background_regolith,Background,Background,-1,-1.0,-1.0,-1.0,0.0,0.012,1.0,-1,,unreal_rockfield.json,unreal_rockfield.json,nan,nan,nan
1246,-148.43440046388133,188.24579607531967,0.2866846842515481,Small,RegolithCovered,background_regolith,Background,Background,-1,-1.0,-1.0,-1.0,0.0,0.012,1.0,-1,,unreal_rockfield.json,unreal_rockfield.json,nan,nan,nan
1247,86.19190038758506,-217.482528153325,0.2661364202288055,Small,RegolithCovered,background_regolith,Background,Background,-1,-1.0,-1.0,-1.0,0.0,0.012,1.0,-1,,unreal_rockfield.json,unreal_rockfield.json,nan,nan,nan
1248,-18.807031464583275,-175.74846644489884,0.3016324728839666,Medium,RegolithCovered,background_regolith,Background,Background,-1,-1.0,-1.0,-1.0,0.0,0.012,1.0,-1,,unreal_rockfield.json,unreal_rockfield.json,nan,nan,nan
1249,88.0230109561449,55.71916867580188,0.29137203366700865,Small,RegolithCovered,background_regolith,Background,Background,-1,-1.0,-1.0,-1.0,0.0,0.012,1.0,-1,,unreal_rockfield.json,unreal_rockfield.json,nan,nan,nan
1250,-173.07809686574907,158.38343455305642,0.3196296470355209,Medium,RegolithCovered,background_regolith,Background,Background,-1,-1.0,-1.0,-1.0,0.0,0.012,1.0,-1,,unreal_rockfield.json,unreal_rockfield.json,nan,nan,nan
1251,-105.54063539536727,-238.93704031495102,0.2708985174644715,Small,RegolithCovered,background_regolith,Background,Background,-1,-1.0,-1.0,-1.0,0.0,0.012,1.0,-1,,unreal_rockfield.json,unreal_rockfield.json,nan,nan,nan
1252,-132.97677541428877,-187.9863887447737,0.30818128340115153,Medium,RegolithCovered,background_regolith,Background,Background,-1,-1.0,-1.0,-1.0,0.0,0.012,1.0,-1,,unreal_rockfield.json,unreal_rockfield.json,nan,nan,nan
1253,-71.19205298013244,195.24979400006106,0.2688785186795106,Small,RegolithCovered,background_regolith,Background,Background,-1,-1.0,-1.0,-1.0,0.0,0.012,1.0,-1,,unreal_rockfield.json,unreal_rockfield.json,nan,nan,nan
1254,-198.68312631611073,-16.930143131809444,0.27704421679952634,Small,RegolithCovered,background_regolith,Background,Background,-1,-1.0,-1.0,-1.0,0.0,0.012,1.0,-1,,unreal_rockfield.json,unreal_rockfield.json,nan,nan,nan
1255,-92.98226874599445,48.654133732108505,0.2664130833853898,Small,RegolithCovered,background_regolith,Background,Background,-1,-1.0,-1.0,-1.0,0.0,0.012,1.0,-1,,unreal_rockfield.json,unreal_rockfield.json,nan,nan,nan
1256,-177.41172521134067,-121.5781121250038,0.27871291074639293,Small,RegolithCovered,background_regolith,Background,Background,-1,-1.0,-1.0,-1.0,0.0,0.012,1.0,-1,,unreal_rockfield.json,unreal_rockfield.json,nan,nan,nan
1257,118.05322428052614,94.99649037141029,0.2643583620214881,Small,RegolithCovered,background_regolith,Background,Background,-1,-1.0,-1.0,-1.0,0.0,0.012,1.0,-1,,unreal_rockfield.json,unreal_rockfield.json,nan,nan,nan
1258,-4.905850398266551,-136.42536698507644,0.3057916561493572,Medium,RegolithCovered,background_regolith,Background,Background,-1,-1.0,-1.0,-1.0,0.0,0.012,1.0,-1,,unreal_rockfield.json,unreal_rockfield.json,nan,nan,nan
1259,-12.642292550431847,5.668813135166488,0.3090559882390937,Medium,RegolithCovered,background_regolith,Background,Background,-1,-1.0,-1.0,-1.0,0.0,0.012,1.0,-1,,unreal_rockfield.json,unreal_rockfield.json,nan,nan,nan
1260,169.5532090212714,-29.229102450636304,0.3150051652274075,Medium,RegolithCovered,background_regolith,Background,Background,-1,-1.0,-1.0,-1.0,0.0,0.012,1.0,-1,,unreal_rockfield.json,unreal_rockfield.json,nan,nan,nan
1261,-38.58302560502946,150.20447401348918,0.27524431784367454,Small,RegolithCovered,background_regolith,Background,Background,-1,-1.0,-1.0,-1.0,0.0,0.012,1.0,-1,,unreal_rockfield.json,unreal_rockfield.json,nan,nan,nan
1262,-187.55912961210976,164.77706228827782,0.31864356188405535,Medium,RegolithCovered,background_regolith,Background,Background,-1,-1.0,-1.0,-1.0,0.0,0.012,1.0,-1,,unreal_rockfield.json,unreal_rockfield.json,nan,nan,nan
1263,202.39112521744443,207.6708273567919,0.283863038032253,Small,RegolithCovered,background_regolith,Background,Background,-1,-1.0,-1.0,-1.0,0.0,0.012,1.0,-1,,unreal_rockfield.json,unreal_rockfield.json,nan,nan,nan
1264,130.52003540147098,-79.72197637867367,0.40225655155446843,Medium,RegolithCovered,background_regolith,Background,Background,-1,-1.0,-1.0,-1.0,0.0,0.012,1.0,-1,,unreal_rockfield.json,unreal_rockfield.json,nan,nan,nan
1265,246.16992706076235,57.94701986754967,0.2748051652951454,Small,RegolithCovered,background_regolith,Background,Background,-1,-1.0,-1.0,-1.0,0.0,0.012,1.0,-1,,unreal_rockfield.json,unreal_rockfield.json,nan,nan,nan
1266,116.06952116458632,156.26239814447462,0.31326178825540063,Medium,RegolithCovered,background_regolith,Background,Background,-1,-1.0,-1.0,-1.0,0.0,0.012,1.0,-1,,unreal_rockfield.json,unreal_rockfield.json,nan,nan,nan
1267,87.51945554979096,-68.07916501358073,0.3156034475198258,Medium,RegolithCovered,background_regolith,Background,Background,-1,-1.0,-1.0,-1.0,0.0,0.012,1.0,-1,,unreal_rockfield.json,unreal_rockfield.json,nan,nan,nan
1268,-186.0026856288339,-162.961210974456,0.2672033343993663,Small,RegolithCovered,background_regolith,Background,Background,-1,-1.0,-1.0,-1.0,0.0,0.012,1.0,-1,,unreal_rockfield.json,unreal_rockfield.json,nan,nan,nan
1269,54.559465315713965,-134.31958983123263,0.28478117729454694,Small,RegolithCovered,background_regolith,Background,Background,-1,-1.0,-1.0,-1.0,0.0,0.012,1.0,-1,,unreal_rockfield.json,unreal_rockfield.json,nan,nan,nan
1270,-96.94967497787408,25.97888119144261,0.26414003758958693,Small,RegolithCovered,background_regolith,Background,Background,-1,-1.0,-1.0,-1.0,0.0,0.012,1.0,-1,,unreal_rockfield.json,unreal_rockfield.json,nan,nan,nan
1271,-245.4832605975524,-189.1003143406476,0.2690989155363078,Small,RegolithCovered,background_regolith,Background,Background,-1,-1.0,-1.0,-1.0,0.0,0.012,1.0,-1,,unreal_rockfield.json,unreal_rockfield.json,nan,nan,nan
1272,-219.4204535050508,-199.15616321298867,0.29299745417716394,Small,RegolithCovered,background_regolith,Background,Background,-1,-1.0,-1.0,-1.0,0.0,0.012,1.0,-1,,unreal_rockfield.json,unreal_rockfield.json,nan,nan,nan
1273,-244.00311288796655,-8.613849299600219,0.2942743824169624,Small,RegolithCovered,background_regolith,Background,Background,-1,-1.0,-1.0,-1.0,0.0,0.012,1.0,-1,,unreal_rockfield.json,unreal_rockfield.json,nan,nan,nan
1274,-70.81057161168249,150.7385479293191,0.27813216743168045,Small,RegolithCovered,background_regolith,Background,Background,-1,-1.0,-1.0,-1.0,0.0,0.012,1.0,-1,,unreal_rockfield.json,unreal_rockfield.json,nan,nan,nan
1275,-48.471022675252556,-50.34791100802639,0.3142516670143107,Medium,RegolithCovered,background_regolith,Background,Background,-1,-1.0,-1.0,-1.0,0.0,0.012,1.0,-1,,unreal_rockfield.json,unreal_rockfield.json,nan,nan,nan
1276,111.88848536637471,207.36564226203194,0.3521211461914897,Medium,RegolithCovered,background_regolith,Background,Background,-1,-1.0,-1.0,-1.0,0.0,0.012,1.0,-1,,unreal_rockfield.json,unreal_rockfield.json,nan,nan,nan
1277,162.25928525650806,-112.65144810327462,0.2977059938642367,Small,RegolithCovered,background_regolith,Background,Background,-1,-1.0,-1.0,-1.0,0.0,0.012,1.0,-1,,unreal_rockfield.json,unreal_rockfield.json,nan,nan,nan
1278,78.2265694143498,-142.2238837855159,0.29144866652040735,Small,RegolithCovered,background_regolith,Background,Background,-1,-1.0,-1.0,-1.0,0.0,0.012,1.0,-1,,unreal_rockfield.json,unreal_rockfield.json,nan,nan,nan
1279,-65.48509170812096,53.903317361980044,0.2719006432873223,Small,RegolithCovered,background_regolith,Background,Background,-1,-1.0,-1.0,-1.0,0.0,0.012,1.0,-1,,unreal_rockfield.json,unreal_rockfield.json,nan,nan,nan
1280,154.46180608539078,-121.13559373760185,0.26401234311805105,Small,RegolithCovered,background_regolith,Background,Background,-1,-1.0,-1.0,-1.0,0.0,0.012,1.0,-1,,unreal_rockfield.json,unreal_rockfield.json,nan,nan,nan
1281,80.08819849238563,-230.5902279732658,0.27727841625288263,Small,RegolithCovered,background_regolith,Background,Background,-1,-1.0,-1.0,-1.0,0.0,0.012,1.0,-1,,unreal_rockfield.json,unreal_rockfield.json,nan,nan,nan
1282,23.155919064912894,162.0456556901761,0.2696259398287818,Small,RegolithCovered,background_regolith,Background,Background,-1,-1.0,-1.0,-1.0,0.0,0.012,1.0,-1,,unreal_rockfield.json,unreal_rockfield.json,nan,nan,nan
1283,-240.2493362224189,-134.18225653859065,0.2878187791771937,Small,RegolithCovered,background_regolith,Background,Background,-1,-1.0,-1.0,-1.0,0.0,0.012,1.0,-1,,unreal_rockfield.json,unreal_rockfield.json,nan,nan,nan
1284,-139.76714377269815,-200.91097750785852,0.26822417657229963,Small,RegolithCovered,background_regolith,Background,Background,-1,-1.0,-1.0,-1.0,0.0,0.012,1.0,-1,,unreal_rockfield.json,unreal_rockfield.json,nan,nan,nan
1285,245.8037049470504,83.33841975157935,0.2725177347951641,Small,RegolithCovered,background_regolith,Background,Background,-1,-1.0,-1.0,-1.0,0.0,0.012,1.0,-1,,unreal_rockfield.json,unreal_rockfield.json,nan,nan,nan
1286,-23.491622669148825,213.39304788354133,0.34706389514874886,Medium,RegolithCovered,background_regolith,Background,Background,-1,-1.0,-1.0,-1.0,0.0,0.012,1.0,-1,,unreal_rockfield.json,unreal_rockfield.json,nan,nan,nan
1287,-143.5056611835078,-45.81591235084079,0.40063371628940925,Medium,RegolithCovered,background_regolith,Background,Background,-1,-1.0,-1.0,-1.0,0.0,0.012,1.0,-1,,unreal_rockfield.json,unreal_rockfield.json,nan,nan,nan
1288,-104.3198950163274,81.41575365459153,0.29647209804307995,Small,RegolithCovered,background_regolith,Background,Background,-1,-1.0,-1.0,-1.0,0.0,0.012,1.0,-1,,unreal_rockfield.json,unreal_rockfield.json,nan,nan,nan
1289,-124.06537064729758,130.61159092989897,0.26655721585733483,Small,RegolithCovered,background_regolith,Background,Background,-1,-1.0,-1.0,-1.0,0.0,0.012,1.0,-1,,unreal_rockfield.json,unreal_rockfield.json,nan,nan,nan
1290,76.18182927945799,-61.838129825739315,0.3037898173725393,Medium,RegolithCovered,background_regolith,Background,Background,-1,-1.0,-1.0,-1.0,0.0,0.012,1.0,-1,,unreal_rockfield.json,unreal_rockfield.json,nan,nan,nan
1291,-10.643330179754031,156.03350932340464,0.2657663794788783,Small,RegolithCovered,background_regolith,Background,Background,-1,-1.0,-1.0,-1.0,0.0,0.012,1.0,-1,,unreal_rockfield.json,unreal_rockfield.json,nan,nan,nan
1292,-58.7862788781396,29.778435621204267,0.29349223641488775,Small,RegolithCovered,background_regolith,Background,Background,-1,-1.0,-1.0,-1.0,0.0,0.012,1.0,-1,,unreal_rockfield.json,unreal_rockfield.json,nan,nan,nan
1293,-181.3486129337443,25.048066652424723,0.3867966147421736,Medium,RegolithCovered,background_regolith,Background,Background,-1,-1.0,-1.0,-1.0,0.0,0.012,1.0,-1,,unreal_rockfield.json,unreal_rockfield.json,nan,nan,nan
1294,203.97808771019623,109.38596758934295,0.3414842720771743,Medium,RegolithCovered,background_regolith,Background,Background,-1,-1.0,-1.0,-1.0,0.0,0.012,1.0,-1,,unreal_rockfield.json,unreal_rockfield.json,nan,nan,nan
1295,-30.434583574938188,216.44489883114107,0.33396198489760615,Medium,RegolithCovered,background_regolith,Background,Background,-1,-1.0,-1.0,-1.0,0.0,0.012,1.0,-1,,unreal_rockfield.json,unreal_rockfield.json,nan,nan,nan
1296,-146.92373424481949,-98.10937833796197,0.4085520305903294,Medium,RegolithCovered,background_regolith,Background,Background,-1,-1.0,-1.0,-1.0,0.0,0.012,1.0,-1,,unreal_rockfield.json,unreal_rockfield.json,nan,nan,nan
1297,39.84954374828334,-97.43797112949005,0.2725564570116589,Small,RegolithCovered,background_regolith,Background,Background,-1,-1.0,-1.0,-1.0,0.0,0.012,1.0,-1,,unreal_rockfield.json,unreal_rockfield.json,nan,nan,nan
1298,-216.2770470290231,-169.87365337076938,0.34065143182349655,Medium,RegolithCovered,background_regolith,Background,Background,-1,-1.0,-1.0,-1.0,0.0,0.012,1.0,-1,,unreal_rockfield.json,unreal_rockfield.json,nan,nan,nan
1299,224.8680074465163,-76.48701437421795,0.30066783649093964,Medium,RegolithCovered,background_regolith,Background,Background,-1,-1.0,-1.0,-1.0,0.0,0.012,1.0,-1,,unreal_rockfield.json,unreal_rockfield.json,nan,nan,nan
1300,109.27915280617697,233.8404492324595,0.28744705617545835,Small,RegolithCovered,background_regolith,Background,Background,-1,-1.0,-1.0,-1.0,0.0,0.012,1.0,-1,,unreal_rockfield.json,unreal_rockfield.json,nan,nan,nan
1301,-71.10049745170446,55.551316873683845,0.26916301854186325,Small,RegolithCovered,background_regolith,Background,Background,-1,-1.0,-1.0,-1.0,0.0,0.012,1.0,-1,,unreal_rockfield.json,unreal_rockfield.json,nan,nan,nan
1302,-144.4059572130497,164.30402539139988,0.41516711280835034,Medium,RegolithCovered,background_regolith,Background,Background,-1,-1.0,-1.0,-1.0,0.0,0.012,1.0,-1,,unreal_rockfield.json,unreal_rockfield.json,nan,nan,nan
1303,86.95486312448503,-214.70534379100923,0.2704659392471442,Small,RegolithCovered,background_regolith,Background,Background,-1,-1.0,-1.0,-1.0,0.0,0.012,1.0,-1,,unreal_rockfield.json,unreal_rockfield.json,nan,nan,nan
1304,211.62297433393348,-164.39558091982786,0.268049202898868,Small,RegolithCovered,background_regolith,Background,Background,-1,-1.0,-1.0,-1.0,0.0,0.012,1.0,-1,,unreal_rockfield.json,unreal_rockfield.json,nan,nan,nan
1305,157.92565691091647,-85.9477523117771,0.28868689870774233,Small,RegolithCovered,background_regolith,Background,Background,-1,-1.0,-1.0,-1.0,0.0,0.012,1.0,-1,,unreal_rockfield.json,unreal_rockfield.json,nan,nan,nan
1306,-26.192510757774585,-100.70345164342174,0.2653428727774596,Small,RegolithCovered,background_regolith,Background,Background,-1,-1.0,-1.0,-1.0,0.0,0.012,1.0,-1,,unreal_rockfield.json,unreal_rockfield.json,nan,nan,nan
1307,-93.79100924710838,45.61754203924676,0.27918724380499144,Small,RegolithCovered,background_regolith,Background,Background,-1,-1.0,-1.0,-1.0,0.0,0.012,1.0,-1,,unreal_rockfield.json,unreal_rockfield.json,nan,nan,nan
1308,-34.29517502365184,-183.07290871913816,0.3802036729822883,Medium,RegolithCovered,background_regolith,Background,Background,-1,-1.0,-1.0,-1.0,0.0,0.012,1.0,-1,,unreal_rockfield.json,unreal_rockfield.json,nan,nan,nan
1309,79.15738395336774,45.464949491866776,0.2609568950104258,Small,RegolithCovered,background_regolith,Background,Background,-1,-1.0,-1.0,-1.0,0.0,0.012,1.0,-1,,unreal_rockfield.json,unreal_rockfield.json,nan,nan,nan
1310,224.31867427594835,174.84817041535695,0.28268650732526984,Small,RegolithCovered,background_regolith,Background,Background,-1,-1.0,-1.0,-1.0,0.0,0.012,1.0,-1,,unreal_rockfield.json,unreal_rockfield.json,nan,nan,nan
1311,-147.07632679219947,85.56627094332714,0.3381717503595813,Medium,RegolithCovered,background_regolith,Background,Background,-1,-1.0,-1.0,-1.0,0.0,0.012,1.0,-1,,unreal_rockfield.json,unreal_rockfield.json,nan,nan,nan
1312,-189.31394390697957,-247.22281563768425,0.3677654816226181,Medium,RegolithCovered,background_regolith,Background,Background,-1,-1.0,-1.0,-1.0,0.0,0.012,1.0,-1,,unreal_rockfield.json,unreal_rockfield.json,nan,nan,nan
1313,-105.14389477217932,94.64552751243627,0.31285972091425673,Medium,RegolithCovered,background_regolith,Background,Background,-1,-1.0,-1.0,-1.0,0.0,0.012,1.0,-1,,unreal_rockfield.json,unreal_rockfield.json,nan,nan,nan
1314,-90.3576769310587,-37.62169255653555,0.3297181913094701,Medium,RegolithCovered,background_regolith,Background,Background,-1,-1.0,-1.0,-1.0,0.0,0.012,1.0,-1,,unreal_rockfield.json,unreal_rockfield.json,nan,nan,nan
1315,14.320810571611673,7.759331034272293,0.30400241668784433,Medium,RegolithCovered,background_regolith,Background,Background,-1,-1.0,-1.0,-1.0,0.0,0.012,1.0,-1,,unreal_rockfield.json,unreal_rockfield.json,nan,nan,nan
1316,120.75411236915193,-152.218695638905,0.3949765000321854,Medium,RegolithCovered,background_regolith,Background,Background,-1,-1.0,-1.0,-1.0,0.0,0.012,1.0,-1,,unreal_rockfield.json,unreal_rockfield.json,nan,nan,nan
1317,83.97930845057527,-163.69365520187995,0.2961810501074712,Small,RegolithCovered,background_regolith,Background,Background,-1,-1.0,-1.0,-1.0,0.0,0.012,1.0,-1,,unreal_rockfield.json,unreal_rockfield.json,nan,nan,nan
1318,197.47764519180885,129.54344309823904,0.31124316771212335,Medium,RegolithCovered,background_regolith,Background,Background,-1,-1.0,-1.0,-1.0,0.0,0.012,1.0,-1,,unreal_rockfield.json,unreal_rockfield.json,nan,nan,nan
1319,147.03054902798544,-50.07324442274239,0.3459788945708364,Medium,RegolithCovered,background_regolith,Background,Background,-1,-1.0,-1.0,-1.0,0.0,0.012,1.0,-1,,unreal_rockfield.json,unreal_rockfield.json,nan,nan,nan
1320,150.0823999755852,209.15097506637773,0.2719287581783662,Small,RegolithCovered,background_regolith,Background,Background,-1,-1.0,-1.0,-1.0,0.0,0.012,1.0,-1,,unreal_rockfield.json,unreal_rockfield.json,nan,nan,nan
1321,-179.94476149784845,-238.28089236121707,0.27074146390040954,Small,RegolithCovered,background_regolith,Background,Background,-1,-1.0,-1.0,-1.0,0.0,0.012,1.0,-1,,unreal_rockfield.json,unreal_rockfield.json,nan,nan,nan
1322,-220.04608294930875,73.80138554033022,0.26955633670367657,Small,RegolithCovered,background_regolith,Background,Background,-1,-1.0,-1.0,-1.0,0.0,0.012,1.0,-1,,unreal_rockfield.json,unreal_rockfield.json,nan,nan,nan
1323,194.07483138523514,-75.0373851741081,0.32943650703625177,Medium,RegolithCovered,background_regolith,Background,Background,-1,-1.0,-1.0,-1.0,0.0,0.012,1.0,-1,,unreal_rockfield.json,unreal_rockfield.json,nan,nan,nan
1324,43.28287606433298,87.36686300241098,0.36331157051080487,Medium,RegolithCovered,background_regolith,Background,Background,-1,-1.0,-1.0,-1.0,0.0,0.012,1.0,-1,,unreal_rockfield.json,unreal_rockfield.json,nan,nan,nan
1325,-135.21988586077458,-128.70418408764917,0.27234485119776136,Small,RegolithCovered,background_regolith,Background,Background,-1,-1.0,-1.0,-1.0,0.0,0.012,1.0,-1,,unreal_rockfield.json,unreal_rockfield.json,nan,nan,nan
1326,-159.19217505417035,159.95513779107029,0.27104015292595307,Small,RegolithCovered,background_regolith,Background,Background,-1,-1.0,-1.0,-1.0,0.0,0.012,1.0,-1,,unreal_rockfield.json,unreal_rockfield.json,nan,nan,nan
1327,-74.10657063509018,234.22193060090945,0.27896645148644533,Small,RegolithCovered,background_regolith,Background,Background,-1,-1.0,-1.0,-1.0,0.0,0.012,1.0,-1,,unreal_rockfield.json,unreal_rockfield.json,nan,nan,nan
1328,83.23160496841336,193.96801660206916,0.27073986496928404,Small,RegolithCovered,background_regolith,Background,Background,-1,-1.0,-1.0,-1.0,0.0,0.012,1.0,-1,,unreal_rockfield.json,unreal_rockfield.json,nan,nan,nan
1329,171.35380108035525,95.21011993774226,0.27002615831190185,Small,RegolithCovered,background_regolith,Background,Background,-1,-1.0,-1.0,-1.0,0.0,0.012,1.0,-1,,unreal_rockfield.json,unreal_rockfield.json,nan,nan,nan
1330,-123.33292641987364,-54.36109500412002,0.27532077804288485,Small,RegolithCovered,background_regolith,Background,Background,-1,-1.0,-1.0,-1.0,0.0,0.012,1.0,-1,,unreal_rockfield.json,unreal_rockfield.json,nan,nan,nan
1331,-185.11764885402997,-249.20651875362407,0.2832825259147492,Small,RegolithCovered,background_regolith,Background,Background,-1,-1.0,-1.0,-1.0,0.0,0.012,1.0,-1,,unreal_rockfield.json,unreal_rockfield.json,nan,nan,nan
1332,97.834711752678,-44.152653584398934,0.3567320069783488,Medium,RegolithCovered,background_regolith,Background,Background,-1,-1.0,-1.0,-1.0,0.0,0.012,1.0,-1,,unreal_rockfield.json,unreal_rockfield.json,nan,nan,nan
1333,182.30994598223822,13.786736655781738,0.27693341527110854,Small,RegolithCovered,background_regolith,Background,Background,-1,-1.0,-1.0,-1.0,0.0,0.012,1.0,-1,,unreal_rockfield.json,unreal_rockfield.json,nan,nan,nan
1334,170.01098666341136,-70.70375682851648,0.3203657891190031,Medium,RegolithCovered,background_regolith,Background,Background,-1,-1.0,-1.0,-1.0,0.0,0.012,1.0,-1,,unreal_rockfield.json,unreal_rockfield.json,nan,nan,nan
1335,2.540665913876751,120.11322367015595,0.27981239069905856,Small,RegolithCovered,background_regolith,Background,Background,-1,-1.0,-1.0,-1.0,0.0,0.012,1.0,-1,,unreal_rockfield.json,unreal_rockfield.json,nan,nan,nan
1336,198.16431165501876,-184.44624164555802,0.2750846507803274,Small,RegolithCovered,background_regolith,Background,Background,-1,-1.0,-1.0,-1.0,0.0,0.012,1.0,-1,,unreal_rockfield.json,unreal_rockfield.json,nan,nan,nan
1337,56.07013153477584,-200.39216284676655,0.3297181913094701,Medium,RegolithCovered,background_regolith,Background,Background,-1,-1.0,-1.0,-1.0,0.0,0.012,1.0,-1,,unreal_rockfield.json,unreal_rockfield.json,nan,nan,nan
1338,-39.84954374828334,-194.95986816003906,0.2909435295853182,Small,RegolithCovered,background_regolith,Background,Background,-1,-1.0,-1.0,-1.0,0.0,0.012,1.0,-1,,unreal_rockfield.json,unreal_rockfield.json,nan,nan,nan
1339,-31.15176854762413,173.902096621601,0.28716247680208723,Small,RegolithCovered,background_regolith,Background,Background,-1,-1.0,-1.0,-1.0,0.0,0.012,1.0,-1,,unreal_rockfield.json,unreal_rockfield.json,nan,nan,nan
1340,-230.75807977538378,-63.241981261635175,0.29653057609633926,Small,RegolithCovered,background_regolith,Background,Background,-1,-1.0,-1.0,-1.0,0.0,0.012,1.0,-1,,unreal_rockfield.json,unreal_rockfield.json,nan,nan,nan
1341,-193.5254982146672,53.10983611560408,0.3005448728069288,Medium,RegolithCovered,background_regolith,Background,Background,-1,-1.0,-1.0,-1.0,0.0,0.012,1.0,-1,,unreal_rockfield.json,unreal_rockfield.json,nan,nan,nan
1342,109.55381939146093,-41.360209967345185,0.31941426019093494,Medium,RegolithCovered,background_regolith,Background,Background,-1,-1.0,-1.0,-1.0,0.0,0.012,1.0,-1,,unreal_rockfield.json,unreal_rockfield.json,nan,nan,nan
1343,-236.83126316110722,105.40330210272532,0.32194671204390624,Medium,RegolithCovered,background_regolith,Background,Background,-1,-1.0,-1.0,-1.0,0.0,0.012,1.0,-1,,unreal_rockfield.json,unreal_rockfield.json,nan,nan,nan
1344,-114.17737357707449,-75.60197759941403,0.2893469217764024,Small,RegolithCovered,background_regolith,Background,Background,-1,-1.0,-1.0,-1.0,0.0,0.012,1.0,-1,,unreal_rockfield.json,unreal_rockfield.json,nan,nan,nan
1345,89.86938077944274,-46.365245521408724,0.26548940362882556,Small,RegolithCovered,background_regolith,Background,Background,-1,-1.0,-1.0,-1.0,0.0,0.012,1.0,-1,,unreal_rockfield.json,unreal_rockfield.json,nan,nan,nan
1346,-188.0779442732017,189.17661061433762,0.2602810248058231,Small,RegolithCovered,background_regolith,Background,Background,-1,-1.0,-1.0,-1.0,0.0,0.012,1.0,-1,,unreal_rockfield.json,unreal_rockfield.json,nan,nan,nan
1347,-93.91308328501236,201.90282906582843,0.26207196538481775,Small,RegolithCovered,background_regolith,Background,Background,-1,-1.0,-1.0,-1.0,0.0,0.012,1.0,-1,,unreal_rockfield.json,unreal_rockfield.json,nan,nan,nan
1348,74.7474593340861,-81.14108706930753,0.29110082775870194,Small,RegolithCovered,background_regolith,Background,Background,-1,-1.0,-1.0,-1.0,0.0,0.012,1.0,-1,,unreal_rockfield.json,unreal_rockfield.json,nan,nan,nan
1349,123.9127780999176,-102.13782158879363,0.38547088264226714,Medium,RegolithCovered,background_regolith,Background,Background,-1,-1.0,-1.0,-1.0,0.0,0.012,1.0,-1,,unreal_rockfield.json,unreal_rockfield.json,nan,nan,nan
1350,139.35514389477214,-109.41648609881892,0.2877595656369363,Small,RegolithCovered,background_regolith,Background,Background,-1,-1.0,-1.0,-1.0,0.0,0.012,1.0,-1,,unreal_rockfield.json,unreal_rockfield.json,nan,nan,nan
1351,-178.55616931669056,181.7453535569323,0.26379623159700516,Small,RegolithCovered,background_regolith,Background,Background,-1,-1.0,-1.0,-1.0,0.0,0.012,1.0,-1,,unreal_rockfield.json,unreal_rockfield.json,nan,nan,nan
1352,95.91204565569018,173.61217078157904,0.33287475247105863,Medium,RegolithCovered,background_regolith,Background,Background,-1,-1.0,-1.0,-1.0,0.0,0.012,1.0,-1,,unreal_rockfield.json,unreal_rockfield.json,nan,nan,nan
1353,-27.245399334696486,47.31131931516461,0.27770663126114464,Small,RegolithCovered,background_regolith,Background,Background,-1,-1.0,-1.0,-1.0,0.0,0.012,1.0,-1,,unreal_rockfield.json,unreal_rockfield.json,nan,nan,nan
1354,-25.017548142948698,177.61009552293467,0.2720148976747089,Small,RegolithCovered,background_regolith,Background,Background,-1,-1.0,-1.0,-1.0,0.0,0.012,1.0,-1,,unreal_rockfield.json,unreal_rockfield.json,nan,nan,nan
1355,-91.97515793328654,-67.04153569139683,0.2686083719117289,Small,RegolithCovered,background_regolith,Background,Background,-1,-1.0,-1.0,-1.0,0.0,0.012,1.0,-1,,unreal_rockfield.json,unreal_rockfield.json,nan,nan,nan
1356,163.63261818292796,-24.559770500808725,0.3059988368257342,Medium,RegolithCovered,background_regolith,Background,Background,-1,-1.0,-1.0,-1.0,0.0,0.012,1.0,-1,,unreal_rockfield.json,unreal_rockfield.json,nan,nan,nan
1357,182.70668660542623,-43.09976500747703,0.28662975980465766,Small,RegolithCovered,background_regolith,Background,Background,-1,-1.0,-1.0,-1.0,0.0,0.012,1.0,-1,,unreal_rockfield.json,unreal_rockfield.json,nan,nan,nan
1358,128.59736930448315,190.39735099337747,0.27642400069775064,Small,RegolithCovered,background_regolith,Background,Background,-1,-1.0,-1.0,-1.0,0.0,0.012,1.0,-1,,unreal_rockfield.json,unreal_rockfield.json,nan,nan,nan
1359,110.33204138309884,199.82757042146062,0.2805751229947069,Small,RegolithCovered,background_regolith,Background,Background,-1,-1.0,-1.0,-1.0,0.0,0.012,1.0,-1,,unreal_rockfield.json,unreal_rockfield.json,nan,nan,nan
1360,-219.7103793450728,17.067476424451456,0.39254162171604345,Medium,RegolithCovered,background_regolith,Background,Background,-1,-1.0,-1.0,-1.0,0.0,0.012,1.0,-1,,unreal_rockfield.json,unreal_rockfield.json,nan,nan,nan
1361,2.830591753898716,206.58742027039403,0.28119072788056376,Small,RegolithCovered,background_regolith,Background,Background,-1,-1.0,-1.0,-1.0,0.0,0.012,1.0,-1,,unreal_rockfield.json,unreal_rockfield.json,nan,nan,nan
1362,181.40964995269633,62.250129703665266,0.26939293465053626,Small,RegolithCovered,background_regolith,Background,Background,-1,-1.0,-1.0,-1.0,0.0,0.012,1.0,-1,,unreal_rockfield.json,unreal_rockfield.json,nan,nan,nan
1363,97.74315622425001,14.748069704275679,0.30037194239540027,Medium,RegolithCovered,background_regolith,Background,Background,-1,-1.0,-1.0,-1.0,0.0,0.012,1.0,-1,,unreal_rockfield.json,unreal_rockfield.json,nan,nan,nan
1364,104.2741172521134,81.06479079561757,0.2773574703637709,Small,RegolithCovered,background_regolith,Background,Background,-1,-1.0,-1.0,-1.0,0.0,0.012,1.0,-1,,unreal_rockfield.json,unreal_rockfield.json,nan,nan,nan
1365,175.00076296273693,207.57927182836391,0.26621904377709216,Small,RegolithCovered,background_regolith,Background,Background,-1,-1.0,-1.0,-1.0,0.0,0.012,1.0,-1,,unreal_rockfield.json,unreal_rockfield.json,nan,nan,nan
1366,-142.63588366344186,-215.2699362163152,0.28078907085161325,Small,RegolithCovered,background_regolith,Background,Background,-1,-1.0,-1.0,-1.0,0.0,0.012,1.0,-1,,unreal_rockfield.json,unreal_rockfield.json,nan,nan,nan
1367,-88.64864040040285,-77.87560655537584,0.3194781759018403,Medium,RegolithCovered,background_regolith,Background,Background,-1,-1.0,-1.0,-1.0,0.0,0.012,1.0,-1,,unreal_rockfield.json,unreal_rockfield.json,nan,nan,nan
1368,23.796807763908816,144.87899410992765,0.2917252807208063,Small,RegolithCovered,background_regolith,Background,Background,-1,-1.0,-1.0,-1.0,0.0,0.012,1.0,-1,,unreal_rockfield.json,unreal_rockfield.json,nan,nan,nan
1369,27.474288155766487,105.44907986693931,0.30740294930435336,Medium,RegolithCovered,background_regolith,Background,Background,-1,-1.0,-1.0,-1.0,0.0,0.012,1.0,-1,,unreal_rockfield.json,unreal_rockfield.json,nan,nan,nan
1370,-32.29621265297402,-45.23606067079683,0.2909267154794791,Small,RegolithCovered,background_regolith,Background,Background,-1,-1.0,-1.0,-1.0,0.0,0.012,1.0,-1,,unreal_rockfield.json,unreal_rockfield.json,nan,nan,nan
1371,188.1237220374157,-209.07467879268776,0.26759664709123065,Small,RegolithCovered,background_regolith,Background,Background,-1,-1.0,-1.0,-1.0,0.0,0.012,1.0,-1,,unreal_rockfield.json,unreal_rockfield.json,nan,nan,nan
1372,-141.20151371807,-234.09985656300546,0.3144926984686214,Medium,RegolithCovered,background_regolith,Background,Background,-1,-1.0,-1.0,-1.0,0.0,0.012,1.0,-1,,unreal_rockfield.json,unreal_rockfield.json,nan,nan,nan
1373,-143.20047608874782,-48.36420789208657,0.29199242312108575,Small,RegolithCovered,background_regolith,Background,Background,-1,-1.0,-1.0,-1.0,0.0,0.012,1.0,-1,,unreal_rockfield.json,unreal_rockfield.json,nan,nan,nan
1374,225.5241554002502,137.78344065675833,0.30732982174663737,Medium,RegolithCovered,background_regolith,Background,Background,-1,-1.0,-1.0,-1.0,0.0,0.012,1.0,-1,,unreal_rockfield.json,unreal_rockfield.json,nan,nan,nan
1375,-178.63246559038055,-236.78548539689322,0.308760781025889,Medium,RegolithCovered,background_regolith,Background,Background,-1,-1.0,-1.0,-1.0,0.0,0.012,1.0,-1,,unreal_rockfield.json,unreal_rockfield.json,nan,nan,nan
1376,-137.38670003357035,-143.5361796929838,0.316103511372431,Medium,RegolithCovered,background_regolith,Background,Background,-1,-1.0,-1.0,-1.0,0.0,0.012,1.0,-1,,unreal_rockfield.json,unreal_rockfield.json,nan,nan,nan
1377,-168.02728354747154,65.51561021759699,0.295254988053688,Small,RegolithCovered,background_regolith,Background,Background,-1,-1.0,-1.0,-1.0,0.0,0.012,1.0,-1,,unreal_rockfield.json,unreal_rockfield.json,nan,nan,nan
1378,-22.54554887539291,-168.4545426801355,0.28269770503615144,Small,RegolithCovered,background_regolith,Background,Background,-1,-1.0,-1.0,-1.0,0.0,0.012,1.0,-1,,unreal_rockfield.json,unreal_rockfield.json,nan,nan,nan
1379,167.38639484847562,135.11307107760854,0.2713365515543556,Small,RegolithCovered,background_regolith,Background,Background,-1,-1.0,-1.0,-1.0,0.0,0.012,1.0,-1,,unreal_rockfield.json,unreal_rockfield.json,nan,nan,nan
1380,-54.77309488204597,207.56401257362592,0.28121436831053925,Small,RegolithCovered,background_regolith,Background,Background,-1,-1.0,-1.0,-1.0,0.0,0.012,1.0,-1,,unreal_rockfield.json,unreal_rockfield.json,nan,nan,nan
1381,-94.50819421979432,-241.37852107303078,0.2623372336200009,Small,RegolithCovered,background_regolith,Background,Background,-1,-1.0,-1.0,-1.0,0.0,0.012,1.0,-1,,unreal_rockfield.json,unreal_rockfield.json,nan,nan,nan
1382,149.19736320078124,-235.06118961149937,0.2832370287023342,Small,RegolithCovered,background_regolith,Background,Background,-1,-1.0,-1.0,-1.0,0.0,0.012,1.0,-1,,unreal_rockfield.json,unreal_rockfield.json,nan,nan,nan
1383,156.99484237189853,217.40623187963496,0.2962842785387063,Small,RegolithCovered,background_regolith,Background,Background,-1,-1.0,-1.0,-1.0,0.0,0.012,1.0,-1,,unreal_rockfield.json,unreal_rockfield.json,nan,nan,nan
1384,-209.8071230201117,-128.84151738029115,0.2603351593055683,Small,RegolithCovered,background_regolith,Background,Background,-1,-1.0,-1.0,-1.0,0.0,0.012,1.0,-1,,unreal_rockfield.json,unreal_rockfield.json,nan,nan,nan
1385,-34.29517502365184,-156.81173131504255,0.48399076674313946,Medium,RegolithCovered,background_regolith,Background,Background,-1,-1.0,-1.0,-1.0,0.0,0.012,1.0,-1,,unreal_rockfield.json,unreal_rockfield.json,nan,nan,nan
1386,-48.34894863734857,16.045106357005523,0.32715025553195404,Medium,RegolithCovered,background_regolith,Background,Background,-1,-1.0,-1.0,-1.0,0.0,0.012,1.0,-1,,unreal_rockfield.json,unreal_rockfield.json,nan,nan,nan
1387,-77.87560655537584,-27.64213995788444,0.26292498319932184,Small,RegolithCovered,background_regolith,Background,Background,-1,-1.0,-1.0,-1.0,0.0,0.012,1.0,-1,,unreal_rockfield.json,unreal_rockfield.json,nan,nan,nan
1388,-213.0420850245674,-239.71526230658895,0.3039550720457047,Medium,RegolithCovered,background_regolith,Background,Background,-1,-1.0,-1.0,-1.0,0.0,0.012,1.0,-1,,unreal_rockfield.json,unreal_rockfield.json,nan,nan,nan
1389,214.65956602679523,96.69026764732814,0.30990913385299973,Medium,RegolithCovered,background_regolith,Background,Background,-1,-1.0,-1.0,-1.0,0.0,0.012,1.0,-1,,unreal_rockfield.json,unreal_rockfield.json,nan,nan,nan
1390,144.84847560045165,183.97320474868008,0.26425100875349494,Small,RegolithCovered,background_regolith,Background,Background,-1,-1.0,-1.0,-1.0,0.0,0.012,1.0,-1,,unreal_rockfield.json,unreal_rockfield.json,nan,nan,nan
1391,-203.81023590807825,-26.009399700918607,0.3530370038399714,Medium,RegolithCovered,background_regolith,Background,Background,-1,-1.0,-1.0,-1.0,0.0,0.012,1.0,-1,,unreal_rockfield.json,unreal_rockfield.json,nan,nan,nan
1392,-49.50865199743646,76.16657002471999,0.2902492900242449,Small,RegolithCovered,background_regolith,Background,Background,-1,-1.0,-1.0,-1.0,0.0,0.012,1.0,-1,,unreal_rockfield.json,unreal_rockfield.json,nan,nan,nan
1393,5.867183446760464,104.2283394878994,0.29181124746525733,Small,RegolithCovered,background_regolith,Background,Background,-1,-1.0,-1.0,-1.0,0.0,0.012,1.0,-1,,unreal_rockfield.json,unreal_rockfield.json,nan,nan,nan
1394,-93.69945371868039,98.76552629169595,0.30492518202074476,Medium,RegolithCovered,background_regolith,Background,Background,-1,-1.0,-1.0,-1.0,0.0,0.012,1.0,-1,,unreal_rockfield.json,unreal_rockfield.json,nan,nan,nan
1395,-202.1317178868984,-11.818292794579918,0.34293546373898504,Medium,RegolithCovered,background_regolith,Background,Background,-1,-1.0,-1.0,-1.0,0.0,0.012,1.0,-1,,unreal_rockfield.json,unreal_rockfield.json,nan,nan,nan
1396,-249.984740745262,-78.11975463118381,0.3229973342091068,Medium,RegolithCovered,background_regolith,Background,Background,-1,-1.0,-1.0,-1.0,0.0,0.012,1.0,-1,,unreal_rockfield.json,unreal_rockfield.json,nan,nan,nan
1397,126.56788842432934,150.9369182409131,0.3422934086720467,Medium,RegolithCovered,background_regolith,Background,Background,-1,-1.0,-1.0,-1.0,0.0,0.012,1.0,-1,,unreal_rockfield.json,unreal_rockfield.json,nan,nan,nan
1398,100.68819238868377,-196.28742332224493,0.28071054620062735,Small,RegolithCovered,background_regolith,Background,Background,-1,-1.0,-1.0,-1.0,0.0,0.012,1.0,-1,,unreal_rockfield.json,unreal_rockfield.json,nan,nan,nan
1399,-42.22998748741111,220.06134220404675,0.26443411127988425,Small,RegolithCovered,background_regolith,Background,Background,-1,-1.0,-1.0,-1.0,0.0,0.012,1.0,-1,,unreal_rockfield.json,unreal_rockfield.json,nan,nan,nan
1400,18.944364757225287,212.11127048554948,0.32864604306773293,Medium,RegolithCovered,background_regolith,Background,Background,-1,-1.0,-1.0,-1.0,0.0,0.012,1.0,-1,,unreal_rockfield.json,unreal_rockfield.json,nan,nan,nan
1401,-241.48533585619677,85.82567827387311,0.34280428469500346,Medium,RegolithCovered,background_regolith,Background,Background,-1,-1.0,-1.0,-1.0,0.0,0.012,1.0,-1,,unreal_rockfield.json,unreal_rockfield.json,nan,nan,nan
1402,-2.2049623096407913,-205.3666798913541,0.2673349035657799,Small,RegolithCovered,background_regolith,Background,Background,-1,-1.0,-1.0,-1.0,0.0,0.012,1.0,-1,,unreal_rockfield.json,unreal_rockfield.json,nan,nan,nan
1403,97.11752677999209,25.017548142948726,0.32757221845540274,Medium,RegolithCovered,background_regolith,Background,Background,-1,-1.0,-1.0,-1.0,0.0,0.012,1.0,-1,,unreal_rockfield.json,unreal_rockfield.json,nan,nan,nan
1404,-132.4121829889828,237.88415173802912,0.2610879415708224,Small,RegolithCovered,background_regolith,Background,Background,-1,-1.0,-1.0,-1.0,0.0,0.012,1.0,-1,,unreal_rockfield.json,unreal_rockfield.json,nan,nan,nan
1405,102.06152531510361,-170.6671346171453,0.35794381672924735,Medium,RegolithCovered,background_regolith,Background,Background,-1,-1.0,-1.0,-1.0,0.0,0.012,1.0,-1,,unreal_rockfield.json,unreal_rockfield.json,nan,nan,nan
1406,235.65630054628133,-249.78637043366803,0.4847375960235424,Medium,RegolithCovered,background_regolith,Background,Background,-1,-1.0,-1.0,-1.0,0.0,0.012,1.0,-1,,unreal_rockfield.json,unreal_rockfield.json,nan,nan,nan
1407,-81.94982757042146,130.64210943937496,0.40063371628940925,Medium,RegolithCovered,background_regolith,Background,Background,-1,-1.0,-1.0,-1.0,0.0,0.012,1.0,-1,,unreal_rockfield.json,unreal_rockfield.json,nan,nan,nan
1408,-229.2474135563219,-3.8377025666066515,0.31167716910386306,Medium,RegolithCovered,background_regolith,Background,Background,-1,-1.0,-1.0,-1.0,0.0,0.012,1.0,-1,,unreal_rockfield.json,unreal_rockfield.json,nan,nan,nan
1409,-102.59559923093357,-53.720206305124066,0.2880073495936104,Small,RegolithCovered,background_regolith,Background,Background,-1,-1.0,-1.0,-1.0,0.0,0.012,1.0,-1,,unreal_rockfield.json,unreal_rockfield.json,nan,nan,nan
1410,75.54094058046206,238.0214850306711,0.32360988431484095,Medium,RegolithCovered,background_regolith,Background,Background,-1,-1.0,-1.0,-1.0,0.0,0.012,1.0,-1,,unreal_rockfield.json,unreal_rockfield.json,nan,nan,nan
1411,14.839625232703668,166.1809137241737,0.261270334943177,Small,RegolithCovered,background_regolith,Background,Background,-1,-1.0,-1.0,-1.0,0.0,0.012,1.0,-1,,unreal_rockfield.json,unreal_rockfield.json,nan,nan,nan
1412,-247.9094821008942,143.42936490981776,0.3460655935100033,Medium,RegolithCovered,background_regolith,Background,Background,-1,-1.0,-1.0,-1.0,0.0,0.012,1.0,-1,,unreal_rockfield.json,unreal_rockfield.json,nan,nan,nan
1413,-171.96417126987518,-43.93902401806696,0.30906945916599665,Medium,RegolithCovered,background_regolith,Background,Background,-1,-1.0,-1.0,-1.0,0.0,0.012,1.0,-1,,unreal_rockfield.json,unreal_rockfield.json,nan,nan,nan
1414,245.94103823969238,130.428479873043,0.27591253760172035,Small,RegolithCovered,background_regolith,Background,Background,-1,-1.0,-1.0,-1.0,0.0,0.012,1.0,-1,,unreal_rockfield.json,unreal_rockfield.json,nan,nan,nan
1415,165.23483993041782,46.50257881405071,0.5309526564909156,Medium,RegolithCovered,background_regolith,Background,Background,-1,-1.0,-1.0,-1.0,0.0,0.012,1.0,-1,,unreal_rockfield.json,unreal_rockfield.json,nan,nan,nan
1416,-163.19009979552598,182.5540940580462,0.4089494858175872,Medium,RegolithCovered,background_regolith,Background,Background,-1,-1.0,-1.0,-1.0,0.0,0.012,1.0,-1,,unreal_rockfield.json,unreal_rockfield.json,nan,nan,nan
1417,40.04791405987737,-197.9049043244728,0.2620583227751524,Small,RegolithCovered,background_regolith,Background,Background,-1,-1.0,-1.0,-1.0,0.0,0.012,1.0,-1,,unreal_rockfield.json,unreal_rockfield.json,nan,nan,nan
1418,-77.76879177220985,214.9952696310312,0.358028582542848,Medium,RegolithCovered,background_regolith,Background,Background,-1,-1.0,-1.0,-1.0,0.0,0.012,1.0,-1,,unreal_rockfield.json,unreal_rockfield.json,nan,nan,nan
1419,11.63518173772394,7.408368175298335,0.2791040335440674,Small,RegolithCovered,background_regolith,Background,Background,-1,-1.0,-1.0,-1.0,0.0,0.012,1.0,-1,,unreal_rockfield.json,unreal_rockfield.json,nan,nan,nan
1420,194.9446089053011,242.58400219733267,0.28553365557122107,Small,RegolithCovered,background_regolith,Background,Background,-1,-1.0,-1.0,-1.0,0.0,0.012,1.0,-1,,unreal_rockfield.json,unreal_rockfield.json,nan,nan,nan
1421,-237.71629993591114,152.34076967680897,0.6073391906425318,Medium,RegolithCovered,background_regolith,Background,Background,-1,-1.0,-1.0,-1.0,0.0,0.012,1.0,-1,,unreal_rockfield.json,unreal_rockfield.json,nan,nan,nan
1422,138.9584032715842,233.3521530808435,0.2644154905108997,Small,RegolithCovered,background_regolith,Background,Background,-1,-1.0,-1.0,-1.0,0.0,0.012,1.0,-1,,unreal_rockfield.json,unreal_rockfield.json,nan,nan,nan
1423,-8.842738120670191,-160.7028412732322,0.28779817238306277,Small,RegolithCovered,background_regolith,Background,Background,-1,-1.0,-1.0,-1.0,0.0,0.012,1.0,-1,,unreal_rockfield.json,unreal_rockfield.json,nan,nan,nan
1424,146.95425275429545,60.57161168248541,0.3349091917011512,Medium,RegolithCovered,background_regolith,Background,Background,-1,-1.0,-1.0,-1.0,0.0,0.012,1.0,-1,,unreal_rockfield.json,unreal_rockfield.json,nan,nan,nan
1425,-238.63185522019106,-47.43339335306865,0.32906870940060734,Medium,RegolithCovered,background_regolith,Background,Background,-1,-1.0,-1.0,-1.0,0.0,0.012,1.0,-1,,unreal_rockfield.json,unreal_rockfield.json,nan,nan,nan
1426,181.6232795190283,-166.62343211157565,0.3669018089134842,Medium,RegolithCovered,background_regolith,Background,Background,-1,-1.0,-1.0,-1.0,0.0,0.012,1.0,-1,,unreal_rockfield.json,unreal_rockfield.json,nan,nan,nan
1427,124.17218543046363,115.81011383404035,0.650213131776201,Medium,RegolithCovered,background_regolith,Background,Background,-1,-1.0,-1.0,-1.0,0.0,0.012,1.0,-1,,unreal_rockfield.json,unreal_rockfield.json,nan,nan,nan
1428,-46.54835657826473,25.032807397686724,0.33962754942524,Medium,RegolithCovered,background_regolith,Background,Background,-1,-1.0,-1.0,-1.0,0.0,0.012,1.0,-1,,unreal_rockfield.json,unreal_rockfield.json,nan,nan,nan
1429,115.99322489089633,-95.22537919248026,0.3032788404690878,Medium,RegolithCovered,background_regolith,Background,Background,-1,-1.0,-1.0,-1.0,0.0,0.012,1.0,-1,,unreal_rockfield.json,unreal_rockfield.json,nan,nan,nan
1430,-245.19333475753044,168.74446852015745,0.34340280288362185,Medium,RegolithCovered,background_regolith,Background,Background,-1,-1.0,-1.0,-1.0,0.0,0.012,1.0,-1,,unreal_rockfield.json,unreal_rockfield.json,nan,nan,nan
1431,20.592364268929146,-35.546433912167714,0.4272442323508146,Medium,RegolithCovered,background_regolith,Background,Background,-1,-1.0,-1.0,-1.0,0.0,0.012,1.0,-1,,unreal_rockfield.json,unreal_rockfield.json,nan,nan,nan
1432,60.953093050935365,-109.82848597674487,0.2776676659996484,Small,RegolithCovered,background_regolith,Background,Background,-1,-1.0,-1.0,-1.0,0.0,0.012,1.0,-1,,unreal_rockfield.json,unreal_rockfield.json,nan,nan,nan
1433,44.99191259498883,-208.11334574419385,0.28594514974815,Small,RegolithCovered,background_regolith,Background,Background,-1,-1.0,-1.0,-1.0,0.0,0.012,1.0,-1,,unreal_rockfield.json,unreal_rockfield.json,nan,nan,nan
1434,-26.345103305154566,130.19959105197302,0.2959242003661325,Small,RegolithCovered,background_regolith,Background,Background,-1,-1.0,-1.0,-1.0,0.0,0.012,1.0,-1,,unreal_rockfield.json,unreal_rockfield.json,nan,nan,nan
1435,213.30149235511334,176.31305887020477,0.3665437404101701,Medium,RegolithCovered,background_regolith,Background,Background,-1,-1.0,-1.0,-1.0,0.0,0.012,1.0,-1,,unreal_rockfield.json,unreal_rockfield.json,nan,nan,nan
1436,225.63097018341625,20.4855494857631,0.26149150141420957,Small,RegolithCovered,background_regolith,Background,Background,-1,-1.0,-1.0,-1.0,0.0,0.012,1.0,-1,,unreal_rockfield.json,unreal_rockfield.json,nan,nan,nan
1437,-226.42445142979216,-178.67824335459454,0.3139968237886558,Medium,RegolithCovered,background_regolith,Background,Background,-1,-1.0,-1.0,-1.0,0.0,0.012,1.0,-1,,unreal_rockfield.json,unreal_rockfield.json,nan,nan,nan
1438,-24.712363048188706,-56.71102023377179,0.2616075277175042,Small,RegolithCovered,background_regolith,Background,Background,-1,-1.0,-1.0,-1.0,0.0,0.012,1.0,-1,,unreal_rockfield.json,unreal_rockfield.json,nan,nan,nan
1439,178.0831324198126,201.2314218573565,0.29801573858393504,Small,RegolithCovered,background_regolith,Background,Background,-1,-1.0,-1.0,-1.0,0.0,0.012,1.0,-1,,unreal_rockfield.json,unreal_rockfield.json,nan,nan,nan
1440,186.78090762047185,-225.0205999938963,0.38232808990235345,Medium,RegolithCovered,background_regolith,Background,Background,-1,-1.0,-1.0,-1.0,0.0,0.012,1.0,-1,,unreal_rockfield.json,unreal_rockfield.json,nan,nan,nan
1441,171.8268379772332,-91.2121951963866,0.3326749384691726,Medium,RegolithCovered,background_regolith,Background,Background,-1,-1.0,-1.0,-1.0,0.0,0.012,1.0,-1,,unreal_rockfield.json,unreal_rockfield.json,nan,nan,nan
1442,197.35557115390486,116.45100253303633,0.332987058351901,Medium,RegolithCovered,background_regolith,Background,Background,-1,-1.0,-1.0,-1.0,0.0,0.012,1.0,-1,,unreal_rockfield.json,unreal_rockfield.json,nan,nan,nan
1443,149.53306680501726,-174.26831873531296,0.27972152976747783,Small,RegolithCovered,background_regolith,Background,Background,-1,-1.0,-1.0,-1.0,0.0,0.012,1.0,-1,,unreal_rockfield.json,unreal_rockfield.json,nan,nan,nan
1444,-187.86431470686972,-109.5995971556749,0.5701274253241758,Medium,RegolithCovered,background_regolith,Background,Background,-1,-1.0,-1.0,-1.0,0.0,0.012,1.0,-1,,unreal_rockfield.json,unreal_rockfield.json,nan,nan,nan
1445,150.20447401348918,74.51857051301613,0.2897329083646628,Small,RegolithCovered,background_regolith,Background,Background,-1,-1.0,-1.0,-1.0,0.0,0.012,1.0,-1,,unreal_rockfield.json,unreal_rockfield.json,nan,nan,nan
1446,120.37263100070197,-25.780510879848606,0.29360642125709646,Small,RegolithCovered,background_regolith,Background,Background,-1,-1.0,-1.0,-1.0,0.0,0.012,1.0,-1,,unreal_rockfield.json,unreal_rockfield.json,nan,nan,nan
1447,92.17352824488052,80.54597613452557,0.306572180535755,Medium,RegolithCovered,background_regolith,Background,Background,-1,-1.0,-1.0,-1.0,0.0,0.012,1.0,-1,,unreal_rockfield.json,unreal_rockfield.json,nan,nan,nan
1448,-113.50596636860254,-27.1233252967925,0.264233810848517,Small,RegolithCovered,background_regolith,Background,Background,-1,-1.0,-1.0,-1.0,0.0,0.012,1.0,-1,,unreal_rockfield.json,unreal_rockfield.json,nan,nan,nan
1449,46.197393719290744,-126.40003662221137,0.42596825933316573,Medium,RegolithCovered,background_regolith,Background,Background,-1,-1.0,-1.0,-1.0,0.0,0.012,1.0,-1,,unreal_rockfield.json,unreal_rockfield.json,nan,nan,nan
1450,20.89754936368911,-240.37141026032288,0.31643675099681073,Medium,RegolithCovered,background_regolith,Background,Background,-1,-1.0,-1.0,-1.0,0.0,0.012,1.0,-1,,unreal_rockfield.json,unreal_rockfield.json,nan,nan,nan
1451,-63.80657368694111,174.22254097109897,0.27426690826938366,Small,RegolithCovered,background_regolith,Background,Background,-1,-1.0,-1.0,-1.0,0.0,0.012,1.0,-1,,unreal_rockfield.json,unreal_rockfield.json,nan,nan,nan
1452,-33.974730674153875,-42.67250587481308,0.29574543452614477,Small,RegolithCovered,background_regolith,Background,Background,-1,-1.0,-1.0,-1.0,0.0,0.012,1.0,-1,,unreal_rockfield.json,unreal_rockfield.json,nan,nan,nan
1453,-13.389996032593785,32.41828669087806,0.2833896692335191,Small,RegolithCovered,background_regolith,Background,Background,-1,-1.0,-1.0,-1.0,0.0,0.012,1.0,-1,,unreal_rockfield.json,unreal_rockfield.json,nan,nan,nan
1454,32.174138615070035,40.53621021149331,0.289344236654716,Small,RegolithCovered,background_regolith,Background,Background,-1,-1.0,-1.0,-1.0,0.0,0.012,1.0,-1,,unreal_rockfield.json,unreal_rockfield.json,nan,nan,nan
1455,-62.70790734580521,0.2517777031769697,0.3100515897966645,Medium,RegolithCovered,background_regolith,Background,Background,-1,-1.0,-1.0,-1.0,0.0,0.012,1.0,-1,,unreal_rockfield.json,unreal_rockfield.json,nan,nan,nan
1456,-30.358287301248197,144.02447584459975,0.48579846499336027,Medium,RegolithCovered,background_regolith,Background,Background,-1,-1.0,-1.0,-1.0,0.0,0.012,1.0,-1,,unreal_rockfield.json,unreal_rockfield.json,nan,nan,nan
1457,-40.33783989989928,212.93527024140138,0.33610175608221776,Medium,RegolithCovered,background_regolith,Background,Background,-1,-1.0,-1.0,-1.0,0.0,0.012,1.0,-1,,unreal_rockfield.json,unreal_rockfield.json,nan,nan,nan
1458,59.45768608661149,-96.30878627887816,0.2725446674458525,Small,RegolithCovered,background_regolith,Background,Background,-1,-1.0,-1.0,-1.0,0.0,0.012,1.0,-1,,unreal_rockfield.json,unreal_rockfield.json,nan,nan,nan
1459,-230.14770958586382,14.18347727896969,0.26787953064199094,Small,RegolithCovered,background_regolith,Background,Background,-1,-1.0,-1.0,-1.0,0.0,0.012,1.0,-1,,unreal_rockfield.json,unreal_rockfield.json,nan,nan,nan
1460,-70.24597918637653,171.65898617511522,0.264228520941446,Small,RegolithCovered,background_regolith,Background,Background,-1,-1.0,-1.0,-1.0,0.0,0.012,1.0,-1,,unreal_rockfield.json,unreal_rockfield.json,nan,nan,nan
1461,81.6446424756615,76.8990142521439,0.31566694259335426,Medium,RegolithCovered,background_regolith,Background,Background,-1,-1.0,-1.0,-1.0,0.0,0.012,1.0,-1,,unreal_rockfield.json,unreal_rockfield.json,nan,nan,nan
1462,-153.5309915463729,171.6895046845912,0.2820869152425522,Small,RegolithCovered,background_regolith,Background,Background,-1,-1.0,-1.0,-1.0,0.0,0.012,1.0,-1,,unreal_rockfield.json,unreal_rockfield.json,nan,nan,nan
1463,212.98104800561538,27.748954741050454,0.2929294109440059,Small,RegolithCovered,background_regolith,Background,Background,-1,-1.0,-1.0,-1.0,0.0,0.012,1.0,-1,,unreal_rockfield.json,unreal_rockfield.json,nan,nan,nan
1464,73.99975585192419,36.3856929227577,0.3460330615484402,Medium,RegolithCovered,background_regolith,Background,Background,-1,-1.0,-1.0,-1.0,0.0,0.012,1.0,-1,,unreal_rockfield.json,unreal_rockfield.json,nan,nan,nan
1465,-207.96075319681387,71.69560838648641,0.268984741315414,Small,RegolithCovered,background_regolith,Background,Background,-1,-1.0,-1.0,-1.0,0.0,0.012,1.0,-1,,unreal_rockfield.json,unreal_rockfield.json,nan,nan,nan
1466,240.38666951506087,126.36951811273536,0.26020937293458507,Small,RegolithCovered,background_regolith,Background,Background,-1,-1.0,-1.0,-1.0,0.0,0.012,1.0,-1,,unreal_rockfield.json,unreal_rockfield.json,nan,nan,nan
1467,38.4914700766015,216.87215796380502,0.27389042060573676,Small,RegolithCovered,background_regolith,Background,Background,-1,-1.0,-1.0,-1.0,0.0,0.012,1.0,-1,,unreal_rockfield.json,unreal_rockfield.json,nan,nan,nan
1468,159.8483230079043,15.968810083315532,0.2659314277686095,Small,RegolithCovered,background_regolith,Background,Background,-1,-1.0,-1.0,-1.0,0.0,0.012,1.0,-1,,unreal_rockfield.json,unreal_rockfield.json,nan,nan,nan
1469,-37.95739616077151,109.61485641041293,0.26398344837568255,Small,RegolithCovered,background_regolith,Background,Background,-1,-1.0,-1.0,-1.0,0.0,0.012,1.0,-1,,unreal_rockfield.json,unreal_rockfield.json,nan,nan,nan
1470,-48.36420789208657,-26.299325540940572,0.33075721931614954,Medium,RegolithCovered,background_regolith,Background,Background,-1,-1.0,-1.0,-1.0,0.0,0.012,1.0,-1,,unreal_rockfield.json,unreal_rockfield.json,nan,nan,nan
1471,-39.315469832453374,-109.6453749198889,0.2834559369209914,Small,RegolithCovered,background_regolith,Background,Background,-1,-1.0,-1.0,-1.0,0.0,0.012,1.0,-1,,unreal_rockfield.json,unreal_rockfield.json,nan,nan,nan
1472,234.09985656300546,108.82137516403702,0.27004652634855975,Small,RegolithCovered,background_regolith,Background,Background,-1,-1.0,-1.0,-1.0,0.0,0.012,1.0,-1,,unreal_rockfield.json,unreal_rockfield.json,nan,nan,nan
1473,150.17395550401318,62.7842036194952,0.36309016636113917,Medium,RegolithCovered,background_regolith,Background,Background,-1,-1.0,-1.0,-1.0,0.0,0.012,1.0,-1,,unreal_rockfield.json,unreal_rockfield.json,nan,nan,nan
1474,-144.03973509933775,34.12732322153386,0.28264622418985486,Small,RegolithCovered,background_regolith,Background,Background,-1,-1.0,-1.0,-1.0,0.0,0.012,1.0,-1,,unreal_rockfield.json,unreal_rockfield.json,nan,nan,nan
1475,-243.13333536790063,-183.6985381633961,0.29206167374965053,Small,RegolithCovered,background_regolith,Background,Background,-1,-1.0,-1.0,-1.0,0.0,0.012,1.0,-1,,unreal_rockfield.json,unreal_rockfield.json,nan,nan,nan
1476,238.98281807916499,-153.19528794213693,0.32935531617721453,Medium,RegolithCovered,background_regolith,Background,Background,-1,-1.0,-1.0,-1.0,0.0,0.012,1.0,-1,,unreal_rockfield.json,unreal_rockfield.json,nan,nan,nan
1477,-9.987182226020082,245.23911252174446,0.2690577692667192,Small,RegolithCovered,background_regolith,Background,Background,-1,-1.0,-1.0,-1.0,0.0,0.012,1.0,-1,,unreal_rockfield.json,unreal_rockfield.json,nan,nan,nan
1478,135.17410809656053,-107.12759788811914,0.2648288735949117,Small,RegolithCovered,background_regolith,Background,Background,-1,-1.0,-1.0,-1.0,0.0,0.012,1.0,-1,,unreal_rockfield.json,unreal_rockfield.json,nan,nan,nan
1479,-81.85827204199347,152.9206213568529,0.3135974316334183,Medium,RegolithCovered,background_regolith,Background,Background,-1,-1.0,-1.0,-1.0,0.0,0.012,1.0,-1,,unreal_rockfield.json,unreal_rockfield.json,nan,nan,nan
1480,136.92892239143038,91.63945432905058,0.2713593312281819,Small,RegolithCovered,background_regolith,Background,Background,-1,-1.0,-1.0,-1.0,0.0,0.012,1.0,-1,,unreal_rockfield.json,unreal_rockfield.json,nan,nan,nan
1481,-55.97857600634785,-195.844904934843,0.2976389893065165,Small,RegolithCovered,background_regolith,Background,Background,-1,-1.0,-1.0,-1.0,0.0,0.012,1.0,-1,,unreal_rockfield.json,unreal_rockfield.json,nan,nan,nan
1482,-196.33320108645893,-5.363628040406496,0.29975150332558537,Small,RegolithCovered,background_regolith,Background,Background,-1,-1.0,-1.0,-1.0,0.0,0.012,1.0,-1,,unreal_rockfield.json,unreal_rockfield.json,nan,nan,nan
1483,-60.17487105929749,-219.25260170293282,0.27046752560292203,Small,RegolithCovered,background_regolith,Background,Background,-1,-1.0,-1.0,-1.0,0.0,0.012,1.0,-1,,unreal_rockfield.json,unreal_rockfield.json,nan,nan,nan
1484,-24.407177953428743,173.963133640553,0.27396399319703363,Small,RegolithCovered,background_regolith,Background,Background,-1,-1.0,-1.0,-1.0,0.0,0.012,1.0,-1,,unreal_rockfield.json,unreal_rockfield.json,nan,nan,nan
1485,-91.99041718802454,192.3810541093173,0.26249011914651715,Small,RegolithCovered,background_regolith,Background,Background,-1,-1.0,-1.0,-1.0,0.0,0.012,1.0,-1,,unreal_rockfield.json,unreal_rockfield.json,nan,nan,nan
1486,-82.33130893887142,-83.04849391155736,0.26360355400091756,Small,RegolithCovered,background_regolith,Background,Background,-1,-1.0,-1.0,-1.0,0.0,0.012,1.0,-1,,unreal_rockfield.json,unreal_rockfield.json,nan,nan,nan
1487,111.04922635578481,83.15530869472337,0.2992385231419616,Small,RegolithCovered,background_regolith,Background,Background,-1,-1.0,-1.0,-1.0,0.0,0.012,1.0,-1,,unreal_rockfield.json,unreal_rockfield.json,nan,nan,nan
1488,65.39353617969294,-15.434736167485596,0.29029333583420414,Small,RegolithCovered,background_regolith,Background,Background,-1,-1.0,-1.0,-1.0,0.0,0.012,1.0,-1,,unreal_rockfield.json,unreal_rockfield.json,nan,nan,nan
1489,-99.57426679280985,143.45988341929376,0.3172710000746757,Medium,RegolithCovered,background_regolith,Background,Background,-1,-1.0,-1.0,-1.0,0.0,0.012,1.0,-1,,unreal_rockfield.json,unreal_rockfield.json,nan,nan,nan
1490,13.832514419995732,-193.3576464125492,0.2685783190764284,Small,RegolithCovered,background_regolith,Background,Background,-1,-1.0,-1.0,-1.0,0.0,0.012,1.0,-1,,unreal_rockfield.json,unreal_rockfield.json,nan,nan,nan
1491,-87.44315927610097,-28.221991637928397,0.3150729446891197,Medium,RegolithCovered,background_regolith,Background,Background,-1,-1.0,-1.0,-1.0,0.0,0.012,1.0,-1,,unreal_rockfield.json,unreal_rockfield.json,nan,nan,nan
1492,191.02298043763545,-122.73781548509172,0.4210435966677863,Medium,RegolithCovered,background_regolith,Background,Background,-1,-1.0,-1.0,-1.0,0.0,0.012,1.0,-1,,unreal_rockfield.json,unreal_rockfield.json,nan,nan,nan
1493,-178.76979888302253,-178.03735465559862,0.27079907452649565,Small,RegolithCovered,background_regolith,Background,Background,-1,-1.0,-1.0,-1.0,0.0,0.012,1.0,-1,,unreal_rockfield.json,unreal_rockfield.json,nan,nan,nan
1494,74.28968169194616,213.80504776146728,0.28142783249069103,Small,RegolithCovered,background_regolith,Background,Background,-1,-1.0,-1.0,-1.0,0.0,0.012,1.0,-1,,unreal_rockfield.json,unreal_rockfield.json,nan,nan,nan
1495,-117.54966887417217,204.26801355021826,0.33548430872532714,Medium,RegolithCovered,background_regolith,Background,Background,-1,-1.0,-1.0,-1.0,0.0,0.012,1.0,-1,,unreal_rockfield.json,unreal_rockfield.json,nan,nan,nan
1496,29.152806176946342,-7.606738486892311,0.2714897876721613,Small,RegolithCovered,background_regolith,Background,Background,-1,-1.0,-1.0,-1.0,0.0,0.012,1.0,-1,,unreal_rockfield.json,unreal_rockfield.json,nan,nan,nan
1497,14.213995788445686,70.09338663899655,0.2661266306976669,Small,RegolithCovered,background_regolith,Background,Background,-1,-1.0,-1.0,-1.0,0.0,0.012,1.0,-1,,unreal_rockfield.json,unreal_rockfield.json,nan,nan,nan
1498,64.935758537553,-192.5794244209113,0.31998134713483245,Medium,RegolithCovered,background_regolith,Background,Background,-1,-1.0,-1.0,-1.0,0.0,0.012,1.0,-1,,unreal_rockfield.json,unreal_rockfield.json,nan,nan,nan
1499,58.89309366130556,-209.39512314218575,0.4653237796851039,Medium,RegolithCovered,background_regolith,Background,Background,-1,-1.0,-1.0,-1.0,0.0,0.012,1.0,-1,,unreal_rockfield.json,unreal_rockfield.json,nan,nan,nan
1500,194.07483138523514,-139.0652180547502,0.2942866373860446,Small,RegolithCovered,background_regolith,Background,Background,-1,-1.0,-1.0,-1.0,0.0,0.012,1.0,-1,,unreal_rockfield.json,unreal_rockfield.json,nan,nan,nan
1501,117.5649281289102,-76.92953276161992,0.26089575545966387,Small,RegolithCovered,background_regolith,Background,Background,-1,-1.0,-1.0,-1.0,0.0,0.012,1.0,-1,,unreal_rockfield.json,unreal_rockfield.json,nan,nan,nan
1502,-156.24713888973662,207.56401257362592,0.33910597271307996,Medium,RegolithCovered,background_regolith,Background,Background,-1,-1.0,-1.0,-1.0,0.0,0.012,1.0,-1,,unreal_rockfield.json,unreal_rockfield.json,nan,nan,nan
1503,-140.46906949064606,35.33280434583577,0.4296537817521025,Medium,RegolithCovered,background_regolith,Background,Background,-1,-1.0,-1.0,-1.0,0.0,0.012,1.0,-1,,unreal_rockfield.json,unreal_rockfield.json,nan,nan,nan
1504,82.97219763786734,-102.04626606036561,0.3259772617270959,Medium,RegolithCovered,background_regolith,Background,Background,-1,-1.0,-1.0,-1.0,0.0,0.012,1.0,-1,,unreal_rockfield.json,unreal_rockfield.json,nan,nan,nan
1505,-63.13516647846919,-185.13290810876796,0.29797857139488454,Small,RegolithCovered,background_regolith,Background,Background,-1,-1.0,-1.0,-1.0,0.0,0.012,1.0,-1,,unreal_rockfield.json,unreal_rockfield.json,nan,nan,nan
1506,-13.67992187261575,-82.33130893887142,0.2980022190585696,Small,RegolithCovered,background_regolith,Background,Background,-1,-1.0,-1.0,-1.0,0.0,0.012,1.0,-1,,unreal_rockfield.json,unreal_rockfield.json,nan,nan,nan
1507,6.675923947874367,12.260811181981865,0.3858750309944805,Medium,RegolithCovered,background_regolith,Background,Background,-1,-1.0,-1.0,-1.0,0.0,0.012,1.0,-1,,unreal_rockfield.json,unreal_rockfield.json,nan,nan,nan
1508,-56.848353526413774,145.3215124973296,0.2634468391329324,Small,RegolithCovered,background_regolith,Background,Background,-1,-1.0,-1.0,-1.0,0.0,0.012,1.0,-1,,unreal_rockfield.json,unreal_rockfield.json,nan,nan,nan
1509,-175.09231849116492,146.28284554582353,0.2788958429518549,Small,RegolithCovered,background_regolith,Background,Background,-1,-1.0,-1.0,-1.0,0.0,0.012,1.0,-1,,unreal_rockfield.json,unreal_rockfield.json,nan,nan,nan
1510,-175.1380962553789,92.3261207922605,0.2949107438230859,Small,RegolithCovered,background_regolith,Background,Background,-1,-1.0,-1.0,-1.0,0.0,0.012,1.0,-1,,unreal_rockfield.json,unreal_rockfield.json,nan,nan,nan
1511,-142.14758751182592,18.868068483535296,0.39182208852483524,Medium,RegolithCovered,background_regolith,Background,Background,-1,-1.0,-1.0,-1.0,0.0,0.012,1.0,-1,,unreal_rockfield.json,unreal_rockfield.json,nan,nan,nan
1512,-167.4474318674276,-127.31559190649129,0.2913578596324679,Small,RegolithCovered,background_regolith,Background,Background,-1,-1.0,-1.0,-1.0,0.0,0.012,1.0,-1,,unreal_rockfield.json,unreal_rockfield.json,nan,nan,nan
1513,-197.26401562547684,137.11203344828635,0.2741715255600495,Small,RegolithCovered,background_regolith,Background,Background,-1,-1.0,-1.0,-1.0,0.0,0.012,1.0,-1,,unreal_rockfield.json,unreal_rockfield.json,nan,nan,nan
1514,248.45881527146213,123.9432966093936,0.3685565502272652,Medium,RegolithCovered,background_regolith,Background,Background,-1,-1.0,-1.0,-1.0,0.0,0.012,1.0,-1,,unreal_rockfield.json,unreal_rockfield.json,nan,nan,nan
1515,-249.08444471572008,-193.11349833674123,0.32695478260853067,Medium,RegolithCovered,background_regolith,Background,Background,-1,-1.0,-1.0,-1.0,0.0,0.012,1.0,-1,,unreal_rockfield.json,unreal_rockfield.json,nan,nan,nan
1516,-104.12152470473342,-103.77056184575946,0.3224999645884472,Medium,RegolithCovered,background_regolith,Background,Background,-1,-1.0,-1.0,-1.0,0.0,0.012,1.0,-1,,unreal_rockfield.json,unreal_rockfield.json,nan,nan,nan
1517,-93.76049073763238,134.5332193975646,0.343761740559123,Medium,RegolithCovered,background_regolith,Background,Background,-1,-1.0,-1.0,-1.0,0.0,0.012,1.0,-1,,unreal_rockfield.json,unreal_rockfield.json,nan,nan,nan
1518,60.41901913510543,-216.64326914273505,0.26757913523687893,Small,RegolithCovered,background_regolith,Background,Background,-1,-1.0,-1.0,-1.0,0.0,0.012,1.0,-1,,unreal_rockfield.json,unreal_rockfield.json,nan,nan,nan
1519,223.23526718955043,136.22699667348246,0.26460884576679056,Small,RegolithCovered,background_regolith,Background,Background,-1,-1.0,-1.0,-1.0,0.0,0.012,1.0,-1,,unreal_rockfield.json,unreal_rockfield.json,nan,nan,nan
1520,127.95648060548723,224.7001556443983,0.27376291012703174,Small,RegolithCovered,background_regolith,Background,Background,-1,-1.0,-1.0,-1.0,0.0,0.012,1.0,-1,,unreal_rockfield.json,unreal_rockfield.json,nan,nan,nan
1521,-7.271034882656323,-200.77364421521654,0.2655209834678506,Small,RegolithCovered,background_regolith,Background,Background,-1,-1.0,-1.0,-1.0,0.0,0.012,1.0,-1,,unreal_rockfield.json,unreal_rockfield.json,nan,nan,nan
1522,-59.39664906765955,-101.45115512558368,0.26848681960885723,Small,RegolithCovered,background_regolith,Background,Background,-1,-1.0,-1.0,-1.0,0.0,0.012,1.0,-1,,unreal_rockfield.json,unreal_rockfield.json,nan,nan,nan
1523,214.26282540360728,-51.0956144901883,0.2677414619245285,Small,RegolithCovered,background_regolith,Background,Background,-1,-1.0,-1.0,-1.0,0.0,0.012,1.0,-1,,unreal_rockfield.json,unreal_rockfield.json,nan,nan,nan
1524,46.197393719290744,-108.28730124820703,0.30361744221668907,Medium,RegolithCovered,background_regolith,Background,Background,-1,-1.0,-1.0,-1.0,0.0,0.012,1.0,-1,,unreal_rockfield.json,unreal_rockfield.json,nan,nan,nan
1525,-8.11029389324625,-158.5055085909604,0.2733417655422035,Small,RegolithCovered,background_regolith,Background,Background,-1,-1.0,-1.0,-1.0,0.0,0.012,1.0,-1,,unreal_rockfield.json,unreal_rockfield.json,nan,nan,nan
1526,-191.2671285134434,-194.3342387157811,0.30996881128306136,Medium,RegolithCovered,background_regolith,Background,Background,-1,-1.0,-1.0,-1.0,0.0,0.012,1.0,-1,,unreal_rockfield.json,unreal_rockfield.json,nan,nan,nan
1527,110.94241157261882,210.18860438856166,0.2828368448003476,Small,RegolithCovered,background_regolith,Background,Background,-1,-1.0,-1.0,-1.0,0.0,0.012,1.0,-1,,unreal_rockfield.json,unreal_rockfield.json,nan,nan,nan
1528,-55.62761314737389,84.28449354533524,0.348598878408388,Medium,RegolithCovered,background_regolith,Background,Background,-1,-1.0,-1.0,-1.0,0.0,0.012,1.0,-1,,unreal_rockfield.json,unreal_rockfield.json,nan,nan,nan
1529,-164.63972899563583,228.89645069734792,0.3527464390449418,Medium,RegolithCovered,background_regolith,Background,Background,-1,-1.0,-1.0,-1.0,0.0,0.012,1.0,-1,,unreal_rockfield.json,unreal_rockfield.json,nan,nan,nan
1530,136.15070039979247,57.06198309274572,0.27167325201094045,Small,RegolithCovered,background_regolith,Background,Background,-1,-1.0,-1.0,-1.0,0.0,0.012,1.0,-1,,unreal_rockfield.json,unreal_rockfield.json,nan,nan,nan
1531,245.11703848384042,213.34727011932733,0.2676054063716264,Small,RegolithCovered,background_regolith,Background,Background,-1,-1.0,-1.0,-1.0,0.0,0.012,1.0,-1,,unreal_rockfield.json,unreal_rockfield.json,nan,nan,nan
1532,148.96847437971127,-73.6640522476882,0.2798082556597233,Small,RegolithCovered,background_regolith,Background,Background,-1,-1.0,-1.0,-1.0,0.0,0.012,1.0,-1,,unreal_rockfield.json,unreal_rockfield.json,nan,nan,nan
1533,49.5391705069124,37.484359263893566,0.2860677846153381,Small,RegolithCovered,background_regolith,Background,Background,-1,-1.0,-1.0,-1.0,0.0,0.012,1.0,-1,,unreal_rockfield.json,unreal_rockfield.json,nan,nan,nan
1534,2.6169621875667417,120.31159398174998,0.27293243227404757,Small,RegolithCovered,background_regolith,Background,Background,-1,-1.0,-1.0,-1.0,0.0,0.012,1.0,-1,,unreal_rockfield.json,unreal_rockfield.json,nan,nan,nan
1535,202.6047547837764,-104.71663563951535,0.2799553421750885,Small,RegolithCovered,background_regolith,Background,Background,-1,-1.0,-1.0,-1.0,0.0,0.012,1.0,-1,,unreal_rockfield.json,unreal_rockfield.json,nan,nan,nan
1536,-49.40183721427047,27.016510513626542,0.26515481629891424,Small,RegolithCovered,background_regolith,Background,Background,-1,-1.0,-1.0,-1.0,0.0,0.012,1.0,-1,,unreal_rockfield.json,unreal_rockfield.json,nan,nan,nan
1537,245.6205938901944,-131.43559068575092,0.2715192078873546,Small,RegolithCovered,background_regolith,Background,Background,-1,-1.0,-1.0,-1.0,0.0,0.012,1.0,-1,,unreal_rockfield.json,unreal_rockfield.json,nan,nan,nan
1538,-54.788354136783965,53.10983611560408,0.2799823389274375,Small,RegolithCovered,background_regolith,Background,Background,-1,-1.0,-1.0,-1.0,0.0,0.012,1.0,-1,,unreal_rockfield.json,unreal_rockfield.json,nan,nan,nan
1539,53.10983611560408,-40.124210333567305,0.2688028452620852,Small,RegolithCovered,background_regolith,Background,Background,-1,-1.0,-1.0,-1.0,0.0,0.012,1.0,-1,,unreal_rockfield.json,unreal_rockfield.json,nan,nan,nan
1540,132.06122013000885,153.0274361400189,0.2888349116561131,Small,RegolithCovered,background_regolith,Background,Background,-1,-1.0,-1.0,-1.0,0.0,0.012,1.0,-1,,unreal_rockfield.json,unreal_rockfield.json,nan,nan,nan
1541,-8.323923459578253,2.662739951780736,0.30139550473598825,Medium,RegolithCovered,background_regolith,Background,Background,-1,-1.0,-1.0,-1.0,0.0,0.012,1.0,-1,,unreal_rockfield.json,unreal_rockfield.json,nan,nan,nan
1542,-104.10626544999542,-112.11737418744468,0.26449136767078224,Small,RegolithCovered,background_regolith,Background,Background,-1,-1.0,-1.0,-1.0,0.0,0.012,1.0,-1,,unreal_rockfield.json,unreal_rockfield.json,nan,nan,nan
1543,-139.56877346110417,-144.4822534867397,0.3448880998584048,Medium,RegolithCovered,background_regolith,Background,Background,-1,-1.0,-1.0,-1.0,0.0,0.012,1.0,-1,,unreal_rockfield.json,unreal_rockfield.json,nan,nan,nan
1544,-235.21378215887935,134.25855281228064,0.2837060980817358,Small,RegolithCovered,background_regolith,Background,Background,-1,-1.0,-1.0,-1.0,0.0,0.012,1.0,-1,,unreal_rockfield.json,unreal_rockfield.json,nan,nan,nan
1545,-199.07986693929868,212.67586291085541,0.3559956789518126,Medium,RegolithCovered,background_regolith,Background,Background,-1,-1.0,-1.0,-1.0,0.0,0.012,1.0,-1,,unreal_rockfield.json,unreal_rockfield.json,nan,nan,nan
1546,-244.97970519119846,210.90578936124757,0.26254542907745115,Small,RegolithCovered,background_regolith,Background,Background,-1,-1.0,-1.0,-1.0,0.0,0.012,1.0,-1,,unreal_rockfield.json,unreal_rockfield.json,nan,nan,nan
1547,82.23975341044343,-95.63737907040621,0.3297702859237606,Medium,RegolithCovered,background_regolith,Background,Background,-1,-1.0,-1.0,-1.0,0.0,0.012,1.0,-1,,unreal_rockfield.json,unreal_rockfield.json,nan,nan,nan
1548,196.02801599169896,-137.66136661885434,0.4967966762993639,Medium,RegolithCovered,background_regolith,Background,Background,-1,-1.0,-1.0,-1.0,0.0,0.012,1.0,-1,,unreal_rockfield.json,unreal_rockfield.json,nan,nan,nan
1549,220.4428235724967,-91.91412091433455,0.32313691271534084,Medium,RegolithCovered,background_regolith,Background,Background,-1,-1.0,-1.0,-1.0,0.0,0.012,1.0,-1,,unreal_rockfield.json,unreal_rockfield.json,nan,nan,nan
1550,-102.65663624988557,169.91943113498337,0.31472483139596574,Medium,RegolithCovered,background_regolith,Background,Background,-1,-1.0,-1.0,-1.0,0.0,0.012,1.0,-1,,unreal_rockfield.json,unreal_rockfield.json,nan,nan,nan
1551,219.03897213660082,129.57396160771503,0.3223188762947931,Medium,RegolithCovered,background_regolith,Background,Background,-1,-1.0,-1.0,-1.0,0.0,0.012,1.0,-1,,unreal_rockfield.json,unreal_rockfield.json,nan,nan,nan
1552,-102.10730307931763,-8.796960356456196,0.28665970841763005,Small,RegolithCovered,background_regolith,Background,Background,-1,-1.0,-1.0,-1.0,0.0,0.012,1.0,-1,,unreal_rockfield.json,unreal_rockfield.json,nan,nan,nan
1553,-245.04074221015046,32.174138615070035,0.26210920068106597,Small,RegolithCovered,background_regolith,Background,Background,-1,-1.0,-1.0,-1.0,0.0,0.012,1.0,-1,,unreal_rockfield.json,unreal_rockfield.json,nan,nan,nan
1554,157.54417554246652,-104.89974669637132,0.35609046191399446,Medium,RegolithCovered,background_regolith,Background,Background,-1,-1.0,-1.0,-1.0,0.0,0.012,1.0,-1,,unreal_rockfield.json,unreal_rockfield.json,nan,nan,nan
1555,-178.69350260933254,77.78405102694785,0.274053539021604,Small,RegolithCovered,background_regolith,Background,Background,-1,-1.0,-1.0,-1.0,0.0,0.012,1.0,-1,,unreal_rockfield.json,unreal_rockfield.json,nan,nan,nan
1556,101.14597003082372,199.2782372508927,0.2713446854399125,Small,RegolithCovered,background_regolith,Background,Background,-1,-1.0,-1.0,-1.0,0.0,0.012,1.0,-1,,unreal_rockfield.json,unreal_rockfield.json,nan,nan,nan
1557,110.07263405255287,-116.06952116458632,0.40955137485490256,Medium,RegolithCovered,background_regolith,Background,Background,-1,-1.0,-1.0,-1.0,0.0,0.012,1.0,-1,,unreal_rockfield.json,unreal_rockfield.json,nan,nan,nan
1558,92.17352824488052,67.34672078615677,0.31670206826716585,Medium,RegolithCovered,background_regolith,Background,Background,-1,-1.0,-1.0,-1.0,0.0,0.012,1.0,-1,,unreal_rockfield.json,unreal_rockfield.json,nan,nan,nan
1559,214.72060304574723,183.57646412549212,0.32415338693982854,Medium,RegolithCovered,background_regolith,Background,Background,-1,-1.0,-1.0,-1.0,0.0,0.012,1.0,-1,,unreal_rockfield.json,unreal_rockfield.json,nan,nan,nan
1560,-115.55070650349435,122.46314889980778,0.2764352836759881,Small,RegolithCovered,background_regolith,Background,Background,-1,-1.0,-1.0,-1.0,0.0,0.012,1.0,-1,,unreal_rockfield.json,unreal_rockfield.json,nan,nan,nan
1561,-11.177404095583967,-213.2862331003754,0.2829900661150952,Small,RegolithCovered,background_regolith,Background,Background,-1,-1.0,-1.0,-1.0,0.0,0.012,1.0,-1,,unreal_rockfield.json,unreal_rockfield.json,nan,nan,nan
1562,64.75264748069702,118.29737235633417,0.2608765974302205,Small,RegolithCovered,background_regolith,Background,Background,-1,-1.0,-1.0,-1.0,0.0,0.012,1.0,-1,,unreal_rockfield.json,unreal_rockfield.json,nan,nan,nan
1563,52.087466048158205,-27.29117709891048,0.2758255427836168,Small,RegolithCovered,background_regolith,Background,Background,-1,-1.0,-1.0,-1.0,0.0,0.012,1.0,-1,,unreal_rockfield.json,unreal_rockfield.json,nan,nan,nan
1564,142.08655049287393,-182.4777977843562,0.290489420355588,Small,RegolithCovered,background_regolith,Background,Background,-1,-1.0,-1.0,-1.0,0.0,0.012,1.0,-1,,unreal_rockfield.json,unreal_rockfield.json,nan,nan,nan
1565,-73.16049684133426,-224.56282235175635,0.2811156113082928,Small,RegolithCovered,background_regolith,Background,Background,-1,-1.0,-1.0,-1.0,0.0,0.012,1.0,-1,,unreal_rockfield.json,unreal_rockfield.json,nan,nan,nan
1566,-48.9593188268685,-203.2151249732963,0.356594751778895,Medium,RegolithCovered,background_regolith,Background,Background,-1,-1.0,-1.0,-1.0,0.0,0.012,1.0,-1,,unreal_rockfield.json,unreal_rockfield.json,nan,nan,nan
1567,52.28583635975218,151.27262184514905,0.3055280526829865,Medium,RegolithCovered,background_regolith,Background,Background,-1,-1.0,-1.0,-1.0,0.0,0.012,1.0,-1,,unreal_rockfield.json,unreal_rockfield.json,nan,nan,nan
1568,101.00863673818174,-134.96047853022858,0.2645553961836735,Small,RegolithCovered,background_regolith,Background,Background,-1,-1.0,-1.0,-1.0,0.0,0.012,1.0,-1,,unreal_rockfield.json,unreal_rockfield.json,nan,nan,nan
1569,-100.44404431287577,224.21185949278237,0.30191203047889403,Medium,RegolithCovered,background_regolith,Background,Background,-1,-1.0,-1.0,-1.0,0.0,0.012,1.0,-1,,unreal_rockfield.json,unreal_rockfield.json,nan,nan,nan
1570,11.345255897701975,85.81041901913511,0.4286081505678166,Medium,RegolithCovered,background_regolith,Background,Background,-1,-1.0,-1.0,-1.0,0.0,0.012,1.0,-1,,unreal_rockfield.json,unreal_rockfield.json,nan,nan,nan
1571,34.72243415631584,-122.72255623035372,0.27021462763964477,Small,RegolithCovered,background_regolith,Background,Background,-1,-1.0,-1.0,-1.0,0.0,0.012,1.0,-1,,unreal_rockfield.json,unreal_rockfield.json,nan,nan,nan
1572,-190.04638813440351,-28.649250770592346,0.2952864388343779,Small,RegolithCovered,background_regolith,Background,Background,-1,-1.0,-1.0,-1.0,0.0,0.012,1.0,-1,,unreal_rockfield.json,unreal_rockfield.json,nan,nan,nan
1573,186.49098178044983,86.22241889706106,0.2912192380209206,Small,RegolithCovered,background_regolith,Background,Background,-1,-1.0,-1.0,-1.0,0.0,0.012,1.0,-1,,unreal_rockfield.json,unreal_rockfield.json,nan,nan,nan
1574,226.56178472243414,204.25275429548026,0.28674469558652466,Small,RegolithCovered,background_regolith,Background,Background,-1,-1.0,-1.0,-1.0,0.0,0.012,1.0,-1,,unreal_rockfield.json,unreal_rockfield.json,nan,nan,nan
1575,109.32493057039096,-238.1435590685751,0.31180685109372447,Medium,RegolithCovered,background_regolith,Background,Background,-1,-1.0,-1.0,-1.0,0.0,0.012,1.0,-1,,unreal_rockfield.json,unreal_rockfield.json,nan,nan,nan
1576,-228.102969450972,178.98342844935456,0.33046855741756564,Medium,RegolithCovered,background_regolith,Background,Background,-1,-1.0,-1.0,-1.0,0.0,0.012,1.0,-1,,unreal_rockfield.json,unreal_rockfield.json,nan,nan,nan
1577,226.54652546769614,167.90520950956756,0.29982585496236375,Small,RegolithCovered,background_regolith,Background,Background,-1,-1.0,-1.0,-1.0,0.0,0.012,1.0,-1,,unreal_rockfield.json,unreal_rockfield.json,nan,nan,nan
1578,145.06210516678362,178.2662434766686,0.30334477274355653,Medium,RegolithCovered,background_regolith,Background,Background,-1,-1.0,-1.0,-1.0,0.0,0.012,1.0,-1,,unreal_rockfield.json,unreal_rockfield.json,nan,nan,nan
1579,130.94729453413493,-103.22122867519153,0.27539009932536684,Small,RegolithCovered,background_regolith,Background,Background,-1,-1.0,-1.0,-1.0,0.0,0.012,1.0,-1,,unreal_rockfield.json,unreal_rockfield.json,nan,nan,nan
1580,141.97973570970794,44.793542283394856,0.3281630110684449,Medium,RegolithCovered,background_regolith,Background,Background,-1,-1.0,-1.0,-1.0,0.0,0.012,1.0,-1,,unreal_rockfield.json,unreal_rockfield.json,nan,nan,nan
1581,-50.88198492385632,109.09604174932099,0.3208199016383,Medium,RegolithCovered,background_regolith,Background,Background,-1,-1.0,-1.0,-1.0,0.0,0.012,1.0,-1,,unreal_rockfield.json,unreal_rockfield.json,nan,nan,nan
1582,37.1944334238716,216.1549729911191,0.27282702272315384,Small,RegolithCovered,background_regolith,Background,Background,-1,-1.0,-1.0,-1.0,0.0,0.012,1.0,-1,,unreal_rockfield.json,unreal_rockfield.json,nan,nan,nan
1583,-221.98400830103458,-44.82406079287088,0.35577976857517657,Medium,RegolithCovered,background_regolith,Background,Background,-1,-1.0,-1.0,-1.0,0.0,0.012,1.0,-1,,unreal_rockfield.json,unreal_rockfield.json,nan,nan,nan
1584,162.732322153386,-104.67085787530135,0.30134017487122106,Medium,RegolithCovered,background_regolith,Background,Background,-1,-1.0,-1.0,-1.0,0.0,0.012,1.0,-1,,unreal_rockfield.json,unreal_rockfield.json,nan,nan,nan
1585,-185.01083407086398,-8.919034394360182,0.2610169444080615,Small,RegolithCovered,background_regolith,Background,Background,-1,-1.0,-1.0,-1.0,0.0,0.012,1.0,-1,,unreal_rockfield.json,unreal_rockfield.json,nan,nan,nan
1586,-95.7441938535722,-128.61262855922115,0.4250439427056185,Medium,RegolithCovered,background_regolith,Background,Background,-1,-1.0,-1.0,-1.0,0.0,0.012,1.0,-1,,unreal_rockfield.json,unreal_rockfield.json,nan,nan,nan
1587,-135.54033021027254,162.48817407757804,0.2628804809139029,Small,RegolithCovered,background_regolith,Background,Background,-1,-1.0,-1.0,-1.0,0.0,0.012,1.0,-1,,unreal_rockfield.json,unreal_rockfield.json,nan,nan,nan
1588,-241.45481734672077,18.562883388775333,0.30847660670025473,Medium,RegolithCovered,background_regolith,Background,Background,-1,-1.0,-1.0,-1.0,0.0,0.012,1.0,-1,,unreal_rockfield.json,unreal_rockfield.json,nan,nan,nan
1589,51.629688406018204,244.55244605853449,0.2735352452266599,Small,RegolithCovered,background_regolith,Background,Background,-1,-1.0,-1.0,-1.0,0.0,0.012,1.0,-1,,unreal_rockfield.json,unreal_rockfield.json,nan,nan,nan
1590,138.8363292336802,228.148747215186,0.2978268992764608,Small,RegolithCovered,background_regolith,Background,Background,-1,-1.0,-1.0,-1.0,0.0,0.012,1.0,-1,,unreal_rockfield.json,unreal_rockfield.json,nan,nan,nan
1591,244.4456312753685,184.35468611713003,0.4038958945345946,Medium,RegolithCovered,background_regolith,Background,Background,-1,-1.0,-1.0,-1.0,0.0,0.012,1.0,-1,,unreal_rockfield.json,unreal_rockfield.json,nan,nan,nan
1592,-38.888210699789425,-98.29248939481798,0.307870719361496,Medium,RegolithCovered,background_regolith,Background,Background,-1,-1.0,-1.0,-1.0,0.0,0.012,1.0,-1,,unreal_rockfield.json,unreal_rockfield.json,nan,nan,nan
1593,-182.81350138859216,-220.90060121463668,0.2770997474614347,Small,RegolithCovered,background_regolith,Background,Background,-1,-1.0,-1.0,-1.0,0.0,0.012,1.0,-1,,unreal_rockfield.json,unreal_rockfield.json,nan,nan,nan
1594,-116.67989135410625,93.5468611713004,0.3040933216471887,Medium,RegolithCovered,background_regolith,Background,Background,-1,-1.0,-1.0,-1.0,0.0,0.012,1.0,-1,,unreal_rockfield.json,unreal_rockfield.json,nan,nan,nan
1595,-80.86642048402356,228.286080507828,0.26415586836978894,Small,RegolithCovered,background_regolith,Background,Background,-1,-1.0,-1.0,-1.0,0.0,0.012,1.0,-1,,unreal_rockfield.json,unreal_rockfield.json,nan,nan,nan
1596,87.85515915402692,-125.77440717795344,0.3168599134388413,Medium,RegolithCovered,background_regolith,Background,Background,-1,-1.0,-1.0,-1.0,0.0,0.012,1.0,-1,,unreal_rockfield.json,unreal_rockfield.json,nan,nan,nan
1597,-222.38074892422253,6.492812891018389,0.3174476697815092,Medium,RegolithCovered,background_regolith,Background,Background,-1,-1.0,-1.0,-1.0,0.0,0.012,1.0,-1,,unreal_rockfield.json,unreal_rockfield.json,nan,nan,nan
1598,-116.2678914761803,-68.76583147679065,0.4624448955201454,Medium,RegolithCovered,background_regolith,Background,Background,-1,-1.0,-1.0,-1.0,0.0,0.012,1.0,-1,,unreal_rockfield.json,unreal_rockfield.json,nan,nan,nan
1599,205.32090212714013,-93.82152775658437,0.2830737091951201,Small,RegolithCovered,background_regolith,Background,Background,-1,-1.0,-1.0,-1.0,0.0,0.012,1.0,-1,,unreal_rockfield.json,unreal_rockfield.json,nan,nan,nan
1600,-154.90432447279275,-234.60341196935943,0.4088697532712697,Medium,RegolithCovered,background_regolith,Background,Background,-1,-1.0,-1.0,-1.0,0.0,0.012,1.0,-1,,unreal_rockfield.json,unreal_rockfield.json,nan,nan,nan
1601,-168.80550553910948,179.05972472304455,0.2604389662355717,Small,RegolithCovered,background_regolith,Background,Background,-1,-1.0,-1.0,-1.0,0.0,0.012,1.0,-1,,unreal_rockfield.json,unreal_rockfield.json,nan,nan,nan
1602,-114.72670674764242,20.531327249977153,0.2946994951590977,Small,RegolithCovered,background_regolith,Background,Background,-1,-1.0,-1.0,-1.0,0.0,0.012,1.0,-1,,unreal_rockfield.json,unreal_rockfield.json,nan,nan,nan
1603,74.44227423932614,154.52284310434277,0.2643928933193599,Small,RegolithCovered,background_regolith,Background,Background,-1,-1.0,-1.0,-1.0,0.0,0.012,1.0,-1,,unreal_rockfield.json,unreal_rockfield.json,nan,nan,nan
1604,-221.99926755577258,-63.898129215369096,0.3017254344700249,Medium,RegolithCovered,background_regolith,Background,Background,-1,-1.0,-1.0,-1.0,0.0,0.012,1.0,-1,,unreal_rockfield.json,unreal_rockfield.json,nan,nan,nan
1605,-35.134434034241764,215.6819360942411,0.30033242162807927,Medium,RegolithCovered,background_regolith,Background,Background,-1,-1.0,-1.0,-1.0,0.0,0.012,1.0,-1,,unreal_rockfield.json,unreal_rockfield.json,nan,nan,nan
1606,-132.99203466902676,75.44938505203407,0.26259704980762166,Small,RegolithCovered,background_regolith,Background,Background,-1,-1.0,-1.0,-1.0,0.0,0.012,1.0,-1,,unreal_rockfield.json,unreal_rockfield.json,nan,nan,nan
1607,22.37769707327493,-241.2259285256508,0.2853212034725015,Small,RegolithCovered,background_regolith,Background,Background,-1,-1.0,-1.0,-1.0,0.0,0.012,1.0,-1,,unreal_rockfield.json,unreal_rockfield.json,nan,nan,nan
1608,239.01333658864098,-206.19067964720603,0.3249290847241666,Medium,RegolithCovered,background_regolith,Background,Background,-1,-1.0,-1.0,-1.0,0.0,0.012,1.0,-1,,unreal_rockfield.json,unreal_rockfield.json,nan,nan,nan
1609,-23.064363536484876,-63.21146275215918,0.27220615736301046,Small,RegolithCovered,background_regolith,Background,Background,-1,-1.0,-1.0,-1.0,0.0,0.012,1.0,-1,,unreal_rockfield.json,unreal_rockfield.json,nan,nan,nan
1610,162.0609149449141,-191.89275795770135,0.27503942234023,Small,RegolithCovered,background_regolith,Background,Background,-1,-1.0,-1.0,-1.0,0.0,0.012,1.0,-1,,unreal_rockfield.json,unreal_rockfield.json,nan,nan,nan
1611,78.54701376384776,-220.3970458082827,0.3005232140046747,Medium,RegolithCovered,background_regolith,Background,Background,-1,-1.0,-1.0,-1.0,0.0,0.012,1.0,-1,,unreal_rockfield.json,unreal_rockfield.json,nan,nan,nan
1612,-203.36771752067628,150.52491836298714,0.3515902350027846,Medium,RegolithCovered,background_regolith,Background,Background,-1,-1.0,-1.0,-1.0,0.0,0.012,1.0,-1,,unreal_rockfield.json,unreal_rockfield.json,nan,nan,nan
1613,50.16479995117038,-119.487594225898,0.3132119318660947,Medium,RegolithCovered,background_regolith,Background,Background,-1,-1.0,-1.0,-1.0,0.0,0.012,1.0,-1,,unreal_rockfield.json,unreal_rockfield.json,nan,nan,nan
1614,-239.39481795709096,170.9570604571673,0.42707610381373906,Medium,RegolithCovered,background_regolith,Background,Background,-1,-1.0,-1.0,-1.0,0.0,0.012,1.0,-1,,unreal_rockfield.json,unreal_rockfield.json,nan,nan,nan
1615,-185.8806115909299,-73.16049684133426,0.28547075715989545,Small,RegolithCovered,background_regolith,Background,Background,-1,-1.0,-1.0,-1.0,0.0,0.012,1.0,-1,,unreal_rockfield.json,unreal_rockfield.json,nan,nan,nan
1616,-243.20963164159062,32.63191625721004,0.3000212696769754,Medium,RegolithCovered,background_regolith,Background,Background,-1,-1.0,-1.0,-1.0,0.0,0.012,1.0,-1,,unreal_rockfield.json,unreal_rockfield.json,nan,nan,nan
1617,-90.05249183629871,121.65440839869382,0.26169695829822853,Small,RegolithCovered,background_regolith,Background,Background,-1,-1.0,-1.0,-1.0,0.0,0.012,1.0,-1,,unreal_rockfield.json,unreal_rockfield.json,nan,nan,nan
1618,-157.7425458540605,-238.15881832331308,0.2709837514602571,Small,RegolithCovered,background_regolith,Background,Background,-1,-1.0,-1.0,-1.0,0.0,0.012,1.0,-1,,unreal_rockfield.json,unreal_rockfield.json,nan,nan,nan
1619,-41.17709891048921,178.96816919461656,0.30958022640717103,Medium,RegolithCovered,background_regolith,Background,Background,-1,-1.0,-1.0,-1.0,0.0,0.012,1.0,-1,,unreal_rockfield.json,unreal_rockfield.json,nan,nan,nan
1620,218.01660206915494,-197.41660817285685,0.3146421421052727,Medium,RegolithCovered,background_regolith,Background,Background,-1,-1.0,-1.0,-1.0,0.0,0.012,1.0,-1,,unreal_rockfield.json,unreal_rockfield.json,nan,nan,nan
1621,51.81279946287424,-234.5118564409314,0.2750737906632826,Small,RegolithCovered,background_regolith,Background,Background,-1,-1.0,-1.0,-1.0,0.0,0.012,1.0,-1,,unreal_rockfield.json,unreal_rockfield.json,nan,nan,nan
1622,-165.1738029114658,126.8578142643513,0.40063371628940925,Medium,RegolithCovered,background_regolith,Background,Background,-1,-1.0,-1.0,-1.0,0.0,0.012,1.0,-1,,unreal_rockfield.json,unreal_rockfield.json,nan,nan,nan
1623,-14.854884487441637,194.34949797051917,0.3243165263707072,Medium,RegolithCovered,background_regolith,Background,Background,-1,-1.0,-1.0,-1.0,0.0,0.012,1.0,-1,,unreal_rockfield.json,unreal_rockfield.json,nan,nan,nan
1624,-167.09646900845362,201.2466811120945,0.2704104624703524,Small,RegolithCovered,background_regolith,Background,Background,-1,-1.0,-1.0,-1.0,0.0,0.012,1.0,-1,,unreal_rockfield.json,unreal_rockfield.json,nan,nan,nan
1625,-227.47734000671406,38.460951567125505,0.2974220336403973,Small,RegolithCovered,background_regolith,Background,Background,-1,-1.0,-1.0,-1.0,0.0,0.012,1.0,-1,,unreal_rockfield.json,unreal_rockfield.json,nan,nan,nan
1626,46.349986266670726,-55.38346507156592,0.34617420596980325,Medium,RegolithCovered,background_regolith,Background,Background,-1,-1.0,-1.0,-1.0,0.0,0.012,1.0,-1,,unreal_rockfield.json,unreal_rockfield.json,nan,nan,nan
1627,-230.01037629322184,-188.55098117007964,0.2784134037110176,Small,RegolithCovered,background_regolith,Background,Background,-1,-1.0,-1.0,-1.0,0.0,0.012,1.0,-1,,unreal_rockfield.json,unreal_rockfield.json,nan,nan,nan
1628,197.59971922971283,170.5450605792413,0.3006135394388403,Medium,RegolithCovered,background_regolith,Background,Background,-1,-1.0,-1.0,-1.0,0.0,0.012,1.0,-1,,unreal_rockfield.json,unreal_rockfield.json,nan,nan,nan
1629,-10.505996887112047,147.00003051850945,0.2774618593065552,Small,RegolithCovered,background_regolith,Background,Background,-1,-1.0,-1.0,-1.0,0.0,0.012,1.0,-1,,unreal_rockfield.json,unreal_rockfield.json,nan,nan,nan
1630,167.26432081057163,-172.7729117709891,0.2880617747502207,Small,RegolithCovered,background_regolith,Background,Background,-1,-1.0,-1.0,-1.0,0.0,0.012,1.0,-1,,unreal_rockfield.json,unreal_rockfield.json,nan,nan,nan
1631,192.8388317514573,184.81246375927003,0.2636425216287864,Small,RegolithCovered,background_regolith,Background,Background,-1,-1.0,-1.0,-1.0,0.0,0.012,1.0,-1,,unreal_rockfield.json,unreal_rockfield.json,nan,nan,nan
1632,40.673543504135296,65.88183233130894,0.2690684321064824,Small,RegolithCovered,background_regolith,Background,Background,-1,-1.0,-1.0,-1.0,0.0,0.012,1.0,-1,,unreal_rockfield.json,unreal_rockfield.json,nan,nan,nan
1633,82.39234595782341,-172.7881710257271,0.2640754719388527,Small,RegolithCovered,background_regolith,Background,Background,-1,-1.0,-1.0,-1.0,0.0,0.012,1.0,-1,,unreal_rockfield.json,unreal_rockfield.json,nan,nan,nan
1634,189.4512771996216,221.4346751304666,0.293696812500631,Small,RegolithCovered,background_regolith,Background,Background,-1,-1.0,-1.0,-1.0,0.0,0.012,1.0,-1,,unreal_rockfield.json,unreal_rockfield.json,nan,nan,nan
1635,-220.4428235724967,-146.5575121311075,0.2660205247883512,Small,RegolithCovered,background_regolith,Background,Background,-1,-1.0,-1.0,-1.0,0.0,0.012,1.0,-1,,unreal_rockfield.json,unreal_rockfield.json,nan,nan,nan
1636,134.24329355754264,117.5038911099582,0.35227042906360123,Medium,RegolithCovered,background_regolith,Background,Background,-1,-1.0,-1.0,-1.0,0.0,0.012,1.0,-1,,unreal_rockfield.json,unreal_rockfield.json,nan,nan,nan
1637,241.76000244148076,-243.3774834437086,0.2802932215150398,Small,RegolithCovered,background_regolith,Background,Background,-1,-1.0,-1.0,-1.0,0.0,0.012,1.0,-1,,unreal_rockfield.json,unreal_rockfield.json,nan,nan,nan
1638,39.300210577715404,144.92477187414164,0.3294291195956688,Medium,RegolithCovered,background_regolith,Background,Background,-1,-1.0,-1.0,-1.0,0.0,0.012,1.0,-1,,unreal_rockfield.json,unreal_rockfield.json,nan,nan,nan
1639,-248.16888943144016,-210.9820856349376,0.33240468512772037,Medium,RegolithCovered,background_regolith,Background,Background,-1,-1.0,-1.0,-1.0,0.0,0.012,1.0,-1,,unreal_rockfield.json,unreal_rockfield.json,nan,nan,nan
1640,98.10937833796197,-249.84740745262002,0.3597135474947572,Medium,RegolithCovered,background_regolith,Background,Background,-1,-1.0,-1.0,-1.0,0.0,0.012,1.0,-1,,unreal_rockfield.json,unreal_rockfield.json,nan,nan,nan
1641,58.832056642353564,-249.84740745262002,0.26166630453595807,Small,RegolithCovered,background_regolith,Background,Background,-1,-1.0,-1.0,-1.0,0.0,0.012,1.0,-1,,unreal_rockfield.json,unreal_rockfield.json,nan,nan,nan
1642,-28.557695242164357,241.94311349833674,0.3330755064219268,Medium,RegolithCovered,background_regolith,Background,Background,-1,-1.0,-1.0,-1.0,0.0,0.012,1.0,-1,,unreal_rockfield.json,unreal_rockfield.json,nan,nan,nan
1643,90.92226935636467,220.22919400616473,0.2687303547782659,Small,RegolithCovered,background_regolith,Background,Background,-1,-1.0,-1.0,-1.0,0.0,0.012,1.0,-1,,unreal_rockfield.json,unreal_rockfield.json,nan,nan,nan
1644,19.73784600360119,120.78463087862792,0.31783124317616507,Medium,RegolithCovered,background_regolith,Background,Background,-1,-1.0,-1.0,-1.0,0.0,0.012,1.0,-1,,unreal_rockfield.json,unreal_rockfield.json,nan,nan,nan
1645,-159.16165654469435,-87.83989989928892,0.2892450235560484,Small,RegolithCovered,background_regolith,Background,Background,-1,-1.0,-1.0,-1.0,0.0,0.012,1.0,-1,,unreal_rockfield.json,unreal_rockfield.json,nan,nan,nan
1646,20.104068117313147,-107.38700521866511,0.2892450235560484,Small,RegolithCovered,background_regolith,Background,Background,-1,-1.0,-1.0,-1.0,0.0,0.012,1.0,-1,,unreal_rockfield.json,unreal_rockfield.json,nan,nan,nan
1647,-24.315622425000754,-219.6798608355968,0.2723230916398665,Small,RegolithCovered,background_regolith,Background,Background,-1,-1.0,-1.0,-1.0,0.0,0.012,1.0,-1,,unreal_rockfield.json,unreal_rockfield.json,nan,nan,nan
1648,61.30405590990932,-16.930143131809444,0.3070045485253518,Medium,RegolithCovered,background_regolith,Background,Background,-1,-1.0,-1.0,-1.0,0.0,0.012,1.0,-1,,unreal_rockfield.json,unreal_rockfield.json,nan,nan,nan
1649,-113.56700338755454,166.40980254524368,0.29386915593242535,Small,RegolithCovered,background_regolith,Background,Background,-1,-1.0,-1.0,-1.0,0.0,0.012,1.0,-1,,unreal_rockfield.json,unreal_rockfield.json,nan,nan,nan
1650,54.91042817468792,-139.69084749900816,0.299515243436655,Small,RegolithCovered,background_regolith,Background,Background,-1,-1.0,-1.0,-1.0,0.0,0.012,1.0,-1,,unreal_rockfield.json,unreal_rockfield.json,nan,nan,nan
1651,203.88653218176825,-224.9748222296823,0.296381310641568,Small,RegolithCovered,background_regolith,Background,Background,-1,-1.0,-1.0,-1.0,0.0,0.012,1.0,-1,,unreal_rockfield.json,unreal_rockfield.json,nan,nan,nan
1652,-24.02569658497879,238.73867000335702,0.4685789139216237,Medium,RegolithCovered,background_regolith,Background,Background,-1,-1.0,-1.0,-1.0,0.0,0.012,1.0,-1,,unreal_rockfield.json,unreal_rockfield.json,nan,nan,nan
1653,205.21408734397414,-164.1666920987579,0.2608801887249624,Small,RegolithCovered,background_regolith,Background,Background,-1,-1.0,-1.0,-1.0,0.0,0.012,1.0,-1,,unreal_rockfield.json,unreal_rockfield.json,nan,nan,nan
1654,238.1435590685751,211.5619373149815,0.26089575545966387,Small,RegolithCovered,background_regolith,Background,Background,-1,-1.0,-1.0,-1.0,0.0,0.012,1.0,-1,,unreal_rockfield.json,unreal_rockfield.json,nan,nan,nan
1655,-43.77117221594898,117.22922452467424,0.32941434858992064,Medium,RegolithCovered,background_regolith,Background,Background,-1,-1.0,-1.0,-1.0,0.0,0.012,1.0,-1,,unreal_rockfield.json,unreal_rockfield.json,nan,nan,nan
1656,205.29038361766413,-215.43778801843317,0.3073642178109468,Medium,RegolithCovered,background_regolith,Background,Background,-1,-1.0,-1.0,-1.0,0.0,0.012,1.0,-1,,unreal_rockfield.json,unreal_rockfield.json,nan,nan,nan
1657,-83.7656788842433,194.02905362102115,0.3014620053229992,Medium,RegolithCovered,background_regolith,Background,Background,-1,-1.0,-1.0,-1.0,0.0,0.012,1.0,-1,,unreal_rockfield.json,unreal_rockfield.json,nan,nan,nan
1658,-69.83397930845058,-7.332071901608344,0.2818367075361076,Small,RegolithCovered,background_regolith,Background,Background,-1,-1.0,-1.0,-1.0,0.0,0.012,1.0,-1,,unreal_rockfield.json,unreal_rockfield.json,nan,nan,nan
1659,12.733848078859864,225.5546739097262,0.2707286745132935,Small,RegolithCovered,background_regolith,Background,Background,-1,-1.0,-1.0,-1.0,0.0,0.012,1.0,-1,,unreal_rockfield.json,unreal_rockfield.json,nan,nan,nan
1660,-20.546586504715123,14.931180761131657,0.30225018663829606,Medium,RegolithCovered,background_regolith,Background,Background,-1,-1.0,-1.0,-1.0,0.0,0.012,1.0,-1,,unreal_rockfield.json,unreal_rockfield.json,nan,nan,nan
1661,-190.61098055970947,160.21454512161625,0.2645060301978123,Small,RegolithCovered,background_regolith,Background,Background,-1,-1.0,-1.0,-1.0,0.0,0.012,1.0,-1,,unreal_rockfield.json,unreal_rockfield.json,nan,nan,nan
1662,-159.9246192815943,-102.27515488143561,0.43958110140494855,Medium,RegolithCovered,background_regolith,Background,Background,-1,-1.0,-1.0,-1.0,0.0,0.012,1.0,-1,,unreal_rockfield.json,unreal_rockfield.json,nan,nan,nan
1663,-219.6646015808588,-66.2175359355449,0.31261843683682866,Medium,RegolithCovered,background_regolith,Background,Background,-1,-1.0,-1.0,-1.0,0.0,0.012,1.0,-1,,unreal_rockfield.json,unreal_rockfield.json,nan,nan,nan
1664,92.40241706595049,88.61812189092683,0.3224061991829187,Medium,RegolithCovered,background_regolith,Background,Background,-1,-1.0,-1.0,-1.0,0.0,0.012,1.0,-1,,unreal_rockfield.json,unreal_rockfield.json,nan,nan,nan
1665,-195.631275368511,59.68657490768152,0.2640860048634916,Small,RegolithCovered,background_regolith,Background,Background,-1,-1.0,-1.0,-1.0,0.0,0.012,1.0,-1,,unreal_rockfield.json,unreal_rockfield.json,nan,nan,nan
1666,-31.853694265572074,-87.9924924466689,0.2788777089846765,Small,RegolithCovered,background_regolith,Background,Background,-1,-1.0,-1.0,-1.0,0.0,0.012,1.0,-1,,unreal_rockfield.json,unreal_rockfield.json,nan,nan,nan
1667,241.77526169621876,207.83867915890988,0.35042704934738256,Medium,RegolithCovered,background_regolith,Background,Background,-1,-1.0,-1.0,-1.0,0.0,0.012,1.0,-1,,unreal_rockfield.json,unreal_rockfield.json,nan,nan,nan
1668,-226.48548844874415,-179.92950224311045,0.2753955778598263,Small,RegolithCovered,background_regolith,Background,Background,-1,-1.0,-1.0,-1.0,0.0,0.012,1.0,-1,,unreal_rockfield.json,unreal_rockfield.json,nan,nan,nan
1669,-208.5863826410718,121.57811212500383,0.2760890341085587,Small,RegolithCovered,background_regolith,Background,Background,-1,-1.0,-1.0,-1.0,0.0,0.012,1.0,-1,,unreal_rockfield.json,unreal_rockfield.json,nan,nan,nan
1670,137.34092226935633,165.4942472609638,0.27068075624117244,Small,RegolithCovered,background_regolith,Background,Background,-1,-1.0,-1.0,-1.0,0.0,0.012,1.0,-1,,unreal_rockfield.json,unreal_rockfield.json,nan,nan,nan
1671,184.27838984344004,217.22312082277898,0.2658703083474445,Small,RegolithCovered,background_regolith,Background,Background,-1,-1.0,-1.0,-1.0,0.0,0.012,1.0,-1,,unreal_rockfield.json,unreal_rockfield.json,nan,nan,nan
1672,-171.9183935056612,-196.28742332224493,0.5228914229793779,Medium,RegolithCovered,background_regolith,Background,Background,-1,-1.0,-1.0,-1.0,0.0,0.012,1.0,-1,,unreal_rockfield.json,unreal_rockfield.json,nan,nan,nan
1673,88.28241828669087,135.72344126712846,0.3010500717705771,Medium,RegolithCovered,background_regolith,Background,Background,-1,-1.0,-1.0,-1.0,0.0,0.012,1.0,-1,,unreal_rockfield.json,unreal_rockfield.json,nan,nan,nan
1674,160.50447096163822,-19.402142399365232,0.465105687929405,Medium,RegolithCovered,background_regolith,Background,Background,-1,-1.0,-1.0,-1.0,0.0,0.012,1.0,-1,,unreal_rockfield.json,unreal_rockfield.json,nan,nan,nan
1675,-181.6385387737663,57.84020508438368,0.3197406926479858,Medium,RegolithCovered,background_regolith,Background,Background,-1,-1.0,-1.0,-1.0,0.0,0.012,1.0,-1,,unreal_rockfield.json,unreal_rockfield.json,nan,nan,nan
1676,-32.11310159611804,131.2677388836329,0.3257397927830025,Medium,RegolithCovered,background_regolith,Background,Background,-1,-1.0,-1.0,-1.0,0.0,0.012,1.0,-1,,unreal_rockfield.json,unreal_rockfield.json,nan,nan,nan
1677,-2.2202215643787895,-59.25931577501757,0.5294409005015056,Medium,RegolithCovered,background_regolith,Background,Background,-1,-1.0,-1.0,-1.0,0.0,0.012,1.0,-1,,unreal_rockfield.json,unreal_rockfield.json,nan,nan,nan
1678,-59.93072298348949,-151.2268440809351,0.27117589109291734,Small,RegolithCovered,background_regolith,Background,Background,-1,-1.0,-1.0,-1.0,0.0,0.012,1.0,-1,,unreal_rockfield.json,unreal_rockfield.json,nan,nan,nan
1679,145.38254951628159,173.2001709036531,0.31614635643268824,Medium,RegolithCovered,background_regolith,Background,Background,-1,-1.0,-1.0,-1.0,0.0,0.012,1.0,-1,,unreal_rockfield.json,unreal_rockfield.json,nan,nan,nan
1680,4.356517227698589,-189.0240180669576,0.27808288275913257,Small,RegolithCovered,background_regolith,Background,Background,-1,-1.0,-1.0,-1.0,0.0,0.012,1.0,-1,,unreal_rockfield.json,unreal_rockfield.json,nan,nan,nan
1681,200.34638508255262,164.80758079775381,0.28980080252056983,Small,RegolithCovered,background_regolith,Background,Background,-1,-1.0,-1.0,-1.0,0.0,0.012,1.0,-1,,unreal_rockfield.json,unreal_rockfield.json,nan,nan,nan
1682,47.46391186254459,-180.03631702627644,0.262917350061988,Small,RegolithCovered,background_regolith,Background,Background,-1,-1.0,-1.0,-1.0,0.0,0.012,1.0,-1,,unreal_rockfield.json,unreal_rockfield.json,nan,nan,nan
1683,183.50016785180213,-229.5983764152959,0.27990555530453026,Small,RegolithCovered,background_regolith,Background,Background,-1,-1.0,-1.0,-1.0,0.0,0.012,1.0,-1,,unreal_rockfield.json,unreal_rockfield.json,nan,nan,nan
1684,-174.22254097109897,248.7334818567461,0.3697412712250097,Medium,RegolithCovered,background_regolith,Background,Background,-1,-1.0,-1.0,-1.0,0.0,0.012,1.0,-1,,unreal_rockfield.json,unreal_rockfield.json,nan,nan,nan
1685,-34.18836024048585,-108.546708578753,0.277708580644138,Small,RegolithCovered,background_regolith,Background,Background,-1,-1.0,-1.0,-1.0,0.0,0.012,1.0,-1,,unreal_rockfield.json,unreal_rockfield.json,nan,nan,nan
1686,78.62331003753775,39.77324747459335,0.30650057919184925,Medium,RegolithCovered,background_regolith,Background,Background,-1,-1.0,-1.0,-1.0,0.0,0.012,1.0,-1,,unreal_rockfield.json,unreal_rockfield.json,nan,nan,nan
1687,-88.49604785302287,-221.41941587572862,0.2727100843790596,Small,RegolithCovered,background_regolith,Background,Background,-1,-1.0,-1.0,-1.0,0.0,0.012,1.0,-1,,unreal_rockfield.json,unreal_rockfield.json,nan,nan,nan
1688,-169.43113498336743,-100.35248878444779,0.2619790572929024,Small,RegolithCovered,background_regolith,Background,Background,-1,-1.0,-1.0,-1.0,0.0,0.012,1.0,-1,,unreal_rockfield.json,unreal_rockfield.json,nan,nan,nan
1689,-80.92745750297556,171.97943052461318,0.27884348101001244,Small,RegolithCovered,background_regolith,Background,Background,-1,-1.0,-1.0,-1.0,0.0,0.012,1.0,-1,,unreal_rockfield.json,unreal_rockfield.json,nan,nan,nan
1690,-167.00491348002564,-81.75145725882749,0.27054375614578985,Small,RegolithCovered,background_regolith,Background,Background,-1,-1.0,-1.0,-1.0,0.0,0.012,1.0,-1,,unreal_rockfield.json,unreal_rockfield.json,nan,nan,nan
1691,39.788506729331345,145.7335123752556,0.2609760990947844,Small,RegolithCovered,background_regolith,Background,Background,-1,-1.0,-1.0,-1.0,0.0,0.012,1.0,-1,,unreal_rockfield.json,unreal_rockfield.json,nan,nan,nan
1692,238.52504043702504,-49.76805932798243,0.2628817515926769,Small,RegolithCovered,background_regolith,Background,Background,-1,-1.0,-1.0,-1.0,0.0,0.012,1.0,-1,,unreal_rockfield.json,unreal_rockfield.json,nan,nan,nan
1693,-156.3692129276406,56.283761101107814,0.33599823137412355,Medium,RegolithCovered,background_regolith,Background,Background,-1,-1.0,-1.0,-1.0,0.0,0.012,1.0,-1,,unreal_rockfield.json,unreal_rockfield.json,nan,nan,nan
1694,112.51411481063269,165.06698812829984,0.28869217470628206,Small,RegolithCovered,background_regolith,Background,Background,-1,-1.0,-1.0,-1.0,0.0,0.012,1.0,-1,,unreal_rockfield.json,unreal_rockfield.json,nan,nan,nan
1695,-32.265694143498024,21.660512100589017,0.2652609812788245,Small,RegolithCovered,background_regolith,Background,Background,-1,-1.0,-1.0,-1.0,0.0,0.012,1.0,-1,,unreal_rockfield.json,unreal_rockfield.json,nan,nan,nan
1696,-48.21161534470656,140.1333658864101,0.35411431885589906,Medium,RegolithCovered,background_regolith,Background,Background,-1,-1.0,-1.0,-1.0,0.0,0.012,1.0,-1,,unreal_rockfield.json,unreal_rockfield.json,nan,nan,nan
1697,-242.2177800836207,64.32538834803307,0.30679624905240194,Medium,RegolithCovered,background_regolith,Background,Background,-1,-1.0,-1.0,-1.0,0.0,0.012,1.0,-1,,unreal_rockfield.json,unreal_rockfield.json,nan,nan,nan
1698,187.57438886684776,175.1533555101169,0.2929885719792828,Small,RegolithCovered,background_regolith,Background,Background,-1,-1.0,-1.0,-1.0,0.0,0.012,1.0,-1,,unreal_rockfield.json,unreal_rockfield.json,nan,nan,nan
1699,37.10287789544361,123.34818567461167,0.2611868663405855,Small,RegolithCovered,background_regolith,Background,Background,-1,-1.0,-1.0,-1.0,0.0,0.012,1.0,-1,,unreal_rockfield.json,unreal_rockfield.json,nan,nan,nan
1700,-112.34626300851465,82.78908658101136,0.3488522208448775,Medium,RegolithCovered,background_regolith,Background,Background,-1,-1.0,-1.0,-1.0,0.0,0.012,1.0,-1,,unreal_rockfield.json,unreal_rockfield.json,nan,nan,nan
1701,247.55851924192024,-230.17822809533982,0.35135762312035457,Medium,RegolithCovered,background_regolith,Background,Background,-1,-1.0,-1.0,-1.0,0.0,0.012,1.0,-1,,unreal_rockfield.json,unreal_rockfield.json,nan,nan,nan
1702,226.9585253456221,-0.6790368358409467,0.2899560666413571,Small,RegolithCovered,background_regolith,Background,Background,-1,-1.0,-1.0,-1.0,0.0,0.012,1.0,-1,,unreal_rockfield.json,unreal_rockfield.json,nan,nan,nan
1703,-59.33561204870756,-170.16357921079134,0.2946375872832876,Small,RegolithCovered,background_regolith,Background,Background,-1,-1.0,-1.0,-1.0,0.0,0.012,1.0,-1,,unreal_rockfield.json,unreal_rockfield.json,nan,nan,nan
1704,-45.281838435010826,194.63942381054113,0.27325745288495323,Small,RegolithCovered,background_regolith,Background,Background,-1,-1.0,-1.0,-1.0,0.0,0.012,1.0,-1,,unreal_rockfield.json,unreal_rockfield.json,nan,nan,nan
1705,-209.22727134006774,-81.93456831568346,0.2682122857685764,Small,RegolithCovered,background_regolith,Background,Background,-1,-1.0,-1.0,-1.0,0.0,0.012,1.0,-1,,unreal_rockfield.json,unreal_rockfield.json,nan,nan,nan
1706,238.38770714438306,-115.67278054139834,0.3190673748502216,Medium,RegolithCovered,background_regolith,Background,Background,-1,-1.0,-1.0,-1.0,0.0,0.012,1.0,-1,,unreal_rockfield.json,unreal_rockfield.json,nan,nan,nan
1707,-104.50300607318337,-196.40949736014892,0.2695254469200285,Small,RegolithCovered,background_regolith,Background,Background,-1,-1.0,-1.0,-1.0,0.0,0.012,1.0,-1,,unreal_rockfield.json,unreal_rockfield.json,nan,nan,nan
1708,94.59974974822228,91.97515793328654,0.26884822937245645,Small,RegolithCovered,background_regolith,Background,Background,-1,-1.0,-1.0,-1.0,0.0,0.012,1.0,-1,,unreal_rockfield.json,unreal_rockfield.json,nan,nan,nan
1709,57.00094607379373,249.80162968840602,0.4125403587752589,Medium,RegolithCovered,background_regolith,Background,Background,-1,-1.0,-1.0,-1.0,0.0,0.012,1.0,-1,,unreal_rockfield.json,unreal_rockfield.json,nan,nan,nan
1710,-183.22550126651814,116.46626178777433,0.26322659880209076,Small,RegolithCovered,background_regolith,Background,Background,-1,-1.0,-1.0,-1.0,0.0,0.012,1.0,-1,,unreal_rockfield.json,unreal_rockfield.json,nan,nan,nan
1711,-59.74761192663351,184.91927854243602,0.2616063042950244,Small,RegolithCovered,background_regolith,Background,Background,-1,-1.0,-1.0,-1.0,0.0,0.012,1.0,-1,,unreal_rockfield.json,unreal_rockfield.json,nan,nan,nan
1712,60.953093050935365,65.07309183019498,0.2979819487365,Small,RegolithCovered,background_regolith,Background,Background,-1,-1.0,-1.0,-1.0,0.0,0.012,1.0,-1,,unreal_rockfield.json,unreal_rockfield.json,nan,nan,nan
1713,-83.00271614734336,-46.86880092776269,0.274670722071893,Small,RegolithCovered,background_regolith,Background,Background,-1,-1.0,-1.0,-1.0,0.0,0.012,1.0,-1,,unreal_rockfield.json,unreal_rockfield.json,nan,nan,nan
1714,247.05496383556624,153.4089175084689,0.30916838613341147,Medium,RegolithCovered,background_regolith,Background,Background,-1,-1.0,-1.0,-1.0,0.0,0.012,1.0,-1,,unreal_rockfield.json,unreal_rockfield.json,nan,nan,nan
1715,-34.11206396679586,156.67439802240057,0.42752559838969306,Medium,RegolithCovered,background_regolith,Background,Background,-1,-1.0,-1.0,-1.0,0.0,0.012,1.0,-1,,unreal_rockfield.json,unreal_rockfield.json,nan,nan,nan
1716,-142.3612170781579,-11.268959624011984,0.3311708326399104,Medium,RegolithCovered,background_regolith,Background,Background,-1,-1.0,-1.0,-1.0,0.0,0.012,1.0,-1,,unreal_rockfield.json,unreal_rockfield.json,nan,nan,nan
1717,146.98477126377145,-84.8338267159032,0.27176370118754456,Small,RegolithCovered,background_regolith,Background,Background,-1,-1.0,-1.0,-1.0,0.0,0.012,1.0,-1,,unreal_rockfield.json,unreal_rockfield.json,nan,nan,nan
1718,-241.98889126255074,-221.64830469679862,0.276249572429599,Small,RegolithCovered,background_regolith,Background,Background,-1,-1.0,-1.0,-1.0,0.0,0.012,1.0,-1,,unreal_rockfield.json,unreal_rockfield.json,nan,nan,nan
1719,-160.9012115848262,-74.16760765404217,0.26802554608376455,Small,RegolithCovered,background_regolith,Background,Background,-1,-1.0,-1.0,-1.0,0.0,0.012,1.0,-1,,unreal_rockfield.json,unreal_rockfield.json,nan,nan,nan
1720,7.942442091128271,-221.25156407361064,0.31328174815412557,Medium,RegolithCovered,background_regolith,Background,Background,-1,-1.0,-1.0,-1.0,0.0,0.012,1.0,-1,,unreal_rockfield.json,unreal_rockfield.json,nan,nan,nan
1721,61.197241126743336,195.32609027375105,0.2697795617726544,Small,RegolithCovered,background_regolith,Background,Background,-1,-1.0,-1.0,-1.0,0.0,0.012,1.0,-1,,unreal_rockfield.json,unreal_rockfield.json,nan,nan,nan
1722,-25.07858516190069,-238.73867000335704,0.27301596506145154,Small,RegolithCovered,background_regolith,Background,Background,-1,-1.0,-1.0,-1.0,0.0,0.012,1.0,-1,,unreal_rockfield.json,unreal_rockfield.json,nan,nan,nan
1723,228.01141392254402,-80.95797601245155,0.2719204867387831,Small,RegolithCovered,background_regolith,Background,Background,-1,-1.0,-1.0,-1.0,0.0,0.012,1.0,-1,,unreal_rockfield.json,unreal_rockfield.json,nan,nan,nan
1724,76.70064394054992,-246.30726035340433,0.26221990875916035,Small,RegolithCovered,background_regolith,Background,Background,-1,-1.0,-1.0,-1.0,0.0,0.012,1.0,-1,,unreal_rockfield.json,unreal_rockfield.json,nan,nan,nan
1725,57.916501358073674,-107.81426435132906,0.2737786055885678,Small,RegolithCovered,background_regolith,Background,Background,-1,-1.0,-1.0,-1.0,0.0,0.012,1.0,-1,,unreal_rockfield.json,unreal_rockfield.json,nan,nan,nan
1726,-133.22092349009677,-239.043855098117,0.33581765969938854,Medium,RegolithCovered,background_regolith,Background,Background,-1,-1.0,-1.0,-1.0,0.0,0.012,1.0,-1,,unreal_rockfield.json,unreal_rockfield.json,nan,nan,nan
1727,-10.765404217658016,238.830225531785,0.34723062397227417,Medium,RegolithCovered,background_regolith,Background,Background,-1,-1.0,-1.0,-1.0,0.0,0.012,1.0,-1,,unreal_rockfield.json,unreal_rockfield.json,nan,nan,nan
1728,117.29026154362623,11.314737388225979,0.26496238882781775,Small,RegolithCovered,background_regolith,Background,Background,-1,-1.0,-1.0,-1.0,0.0,0.012,1.0,-1,,unreal_rockfield.json,unreal_rockfield.json,nan,nan,nan
1729,-187.39127780999178,-174.11572618793298,0.41467571062678604,Medium,RegolithCovered,background_regolith,Background,Background,-1,-1.0,-1.0,-1.0,0.0,0.012,1.0,-1,,unreal_rockfield.json,unreal_rockfield.json,nan,nan,nan
1730,235.8088930936613,-46.89931943723869,0.31424144226615497,Medium,RegolithCovered,background_regolith,Background,Background,-1,-1.0,-1.0,-1.0,0.0,0.012,1.0,-1,,unreal_rockfield.json,unreal_rockfield.json,nan,nan,nan
1731,225.9819330423902,177.4727622302927,0.29687678288255537,Small,RegolithCovered,background_regolith,Background,Background,-1,-1.0,-1.0,-1.0,0.0,0.012,1.0,-1,,unreal_rockfield.json,unreal_rockfield.json,nan,nan,nan
1732,-34.72243415631581,178.95290993987857,0.2696027232096841,Small,RegolithCovered,background_regolith,Background,Background,-1,-1.0,-1.0,-1.0,0.0,0.012,1.0,-1,,unreal_rockfield.json,unreal_rockfield.json,nan,nan,nan
1733,103.17545091097753,207.6555681020539,0.2815773610104644,Small,RegolithCovered,background_regolith,Background,Background,-1,-1.0,-1.0,-1.0,0.0,0.012,1.0,-1,,unreal_rockfield.json,unreal_rockfield.json,nan,nan,nan
1734,45.78539384136474,117.99218726157414,0.2794953796908034,Small,RegolithCovered,background_regolith,Background,Background,-1,-1.0,-1.0,-1.0,0.0,0.012,1.0,-1,,unreal_rockfield.json,unreal_rockfield.json,nan,nan,nan
1735,-123.63811151463364,-164.73128452406382,0.3995241500119178,Medium,RegolithCovered,background_regolith,Background,Background,-1,-1.0,-1.0,-1.0,0.0,0.012,1.0,-1,,unreal_rockfield.json,unreal_rockfield.json,nan,nan,nan
1736,50.60731833857233,147.3662526322214,0.27524431784367454,Small,RegolithCovered,background_regolith,Background,Background,-1,-1.0,-1.0,-1.0,0.0,0.012,1.0,-1,,unreal_rockfield.json,unreal_rockfield.json,nan,nan,nan
1737,1.1673329874569163,218.64223151341287,0.27669768298326847,Small,RegolithCovered,background_regolith,Background,Background,-1,-1.0,-1.0,-1.0,0.0,0.012,1.0,-1,,unreal_rockfield.json,unreal_rockfield.json,nan,nan,nan
1738,136.10492263557848,172.7271340067751,0.2664864867048245,Small,RegolithCovered,background_regolith,Background,Background,-1,-1.0,-1.0,-1.0,0.0,0.012,1.0,-1,,unreal_rockfield.json,unreal_rockfield.json,nan,nan,nan
1739,-58.648945585497614,140.45381023590807,0.3155506109654375,Medium,RegolithCovered,background_regolith,Background,Background,-1,-1.0,-1.0,-1.0,0.0,0.012,1.0,-1,,unreal_rockfield.json,unreal_rockfield.json,nan,nan,nan
1740,150.20447401348918,147.3357341227454,0.26236975757342457,Small,RegolithCovered,background_regolith,Background,Background,-1,-1.0,-1.0,-1.0,0.0,0.012,1.0,-1,,unreal_rockfield.json,unreal_rockfield.json,nan,nan,nan
1741,-86.13086336863307,169.79735709707938,0.26802406807343276,Small,RegolithCovered,background_regolith,Background,Background,-1,-1.0,-1.0,-1.0,0.0,0.012,1.0,-1,,unreal_rockfield.json,unreal_rockfield.json,nan,nan,nan
1742,118.37366863002416,-117.91589098788415,0.289500295825419,Small,RegolithCovered,background_regolith,Background,Background,-1,-1.0,-1.0,-1.0,0.0,0.012,1.0,-1,,unreal_rockfield.json,unreal_rockfield.json,nan,nan,nan
1743,211.79082613605146,-183.14920499282815,0.26312277391995587,Small,RegolithCovered,background_regolith,Background,Background,-1,-1.0,-1.0,-1.0,0.0,0.012,1.0,-1,,unreal_rockfield.json,unreal_rockfield.json,nan,nan,nan
1744,-247.08548234504227,-221.58726767784663,0.30292779800223557,Medium,RegolithCovered,background_regolith,Background,Background,-1,-1.0,-1.0,-1.0,0.0,0.012,1.0,-1,,unreal_rockfield.json,unreal_rockfield.json,nan,nan,nan
1745,211.10415967284155,164.57869197668384,0.3295030522089797,Medium,RegolithCovered,background_regolith,Background,Background,-1,-1.0,-1.0,-1.0,0.0,0.012,1.0,-1,,unreal_rockfield.json,unreal_rockfield.json,nan,nan,nan
1746,2.647480697042738,232.5586718344676,0.30373488791383874,Medium,RegolithCovered,background_regolith,Background,Background,-1,-1.0,-1.0,-1.0,0.0,0.012,1.0,-1,,unreal_rockfield.json,unreal_rockfield.json,nan,nan,nan
1747,103.70952482680747,97.25486007263407,0.27903719969496854,Small,RegolithCovered,background_regolith,Background,Background,-1,-1.0,-1.0,-1.0,0.0,0.012,1.0,-1,,unreal_rockfield.json,unreal_rockfield.json,nan,nan,nan
1748,-41.34495071260719,-150.76906643879514,0.33451613843102346,Medium,RegolithCovered,background_regolith,Background,Background,-1,-1.0,-1.0,-1.0,0.0,0.012,1.0,-1,,unreal_rockfield.json,unreal_rockfield.json,nan,nan,nan
1749,-78.59279152806175,-63.37931455427716,0.29890146033719894,Small,RegolithCovered,background_regolith,Background,Background,-1,-1.0,-1.0,-1.0,0.0,0.012,1.0,-1,,unreal_rockfield.json,unreal_rockfield.json,nan,nan,nan
1750,-150.0671407208472,203.58134708700828,0.26188270473350594,Small,RegolithCovered,background_regolith,Background,Background,-1,-1.0,-1.0,-1.0,0.0,0.012,1.0,-1,,unreal_rockfield.json,unreal_rockfield.json,nan,nan,nan
1751,-38.415173802911454,228.286080507828,0.26998389371968434,Small,RegolithCovered,background_regolith,Background,Background,-1,-1.0,-1.0,-1.0,0.0,0.012,1.0,-1,,unreal_rockfield.json,unreal_rockfield.json,nan,nan,nan
1752,83.49101229895933,138.57692190313423,0.2805244704337261,Small,RegolithCovered,background_regolith,Background,Background,-1,-1.0,-1.0,-1.0,0.0,0.012,1.0,-1,,unreal_rockfield.json,unreal_rockfield.json,nan,nan,nan
1753,232.14667195654164,-216.04815820795312,0.26092691067971807,Small,RegolithCovered,background_regolith,Background,Background,-1,-1.0,-1.0,-1.0,0.0,0.012,1.0,-1,,unreal_rockfield.json,unreal_rockfield.json,nan,nan,nan
1754,-2.082888271736806,-78.97427289651174,0.30145830784234334,Medium,RegolithCovered,background_regolith,Background,Background,-1,-1.0,-1.0,-1.0,0.0,0.012,1.0,-1,,unreal_rockfield.json,unreal_rockfield.json,nan,nan,nan
1755,-61.39561143833737,64.40168462172306,0.3117635769942941,Medium,RegolithCovered,background_regolith,Background,Background,-1,-1.0,-1.0,-1.0,0.0,0.012,1.0,-1,,unreal_rockfield.json,unreal_rockfield.json,nan,nan,nan
1756,-107.20389416180913,-63.08938871425519,0.29455725843410613,Small,RegolithCovered,background_regolith,Background,Background,-1,-1.0,-1.0,-1.0,0.0,0.012,1.0,-1,,unreal_rockfield.json,unreal_rockfield.json,nan,nan,nan
1757,-222.68593401898252,-228.164006469924,0.2730620786661356,Small,RegolithCovered,background_regolith,Background,Background,-1,-1.0,-1.0,-1.0,0.0,0.012,1.0,-1,,unreal_rockfield.json,unreal_rockfield.json,nan,nan,nan
1758,156.93380535294654,-73.49620044557022,0.26989171697696507,Small,RegolithCovered,background_regolith,Background,Background,-1,-1.0,-1.0,-1.0,0.0,0.012,1.0,-1,,unreal_rockfield.json,unreal_rockfield.json,nan,nan,nan
1759,-186.52150028992583,-202.42164372692037,0.2670607702986974,Small,RegolithCovered,background_regolith,Background,Background,-1,-1.0,-1.0,-1.0,0.0,0.012,1.0,-1,,unreal_rockfield.json,unreal_rockfield.json,nan,nan,nan
1760,134.16699728385265,-22.56080813013091,0.28200551750734537,Small,RegolithCovered,background_regolith,Background,Background,-1,-1.0,-1.0,-1.0,0.0,0.012,1.0,-1,,unreal_rockfield.json,unreal_rockfield.json,nan,nan,nan
1761,-51.767021698660244,125.98803674428541,0.292421522667491,Small,RegolithCovered,background_regolith,Background,Background,-1,-1.0,-1.0,-1.0,0.0,0.012,1.0,-1,,unreal_rockfield.json,unreal_rockfield.json,nan,nan,nan
1762,-77.24997711111789,47.524948881496584,0.29830416491726847,Small,RegolithCovered,background_regolith,Background,Background,-1,-1.0,-1.0,-1.0,0.0,0.012,1.0,-1,,unreal_rockfield.json,unreal_rockfield.json,nan,nan,nan
1763,-146.7864009521775,119.59440900906401,0.3181227180645057,Medium,RegolithCovered,background_regolith,Background,Background,-1,-1.0,-1.0,-1.0,0.0,0.012,1.0,-1,,unreal_rockfield.json,unreal_rockfield.json,nan,nan,nan
1764,-208.09808648945585,116.26789147618035,0.4029985015228842,Medium,RegolithCovered,background_regolith,Background,Background,-1,-1.0,-1.0,-1.0,0.0,0.012,1.0,-1,,unreal_rockfield.json,unreal_rockfield.json,nan,nan,nan
1765,210.7074190496536,-11.87932981353191,0.27734782020250437,Small,RegolithCovered,background_regolith,Background,Background,-1,-1.0,-1.0,-1.0,0.0,0.012,1.0,-1,,unreal_rockfield.json,unreal_rockfield.json,nan,nan,nan
1766,3.395184179204705,102.41248817407757,0.266867316498523,Small,RegolithCovered,background_regolith,Background,Background,-1,-1.0,-1.0,-1.0,0.0,0.012,1.0,-1,,unreal_rockfield.json,unreal_rockfield.json,nan,nan,nan
1767,81.09530930509356,-136.21173741874446,0.33393733894306366,Medium,RegolithCovered,background_regolith,Background,Background,-1,-1.0,-1.0,-1.0,0.0,0.012,1.0,-1,,unreal_rockfield.json,unreal_rockfield.json,nan,nan,nan
1768,235.29007843256932,-129.22299874874113,0.47658442517696425,Medium,RegolithCovered,background_regolith,Background,Background,-1,-1.0,-1.0,-1.0,0.0,0.012,1.0,-1,,unreal_rockfield.json,unreal_rockfield.json,nan,nan,nan
1769,163.64787743766595,-44.213690603350926,0.2681113796279387,Small,RegolithCovered,background_regolith,Background,Background,-1,-1.0,-1.0,-1.0,0.0,0.012,1.0,-1,,unreal_rockfield.json,unreal_rockfield.json,nan,nan,nan
1770,206.58742027039403,-75.25101474044007,0.2746027995716008,Small,RegolithCovered,background_regolith,Background,Background,-1,-1.0,-1.0,-1.0,0.0,0.012,1.0,-1,,unreal_rockfield.json,unreal_rockfield.json,nan,nan,nan
1771,59.3356120487075,-76.74642170476395,0.30549932835767407,Medium,RegolithCovered,background_regolith,Background,Background,-1,-1.0,-1.0,-1.0,0.0,0.012,1.0,-1,,unreal_rockfield.json,unreal_rockfield.json,nan,nan,nan
1772,181.97424237800226,176.1299478133488,0.27145386336963107,Small,RegolithCovered,background_regolith,Background,Background,-1,-1.0,-1.0,-1.0,0.0,0.012,1.0,-1,,unreal_rockfield.json,unreal_rockfield.json,nan,nan,nan
1773,-176.83187353129674,78.04345835749382,0.2821729116445522,Small,RegolithCovered,background_regolith,Background,Background,-1,-1.0,-1.0,-1.0,0.0,0.012,1.0,-1,,unreal_rockfield.json,unreal_rockfield.json,nan,nan,nan
1774,-15.16006958220163,-58.57264931180762,0.305491125275295,Medium,RegolithCovered,background_regolith,Background,Background,-1,-1.0,-1.0,-1.0,0.0,0.012,1.0,-1,,unreal_rockfield.json,unreal_rockfield.json,nan,nan,nan
1775,45.77013458662674,-7.789849543748289,0.28447882701584615,Small,RegolithCovered,background_regolith,Background,Background,-1,-1.0,-1.0,-1.0,0.0,0.012,1.0,-1,,unreal_rockfield.json,unreal_rockfield.json,nan,nan,nan
1776,148.99899288918726,-31.517990661336086,0.2637740438113716,Small,RegolithCovered,background_regolith,Background,Background,-1,-1.0,-1.0,-1.0,0.0,0.012,1.0,-1,,unreal_rockfield.json,unreal_rockfield.json,nan,nan,nan
1777,-133.32773827326275,229.18637653736988,0.27547968866991984,Small,RegolithCovered,background_regolith,Background,Background,-1,-1.0,-1.0,-1.0,0.0,0.012,1.0,-1,,unreal_rockfield.json,unreal_rockfield.json,nan,nan,nan
1778,85.15427106540119,-211.27201147495956,0.2699213742195517,Small,RegolithCovered,background_regolith,Background,Background,-1,-1.0,-1.0,-1.0,0.0,0.012,1.0,-1,,unreal_rockfield.json,unreal_rockfield.json,nan,nan,nan
1779,133.92284920804468,-72.50434888760032,0.38784109169539543,Medium,RegolithCovered,background_regolith,Background,Background,-1,-1.0,-1.0,-1.0,0.0,0.012,1.0,-1,,unreal_rockfield.json,unreal_rockfield.json,nan,nan,nan
1780,-187.23868526261177,-44.885097811822874,0.38784109169539543,Medium,RegolithCovered,background_regolith,Background,Background,-1,-1.0,-1.0,-1.0,0.0,0.012,1.0,-1,,unreal_rockfield.json,unreal_rockfield.json,nan,nan,nan
1781,-178.76979888302253,32.35724967192607,0.2730364524975248,Small,RegolithCovered,background_regolith,Background,Background,-1,-1.0,-1.0,-1.0,0.0,0.012,1.0,-1,,unreal_rockfield.json,unreal_rockfield.json,nan,nan,nan
1782,99.84893337809382,201.04831080050053,0.2823122621735589,Small,RegolithCovered,background_regolith,Background,Background,-1,-1.0,-1.0,-1.0,0.0,0.012,1.0,-1,,unreal_rockfield.json,unreal_rockfield.json,nan,nan,nan
1783,235.8394116031373,-222.8690450758385,0.33204175522525164,Medium,RegolithCovered,background_regolith,Background,Background,-1,-1.0,-1.0,-1.0,0.0,0.012,1.0,-1,,unreal_rockfield.json,unreal_rockfield.json,nan,nan,nan
1784,-49.85961485641042,180.15839106418042,0.2670205565794422,Small,RegolithCovered,background_regolith,Background,Background,-1,-1.0,-1.0,-1.0,0.0,0.012,1.0,-1,,unreal_rockfield.json,unreal_rockfield.json,nan,nan,nan
1785,-69.20834986419263,-245.33066805017242,0.2645754299088539,Small,RegolithCovered,background_regolith,Background,Background,-1,-1.0,-1.0,-1.0,0.0,0.012,1.0,-1,,unreal_rockfield.json,unreal_rockfield.json,nan,nan,nan
1786,-34.17310098574785,156.18610187078463,0.2847598362291189,Small,RegolithCovered,background_regolith,Background,Background,-1,-1.0,-1.0,-1.0,0.0,0.012,1.0,-1,,unreal_rockfield.json,unreal_rockfield.json,nan,nan,nan
1787,17.143772698141447,-227.40104373302407,0.27632636508513525,Small,RegolithCovered,background_regolith,Background,Background,-1,-1.0,-1.0,-1.0,0.0,0.012,1.0,-1,,unreal_rockfield.json,unreal_rockfield.json,nan,nan,nan
1788,-117.50389110995818,245.8342234565264,0.283401086077878,Small,RegolithCovered,background_regolith,Background,Background,-1,-1.0,-1.0,-1.0,0.0,0.012,1.0,-1,,unreal_rockfield.json,unreal_rockfield.json,nan,nan,nan
1789,186.29261146885585,-154.01928769798883,0.2894194936211834,Small,RegolithCovered,background_regolith,Background,Background,-1,-1.0,-1.0,-1.0,0.0,0.012,1.0,-1,,unreal_rockfield.json,unreal_rockfield.json,nan,nan,nan
1790,208.95260475478375,12.169255653553876,0.2981987218593142,Small,RegolithCovered,background_regolith,Background,Background,-1,-1.0,-1.0,-1.0,0.0,0.012,1.0,-1,,unreal_rockfield.json,unreal_rockfield.json,nan,nan,nan
1791,143.49040192876976,-167.93572801904355,0.26060121977094547,Small,RegolithCovered,background_regolith,Background,Background,-1,-1.0,-1.0,-1.0,0.0,0.012,1.0,-1,,unreal_rockfield.json,unreal_rockfield.json,nan,nan,nan
1792,94.58449049348428,-201.85705130161443,0.2624838396748666,Small,RegolithCovered,background_regolith,Background,Background,-1,-1.0,-1.0,-1.0,0.0,0.012,1.0,-1,,unreal_rockfield.json,unreal_rockfield.json,nan,nan,nan
1793,-246.62770470290232,43.084505752739005,0.2897329083646628,Small,RegolithCovered,background_regolith,Background,Background,-1,-1.0,-1.0,-1.0,0.0,0.012,1.0,-1,,unreal_rockfield.json,unreal_rockfield.json,nan,nan,nan
1794,-19.75310525833919,119.41129795220803,0.26085864673866815,Small,RegolithCovered,background_regolith,Background,Background,-1,-1.0,-1.0,-1.0,0.0,0.012,1.0,-1,,unreal_rockfield.json,unreal_rockfield.json,nan,nan,nan
1795,-52.02642902920621,-128.99410992767113,0.3600669333139373,Medium,RegolithCovered,background_regolith,Background,Background,-1,-1.0,-1.0,-1.0,0.0,0.012,1.0,-1,,unreal_rockfield.json,unreal_rockfield.json,nan,nan,nan
1796,-50.042725913266395,136.7763298440504,0.2852298428221238,Small,RegolithCovered,background_regolith,Background,Background,-1,-1.0,-1.0,-1.0,0.0,0.012,1.0,-1,,unreal_rockfield.json,unreal_rockfield.json,nan,nan,nan
1797,-218.06237983336894,211.22623371074553,0.2611554682920136,Small,RegolithCovered,background_regolith,Background,Background,-1,-1.0,-1.0,-1.0,0.0,0.012,1.0,-1,,unreal_rockfield.json,unreal_rockfield.json,nan,nan,nan
1798,181.19602038636435,142.89529099398783,0.32226283743537,Medium,RegolithCovered,background_regolith,Background,Background,-1,-1.0,-1.0,-1.0,0.0,0.012,1.0,-1,,unreal_rockfield.json,unreal_rockfield.json,nan,nan,nan
1799,-121.05929746391186,-32.509842219305995,0.28483577231149865,Small,RegolithCovered,background_regolith,Background,Background,-1,-1.0,-1.0,-1.0,0.0,0.012,1.0,-1,,unreal_rockfield.json,unreal_rockfield.json,nan,nan,nan
1800,175.1228370006409,58.13013092440565,0.2886658022315279,Small,RegolithCovered,background_regolith,Background,Background,-1,-1.0,-1.0,-1.0,0.0,0.012,1.0,-1,,unreal_rockfield.json,unreal_rockfield.json,nan,nan,nan
1801,-168.19513534958952,-155.28580584124273,0.27302450003591966,Small,RegolithCovered,background_regolith,Background,Background,-1,-1.0,-1.0,-1.0,0.0,0.012,1.0,-1,,unreal_rockfield.json,unreal_rockfield.json,nan,nan,nan
1802,224.59334086123232,78.79116183965573,0.28283234807593266,Small,RegolithCovered,background_regolith,Background,Background,-1,-1.0,-1.0,-1.0,0.0,0.012,1.0,-1,,unreal_rockfield.json,unreal_rockfield.json,nan,nan,nan
1803,-162.823877681814,178.7850581377606,0.29776975733389915,Small,RegolithCovered,background_regolith,Background,Background,-1,-1.0,-1.0,-1.0,0.0,0.012,1.0,-1,,unreal_rockfield.json,unreal_rockfield.json,nan,nan,nan
1804,34.00524918362987,-208.4948271126438,0.2906642795690374,Small,RegolithCovered,background_regolith,Background,Background,-1,-1.0,-1.0,-1.0,0.0,0.012,1.0,-1,,unreal_rockfield.json,unreal_rockfield.json,nan,nan,nan
1805,-100.97811822870571,-101.2680440687277,0.2797648665010748,Small,RegolithCovered,background_regolith,Background,Background,-1,-1.0,-1.0,-1.0,0.0,0.012,1.0,-1,,unreal_rockfield.json,unreal_rockfield.json,nan,nan,nan
1806,228.102969450972,199.62920010986664,0.2696290365564994,Small,RegolithCovered,background_regolith,Background,Background,-1,-1.0,-1.0,-1.0,0.0,0.012,1.0,-1,,unreal_rockfield.json,unreal_rockfield.json,nan,nan,nan
1807,-237.62474440748315,56.08539078951384,0.2887819819314549,Small,RegolithCovered,background_regolith,Background,Background,-1,-1.0,-1.0,-1.0,0.0,0.012,1.0,-1,,unreal_rockfield.json,unreal_rockfield.json,nan,nan,nan
1808,-135.21988586077458,137.09677419354836,0.358899365773344,Medium,RegolithCovered,background_regolith,Background,Background,-1,-1.0,-1.0,-1.0,0.0,0.012,1.0,-1,,unreal_rockfield.json,unreal_rockfield.json,nan,nan,nan
1809,-222.8385265663625,-126.1101107821894,0.30875632507179407,Medium,RegolithCovered,background_regolith,Background,Background,-1,-1.0,-1.0,-1.0,0.0,0.012,1.0,-1,,unreal_rockfield.json,unreal_rockfield.json,nan,nan,nan
1810,187.3149815363018,-87.33634449293496,0.3230924503314952,Medium,RegolithCovered,background_regolith,Background,Background,-1,-1.0,-1.0,-1.0,0.0,0.012,1.0,-1,,unreal_rockfield.json,unreal_rockfield.json,nan,nan,nan
1811,77.87560655537584,154.61439863277076,0.265778834220577,Small,RegolithCovered,background_regolith,Background,Background,-1,-1.0,-1.0,-1.0,0.0,0.012,1.0,-1,,unreal_rockfield.json,unreal_rockfield.json,nan,nan,nan
1812,-99.1927854243599,165.61632129886777,0.465105687929405,Medium,RegolithCovered,background_regolith,Background,Background,-1,-1.0,-1.0,-1.0,0.0,0.012,1.0,-1,,unreal_rockfield.json,unreal_rockfield.json,nan,nan,nan
1813,237.9451887569811,-174.20728171636097,0.26416774631318835,Small,RegolithCovered,background_regolith,Background,Background,-1,-1.0,-1.0,-1.0,0.0,0.012,1.0,-1,,unreal_rockfield.json,unreal_rockfield.json,nan,nan,nan
1814,-74.88479262672811,-234.28296761986144,0.3104262406014324,Medium,RegolithCovered,background_regolith,Background,Background,-1,-1.0,-1.0,-1.0,0.0,0.012,1.0,-1,,unreal_rockfield.json,unreal_rockfield.json,nan,nan,nan
1815,-146.8474379711295,85.44419690542315,0.26303330539344116,Small,RegolithCovered,background_regolith,Background,Background,-1,-1.0,-1.0,-1.0,0.0,0.012,1.0,-1,,unreal_rockfield.json,unreal_rockfield.json,nan,nan,nan
1816,47.72331919309056,88.92330698568685,0.2809722520095915,Small,RegolithCovered,background_regolith,Background,Background,-1,-1.0,-1.0,-1.0,0.0,0.012,1.0,-1,,unreal_rockfield.json,unreal_rockfield.json,nan,nan,nan
1817,-234.55763420514543,221.09897152623063,0.2730176718898605,Small,RegolithCovered,background_regolith,Background,Background,-1,-1.0,-1.0,-1.0,0.0,0.012,1.0,-1,,unreal_rockfield.json,unreal_rockfield.json,nan,nan,nan
1818,-135.63188573870053,84.77278969695118,0.2609977168732067,Small,RegolithCovered,background_regolith,Background,Background,-1,-1.0,-1.0,-1.0,0.0,0.012,1.0,-1,,unreal_rockfield.json,unreal_rockfield.json,nan,nan,nan
1819,-206.419568468276,-93.66893520920439,0.27670336773704585,Small,RegolithCovered,background_regolith,Background,Background,-1,-1.0,-1.0,-1.0,0.0,0.012,1.0,-1,,unreal_rockfield.json,unreal_rockfield.json,nan,nan,nan
1820,38.369396038697516,160.82491531113618,0.27619162002961195,Small,RegolithCovered,background_regolith,Background,Background,-1,-1.0,-1.0,-1.0,0.0,0.012,1.0,-1,,unreal_rockfield.json,unreal_rockfield.json,nan,nan,nan
1821,-171.35380108035525,-187.75749992370373,0.3100055804503268,Medium,RegolithCovered,background_regolith,Background,Background,-1,-1.0,-1.0,-1.0,0.0,0.012,1.0,-1,,unreal_rockfield.json,unreal_rockfield.json,nan,nan,nan
1822,-79.37101351969969,-22.22510452589495,0.28502153066939634,Small,RegolithCovered,background_regolith,Background,Background,-1,-1.0,-1.0,-1.0,0.0,0.012,1.0,-1,,unreal_rockfield.json,unreal_rockfield.json,nan,nan,nan
1823,-83.38419751579332,-101.69530320139165,0.2639152496224868,Small,RegolithCovered,background_regolith,Background,Background,-1,-1.0,-1.0,-1.0,0.0,0.012,1.0,-1,,unreal_rockfield.json,unreal_rockfield.json,nan,nan,nan
1824,137.6003295999023,217.46726889858695,0.3033836087146646,Medium,RegolithCovered,background_regolith,Background,Background,-1,-1.0,-1.0,-1.0,0.0,0.012,1.0,-1,,unreal_rockfield.json,unreal_rockfield.json,nan,nan,nan
1825,-73.81664479506821,-47.402874843592656,0.2809658462602119,Small,RegolithCovered,background_regolith,Background,Background,-1,-1.0,-1.0,-1.0,0.0,0.012,1.0,-1,,unreal_rockfield.json,unreal_rockfield.json,nan,nan,nan
1826,61.9754631183813,189.14609210486162,0.35454464874689995,Medium,RegolithCovered,background_regolith,Background,Background,-1,-1.0,-1.0,-1.0,0.0,0.012,1.0,-1,,unreal_rockfield.json,unreal_rockfield.json,nan,nan,nan
1827,23.827326273384813,24.83443708609275,0.3034536113264438,Medium,RegolithCovered,background_regolith,Background,Background,-1,-1.0,-1.0,-1.0,0.0,0.012,1.0,-1,,unreal_rockfield.json,unreal_rockfield.json,nan,nan,nan
1828,-181.3333536790063,216.93319498275702,0.26095329547146867,Small,RegolithCovered,background_regolith,Background,Background,-1,-1.0,-1.0,-1.0,0.0,0.012,1.0,-1,,unreal_rockfield.json,unreal_rockfield.json,nan,nan,nan
1829,-111.9495223853267,23.812067018646815,0.32003436326104623,Medium,RegolithCovered,background_regolith,Background,Background,-1,-1.0,-1.0,-1.0,0.0,0.012,1.0,-1,,unreal_rockfield.json,unreal_rockfield.json,nan,nan,nan
1830,-167.5084688863796,39.132358775597424,0.31380421613779497,Medium,RegolithCovered,background_regolith,Background,Background,-1,-1.0,-1.0,-1.0,0.0,0.012,1.0,-1,,unreal_rockfield.json,unreal_rockfield.json,nan,nan,nan
1831,-171.61320841090122,120.38789025543997,0.35224551428709694,Medium,RegolithCovered,background_regolith,Background,Background,-1,-1.0,-1.0,-1.0,0.0,0.012,1.0,-1,,unreal_rockfield.json,unreal_rockfield.json,nan,nan,nan
1832,83.36893826105535,-112.9871517075106,0.2856476315150953,Small,RegolithCovered,background_regolith,Background,Background,-1,-1.0,-1.0,-1.0,0.0,0.012,1.0,-1,,unreal_rockfield.json,unreal_rockfield.json,nan,nan,nan
1833,168.60713522751547,-102.48878444776759,0.30455105205854055,Medium,RegolithCovered,background_regolith,Background,Background,-1,-1.0,-1.0,-1.0,0.0,0.012,1.0,-1,,unreal_rockfield.json,unreal_rockfield.json,nan,nan,nan
1834,-113.21604052858058,-67.45353556932278,0.3403550721253213,Medium,RegolithCovered,background_regolith,Background,Background,-1,-1.0,-1.0,-1.0,0.0,0.012,1.0,-1,,unreal_rockfield.json,unreal_rockfield.json,nan,nan,nan
1835,-152.95113986632893,105.6016724143193,0.27662197319503895,Small,RegolithCovered,background_regolith,Background,Background,-1,-1.0,-1.0,-1.0,0.0,0.012,1.0,-1,,unreal_rockfield.json,unreal_rockfield.json,nan,nan,nan
1836,-152.70699179052096,-158.97854548783837,0.2863068719228212,Small,RegolithCovered,background_regolith,Background,Background,-1,-1.0,-1.0,-1.0,0.0,0.012,1.0,-1,,unreal_rockfield.json,unreal_rockfield.json,nan,nan,nan
1837,114.94033631397446,102.94656208990756,0.3219837778898223,Medium,RegolithCovered,background_regolith,Background,Background,-1,-1.0,-1.0,-1.0,0.0,0.012,1.0,-1,,unreal_rockfield.json,unreal_rockfield.json,nan,nan,nan
1838,-168.10357982116153,171.20120853297527,0.2851866462586533,Small,RegolithCovered,background_regolith,Background,Background,-1,-1.0,-1.0,-1.0,0.0,0.012,1.0,-1,,unreal_rockfield.json,unreal_rockfield.json,nan,nan,nan
1839,-83.7961973937193,-224.57808160649435,0.27312023418799264,Small,RegolithCovered,background_regolith,Background,Background,-1,-1.0,-1.0,-1.0,0.0,0.012,1.0,-1,,unreal_rockfield.json,unreal_rockfield.json,nan,nan,nan
1840,62.73842585528121,-229.5525986510819,0.2752279550456545,Small,RegolithCovered,background_regolith,Background,Background,-1,-1.0,-1.0,-1.0,0.0,0.012,1.0,-1,,unreal_rockfield.json,unreal_rockfield.json,nan,nan,nan
1841,-54.60524307992799,122.50892666402177,0.26707801921940644,Small,RegolithCovered,background_regolith,Background,Background,-1,-1.0,-1.0,-1.0,0.0,0.012,1.0,-1,,unreal_rockfield.json,unreal_rockfield.json,nan,nan,nan
1842,-76.27338480788598,54.40687276833398,0.31922310952494287,Medium,RegolithCovered,background_regolith,Background,Background,-1,-1.0,-1.0,-1.0,0.0,0.012,1.0,-1,,unreal_rockfield.json,unreal_rockfield.json,nan,nan,nan
1843,-58.67946409497361,-42.352061525315094,0.3145390182914636,Medium,RegolithCovered,background_regolith,Background,Background,-1,-1.0,-1.0,-1.0,0.0,0.012,1.0,-1,,unreal_rockfield.json,unreal_rockfield.json,nan,nan,nan
1844,0.4959257789849403,74.38123722037415,0.3015212131687164,Medium,RegolithCovered,background_regolith,Background,Background,-1,-1.0,-1.0,-1.0,0.0,0.012,1.0,-1,,unreal_rockfield.json,unreal_rockfield.json,nan,nan,nan
1845,-77.64671773430587,-12.794885097811829,0.35134541359332533,Medium,RegolithCovered,background_regolith,Background,Background,-1,-1.0,-1.0,-1.0,0.0,0.012,1.0,-1,,unreal_rockfield.json,unreal_rockfield.json,nan,nan,nan
1846,-85.03219702749718,2.0371105075228115,0.30692364839758907,Medium,RegolithCovered,background_regolith,Background,Background,-1,-1.0,-1.0,-1.0,0.0,0.012,1.0,-1,,unreal_rockfield.json,unreal_rockfield.json,nan,nan,nan
1847,239.19644764549696,88.12982573931089,0.3523577391732532,Medium,RegolithCovered,background_regolith,Background,Background,-1,-1.0,-1.0,-1.0,0.0,0.012,1.0,-1,,unreal_rockfield.json,unreal_rockfield.json,nan,nan,nan
1848,-137.0815149388104,34.691915646839846,0.35738267943674656,Medium,RegolithCovered,background_regolith,Background,Background,-1,-1.0,-1.0,-1.0,0.0,0.012,1.0,-1,,unreal_rockfield.json,unreal_rockfield.json,nan,nan,nan
1849,-46.25843073824274,93.76049073763238,0.3297926318526818,Medium,RegolithCovered,background_regolith,Background,Background,-1,-1.0,-1.0,-1.0,0.0,0.012,1.0,-1,,unreal_rockfield.json,unreal_rockfield.json,nan,nan,nan
1850,101.13071077608572,184.23261207922604,0.30784023225238144,Medium,RegolithCovered,background_regolith,Background,Background,-1,-1.0,-1.0,-1.0,0.0,0.012,1.0,-1,,unreal_rockfield.json,unreal_rockfield.json,nan,nan,nan
1851,82.27027191991942,0.11444441053498622,0.2658106837024903,Small,RegolithCovered,background_regolith,Background,Background,-1,-1.0,-1.0,-1.0,0.0,0.012,1.0,-1,,unreal_rockfield.json,unreal_rockfield.json,nan,nan,nan
1852,149.82299264503922,-103.4195989867855,0.32118804920808663,Medium,RegolithCovered,background_regolith,Background,Background,-1,-1.0,-1.0,-1.0,0.0,0.012,1.0,-1,,unreal_rockfield.json,unreal_rockfield.json,nan,nan,nan
1853,107.60063478499711,-84.8643452253792,0.2872004628225289,Small,RegolithCovered,background_regolith,Background,Background,-1,-1.0,-1.0,-1.0,0.0,0.012,1.0,-1,,unreal_rockfield.json,unreal_rockfield.json,nan,nan,nan
1854,-138.30225531785027,-107.4633014923551,0.3574384850991503,Medium,RegolithCovered,background_regolith,Background,Background,-1,-1.0,-1.0,-1.0,0.0,0.012,1.0,-1,,unreal_rockfield.json,unreal_rockfield.json,nan,nan,nan
1855,-195.387127292703,-25.765251625110608,0.3338798868331981,Medium,RegolithCovered,background_regolith,Background,Background,-1,-1.0,-1.0,-1.0,0.0,0.012,1.0,-1,,unreal_rockfield.json,unreal_rockfield.json,nan,nan,nan
1856,-50.91250343333232,-36.23310037537766,0.2661672056245169,Small,RegolithCovered,background_regolith,Background,Background,-1,-1.0,-1.0,-1.0,0.0,0.012,1.0,-1,,unreal_rockfield.json,unreal_rockfield.json,nan,nan,nan
1857,-225.87511825922422,26.726584673604577,0.2698792373174857,Small,RegolithCovered,background_regolith,Background,Background,-1,-1.0,-1.0,-1.0,0.0,0.012,1.0,-1,,unreal_rockfield.json,unreal_rockfield.json,nan,nan,nan
1858,243.4842982268746,136.50166325876643,0.26786481606376555,Small,RegolithCovered,background_regolith,Background,Background,-1,-1.0,-1.0,-1.0,0.0,0.012,1.0,-1,,unreal_rockfield.json,unreal_rockfield.json,nan,nan,nan
1859,78.66908780175174,-153.92773216956084,0.3495153600320097,Medium,RegolithCovered,background_regolith,Background,Background,-1,-1.0,-1.0,-1.0,0.0,0.012,1.0,-1,,unreal_rockfield.json,unreal_rockfield.json,nan,nan,nan
1860,74.22864467299416,67.5450910977508,0.31299329629957295,Medium,RegolithCovered,background_regolith,Background,Background,-1,-1.0,-1.0,-1.0,0.0,0.012,1.0,-1,,unreal_rockfield.json,unreal_rockfield.json,nan,nan,nan
1861,-40.41413617358927,119.59440900906401,0.3351112963958096,Medium,RegolithCovered,background_regolith,Background,Background,-1,-1.0,-1.0,-1.0,0.0,0.012,1.0,-1,,unreal_rockfield.json,unreal_rockfield.json,nan,nan,nan
1862,-117.54966887417217,200.19379253517258,0.2655732231244066,Small,RegolithCovered,background_regolith,Background,Background,-1,-1.0,-1.0,-1.0,0.0,0.012,1.0,-1,,unreal_rockfield.json,unreal_rockfield.json,nan,nan,nan
1863,222.28919339579454,218.3370464186529,0.32148617700196996,Medium,RegolithCovered,background_regolith,Background,Background,-1,-1.0,-1.0,-1.0,0.0,0.012,1.0,-1,,unreal_rockfield.json,unreal_rockfield.json,nan,nan,nan
1864,220.18341624195074,19.447920163579226,0.3283066203525534,Medium,RegolithCovered,background_regolith,Background,Background,-1,-1.0,-1.0,-1.0,0.0,0.012,1.0,-1,,unreal_rockfield.json,unreal_rockfield.json,nan,nan,nan
1865,-53.59813226722008,-76.86849574266793,0.3337243330180195,Medium,RegolithCovered,background_regolith,Background,Background,-1,-1.0,-1.0,-1.0,0.0,0.012,1.0,-1,,unreal_rockfield.json,unreal_rockfield.json,nan,nan,nan
1866,-188.29157383953367,143.1546983245338,0.3810929908549991,Medium,RegolithCovered,background_regolith,Background,Background,-1,-1.0,-1.0,-1.0,0.0,0.012,1.0,-1,,unreal_rockfield.json,unreal_rockfield.json,nan,nan,nan
1867,145.47410504470957,74.19812616351817,0.37097501321818904,Medium,RegolithCovered,background_regolith,Background,Background,-1,-1.0,-1.0,-1.0,0.0,0.012,1.0,-1,,unreal_rockfield.json,unreal_rockfield.json,nan,nan,nan
1868,59.73235267189551,-93.42478713339642,0.29090990895003876,Small,RegolithCovered,background_regolith,Background,Background,-1,-1.0,-1.0,-1.0,0.0,0.012,1.0,-1,,unreal_rockfield.json,unreal_rockfield.json,nan,nan,nan
1869,-196.19586779381694,208.6169011505478,0.26876356065376683,Small,RegolithCovered,background_regolith,Background,Background,-1,-1.0,-1.0,-1.0,0.0,0.012,1.0,-1,,unreal_rockfield.json,unreal_rockfield.json,nan,nan,nan
1870,-48.12005981627857,-19.936216315195168,0.2736184930294518,Small,RegolithCovered,background_regolith,Background,Background,-1,-1.0,-1.0,-1.0,0.0,0.012,1.0,-1,,unreal_rockfield.json,unreal_rockfield.json,nan,nan,nan
1871,-203.81023590807825,-160.88595233008817,0.2921165881419471,Small,RegolithCovered,background_regolith,Background,Background,-1,-1.0,-1.0,-1.0,0.0,0.012,1.0,-1,,unreal_rockfield.json,unreal_rockfield.json,nan,nan,nan
1872,-47.76909695730461,-160.85543382061218,0.2608371186193323,Small,RegolithCovered,background_regolith,Background,Background,-1,-1.0,-1.0,-1.0,0.0,0.012,1.0,-1,,unreal_rockfield.json,unreal_rockfield.json,nan,nan,nan
1873,-16.4723654896695,-204.3290505691702,0.28781362639966207,Small,RegolithCovered,background_regolith,Background,Background,-1,-1.0,-1.0,-1.0,0.0,0.012,1.0,-1,,unreal_rockfield.json,unreal_rockfield.json,nan,nan,nan
1874,-169.08017212439344,23.415326395458862,0.3131173749338343,Medium,RegolithCovered,background_regolith,Background,Background,-1,-1.0,-1.0,-1.0,0.0,0.012,1.0,-1,,unreal_rockfield.json,unreal_rockfield.json,nan,nan,nan
1875,214.40015869624926,187.60490737632375,0.3031666251707767,Medium,RegolithCovered,background_regolith,Background,Background,-1,-1.0,-1.0,-1.0,0.0,0.012,1.0,-1,,unreal_rockfield.json,unreal_rockfield.json,nan,nan,nan
1876,186.41468550675984,9.392071291238153,0.28126384844670027,Small,RegolithCovered,background_regolith,Background,Background,-1,-1.0,-1.0,-1.0,0.0,0.012,1.0,-1,,unreal_rockfield.json,unreal_rockfield.json,nan,nan,nan
1877,-15.282143620105614,233.7794122135075,0.2775879203087269,Small,RegolithCovered,background_regolith,Background,Background,-1,-1.0,-1.0,-1.0,0.0,0.012,1.0,-1,,unreal_rockfield.json,unreal_rockfield.json,nan,nan,nan
1878,-169.47691274758142,123.68388927884763,0.32135814368639626,Medium,RegolithCovered,background_regolith,Background,Background,-1,-1.0,-1.0,-1.0,0.0,0.012,1.0,-1,,unreal_rockfield.json,unreal_rockfield.json,nan,nan,nan
1879,53.99487289040803,142.04077272865993,0.32419248204920587,Medium,RegolithCovered,background_regolith,Background,Background,-1,-1.0,-1.0,-1.0,0.0,0.012,1.0,-1,,unreal_rockfield.json,unreal_rockfield.json,nan,nan,nan
1880,-70.67323831904048,171.61320841090122,0.3080410084763463,Medium,RegolithCovered,background_regolith,Background,Background,-1,-1.0,-1.0,-1.0,0.0,0.012,1.0,-1,,unreal_rockfield.json,unreal_rockfield.json,nan,nan,nan
1881,-177.28965117343668,80.05767998290963,0.280520252605198,Small,RegolithCovered,background_regolith,Background,Background,-1,-1.0,-1.0,-1.0,0.0,0.012,1.0,-1,,unreal_rockfield.json,unreal_rockfield.json,nan,nan,nan
1882,5.561998352000501,-208.6626789147618,0.35684210849957837,Medium,RegolithCovered,background_regolith,Background,Background,-1,-1.0,-1.0,-1.0,0.0,0.012,1.0,-1,,unreal_rockfield.json,unreal_rockfield.json,nan,nan,nan
1883,181.91320535905027,-239.62370677816097,0.2771553650601358,Small,RegolithCovered,background_regolith,Background,Background,-1,-1.0,-1.0,-1.0,0.0,0.012,1.0,-1,,unreal_rockfield.json,unreal_rockfield.json,nan,nan,nan
1884,-196.8520157475509,-97.75841547898801,0.2630141644068391,Small,RegolithCovered,background_regolith,Background,Background,-1,-1.0,-1.0,-1.0,0.0,0.012,1.0,-1,,unreal_rockfield.json,unreal_rockfield.json,nan,nan,nan
1885,-214.29334391308328,-53.94909512619404,0.29104176320454245,Small,RegolithCovered,background_regolith,Background,Background,-1,-1.0,-1.0,-1.0,0.0,0.012,1.0,-1,,unreal_rockfield.json,unreal_rockfield.json,nan,nan,nan
1886,-226.27185888241218,-64.935758537553,0.2923283270811619,Small,RegolithCovered,background_regolith,Background,Background,-1,-1.0,-1.0,-1.0,0.0,0.012,1.0,-1,,unreal_rockfield.json,unreal_rockfield.json,nan,nan,nan
1887,213.6524552140873,-40.39887691885127,0.2743483647908594,Small,RegolithCovered,background_regolith,Background,Background,-1,-1.0,-1.0,-1.0,0.0,0.012,1.0,-1,,unreal_rockfield.json,unreal_rockfield.json,nan,nan,nan
1888,-238.1282998138371,249.84740745262002,0.34608729474416333,Medium,RegolithCovered,background_regolith,Background,Background,-1,-1.0,-1.0,-1.0,0.0,0.012,1.0,-1,,unreal_rockfield.json,unreal_rockfield.json,nan,nan,nan
1889,214.0949736014893,234.6034119693594,0.2831076735498139,Small,RegolithCovered,background_regolith,Background,Background,-1,-1.0,-1.0,-1.0,0.0,0.012,1.0,-1,,unreal_rockfield.json,unreal_rockfield.json,nan,nan,nan
1890,22.20984527115695,200.62105166783658,0.2613042656803414,Small,RegolithCovered,background_regolith,Background,Background,-1,-1.0,-1.0,-1.0,0.0,0.012,1.0,-1,,unreal_rockfield.json,unreal_rockfield.json,nan,nan,nan
1891,94.81337931455431,-228.34711752677998,0.2974320198605578,Small,RegolithCovered,background_regolith,Background,Background,-1,-1.0,-1.0,-1.0,0.0,0.012,1.0,-1,,unreal_rockfield.json,unreal_rockfield.json,nan,nan,nan
1892,189.63438825647756,133.8160344248787,0.2866846842515481,Small,RegolithCovered,background_regolith,Background,Background,-1,-1.0,-1.0,-1.0,0.0,0.012,1.0,-1,,unreal_rockfield.json,unreal_rockfield.json,nan,nan,nan
1893,-213.56089968565936,239.19644764549696,0.2862105566884436,Small,RegolithCovered,background_regolith,Background,Background,-1,-1.0,-1.0,-1.0,0.0,0.012,1.0,-1,,unreal_rockfield.json,unreal_rockfield.json,nan,nan,nan
1894,-71.89397869808039,144.4669942320017,0.3116340351238379,Medium,RegolithCovered,background_regolith,Background,Background,-1,-1.0,-1.0,-1.0,0.0,0.012,1.0,-1,,unreal_rockfield.json,unreal_rockfield.json,nan,nan,nan
1895,87.82464064455093,79.11160618915375,0.2939116067878787,Small,RegolithCovered,background_regolith,Background,Background,-1,-1.0,-1.0,-1.0,0.0,0.012,1.0,-1,,unreal_rockfield.json,unreal_rockfield.json,nan,nan,nan
1896,-107.4785607470931,101.75634022034365,0.3173481986948233,Medium,RegolithCovered,background_regolith,Background,Background,-1,-1.0,-1.0,-1.0,0.0,0.012,1.0,-1,,unreal_rockfield.json,unreal_rockfield.json,nan,nan,nan
1897,46.89931943723866,27.428510391552493,0.3144156168229945,Medium,RegolithCovered,background_regolith,Background,Background,-1,-1.0,-1.0,-1.0,0.0,0.012,1.0,-1,,unreal_rockfield.json,unreal_rockfield.json,nan,nan,nan
1898,39.77324747459335,227.06534012878808,0.26822566321191277,Small,RegolithCovered,background_regolith,Background,Background,-1,-1.0,-1.0,-1.0,0.0,0.012,1.0,-1,,unreal_rockfield.json,unreal_rockfield.json,nan,nan,nan
1899,-226.68385876033815,126.96462904751729,0.2918830376284066,Small,RegolithCovered,background_regolith,Background,Background,-1,-1.0,-1.0,-1.0,0.0,0.012,1.0,-1,,unreal_rockfield.json,unreal_rockfield.json,nan,nan,nan
1900,-93.98937955870235,-195.55497909482102,0.4302433839121401,Medium,RegolithCovered,background_regolith,Background,Background,-1,-1.0,-1.0,-1.0,0.0,0.012,1.0,-1,,unreal_rockfield.json,unreal_rockfield.json,nan,nan,nan
1901,157.89513840144048,-219.43571275978883,0.2750792203037669,Small,RegolithCovered,background_regolith,Background,Background,-1,-1.0,-1.0,-1.0,0.0,0.012,1.0,-1,,unreal_rockfield.json,unreal_rockfield.json,nan,nan,nan
1902,-84.43708609271522,-140.51484725486006,0.2674946204099365,Small,RegolithCovered,background_regolith,Background,Background,-1,-1.0,-1.0,-1.0,0.0,0.012,1.0,-1,,unreal_rockfield.json,unreal_rockfield.json,nan,nan,nan
1903,-74.36597796563615,-142.16284676656392,0.3258142805245086,Medium,RegolithCovered,background_regolith,Background,Background,-1,-1.0,-1.0,-1.0,0.0,0.012,1.0,-1,,unreal_rockfield.json,unreal_rockfield.json,nan,nan,nan
1904,-210.52430799279762,-201.88756981109043,0.42574936014290704,Medium,RegolithCovered,background_regolith,Background,Background,-1,-1.0,-1.0,-1.0,0.0,0.012,1.0,-1,,unreal_rockfield.json,unreal_rockfield.json,nan,nan,nan
1905,113.13974425489062,10.994293038728017,0.36299560024904326,Medium,RegolithCovered,background_regolith,Background,Background,-1,-1.0,-1.0,-1.0,0.0,0.012,1.0,-1,,unreal_rockfield.json,unreal_rockfield.json,nan,nan,nan
1906,-132.7326273384808,-11.497848445081956,0.2747531197162435,Small,RegolithCovered,background_regolith,Background,Background,-1,-1.0,-1.0,-1.0,0.0,0.012,1.0,-1,,unreal_rockfield.json,unreal_rockfield.json,nan,nan,nan
1907,-128.46003601184117,-132.7631458479568,0.2629810124142817,Small,RegolithCovered,background_regolith,Background,Background,-1,-1.0,-1.0,-1.0,0.0,0.012,1.0,-1,,unreal_rockfield.json,unreal_rockfield.json,nan,nan,nan
1908,-169.98046815393536,33.04391613513599,0.30747189941535885,Medium,RegolithCovered,background_regolith,Background,Background,-1,-1.0,-1.0,-1.0,0.0,0.012,1.0,-1,,unreal_rockfield.json,unreal_rockfield.json,nan,nan,nan
1909,-105.3575243385113,-170.4840235602893,0.2742421545598267,Small,RegolithCovered,background_regolith,Background,Background,-1,-1.0,-1.0,-1.0,0.0,0.012,1.0,-1,,unreal_rockfield.json,unreal_rockfield.json,nan,nan,nan
1910,104.7776726584674,-46.197393719290744,0.42019888632699265,Medium,RegolithCovered,background_regolith,Background,Background,-1,-1.0,-1.0,-1.0,0.0,0.012,1.0,-1,,unreal_rockfield.json,unreal_rockfield.json,nan,nan,nan
1911,191.95379497665334,25.82628864406263,0.2630844012016278,Small,RegolithCovered,background_regolith,Background,Background,-1,-1.0,-1.0,-1.0,0.0,0.012,1.0,-1,,unreal_rockfield.json,unreal_rockfield.json,nan,nan,nan
1912,-172.65083773308513,138.22595904416028,0.2708969112845597,Small,RegolithCovered,background_regolith,Background,Background,-1,-1.0,-1.0,-1.0,0.0,0.012,1.0,-1,,unreal_rockfield.json,unreal_rockfield.json,nan,nan,nan
1913,-191.2518692587054,184.26313058870204,0.27345565109317366,Small,RegolithCovered,background_regolith,Background,Background,-1,-1.0,-1.0,-1.0,0.0,0.012,1.0,-1,,unreal_rockfield.json,unreal_rockfield.json,nan,nan,nan
1914,-170.95706045716727,102.25989562669758,0.26734794339297746,Small,RegolithCovered,background_regolith,Background,Background,-1,-1.0,-1.0,-1.0,0.0,0.012,1.0,-1,,unreal_rockfield.json,unreal_rockfield.json,nan,nan,nan
1915,-124.44685201574754,65.439313943907,0.3383533532479398,Medium,RegolithCovered,background_regolith,Background,Background,-1,-1.0,-1.0,-1.0,0.0,0.012,1.0,-1,,unreal_rockfield.json,unreal_rockfield.json,nan,nan,nan
1916,-118.44996490371409,-138.7600329599902,0.2856306338733304,Small,RegolithCovered,background_regolith,Background,Background,-1,-1.0,-1.0,-1.0,0.0,0.012,1.0,-1,,unreal_rockfield.json,unreal_rockfield.json,nan,nan,nan
1917,-15.068514053773612,243.22489089632865,0.2827694524208067,Small,RegolithCovered,background_regolith,Background,Background,-1,-1.0,-1.0,-1.0,0.0,0.012,1.0,-1,,unreal_rockfield.json,unreal_rockfield.json,nan,nan,nan
1918,70.16968291268654,-106.68507950071717,0.3152402725362867,Medium,RegolithCovered,background_regolith,Background,Background,-1,-1.0,-1.0,-1.0,0.0,0.012,1.0,-1,,unreal_rockfield.json,unreal_rockfield.json,nan,nan,nan
1919,-215.81926938688315,176.0841700491348,0.2807317521911394,Small,RegolithCovered,background_regolith,Background,Background,-1,-1.0,-1.0,-1.0,0.0,0.012,1.0,-1,,unreal_rockfield.json,unreal_rockfield.json,nan,nan,nan
1920,-144.3906979583117,-227.1874141666921,0.2822325675991811,Small,RegolithCovered,background_regolith,Background,Background,-1,-1.0,-1.0,-1.0,0.0,0.012,1.0,-1,,unreal_rockfield.json,unreal_rockfield.json,nan,nan,nan
1921,-227.69096957304606,-157.7883236182745,0.2600899043792167,Small,RegolithCovered,background_regolith,Background,Background,-1,-1.0,-1.0,-1.0,0.0,0.012,1.0,-1,,unreal_rockfield.json,unreal_rockfield.json,nan,nan,nan
1922,-182.5388348033082,-20.01251258888516,0.29983648837539834,Small,RegolithCovered,background_regolith,Background,Background,-1,-1.0,-1.0,-1.0,0.0,0.012,1.0,-1,,unreal_rockfield.json,unreal_rockfield.json,nan,nan,nan
1923,38.94924771874145,-89.68626972258676,0.26531145772832,Small,RegolithCovered,background_regolith,Background,Background,-1,-1.0,-1.0,-1.0,0.0,0.012,1.0,-1,,unreal_rockfield.json,unreal_rockfield.json,nan,nan,nan
1924,-65.22568437757499,95.30167546617025,0.26466773773727714,Small,RegolithCovered,background_regolith,Background,Background,-1,-1.0,-1.0,-1.0,0.0,0.012,1.0,-1,,unreal_rockfield.json,unreal_rockfield.json,nan,nan,nan
1925,17.93725394451735,170.07202368236335,0.4049567332061926,Medium,RegolithCovered,background_regolith,Background,Background,-1,-1.0,-1.0,-1.0,0.0,0.012,1.0,-1,,unreal_rockfield.json,unreal_rockfield.json,nan,nan,nan
1926,238.40296639912106,-0.19074068422497703,0.31737580516989894,Medium,RegolithCovered,background_regolith,Background,Background,-1,-1.0,-1.0,-1.0,0.0,0.012,1.0,-1,,unreal_rockfield.json,unreal_rockfield.json,nan,nan,nan
1927,186.64357432782987,-57.6876125370037,0.28227460675359417,Small,RegolithCovered,background_regolith,Background,Background,-1,-1.0,-1.0,-1.0,0.0,0.012,1.0,-1,,unreal_rockfield.json,unreal_rockfield.json,nan,nan,nan
1928,-45.67857905819881,-235.33585619678334,0.3774794697771607,Medium,RegolithCovered,background_regolith,Background,Background,-1,-1.0,-1.0,-1.0,0.0,0.012,1.0,-1,,unreal_rockfield.json,unreal_rockfield.json,nan,nan,nan
1929,-38.82717368083743,113.09396649067662,0.334900791277867,Medium,RegolithCovered,background_regolith,Background,Background,-1,-1.0,-1.0,-1.0,0.0,0.012,1.0,-1,,unreal_rockfield.json,unreal_rockfield.json,nan,nan,nan
1930,33.227027191991965,60.129093295083464,0.26991200602825643,Small,RegolithCovered,background_regolith,Background,Background,-1,-1.0,-1.0,-1.0,0.0,0.012,1.0,-1,,unreal_rockfield.json,unreal_rockfield.json,nan,nan,nan
1931,-244.12518692587054,-21.90466017639696,0.31079037975658846,Medium,RegolithCovered,background_regolith,Background,Background,-1,-1.0,-1.0,-1.0,0.0,0.012,1.0,-1,,unreal_rockfield.json,unreal_rockfield.json,nan,nan,nan
1932,-82.20923490096743,85.30686361278117,0.36545242679333506,Medium,RegolithCovered,background_regolith,Background,Background,-1,-1.0,-1.0,-1.0,0.0,0.012,1.0,-1,,unreal_rockfield.json,unreal_rockfield.json,nan,nan,nan
1933,228.83541367839592,-69.49827570421459,0.311295379425905,Medium,RegolithCovered,background_regolith,Background,Background,-1,-1.0,-1.0,-1.0,0.0,0.012,1.0,-1,,unreal_rockfield.json,unreal_rockfield.json,nan,nan,nan
1934,222.35023041474653,152.142399365215,0.2679384520775779,Small,RegolithCovered,background_regolith,Background,Background,-1,-1.0,-1.0,-1.0,0.0,0.012,1.0,-1,,unreal_rockfield.json,unreal_rockfield.json,nan,nan,nan
1935,62.23487044892727,-135.8149967955565,0.26876960152534773,Small,RegolithCovered,background_regolith,Background,Background,-1,-1.0,-1.0,-1.0,0.0,0.012,1.0,-1,,unreal_rockfield.json,unreal_rockfield.json,nan,nan,nan
1936,-122.41737113559373,86.725974303415,0.2856184975293022,Small,RegolithCovered,background_regolith,Background,Background,-1,-1.0,-1.0,-1.0,0.0,0.012,1.0,-1,,unreal_rockfield.json,unreal_rockfield.json,nan,nan,nan
1937,165.14328440198983,182.8897976622822,0.2615745109652082,Small,RegolithCovered,background_regolith,Background,Background,-1,-1.0,-1.0,-1.0,0.0,0.012,1.0,-1,,unreal_rockfield.json,unreal_rockfield.json,nan,nan,nan
1938,-86.985381633961,-22.11828974272896,0.27270500896351013,Small,RegolithCovered,background_regolith,Background,Background,-1,-1.0,-1.0,-1.0,0.0,0.012,1.0,-1,,unreal_rockfield.json,unreal_rockfield.json,nan,nan,nan
1939,-128.35322122867518,191.32816553239542,0.27979792014623367,Small,RegolithCovered,background_regolith,Background,Background,-1,-1.0,-1.0,-1.0,0.0,0.012,1.0,-1,,unreal_rockfield.json,unreal_rockfield.json,nan,nan,nan
1940,99.66582232123784,-57.901242103335676,0.3021409024799802,Medium,RegolithCovered,background_regolith,Background,Background,-1,-1.0,-1.0,-1.0,0.0,0.012,1.0,-1,,unreal_rockfield.json,unreal_rockfield.json,nan,nan,nan
1941,-18.883327738273266,85.36790063173316,0.2811692500249335,Small,RegolithCovered,background_regolith,Background,Background,-1,-1.0,-1.0,-1.0,0.0,0.012,1.0,-1,,unreal_rockfield.json,unreal_rockfield.json,nan,nan,nan
1942,-157.4373607593005,-75.09842219306009,0.34967974939237123,Medium,RegolithCovered,background_regolith,Background,Background,-1,-1.0,-1.0,-1.0,0.0,0.012,1.0,-1,,unreal_rockfield.json,unreal_rockfield.json,nan,nan,nan
1943,-218.15393536179693,-59.94598223822749,0.3252354339322571,Medium,RegolithCovered,background_regolith,Background,Background,-1,-1.0,-1.0,-1.0,0.0,0.012,1.0,-1,,unreal_rockfield.json,unreal_rockfield.json,nan,nan,nan
1944,184.35468611713003,57.48924222540967,0.27653699243368146,Small,RegolithCovered,background_regolith,Background,Background,-1,-1.0,-1.0,-1.0,0.0,0.012,1.0,-1,,unreal_rockfield.json,unreal_rockfield.json,nan,nan,nan
1945,-42.36732078005309,207.51823480941192,0.2655801027345719,Small,RegolithCovered,background_regolith,Background,Background,-1,-1.0,-1.0,-1.0,0.0,0.012,1.0,-1,,unreal_rockfield.json,unreal_rockfield.json,nan,nan,nan
1946,244.78133487960446,172.5592822046571,0.26796499973365073,Small,RegolithCovered,background_regolith,Background,Background,-1,-1.0,-1.0,-1.0,0.0,0.012,1.0,-1,,unreal_rockfield.json,unreal_rockfield.json,nan,nan,nan
1947,-69.33042390209661,-34.5698416089358,0.3035042472208857,Medium,RegolithCovered,background_regolith,Background,Background,-1,-1.0,-1.0,-1.0,0.0,0.012,1.0,-1,,unreal_rockfield.json,unreal_rockfield.json,nan,nan,nan
1948,65.07309183019498,191.4654988250374,0.5785871245233631,Medium,RegolithCovered,background_regolith,Background,Background,-1,-1.0,-1.0,-1.0,0.0,0.012,1.0,-1,,unreal_rockfield.json,unreal_rockfield.json,nan,nan,nan
1949,186.58253730887787,191.80120242927336,0.3213825003336137,Medium,RegolithCovered,background_regolith,Background,Background,-1,-1.0,-1.0,-1.0,0.0,0.012,1.0,-1,,unreal_rockfield.json,unreal_rockfield.json,nan,nan,nan
1950,-163.66313669240395,164.62446974089784,0.273810017582392,Small,RegolithCovered,background_regolith,Background,Background,-1,-1.0,-1.0,-1.0,0.0,0.012,1.0,-1,,unreal_rockfield.json,unreal_rockfield.json,nan,nan,nan
1951,-108.89767143772698,-132.82418286690879,0.3079099517062515,Medium,RegolithCovered,background_regolith,Background,Background,-1,-1.0,-1.0,-1.0,0.0,0.012,1.0,-1,,unreal_rockfield.json,unreal_rockfield.json,nan,nan,nan
1952,56.83309427167575,214.2170476393933,0.3432702248280717,Medium,RegolithCovered,background_regolith,Background,Background,-1,-1.0,-1.0,-1.0,0.0,0.012,1.0,-1,,unreal_rockfield.json,unreal_rockfield.json,nan,nan,nan
1953,84.42182683797722,-87.56523331400496,0.27548151939250304,Small,RegolithCovered,background_regolith,Background,Background,-1,-1.0,-1.0,-1.0,0.0,0.012,1.0,-1,,unreal_rockfield.json,unreal_rockfield.json,nan,nan,nan
1954,-29.534287545396268,-67.49931333353678,0.2703013533229728,Small,RegolithCovered,background_regolith,Background,Background,-1,-1.0,-1.0,-1.0,0.0,0.012,1.0,-1,,unreal_rockfield.json,unreal_rockfield.json,nan,nan,nan
1955,-137.90551469466232,42.70302438428905,0.40444189377108436,Medium,RegolithCovered,background_regolith,Background,Background,-1,-1.0,-1.0,-1.0,0.0,0.012,1.0,-1,,unreal_rockfield.json,unreal_rockfield.json,nan,nan,nan
1956,-123.54655598620565,-134.07544175542466,0.27017055963731196,Small,RegolithCovered,background_regolith,Background,Background,-1,-1.0,-1.0,-1.0,0.0,0.012,1.0,-1,,unreal_rockfield.json,unreal_rockfield.json,nan,nan,nan
1957,162.717062898648,246.5819269386883,0.28228124898141627,Small,RegolithCovered,background_regolith,Background,Background,-1,-1.0,-1.0,-1.0,0.0,0.012,1.0,-1,,unreal_rockfield.json,unreal_rockfield.json,nan,nan,nan
1958,-245.89526047547838,3.3646656697287085,0.2652868922603464,Small,RegolithCovered,background_regolith,Background,Background,-1,-1.0,-1.0,-1.0,0.0,0.012,1.0,-1,,unreal_rockfield.json,unreal_rockfield.json,nan,nan,nan
1959,14.687032685323686,-30.556657612842173,0.26971585774451523,Small,RegolithCovered,background_regolith,Background,Background,-1,-1.0,-1.0,-1.0,0.0,0.012,1.0,-1,,unreal_rockfield.json,unreal_rockfield.json,nan,nan,nan
1960,-193.6933500167852,123.34818567461167,0.27308088311919965,Small,RegolithCovered,background_regolith,Background,Background,-1,-1.0,-1.0,-1.0,0.0,0.012,1.0,-1,,unreal_rockfield.json,unreal_rockfield.json,nan,nan,nan
1961,-210.29541917172764,-120.29633472701192,0.26043187822764613,Small,RegolithCovered,background_regolith,Background,Background,-1,-1.0,-1.0,-1.0,0.0,0.012,1.0,-1,,unreal_rockfield.json,unreal_rockfield.json,nan,nan,nan
1962,176.25202185125278,-122.40211188085573,0.3121595933349445,Medium,RegolithCovered,background_regolith,Background,Background,-1,-1.0,-1.0,-1.0,0.0,0.012,1.0,-1,,unreal_rockfield.json,unreal_rockfield.json,nan,nan,nan
1963,102.79396954252758,13.710440382091747,0.26253913927857564,Small,RegolithCovered,background_regolith,Background,Background,-1,-1.0,-1.0,-1.0,0.0,0.012,1.0,-1,,unreal_rockfield.json,unreal_rockfield.json,nan,nan,nan
1964,-76.45649586474195,34.17310098574785,0.2739534733858168,Small,RegolithCovered,background_regolith,Background,Background,-1,-1.0,-1.0,-1.0,0.0,0.012,1.0,-1,,unreal_rockfield.json,unreal_rockfield.json,nan,nan,nan
1965,-72.38227484969633,-183.04239020966216,0.3793969196605523,Medium,RegolithCovered,background_regolith,Background,Background,-1,-1.0,-1.0,-1.0,0.0,0.012,1.0,-1,,unreal_rockfield.json,unreal_rockfield.json,nan,nan,nan
1966,43.46598712118896,-189.98535111545152,0.48399076674313946,Medium,RegolithCovered,background_regolith,Background,Background,-1,-1.0,-1.0,-1.0,0.0,0.012,1.0,-1,,unreal_rockfield.json,unreal_rockfield.json,nan,nan,nan
1967,198.05749687185278,-187.36075930051578,0.31383962729509784,Medium,RegolithCovered,background_regolith,Background,Background,-1,-1.0,-1.0,-1.0,0.0,0.012,1.0,-1,,unreal_rockfield.json,unreal_rockfield.json,nan,nan,nan
1968,66.52272103030487,128.65840632343514,0.268908834624402,Small,RegolithCovered,background_regolith,Background,Background,-1,-1.0,-1.0,-1.0,0.0,0.012,1.0,-1,,unreal_rockfield.json,unreal_rockfield.json,nan,nan,nan
1969,79.84405041657766,22.621845149082958,0.2630601210401155,Small,RegolithCovered,background_regolith,Background,Background,-1,-1.0,-1.0,-1.0,0.0,0.012,1.0,-1,,unreal_rockfield.json,unreal_rockfield.json,nan,nan,nan
1970,-229.73570970793787,-120.89144566179388,0.28334859827461356,Small,RegolithCovered,background_regolith,Background,Background,-1,-1.0,-1.0,-1.0,0.0,0.012,1.0,-1,,unreal_rockfield.json,unreal_rockfield.json,nan,nan,nan
1971,157.95617542039247,26.390881069368618,0.2692287714082974,Small,RegolithCovered,background_regolith,Background,Background,-1,-1.0,-1.0,-1.0,0.0,0.012,1.0,-1,,unreal_rockfield.json,unreal_rockfield.json,nan,nan,nan
1972,-39.468062379833356,-232.34504226813561,0.276535106283742,Small,RegolithCovered,background_regolith,Background,Background,-1,-1.0,-1.0,-1.0,0.0,0.012,1.0,-1,,unreal_rockfield.json,unreal_rockfield.json,nan,nan,nan
1973,-67.54509109775077,-140.91158787804804,0.27768324698689145,Small,RegolithCovered,background_regolith,Background,Background,-1,-1.0,-1.0,-1.0,0.0,0.012,1.0,-1,,unreal_rockfield.json,unreal_rockfield.json,nan,nan,nan
1974,-179.3801690725425,78.83693960386972,0.3055198435831861,Medium,RegolithCovered,background_regolith,Background,Background,-1,-1.0,-1.0,-1.0,0.0,0.012,1.0,-1,,unreal_rockfield.json,unreal_rockfield.json,nan,nan,nan
1975,186.87246314889984,7.194738608966361,0.29987550274047586,Small,RegolithCovered,background_regolith,Background,Background,-1,-1.0,-1.0,-1.0,0.0,0.012,1.0,-1,,unreal_rockfield.json,unreal_rockfield.json,nan,nan,nan
1976,174.49720755638293,36.69087801751766,0.26429072957704075,Small,RegolithCovered,background_regolith,Background,Background,-1,-1.0,-1.0,-1.0,0.0,0.012,1.0,-1,,unreal_rockfield.json,unreal_rockfield.json,nan,nan,nan
1977,-75.47990356151004,247.8637043366802,0.2630269238572843,Small,RegolithCovered,background_regolith,Background,Background,-1,-1.0,-1.0,-1.0,0.0,0.012,1.0,-1,,unreal_rockfield.json,unreal_rockfield.json,nan,nan,nan
1978,-152.157658619953,-82.89590136417738,0.30389990923273136,Medium,RegolithCovered,background_regolith,Background,Background,-1,-1.0,-1.0,-1.0,0.0,0.012,1.0,-1,,unreal_rockfield.json,unreal_rockfield.json,nan,nan,nan
1979,99.1164891506699,182.4320200201422,0.2637036613776335,Small,RegolithCovered,background_regolith,Background,Background,-1,-1.0,-1.0,-1.0,0.0,0.012,1.0,-1,,unreal_rockfield.json,unreal_rockfield.json,nan,nan,nan
1980,-169.35483870967744,45.08346812341682,0.2906809757077223,Small,RegolithCovered,background_regolith,Background,Background,-1,-1.0,-1.0,-1.0,0.0,0.012,1.0,-1,,unreal_rockfield.json,unreal_rockfield.json,nan,nan,nan
1981,231.36844996490368,223.78460036011842,0.26256304676959524,Small,RegolithCovered,background_regolith,Background,Background,-1,-1.0,-1.0,-1.0,0.0,0.012,1.0,-1,,unreal_rockfield.json,unreal_rockfield.json,nan,nan,nan
1982,-170.5450605792413,-244.3235572374645,0.31180204054634325,Medium,RegolithCovered,background_regolith,Background,Background,-1,-1.0,-1.0,-1.0,0.0,0.012,1.0,-1,,unreal_rockfield.json,unreal_rockfield.json,nan,nan,nan
1983,143.6887722403638,198.3321634571368,0.28169917447890336,Small,RegolithCovered,background_regolith,Background,Background,-1,-1.0,-1.0,-1.0,0.0,0.012,1.0,-1,,unreal_rockfield.json,unreal_rockfield.json,nan,nan,nan
1984,238.952299569689,239.94415112765893,0.28438485415715475,Small,RegolithCovered,background_regolith,Background,Background,-1,-1.0,-1.0,-1.0,0.0,0.012,1.0,-1,,unreal_rockfield.json,unreal_rockfield.json,nan,nan,nan
1985,-104.59456160161136,-195.00564592425306,0.27351273291129796,Small,RegolithCovered,background_regolith,Background,Background,-1,-1.0,-1.0,-1.0,0.0,0.012,1.0,-1,,unreal_rockfield.json,unreal_rockfield.json,nan,nan,nan
1986,244.24726096377452,-124.56892605365155,0.2710627391713082,Small,RegolithCovered,background_regolith,Background,Background,-1,-1.0,-1.0,-1.0,0.0,0.012,1.0,-1,,unreal_rockfield.json,unreal_rockfield.json,nan,nan,nan
1987,-0.29755546739096417,121.31870479445786,0.32557099499217074,Medium,RegolithCovered,background_regolith,Background,Background,-1,-1.0,-1.0,-1.0,0.0,0.012,1.0,-1,,unreal_rockfield.json,unreal_rockfield.json,nan,nan,nan
1988,-121.71544541764581,94.05041657765435,0.27424922527017875,Small,RegolithCovered,background_regolith,Background,Background,-1,-1.0,-1.0,-1.0,0.0,0.012,1.0,-1,,unreal_rockfield.json,unreal_rockfield.json,nan,nan,nan
1989,88.8164922025208,-150.0518814661092,0.2628296930100018,Small,RegolithCovered,background_regolith,Background,Background,-1,-1.0,-1.0,-1.0,0.0,0.012,1.0,-1,,unreal_rockfield.json,unreal_rockfield.json,nan,nan,nan
1990,87.93145542771691,1.7319254127628483,0.27695440280399425,Small,RegolithCovered,background_regolith,Background,Background,-1,-1.0,-1.0,-1.0,0.0,0.012,1.0,-1,,unreal_rockfield.json,unreal_rockfield.json,nan,nan,nan
1991,-197.70653401287882,243.91155735953856,0.29058646301954466,Small,RegolithCovered,background_regolith,Background,Background,-1,-1.0,-1.0,-1.0,0.0,0.012,1.0,-1,,unreal_rockfield.json,unreal_rockfield.json,nan,nan,nan
1992,-103.87737662892545,-222.7622302926725,0.26520105259133414,Small,RegolithCovered,background_regolith,Background,Background,-1,-1.0,-1.0,-1.0,0.0,0.012,1.0,-1,,unreal_rockfield.json,unreal_rockfield.json,nan,nan,nan
1993,242.3398541215247,-176.26728110599078,0.30583300481027564,Medium,RegolithCovered,background_regolith,Background,Background,-1,-1.0,-1.0,-1.0,0.0,0.012,1.0,-1,,unreal_rockfield.json,unreal_rockfield.json,nan,nan,nan
1994,-225.14267403180028,-225.92089602343822,0.2824521512919195,Small,RegolithCovered,background_regolith,Background,Background,-1,-1.0,-1.0,-1.0,0.0,0.012,1.0,-1,,unreal_rockfield.json,unreal_rockfield.json,nan,nan,nan
1995,-191.93853572191534,-208.18964201788384,0.2898933381235693,Small,RegolithCovered,background_regolith,Background,Background,-1,-1.0,-1.0,-1.0,0.0,0.012,1.0,-1,,unreal_rockfield.json,unreal_rockfield.json,nan,nan,nan
1996,48.63887447737051,170.4687643055513,0.4299477945084136,Medium,RegolithCovered,background_regolith,Background,Background,-1,-1.0,-1.0,-1.0,0.0,0.012,1.0,-1,,unreal_rockfield.json,unreal_rockfield.json,nan,nan,nan
1997,24.66658528397477,145.44358653523358,0.2877261391054915,Small,RegolithCovered,background_regolith,Background,Background,-1,-1.0,-1.0,-1.0,0.0,0.012,1.0,-1,,unreal_rockfield.json,unreal_rockfield.json,nan,nan,nan
1998,222.09082308420057,-105.46433912167728,0.3394032505166293,Medium,RegolithCovered,background_regolith,Background,Background,-1,-1.0,-1.0,-1.0,0.0,0.012,1.0,-1,,unreal_rockfield.json,unreal_rockfield.json,nan,nan,nan
1999,59.53398236030148,79.5541245765557,0.4955351607965487,Medium,RegolithCovered,background_regolith,Background,Background,-1,-1.0,-1.0,-1.0,0.0,0.012,1.0,-1,,unreal_rockfield.json,unreal_rockfield.json,nan,nan,nan
2000,-246.8718527787103,-168.02728354747154,0.2671874646076209,Small,RegolithCovered,background_regolith,Background,Background,-1,-1.0,-1.0,-1.0,0.0,0.012,1.0,-1,,unreal_rockfield.json,unreal_rockfield.json,nan,nan,nan
2001,-93.05856501968444,38.41517380291151,0.30006047205848724,Medium,RegolithCovered,background_regolith,Background,Background,-1,-1.0,-1.0,-1.0,0.0,0.012,1.0,-1,,unreal_rockfield.json,unreal_rockfield.json,nan,nan,nan
2002,163.05276650288397,-60.84627826776941,0.3163612636133488,Medium,RegolithCovered,background_regolith,Background,Background,-1,-1.0,-1.0,-1.0,0.0,0.012,1.0,-1,,unreal_rockfield.json,unreal_rockfield.json,nan,nan,nan
2003,158.07824945829645,-89.0911587878048,0.2773053905805683,Small,RegolithCovered,background_regolith,Background,Background,-1,-1.0,-1.0,-1.0,0.0,0.012,1.0,-1,,unreal_rockfield.json,unreal_rockfield.json,nan,nan,nan
2004,174.7260963774529,-224.76119266335033,0.30751073691977243,Medium,RegolithCovered,background_regolith,Background,Background,-1,-1.0,-1.0,-1.0,0.0,0.012,1.0,-1,,unreal_rockfield.json,unreal_rockfield.json,nan,nan,nan
2005,-203.56608783227028,55.36820581682787,0.3275227703177178,Medium,RegolithCovered,background_regolith,Background,Background,-1,-1.0,-1.0,-1.0,0.0,0.012,1.0,-1,,unreal_rockfield.json,unreal_rockfield.json,nan,nan,nan
2006,-12.428662984099873,66.84316537980283,0.2659355989948143,Small,RegolithCovered,background_regolith,Background,Background,-1,-1.0,-1.0,-1.0,0.0,0.012,1.0,-1,,unreal_rockfield.json,unreal_rockfield.json,nan,nan,nan
2007,4.524369029816569,-228.48445081942197,0.26162343627205187,Small,RegolithCovered,background_regolith,Background,Background,-1,-1.0,-1.0,-1.0,0.0,0.012,1.0,-1,,unreal_rockfield.json,unreal_rockfield.json,nan,nan,nan
2008,18.852809228797298,167.5084688863796,0.6823341618739909,Medium,RegolithCovered,background_regolith,Background,Background,-1,-1.0,-1.0,-1.0,0.0,0.012,1.0,-1,,unreal_rockfield.json,unreal_rockfield.json,nan,nan,nan
2009,-26.0704367198706,200.16327402569658,0.3140069866110213,Medium,RegolithCovered,background_regolith,Background,Background,-1,-1.0,-1.0,-1.0,0.0,0.012,1.0,-1,,unreal_rockfield.json,unreal_rockfield.json,nan,nan,nan
2010,155.22476882229068,110.24048585467085,0.2805244704337261,Small,RegolithCovered,background_regolith,Background,Background,-1,-1.0,-1.0,-1.0,0.0,0.012,1.0,-1,,unreal_rockfield.json,unreal_rockfield.json,nan,nan,nan
2011,117.07663197729426,110.34730063783684,0.3047759052080532,Medium,RegolithCovered,background_regolith,Background,Background,-1,-1.0,-1.0,-1.0,0.0,0.012,1.0,-1,,unreal_rockfield.json,unreal_rockfield.json,nan,nan,nan
2012,-47.93694875942259,-191.2823877681814,0.33147983205151277,Medium,RegolithCovered,background_regolith,Background,Background,-1,-1.0,-1.0,-1.0,0.0,0.012,1.0,-1,,unreal_rockfield.json,unreal_rockfield.json,nan,nan,nan
2013,-180.66194647053436,-181.94372386852626,0.3430467679205212,Medium,RegolithCovered,background_regolith,Background,Background,-1,-1.0,-1.0,-1.0,0.0,0.012,1.0,-1,,unreal_rockfield.json,unreal_rockfield.json,nan,nan,nan
2014,-21.40110477004302,-217.390972624897,0.2609664956747389,Small,RegolithCovered,background_regolith,Background,Background,-1,-1.0,-1.0,-1.0,0.0,0.012,1.0,-1,,unreal_rockfield.json,unreal_rockfield.json,nan,nan,nan
2015,-114.46729941709646,-243.20963164159062,0.299515243436655,Small,RegolithCovered,background_regolith,Background,Background,-1,-1.0,-1.0,-1.0,0.0,0.012,1.0,-1,,unreal_rockfield.json,unreal_rockfield.json,nan,nan,nan
2016,-177.74742881557665,0.23651844843897152,0.3826833764147211,Medium,RegolithCovered,background_regolith,Background,Background,-1,-1.0,-1.0,-1.0,0.0,0.012,1.0,-1,,unreal_rockfield.json,unreal_rockfield.json,nan,nan,nan
2017,59.64079714346752,176.52668843653674,0.27135119391794876,Small,RegolithCovered,background_regolith,Background,Background,-1,-1.0,-1.0,-1.0,0.0,0.012,1.0,-1,,unreal_rockfield.json,unreal_rockfield.json,nan,nan,nan
2018,-176.28254036072877,-14.595477156895669,0.2657401010767138,Small,RegolithCovered,background_regolith,Background,Background,-1,-1.0,-1.0,-1.0,0.0,0.012,1.0,-1,,unreal_rockfield.json,unreal_rockfield.json,nan,nan,nan
2019,-128.44477675710317,-229.43052461317788,0.293543276286332,Small,RegolithCovered,background_regolith,Background,Background,-1,-1.0,-1.0,-1.0,0.0,0.012,1.0,-1,,unreal_rockfield.json,unreal_rockfield.json,nan,nan,nan
2020,100.82552568132576,162.33558153019806,0.30377019081358736,Medium,RegolithCovered,background_regolith,Background,Background,-1,-1.0,-1.0,-1.0,0.0,0.012,1.0,-1,,unreal_rockfield.json,unreal_rockfield.json,nan,nan,nan
2021,23.67473372600483,-91.73100985747857,0.26028455264115635,Small,RegolithCovered,background_regolith,Background,Background,-1,-1.0,-1.0,-1.0,0.0,0.012,1.0,-1,,unreal_rockfield.json,unreal_rockfield.json,nan,nan,nan
2022,24.376659443952747,-49.20346690267647,0.2867021774391437,Small,RegolithCovered,background_regolith,Background,Background,-1,-1.0,-1.0,-1.0,0.0,0.012,1.0,-1,,unreal_rockfield.json,unreal_rockfield.json,nan,nan,nan
2023,14.229255043183684,-229.11008026367992,0.3052947650788971,Medium,RegolithCovered,background_regolith,Background,Background,-1,-1.0,-1.0,-1.0,0.0,0.012,1.0,-1,,unreal_rockfield.json,unreal_rockfield.json,nan,nan,nan
2024,218.2760093997009,-189.77172154911955,0.26350633106898885,Small,RegolithCovered,background_regolith,Background,Background,-1,-1.0,-1.0,-1.0,0.0,0.012,1.0,-1,,unreal_rockfield.json,unreal_rockfield.json,nan,nan,nan
2025,138.25647755363627,238.52504043702504,0.3019082897277832,Medium,RegolithCovered,background_regolith,Background,Background,-1,-1.0,-1.0,-1.0,0.0,0.012,1.0,-1,,unreal_rockfield.json,unreal_rockfield.json,nan,nan,nan
2026,56.97042756431773,203.5355693227943,0.27139515802115927,Small,RegolithCovered,background_regolith,Background,Background,-1,-1.0,-1.0,-1.0,0.0,0.012,1.0,-1,,unreal_rockfield.json,unreal_rockfield.json,nan,nan,nan
2027,-149.8992889187292,42.24524674214911,0.2684763352084701,Small,RegolithCovered,background_regolith,Background,Background,-1,-1.0,-1.0,-1.0,0.0,0.012,1.0,-1,,unreal_rockfield.json,unreal_rockfield.json,nan,nan,nan
2028,215.31571398052915,247.9552598651082,0.2932082814379209,Small,RegolithCovered,background_regolith,Background,Background,-1,-1.0,-1.0,-1.0,0.0,0.012,1.0,-1,,unreal_rockfield.json,unreal_rockfield.json,nan,nan,nan
2029,149.71617786187323,168.21039460432752,0.3800908216067847,Medium,RegolithCovered,background_regolith,Background,Background,-1,-1.0,-1.0,-1.0,0.0,0.012,1.0,-1,,unreal_rockfield.json,unreal_rockfield.json,nan,nan,nan
2030,-226.79067354350414,76.48701437421795,0.2965013258245988,Small,RegolithCovered,background_regolith,Background,Background,-1,-1.0,-1.0,-1.0,0.0,0.012,1.0,-1,,unreal_rockfield.json,unreal_rockfield.json,nan,nan,nan
2031,107.49382000183112,-36.87398907437361,0.2776657188556513,Small,RegolithCovered,background_regolith,Background,Background,-1,-1.0,-1.0,-1.0,0.0,0.012,1.0,-1,,unreal_rockfield.json,unreal_rockfield.json,nan,nan,nan
2032,-118.83144627216407,89.18271431623282,0.3128449066229825,Medium,RegolithCovered,background_regolith,Background,Background,-1,-1.0,-1.0,-1.0,0.0,0.012,1.0,-1,,unreal_rockfield.json,unreal_rockfield.json,nan,nan,nan
2033,-194.5020905178991,35.287026581621774,0.32169431592494013,Medium,RegolithCovered,background_regolith,Background,Background,-1,-1.0,-1.0,-1.0,0.0,0.012,1.0,-1,,unreal_rockfield.json,unreal_rockfield.json,nan,nan,nan
2034,237.21274452955714,-235.70207831049532,0.26768141395112965,Small,RegolithCovered,background_regolith,Background,Background,-1,-1.0,-1.0,-1.0,0.0,0.012,1.0,-1,,unreal_rockfield.json,unreal_rockfield.json,nan,nan,nan
2035,-216.03289895321512,55.20035401470989,0.35035533953906395,Medium,RegolithCovered,background_regolith,Background,Background,-1,-1.0,-1.0,-1.0,0.0,0.012,1.0,-1,,unreal_rockfield.json,unreal_rockfield.json,nan,nan,nan
2036,-198.8204596087527,-35.27176732688375,0.27975454348050405,Small,RegolithCovered,background_regolith,Background,Background,-1,-1.0,-1.0,-1.0,0.0,0.012,1.0,-1,,unreal_rockfield.json,unreal_rockfield.json,nan,nan,nan
2037,-19.875179296243175,125.74388866847744,0.27519706822594936,Small,RegolithCovered,background_regolith,Background,Background,-1,-1.0,-1.0,-1.0,0.0,0.012,1.0,-1,,unreal_rockfield.json,unreal_rockfield.json,nan,nan,nan
2038,-36.111026337473675,149.56358531449325,0.30601545865328617,Medium,RegolithCovered,background_regolith,Background,Background,-1,-1.0,-1.0,-1.0,0.0,0.012,1.0,-1,,unreal_rockfield.json,unreal_rockfield.json,nan,nan,nan
2039,66.73635059663684,199.2477187414167,0.2690730029041104,Small,RegolithCovered,background_regolith,Background,Background,-1,-1.0,-1.0,-1.0,0.0,0.012,1.0,-1,,unreal_rockfield.json,unreal_rockfield.json,nan,nan,nan
2040,-14.610736411633667,25.97888119144261,0.33893042091805153,Medium,RegolithCovered,background_regolith,Background,Background,-1,-1.0,-1.0,-1.0,0.0,0.012,1.0,-1,,unreal_rockfield.json,unreal_rockfield.json,nan,nan,nan
2041,-20.22614215521716,-243.78948332163458,0.26653315151534224,Small,RegolithCovered,background_regolith,Background,Background,-1,-1.0,-1.0,-1.0,0.0,0.012,1.0,-1,,unreal_rockfield.json,unreal_rockfield.json,nan,nan,nan
2042,105.76952421643728,-114.39100314340646,0.2771592039676433,Small,RegolithCovered,background_regolith,Background,Background,-1,-1.0,-1.0,-1.0,0.0,0.012,1.0,-1,,unreal_rockfield.json,unreal_rockfield.json,nan,nan,nan
2043,205.13779107028415,-185.04135258033998,0.2633487771267996,Small,RegolithCovered,background_regolith,Background,Background,-1,-1.0,-1.0,-1.0,0.0,0.012,1.0,-1,,unreal_rockfield.json,unreal_rockfield.json,nan,nan,nan
2044,0.022888882106997244,103.35856196783351,0.2802555220281696,Small,RegolithCovered,background_regolith,Background,Background,-1,-1.0,-1.0,-1.0,0.0,0.012,1.0,-1,,unreal_rockfield.json,unreal_rockfield.json,nan,nan,nan
2045,9.987182226020082,0.373851741080955,0.2971005476781235,Small,RegolithCovered,background_regolith,Background,Background,-1,-1.0,-1.0,-1.0,0.0,0.012,1.0,-1,,unreal_rockfield.json,unreal_rockfield.json,nan,nan,nan
2046,-115.30655842768638,-29.137546922208315,0.36009650464612597,Medium,RegolithCovered,background_regolith,Background,Background,-1,-1.0,-1.0,-1.0,0.0,0.012,1.0,-1,,unreal_rockfield.json,unreal_rockfield.json,nan,nan,nan
2047,194.65468306527913,51.73650318918419,0.6156126404312915,Medium,RegolithCovered,background_regolith,Background,Background,-1,-1.0,-1.0,-1.0,0.0,0.012,1.0,-1,,unreal_rockfield.json,unreal_rockfield.json,nan,nan,nan
2048,-226.0887478255562,129.787591174047,0.2732334007742395,Small,RegolithCovered,background_regolith,Background,Background,-1,-1.0,-1.0,-1.0,0.0,0.012,1.0,-1,,unreal_rockfield.json,unreal_rockfield.json,nan,nan,nan
2049,40.87191381572927,-19.50895718253122,0.2610710811529707,Small,RegolithCovered,background_regolith,Background,Background,-1,-1.0,-1.0,-1.0,0.0,0.012,1.0,-1,,unreal_rockfield.json,unreal_rockfield.json,nan,nan,nan
2050,-184.24787133396404,-201.56712546159247,0.2856597775198429,Small,RegolithCovered,background_regolith,Background,Background,-1,-1.0,-1.0,-1.0,0.0,0.012,1.0,-1,,unreal_rockfield.json,unreal_rockfield.json,nan,nan,nan
2051,-118.16003906369212,-213.3014923551134,0.28313486793581294,Small,RegolithCovered,background_regolith,Background,Background,-1,-1.0,-1.0,-1.0,0.0,0.012,1.0,-1,,unreal_rockfield.json,unreal_rockfield.json,nan,nan,nan
2052,1.4419995727408832,187.83379619739372,0.2827582325267439,Small,RegolithCovered,background_regolith,Background,Background,-1,-1.0,-1.0,-1.0,0.0,0.012,1.0,-1,,unreal_rockfield.json,unreal_rockfield.json,nan,nan,nan
2053,54.08642841883602,-103.4653767509995,0.27607599901874036,Small,RegolithCovered,background_regolith,Background,Background,-1,-1.0,-1.0,-1.0,0.0,0.012,1.0,-1,,unreal_rockfield.json,unreal_rockfield.json,nan,nan,nan
2054,19.890438550981173,-84.10138248847926,0.26916912980552027,Small,RegolithCovered,background_regolith,Background,Background,-1,-1.0,-1.0,-1.0,0.0,0.012,1.0,-1,,unreal_rockfield.json,unreal_rockfield.json,nan,nan,nan
2055,-150.46388134403514,-22.408215582750927,0.30309328007118064,Medium,RegolithCovered,background_regolith,Background,Background,-1,-1.0,-1.0,-1.0,0.0,0.012,1.0,-1,,unreal_rockfield.json,unreal_rockfield.json,nan,nan,nan
2056,-185.8653523361919,-209.47141941587574,0.26629484104052226,Small,RegolithCovered,background_regolith,Background,Background,-1,-1.0,-1.0,-1.0,0.0,0.012,1.0,-1,,unreal_rockfield.json,unreal_rockfield.json,nan,nan,nan
2057,-93.92834253975036,214.26282540360728,0.2702871469852677,Small,RegolithCovered,background_regolith,Background,Background,-1,-1.0,-1.0,-1.0,0.0,0.012,1.0,-1,,unreal_rockfield.json,unreal_rockfield.json,nan,nan,nan
2058,172.36091189306313,-20.668660542619108,0.26602749530636527,Small,RegolithCovered,background_regolith,Background,Background,-1,-1.0,-1.0,-1.0,0.0,0.012,1.0,-1,,unreal_rockfield.json,unreal_rockfield.json,nan,nan,nan
2059,191.67912839136937,166.74550614947964,0.28139972968434873,Small,RegolithCovered,background_regolith,Background,Background,-1,-1.0,-1.0,-1.0,0.0,0.012,1.0,-1,,unreal_rockfield.json,unreal_rockfield.json,nan,nan,nan
2060,142.69692068239385,-245.19333475753044,0.29399057119208133,Small,RegolithCovered,background_regolith,Background,Background,-1,-1.0,-1.0,-1.0,0.0,0.012,1.0,-1,,unreal_rockfield.json,unreal_rockfield.json,nan,nan,nan
2061,-208.11334574419385,184.47676015503401,0.30582886798132375,Medium,RegolithCovered,background_regolith,Background,Background,-1,-1.0,-1.0,-1.0,0.0,0.012,1.0,-1,,unreal_rockfield.json,unreal_rockfield.json,nan,nan,nan
2062,-116.2678914761803,136.0133671071505,0.3093172410515974,Medium,RegolithCovered,background_regolith,Background,Background,-1,-1.0,-1.0,-1.0,0.0,0.012,1.0,-1,,unreal_rockfield.json,unreal_rockfield.json,nan,nan,nan
2063,37.11813715018161,183.45439008758814,0.37623515237888033,Medium,RegolithCovered,background_regolith,Background,Background,-1,-1.0,-1.0,-1.0,0.0,0.012,1.0,-1,,unreal_rockfield.json,unreal_rockfield.json,nan,nan,nan
2064,-58.7862788781396,-222.9453413495285,0.2914032354866915,Small,RegolithCovered,background_regolith,Background,Background,-1,-1.0,-1.0,-1.0,0.0,0.012,1.0,-1,,unreal_rockfield.json,unreal_rockfield.json,nan,nan,nan
2065,43.923764763328904,115.19974364452042,0.26230224296196636,Small,RegolithCovered,background_regolith,Background,Background,-1,-1.0,-1.0,-1.0,0.0,0.012,1.0,-1,,unreal_rockfield.json,unreal_rockfield.json,nan,nan,nan
2066,60.51057466353342,-179.70061342204048,0.35699393203496244,Medium,RegolithCovered,background_regolith,Background,Background,-1,-1.0,-1.0,-1.0,0.0,0.012,1.0,-1,,unreal_rockfield.json,unreal_rockfield.json,nan,nan,nan
2067,-67.97235023041475,-158.5207678456984,0.2606439868127879,Small,RegolithCovered,background_regolith,Background,Background,-1,-1.0,-1.0,-1.0,0.0,0.012,1.0,-1,,unreal_rockfield.json,unreal_rockfield.json,nan,nan,nan
2068,195.768608661153,70.36805322428052,0.26228725810351466,Small,RegolithCovered,background_regolith,Background,Background,-1,-1.0,-1.0,-1.0,0.0,0.012,1.0,-1,,unreal_rockfield.json,unreal_rockfield.json,nan,nan,nan
2069,-249.984740745262,68.61323892941067,0.2902437879618005,Small,RegolithCovered,background_regolith,Background,Background,-1,-1.0,-1.0,-1.0,0.0,0.012,1.0,-1,,unreal_rockfield.json,unreal_rockfield.json,nan,nan,nan
2070,41.924802392651145,196.9740897854549,0.26965846931383636,Small,RegolithCovered,background_regolith,Background,Background,-1,-1.0,-1.0,-1.0,0.0,0.012,1.0,-1,,unreal_rockfield.json,unreal_rockfield.json,nan,nan,nan
2071,-60.22064882351148,178.40357676931058,0.2602351968559311,Small,RegolithCovered,background_regolith,Background,Background,-1,-1.0,-1.0,-1.0,0.0,0.012,1.0,-1,,unreal_rockfield.json,unreal_rockfield.json,nan,nan,nan
2072,-111.11026337473677,172.5287636951811,0.3225625932061411,Medium,RegolithCovered,background_regolith,Background,Background,-1,-1.0,-1.0,-1.0,0.0,0.012,1.0,-1,,unreal_rockfield.json,unreal_rockfield.json,nan,nan,nan
2073,-74.68642231513411,-95.33219397564625,0.37536852057711356,Medium,RegolithCovered,background_regolith,Background,Background,-1,-1.0,-1.0,-1.0,0.0,0.012,1.0,-1,,unreal_rockfield.json,unreal_rockfield.json,nan,nan,nan
2074,60.15961180455946,236.26667073580126,0.2890367373146895,Small,RegolithCovered,background_regolith,Background,Background,-1,-1.0,-1.0,-1.0,0.0,0.012,1.0,-1,,unreal_rockfield.json,unreal_rockfield.json,nan,nan,nan
2075,68.24701681569871,33.98998992889187,0.2741045592067063,Small,RegolithCovered,background_regolith,Background,Background,-1,-1.0,-1.0,-1.0,0.0,0.012,1.0,-1,,unreal_rockfield.json,unreal_rockfield.json,nan,nan,nan
2076,-157.94091616565447,-215.68193609424117,0.3137486329314839,Medium,RegolithCovered,background_regolith,Background,Background,-1,-1.0,-1.0,-1.0,0.0,0.012,1.0,-1,,unreal_rockfield.json,unreal_rockfield.json,nan,nan,nan
2077,222.10608233893856,-156.62862025818657,0.32009335052296006,Medium,RegolithCovered,background_regolith,Background,Background,-1,-1.0,-1.0,-1.0,0.0,0.012,1.0,-1,,unreal_rockfield.json,unreal_rockfield.json,nan,nan,nan
2078,-179.42594683675648,155.28580584124273,0.2925705336147623,Small,RegolithCovered,background_regolith,Background,Background,-1,-1.0,-1.0,-1.0,0.0,0.012,1.0,-1,,unreal_rockfield.json,unreal_rockfield.json,nan,nan,nan
2079,-116.58833582567826,14.198736533707688,0.6304934766906031,Medium,RegolithCovered,background_regolith,Background,Background,-1,-1.0,-1.0,-1.0,0.0,0.012,1.0,-1,,unreal_rockfield.json,unreal_rockfield.json,nan,nan,nan
2080,107.96685689870907,247.57377849665824,0.36312173114044627,Medium,RegolithCovered,background_regolith,Background,Background,-1,-1.0,-1.0,-1.0,0.0,0.012,1.0,-1,,unreal_rockfield.json,unreal_rockfield.json,nan,nan,nan
2081,-87.79412213507493,-32.70821253089997,0.36785272606419606,Medium,RegolithCovered,background_regolith,Background,Background,-1,-1.0,-1.0,-1.0,0.0,0.012,1.0,-1,,unreal_rockfield.json,unreal_rockfield.json,nan,nan,nan
2082,249.00814844203006,209.91393780327763,0.37174609071482645,Medium,RegolithCovered,background_regolith,Background,Background,-1,-1.0,-1.0,-1.0,0.0,0.012,1.0,-1,,unreal_rockfield.json,unreal_rockfield.json,nan,nan,nan
2083,-80.89693899349956,137.89025543992432,0.32708732551753167,Medium,RegolithCovered,background_regolith,Background,Background,-1,-1.0,-1.0,-1.0,0.0,0.012,1.0,-1,,unreal_rockfield.json,unreal_rockfield.json,nan,nan,nan
2084,-165.58580278939178,22.011474959562975,0.30368786711226414,Medium,RegolithCovered,background_regolith,Background,Background,-1,-1.0,-1.0,-1.0,0.0,0.012,1.0,-1,,unreal_rockfield.json,unreal_rockfield.json,nan,nan,nan
2085,126.18640705587939,-163.41898861659598,0.2649583351906605,Small,RegolithCovered,background_regolith,Background,Background,-1,-1.0,-1.0,-1.0,0.0,0.012,1.0,-1,,unreal_rockfield.json,unreal_rockfield.json,nan,nan,nan
2086,202.77260658589438,71.72612689596241,0.3265734521151044,Medium,RegolithCovered,background_regolith,Background,Background,-1,-1.0,-1.0,-1.0,0.0,0.012,1.0,-1,,unreal_rockfield.json,unreal_rockfield.json,nan,nan,nan
2087,241.72948393200477,212.96578875087738,0.26987611810579715,Small,RegolithCovered,background_regolith,Background,Background,-1,-1.0,-1.0,-1.0,0.0,0.012,1.0,-1,,unreal_rockfield.json,unreal_rockfield.json,nan,nan,nan
2088,-228.04193243202002,-229.2168950468459,0.302378706619584,Medium,RegolithCovered,background_regolith,Background,Background,-1,-1.0,-1.0,-1.0,0.0,0.012,1.0,-1,,unreal_rockfield.json,unreal_rockfield.json,nan,nan,nan
2089,83.7656788842433,138.0581072420423,0.27021777750029663,Small,RegolithCovered,background_regolith,Background,Background,-1,-1.0,-1.0,-1.0,0.0,0.012,1.0,-1,,unreal_rockfield.json,unreal_rockfield.json,nan,nan,nan
2090,192.6862392040773,-225.82934049501023,0.26693167967634646,Small,RegolithCovered,background_regolith,Background,Background,-1,-1.0,-1.0,-1.0,0.0,0.012,1.0,-1,,unreal_rockfield.json,unreal_rockfield.json,nan,nan,nan
2091,-220.10711996826075,238.906521805475,0.31620534243817333,Medium,RegolithCovered,background_regolith,Background,Background,-1,-1.0,-1.0,-1.0,0.0,0.012,1.0,-1,,unreal_rockfield.json,unreal_rockfield.json,nan,nan,nan
2092,-153.25632496108892,-86.43604846339306,0.2757830487122976,Small,RegolithCovered,background_regolith,Background,Background,-1,-1.0,-1.0,-1.0,0.0,0.012,1.0,-1,,unreal_rockfield.json,unreal_rockfield.json,nan,nan,nan
2093,-200.27008880886257,40.32258064516134,0.26690019810789634,Small,RegolithCovered,background_regolith,Background,Background,-1,-1.0,-1.0,-1.0,0.0,0.012,1.0,-1,,unreal_rockfield.json,unreal_rockfield.json,nan,nan,nan
2094,-87.56523331400496,-37.39280373546555,0.26790308708824007,Small,RegolithCovered,background_regolith,Background,Background,-1,-1.0,-1.0,-1.0,0.0,0.012,1.0,-1,,unreal_rockfield.json,unreal_rockfield.json,nan,nan,nan
2095,-222.02978606524857,-117.50389110995818,0.284911866628161,Small,RegolithCovered,background_regolith,Background,Background,-1,-1.0,-1.0,-1.0,0.0,0.012,1.0,-1,,unreal_rockfield.json,unreal_rockfield.json,nan,nan,nan
2096,-29.2596209601123,-243.16385387737662,0.30705572915369306,Medium,RegolithCovered,background_regolith,Background,Background,-1,-1.0,-1.0,-1.0,0.0,0.012,1.0,-1,,unreal_rockfield.json,unreal_rockfield.json,nan,nan,nan
2097,0.05340739158299357,176.95394756920075,0.29000796581000077,Small,RegolithCovered,background_regolith,Background,Background,-1,-1.0,-1.0,-1.0,0.0,0.012,1.0,-1,,unreal_rockfield.json,unreal_rockfield.json,nan,nan,nan
2098,122.58522293771176,-67.80449842829674,0.2623835271802713,Small,RegolithCovered,background_regolith,Background,Background,-1,-1.0,-1.0,-1.0,0.0,0.012,1.0,-1,,unreal_rockfield.json,unreal_rockfield.json,nan,nan,nan
2099,-17.03695791497543,-176.19098483230079,0.2728711880667726,Small,RegolithCovered,background_regolith,Background,Background,-1,-1.0,-1.0,-1.0,0.0,0.012,1.0,-1,,unreal_rockfield.json,unreal_rockfield.json,nan,nan,nan
2100,11.177404095583995,60.785241248817385,0.26413080638424363,Small,RegolithCovered,background_regolith,Background,Background,-1,-1.0,-1.0,-1.0,0.0,0.012,1.0,-1,,unreal_rockfield.json,unreal_rockfield.json,nan,nan,nan
2101,231.99407940916166,-70.73427533799247,0.4205451071580831,Medium,RegolithCovered,background_regolith,Background,Background,-1,-1.0,-1.0,-1.0,0.0,0.012,1.0,-1,,unreal_rockfield.json,unreal_rockfield.json,nan,nan,nan
2102,185.9263893551439,188.45942564165165,0.2772553116803506,Small,RegolithCovered,background_regolith,Background,Background,-1,-1.0,-1.0,-1.0,0.0,0.012,1.0,-1,,unreal_rockfield.json,unreal_rockfield.json,nan,nan,nan
2103,-75.67827387310402,18.959624011963285,0.2615049155041125,Small,RegolithCovered,background_regolith,Background,Background,-1,-1.0,-1.0,-1.0,0.0,0.012,1.0,-1,,unreal_rockfield.json,unreal_rockfield.json,nan,nan,nan
2104,91.09012115848265,151.97454756309702,0.27399206144013766,Small,RegolithCovered,background_regolith,Background,Background,-1,-1.0,-1.0,-1.0,0.0,0.012,1.0,-1,,unreal_rockfield.json,unreal_rockfield.json,nan,nan,nan
2105,-96.7818231757561,-68.96420178838466,0.26107228518691555,Small,RegolithCovered,background_regolith,Background,Background,-1,-1.0,-1.0,-1.0,0.0,0.012,1.0,-1,,unreal_rockfield.json,unreal_rockfield.json,nan,nan,nan
2106,-198.9730521561327,14.59547715689564,0.5273794785285926,Medium,RegolithCovered,background_regolith,Background,Background,-1,-1.0,-1.0,-1.0,0.0,0.012,1.0,-1,,unreal_rockfield.json,unreal_rockfield.json,nan,nan,nan
2107,-104.2741172521134,176.92342905972475,0.28610957406726206,Small,RegolithCovered,background_regolith,Background,Background,-1,-1.0,-1.0,-1.0,0.0,0.012,1.0,-1,,unreal_rockfield.json,unreal_rockfield.json,nan,nan,nan
2108,142.62062440870386,-58.648945585497614,0.26137587528572176,Small,RegolithCovered,background_regolith,Background,Background,-1,-1.0,-1.0,-1.0,0.0,0.012,1.0,-1,,unreal_rockfield.json,unreal_rockfield.json,nan,nan,nan
2109,233.90148625141148,-33.45591601306191,0.3184049606097897,Medium,RegolithCovered,background_regolith,Background,Background,-1,-1.0,-1.0,-1.0,0.0,0.012,1.0,-1,,unreal_rockfield.json,unreal_rockfield.json,nan,nan,nan
2110,230.98696859645372,-219.93926816614277,0.3414842720771743,Medium,RegolithCovered,background_regolith,Background,Background,-1,-1.0,-1.0,-1.0,0.0,0.012,1.0,-1,,unreal_rockfield.json,unreal_rockfield.json,nan,nan,nan
2111,-1.3962218085268603,-2.9526657918027297,0.32419900147759806,Medium,RegolithCovered,background_regolith,Background,Background,-1,-1.0,-1.0,-1.0,0.0,0.012,1.0,-1,,unreal_rockfield.json,unreal_rockfield.json,nan,nan,nan
2112,-114.69618823816643,-43.00820947904904,0.285458673693747,Small,RegolithCovered,background_regolith,Background,Background,-1,-1.0,-1.0,-1.0,0.0,0.012,1.0,-1,,unreal_rockfield.json,unreal_rockfield.json,nan,nan,nan
2113,-143.85662404248177,184.15631580553605,0.30280893284725907,Medium,RegolithCovered,background_regolith,Background,Background,-1,-1.0,-1.0,-1.0,0.0,0.012,1.0,-1,,unreal_rockfield.json,unreal_rockfield.json,nan,nan,nan
2114,74.03027436140019,-25.42954802087465,0.26924867486694315,Small,RegolithCovered,background_regolith,Background,Background,-1,-1.0,-1.0,-1.0,0.0,0.012,1.0,-1,,unreal_rockfield.json,unreal_rockfield.json,nan,nan,nan
2115,-143.73455000457778,-35.8973967711417,0.26891338431636036,Small,RegolithCovered,background_regolith,Background,Background,-1,-1.0,-1.0,-1.0,0.0,0.012,1.0,-1,,unreal_rockfield.json,unreal_rockfield.json,nan,nan,nan
2116,150.9063997314371,-249.34385204626605,0.2663933478746712,Small,RegolithCovered,background_regolith,Background,Background,-1,-1.0,-1.0,-1.0,0.0,0.012,1.0,-1,,unreal_rockfield.json,unreal_rockfield.json,nan,nan,nan
2117,45.556505020294765,-202.86416211432234,0.2801635339209213,Small,RegolithCovered,background_regolith,Background,Background,-1,-1.0,-1.0,-1.0,0.0,0.012,1.0,-1,,unreal_rockfield.json,unreal_rockfield.json,nan,nan,nan
2118,-126.84255500961333,202.31482894375443,0.26323558633769606,Small,RegolithCovered,background_regolith,Background,Background,-1,-1.0,-1.0,-1.0,0.0,0.012,1.0,-1,,unreal_rockfield.json,unreal_rockfield.json,nan,nan,nan
2119,-141.369365520188,247.9094821008942,0.3454622312341957,Medium,RegolithCovered,background_regolith,Background,Background,-1,-1.0,-1.0,-1.0,0.0,0.012,1.0,-1,,unreal_rockfield.json,unreal_rockfield.json,nan,nan,nan
2120,226.9127475814081,-212.0349742118595,0.27038671385711593,Small,RegolithCovered,background_regolith,Background,Background,-1,-1.0,-1.0,-1.0,0.0,0.012,1.0,-1,,unreal_rockfield.json,unreal_rockfield.json,nan,nan,nan
2121,-181.3791314432203,193.86120181890317,0.35670452296020516,Medium,RegolithCovered,background_regolith,Background,Background,-1,-1.0,-1.0,-1.0,0.0,0.012,1.0,-1,,unreal_rockfield.json,unreal_rockfield.json,nan,nan,nan
2122,111.46122623371076,120.22003845332199,0.2850119815881944,Small,RegolithCovered,background_regolith,Background,Background,-1,-1.0,-1.0,-1.0,0.0,0.012,1.0,-1,,unreal_rockfield.json,unreal_rockfield.json,nan,nan,nan
2123,46.33472701193273,4.219183935056606,0.38178827109402247,Medium,RegolithCovered,background_regolith,Background,Background,-1,-1.0,-1.0,-1.0,0.0,0.012,1.0,-1,,unreal_rockfield.json,unreal_rockfield.json,nan,nan,nan
2124,140.37751396221807,181.15024262215036,0.2612521718909334,Small,RegolithCovered,background_regolith,Background,Background,-1,-1.0,-1.0,-1.0,0.0,0.012,1.0,-1,,unreal_rockfield.json,unreal_rockfield.json,nan,nan,nan
2125,-118.89248329111606,128.68892483291114,0.33183016317182795,Medium,RegolithCovered,background_regolith,Background,Background,-1,-1.0,-1.0,-1.0,0.0,0.012,1.0,-1,,unreal_rockfield.json,unreal_rockfield.json,nan,nan,nan
2126,-110.08789330729087,55.230872524185884,0.309854126439101,Medium,RegolithCovered,background_regolith,Background,Background,-1,-1.0,-1.0,-1.0,0.0,0.012,1.0,-1,,unreal_rockfield.json,unreal_rockfield.json,nan,nan,nan
2127,-5.989257484664449,124.12640766624963,0.28871328622440573,Small,RegolithCovered,background_regolith,Background,Background,-1,-1.0,-1.0,-1.0,0.0,0.012,1.0,-1,,unreal_rockfield.json,unreal_rockfield.json,nan,nan,nan
2128,54.10168767357402,-125.88122196111942,0.28887996148388617,Small,RegolithCovered,background_regolith,Background,Background,-1,-1.0,-1.0,-1.0,0.0,0.012,1.0,-1,,unreal_rockfield.json,unreal_rockfield.json,nan,nan,nan
2129,161.03854487746815,-83.8114566484573,0.3041685772562718,Medium,RegolithCovered,background_regolith,Background,Background,-1,-1.0,-1.0,-1.0,0.0,0.012,1.0,-1,,unreal_rockfield.json,unreal_rockfield.json,nan,nan,nan
2130,-165.0822473830378,-215.57512131107518,0.2602833766546045,Small,RegolithCovered,background_regolith,Background,Background,-1,-1.0,-1.0,-1.0,0.0,0.012,1.0,-1,,unreal_rockfield.json,unreal_rockfield.json,nan,nan,nan
2131,-198.08801538132877,228.148747215186,0.27765403822776163,Small,RegolithCovered,background_regolith,Background,Background,-1,-1.0,-1.0,-1.0,0.0,0.012,1.0,-1,,unreal_rockfield.json,unreal_rockfield.json,nan,nan,nan
2132,197.0046082949309,138.98892178106018,0.3274804324970313,Medium,RegolithCovered,background_regolith,Background,Background,-1,-1.0,-1.0,-1.0,0.0,0.012,1.0,-1,,unreal_rockfield.json,unreal_rockfield.json,nan,nan,nan
2133,-88.77071443830684,-200.13275551622058,0.2661182419060156,Small,RegolithCovered,background_regolith,Background,Background,-1,-1.0,-1.0,-1.0,0.0,0.012,1.0,-1,,unreal_rockfield.json,unreal_rockfield.json,nan,nan,nan
2134,31.991027558214057,212.7521591845454,0.27020675424078133,Small,RegolithCovered,background_regolith,Background,Background,-1,-1.0,-1.0,-1.0,0.0,0.012,1.0,-1,,unreal_rockfield.json,unreal_rockfield.json,nan,nan,nan
2135,55.398724326303864,-47.31131931516464,0.3005737701610456,Medium,RegolithCovered,background_regolith,Background,Background,-1,-1.0,-1.0,-1.0,0.0,0.012,1.0,-1,,unreal_rockfield.json,unreal_rockfield.json,nan,nan,nan
2136,0.5264442884609366,-6.538590655232412,0.27226457553518163,Small,RegolithCovered,background_regolith,Background,Background,-1,-1.0,-1.0,-1.0,0.0,0.012,1.0,-1,,unreal_rockfield.json,unreal_rockfield.json,nan,nan,nan
2137,115.50492873928039,-82.27027191991942,0.4288388012968785,Medium,RegolithCovered,background_regolith,Background,Background,-1,-1.0,-1.0,-1.0,0.0,0.012,1.0,-1,,unreal_rockfield.json,unreal_rockfield.json,nan,nan,nan
2138,32.83028656880401,-67.57560960722677,0.5039125932470115,Medium,RegolithCovered,background_regolith,Background,Background,-1,-1.0,-1.0,-1.0,0.0,0.012,1.0,-1,,unreal_rockfield.json,unreal_rockfield.json,nan,nan,nan
2139,-138.68373668630022,-174.78713339640493,0.5429500685287719,Medium,RegolithCovered,background_regolith,Background,Background,-1,-1.0,-1.0,-1.0,0.0,0.012,1.0,-1,,unreal_rockfield.json,unreal_rockfield.json,nan,nan,nan
2140,-137.0052186651204,-101.46641438032168,0.2834467893621681,Small,RegolithCovered,background_regolith,Background,Background,-1,-1.0,-1.0,-1.0,0.0,0.012,1.0,-1,,unreal_rockfield.json,unreal_rockfield.json,nan,nan,nan
2141,182.9355754264962,36.29413739432971,0.41127428721470605,Medium,RegolithCovered,background_regolith,Background,Background,-1,-1.0,-1.0,-1.0,0.0,0.012,1.0,-1,,unreal_rockfield.json,unreal_rockfield.json,nan,nan,nan
2142,232.4518570513016,-101.19174779503771,0.2685227903871387,Small,RegolithCovered,background_regolith,Background,Background,-1,-1.0,-1.0,-1.0,0.0,0.012,1.0,-1,,unreal_rockfield.json,unreal_rockfield.json,nan,nan,nan
2143,-178.69350260933254,-224.8985259559923,0.26928391681570135,Small,RegolithCovered,background_regolith,Background,Background,-1,-1.0,-1.0,-1.0,0.0,0.012,1.0,-1,,unreal_rockfield.json,unreal_rockfield.json,nan,nan,nan
2144,213.7440107425153,-154.1566209906308,0.2623434857844244,Small,RegolithCovered,background_regolith,Background,Background,-1,-1.0,-1.0,-1.0,0.0,0.012,1.0,-1,,unreal_rockfield.json,unreal_rockfield.json,nan,nan,nan
2145,164.57869197668384,-24.819177831354693,0.2856184975293022,Small,RegolithCovered,background_regolith,Background,Background,-1,-1.0,-1.0,-1.0,0.0,0.012,1.0,-1,,unreal_rockfield.json,unreal_rockfield.json,nan,nan,nan
2146,163.266396069216,206.58742027039403,0.26958570759456474,Small,RegolithCovered,background_regolith,Background,Background,-1,-1.0,-1.0,-1.0,0.0,0.012,1.0,-1,,unreal_rockfield.json,unreal_rockfield.json,nan,nan,nan
2147,50.63783684804832,77.26523636585591,0.2873375378561047,Small,RegolithCovered,background_regolith,Background,Background,-1,-1.0,-1.0,-1.0,0.0,0.012,1.0,-1,,unreal_rockfield.json,unreal_rockfield.json,nan,nan,nan
2148,-201.0788293099765,194.01379436628315,0.3002212626853941,Medium,RegolithCovered,background_regolith,Background,Background,-1,-1.0,-1.0,-1.0,0.0,0.012,1.0,-1,,unreal_rockfield.json,unreal_rockfield.json,nan,nan,nan
2149,-22.927030243842864,-106.19678334910122,0.2673392496236418,Small,RegolithCovered,background_regolith,Background,Background,-1,-1.0,-1.0,-1.0,0.0,0.012,1.0,-1,,unreal_rockfield.json,unreal_rockfield.json,nan,nan,nan
2150,3.1510361033967342,201.09408856471453,0.2915169168076853,Small,RegolithCovered,background_regolith,Background,Background,-1,-1.0,-1.0,-1.0,0.0,0.012,1.0,-1,,unreal_rockfield.json,unreal_rockfield.json,nan,nan,nan
2151,102.47352519302956,-224.8832667012543,0.3142056760699219,Medium,RegolithCovered,background_regolith,Background,Background,-1,-1.0,-1.0,-1.0,0.0,0.012,1.0,-1,,unreal_rockfield.json,unreal_rockfield.json,nan,nan,nan
2152,-139.0499588000122,-136.57795953245642,0.3923679924886725,Medium,RegolithCovered,background_regolith,Background,Background,-1,-1.0,-1.0,-1.0,0.0,0.012,1.0,-1,,unreal_rockfield.json,unreal_rockfield.json,nan,nan,nan
2153,-132.58003479110081,-137.50877407147436,0.37067746232121074,Medium,RegolithCovered,background_regolith,Background,Background,-1,-1.0,-1.0,-1.0,0.0,0.012,1.0,-1,,unreal_rockfield.json,unreal_rockfield.json,nan,nan,nan
2154,-155.88091677602466,-91.12063966795861,0.2736428109015702,Small,RegolithCovered,background_regolith,Background,Background,-1,-1.0,-1.0,-1.0,0.0,0.012,1.0,-1,,unreal_rockfield.json,unreal_rockfield.json,nan,nan,nan
2155,-93.16537980285042,-119.94537186803797,0.45774497086015875,Medium,RegolithCovered,background_regolith,Background,Background,-1,-1.0,-1.0,-1.0,0.0,0.012,1.0,-1,,unreal_rockfield.json,unreal_rockfield.json,nan,nan,nan
2156,133.2972197637867,248.8097781304361,0.3100055804503268,Medium,RegolithCovered,background_regolith,Background,Background,-1,-1.0,-1.0,-1.0,0.0,0.012,1.0,-1,,unreal_rockfield.json,unreal_rockfield.json,nan,nan,nan
2157,103.29752494888152,-110.6219672231208,0.4619267513533689,Medium,RegolithCovered,background_regolith,Background,Background,-1,-1.0,-1.0,-1.0,0.0,0.012,1.0,-1,,unreal_rockfield.json,unreal_rockfield.json,nan,nan,nan
2158,18.730735190893313,22.103030487990964,0.2845683260663043,Small,RegolithCovered,background_regolith,Background,Background,-1,-1.0,-1.0,-1.0,0.0,0.012,1.0,-1,,unreal_rockfield.json,unreal_rockfield.json,nan,nan,nan
2159,83.52153080843533,-105.98315378276925,0.27367931934404055,Small,RegolithCovered,background_regolith,Background,Background,-1,-1.0,-1.0,-1.0,0.0,0.012,1.0,-1,,unreal_rockfield.json,unreal_rockfield.json,nan,nan,nan
2160,-177.48802148503066,-41.17709891048921,0.32201469153891704,Medium,RegolithCovered,background_regolith,Background,Background,-1,-1.0,-1.0,-1.0,0.0,0.012,1.0,-1,,unreal_rockfield.json,unreal_rockfield.json,nan,nan,nan
2161,123.47025971251566,-174.49720755638293,0.28126600129798845,Small,RegolithCovered,background_regolith,Background,Background,-1,-1.0,-1.0,-1.0,0.0,0.012,1.0,-1,,unreal_rockfield.json,unreal_rockfield.json,nan,nan,nan
2162,30.89236121707819,-79.15738395336771,0.2650015989448913,Small,RegolithCovered,background_regolith,Background,Background,-1,-1.0,-1.0,-1.0,0.0,0.012,1.0,-1,,unreal_rockfield.json,unreal_rockfield.json,nan,nan,nan
2163,238.37244788964506,-47.69280068361462,0.26756454885047826,Small,RegolithCovered,background_regolith,Background,Background,-1,-1.0,-1.0,-1.0,0.0,0.012,1.0,-1,,unreal_rockfield.json,unreal_rockfield.json,nan,nan,nan
2164,-0.31281472212896233,242.3551133762627,0.2707910673311525,Small,RegolithCovered,background_regolith,Background,Background,-1,-1.0,-1.0,-1.0,0.0,0.012,1.0,-1,,unreal_rockfield.json,unreal_rockfield.json,nan,nan,nan
2165,132.3664052247688,-180.53987243263037,0.2939541055218097,Small,RegolithCovered,background_regolith,Background,Background,-1,-1.0,-1.0,-1.0,0.0,0.012,1.0,-1,,unreal_rockfield.json,unreal_rockfield.json,nan,nan,nan
2166,-111.88848536637471,-32.03680532242805,0.2973920906625643,Small,RegolithCovered,background_regolith,Background,Background,-1,-1.0,-1.0,-1.0,0.0,0.012,1.0,-1,,unreal_rockfield.json,unreal_rockfield.json,nan,nan,nan
2167,102.39722891933957,133.3277382732627,0.33270684588430405,Medium,RegolithCovered,background_regolith,Background,Background,-1,-1.0,-1.0,-1.0,0.0,0.012,1.0,-1,,unreal_rockfield.json,unreal_rockfield.json,nan,nan,nan
2168,72.6569414349803,210.5853450117496,0.348267106420239,Medium,RegolithCovered,background_regolith,Background,Background,-1,-1.0,-1.0,-1.0,0.0,0.012,1.0,-1,,unreal_rockfield.json,unreal_rockfield.json,nan,nan,nan
2169,-126.43055513168737,244.00311288796655,0.3088723431906149,Medium,RegolithCovered,background_regolith,Background,Background,-1,-1.0,-1.0,-1.0,0.0,0.012,1.0,-1,,unreal_rockfield.json,unreal_rockfield.json,nan,nan,nan
2170,-118.09900204474013,60.92257454145937,0.32891518527025754,Medium,RegolithCovered,background_regolith,Background,Background,-1,-1.0,-1.0,-1.0,0.0,0.012,1.0,-1,,unreal_rockfield.json,unreal_rockfield.json,nan,nan,nan
2171,123.0735190893277,232.16193121127964,0.2836761717948328,Small,RegolithCovered,background_regolith,Background,Background,-1,-1.0,-1.0,-1.0,0.0,0.012,1.0,-1,,unreal_rockfield.json,unreal_rockfield.json,nan,nan,nan
2172,-238.64711447492905,214.35438093203527,0.3629798578944319,Medium,RegolithCovered,background_regolith,Background,Background,-1,-1.0,-1.0,-1.0,0.0,0.012,1.0,-1,,unreal_rockfield.json,unreal_rockfield.json,nan,nan,nan
2173,66.15649891659291,-234.13037507248146,0.31626978884375684,Medium,RegolithCovered,background_regolith,Background,Background,-1,-1.0,-1.0,-1.0,0.0,0.012,1.0,-1,,unreal_rockfield.json,unreal_rockfield.json,nan,nan,nan
2174,113.44492934965058,174.49720755638293,0.30157309452893033,Medium,RegolithCovered,background_regolith,Background,Background,-1,-1.0,-1.0,-1.0,0.0,0.012,1.0,-1,,unreal_rockfield.json,unreal_rockfield.json,nan,nan,nan
2175,-132.94625690481277,45.00717184972683,0.3635181067192019,Medium,RegolithCovered,background_regolith,Background,Background,-1,-1.0,-1.0,-1.0,0.0,0.012,1.0,-1,,unreal_rockfield.json,unreal_rockfield.json,nan,nan,nan
2176,247.9247413556322,-13.756218146305741,0.2624110833143862,Small,RegolithCovered,background_regolith,Background,Background,-1,-1.0,-1.0,-1.0,0.0,0.012,1.0,-1,,unreal_rockfield.json,unreal_rockfield.json,nan,nan,nan
2177,238.73867000335702,-18.623920407727297,0.26327413147938805,Small,RegolithCovered,background_regolith,Background,Background,-1,-1.0,-1.0,-1.0,0.0,0.012,1.0,-1,,unreal_rockfield.json,unreal_rockfield.json,nan,nan,nan
2178,-188.97824030274361,-120.5557420575579,0.3527086765199949,Medium,RegolithCovered,background_regolith,Background,Background,-1,-1.0,-1.0,-1.0,0.0,0.012,1.0,-1,,unreal_rockfield.json,unreal_rockfield.json,nan,nan,nan
2179,-156.14032410657063,-38.87295144505143,0.30816811144687434,Medium,RegolithCovered,background_regolith,Background,Background,-1,-1.0,-1.0,-1.0,0.0,0.012,1.0,-1,,unreal_rockfield.json,unreal_rockfield.json,nan,nan,nan
2180,-76.63960692159793,-93.42478713339642,0.2977563245913464,Small,RegolithCovered,background_regolith,Background,Background,-1,-1.0,-1.0,-1.0,0.0,0.012,1.0,-1,,unreal_rockfield.json,unreal_rockfield.json,nan,nan,nan
2181,-54.94094668416395,-210.9363078707236,0.28132202059036115,Small,RegolithCovered,background_regolith,Background,Background,-1,-1.0,-1.0,-1.0,0.0,0.012,1.0,-1,,unreal_rockfield.json,unreal_rockfield.json,nan,nan,nan
2182,236.6176335947752,70.88686788537245,0.2695192722754596,Small,RegolithCovered,background_regolith,Background,Background,-1,-1.0,-1.0,-1.0,0.0,0.012,1.0,-1,,unreal_rockfield.json,unreal_rockfield.json,nan,nan,nan
2183,109.8437452314829,-90.70863979003266,0.31521408184143745,Medium,RegolithCovered,background_regolith,Background,Background,-1,-1.0,-1.0,-1.0,0.0,0.012,1.0,-1,,unreal_rockfield.json,unreal_rockfield.json,nan,nan,nan
2184,-96.99545274208808,2.906888027588707,0.2648288735949117,Small,RegolithCovered,background_regolith,Background,Background,-1,-1.0,-1.0,-1.0,0.0,0.012,1.0,-1,,unreal_rockfield.json,unreal_rockfield.json,nan,nan,nan
2185,96.20197149571214,-78.31812494277779,0.2877287093020795,Small,RegolithCovered,background_regolith,Background,Background,-1,-1.0,-1.0,-1.0,0.0,0.012,1.0,-1,,unreal_rockfield.json,unreal_rockfield.json,nan,nan,nan
2186,227.91985839411603,-108.94344920194098,0.5210184477071824,Medium,RegolithCovered,background_regolith,Background,Background,-1,-1.0,-1.0,-1.0,0.0,0.012,1.0,-1,,unreal_rockfield.json,unreal_rockfield.json,nan,nan,nan
2187,-238.29615161595507,-44.35102389599291,0.26410839821404386,Small,RegolithCovered,background_regolith,Background,Background,-1,-1.0,-1.0,-1.0,0.0,0.012,1.0,-1,,unreal_rockfield.json,unreal_rockfield.json,nan,nan,nan
2188,232.13141270180364,42.22998748741111,0.2685798210954237,Small,RegolithCovered,background_regolith,Background,Background,-1,-1.0,-1.0,-1.0,0.0,0.012,1.0,-1,,unreal_rockfield.json,unreal_rockfield.json,nan,nan,nan
2189,-107.09707937864314,-190.90090639973144,0.2605407266885506,Small,RegolithCovered,background_regolith,Background,Background,-1,-1.0,-1.0,-1.0,0.0,0.012,1.0,-1,,unreal_rockfield.json,unreal_rockfield.json,nan,nan,nan
2190,173.24594866786708,80.92745750297553,0.2735006168790397,Small,RegolithCovered,background_regolith,Background,Background,-1,-1.0,-1.0,-1.0,0.0,0.012,1.0,-1,,unreal_rockfield.json,unreal_rockfield.json,nan,nan,nan
2191,179.22757652516253,99.81841486861782,0.32315598264072914,Medium,RegolithCovered,background_regolith,Background,Background,-1,-1.0,-1.0,-1.0,0.0,0.012,1.0,-1,,unreal_rockfield.json,unreal_rockfield.json,nan,nan,nan
2192,-45.89220862453078,-174.71083712271493,0.2889702258583821,Small,RegolithCovered,background_regolith,Background,Background,-1,-1.0,-1.0,-1.0,0.0,0.012,1.0,-1,,unreal_rockfield.json,unreal_rockfield.json,nan,nan,nan
2193,93.24167607654044,194.30372020630512,0.27007945389479737,Small,RegolithCovered,background_regolith,Background,Background,-1,-1.0,-1.0,-1.0,0.0,0.012,1.0,-1,,unreal_rockfield.json,unreal_rockfield.json,nan,nan,nan
2194,-34.24939725943784,244.62874233222448,0.3603188953643005,Medium,RegolithCovered,background_regolith,Background,Background,-1,-1.0,-1.0,-1.0,0.0,0.012,1.0,-1,,unreal_rockfield.json,unreal_rockfield.json,nan,nan,nan
2195,126.17114780114139,66.01916562395093,0.3503314616867075,Medium,RegolithCovered,background_regolith,Background,Background,-1,-1.0,-1.0,-1.0,0.0,0.012,1.0,-1,,unreal_rockfield.json,unreal_rockfield.json,nan,nan,nan
2196,-37.423322244941545,42.62672811059906,0.2806702892120622,Small,RegolithCovered,background_regolith,Background,Background,-1,-1.0,-1.0,-1.0,0.0,0.012,1.0,-1,,unreal_rockfield.json,unreal_rockfield.json,nan,nan,nan
2197,99.37589648121588,173.978392895291,0.30727828388580775,Medium,RegolithCovered,background_regolith,Background,Background,-1,-1.0,-1.0,-1.0,0.0,0.012,1.0,-1,,unreal_rockfield.json,unreal_rockfield.json,nan,nan,nan
2198,234.14563432721945,-238.38770714438306,0.3305974526797041,Medium,RegolithCovered,background_regolith,Background,Background,-1,-1.0,-1.0,-1.0,0.0,0.012,1.0,-1,,unreal_rockfield.json,unreal_rockfield.json,nan,nan,nan
2199,69.13205359050261,136.39484847560044,0.2774018948671596,Small,RegolithCovered,background_regolith,Background,Background,-1,-1.0,-1.0,-1.0,0.0,0.012,1.0,-1,,unreal_rockfield.json,unreal_rockfield.json,nan,nan,nan
2200,-190.1989806817835,-198.78994109927672,0.298915301406354,Small,RegolithCovered,background_regolith,Background,Background,-1,-1.0,-1.0,-1.0,0.0,0.012,1.0,-1,,unreal_rockfield.json,unreal_rockfield.json,nan,nan,nan
2201,98.18567461165196,86.00878933072909,0.2995468954739529,Small,RegolithCovered,background_regolith,Background,Background,-1,-1.0,-1.0,-1.0,0.0,0.012,1.0,-1,,unreal_rockfield.json,unreal_rockfield.json,nan,nan,nan
2202,-103.52641376995149,-169.41587572862943,0.33087935160486215,Medium,RegolithCovered,background_regolith,Background,Background,-1,-1.0,-1.0,-1.0,0.0,0.012,1.0,-1,,unreal_rockfield.json,unreal_rockfield.json,nan,nan,nan
2203,-176.54194769127477,-177.0912808618427,0.3042558971530748,Medium,RegolithCovered,background_regolith,Background,Background,-1,-1.0,-1.0,-1.0,0.0,0.012,1.0,-1,,unreal_rockfield.json,unreal_rockfield.json,nan,nan,nan
2204,-107.21915341654713,181.6385387737663,0.26795762332659984,Small,RegolithCovered,background_regolith,Background,Background,-1,-1.0,-1.0,-1.0,0.0,0.012,1.0,-1,,unreal_rockfield.json,unreal_rockfield.json,nan,nan,nan
2205,239.91363261818293,-84.60493789483323,0.2811606624645099,Small,RegolithCovered,background_regolith,Background,Background,-1,-1.0,-1.0,-1.0,0.0,0.012,1.0,-1,,unreal_rockfield.json,unreal_rockfield.json,nan,nan,nan
2206,-165.70787682729576,-120.57100131229589,0.3242642520624515,Medium,RegolithCovered,background_regolith,Background,Background,-1,-1.0,-1.0,-1.0,0.0,0.012,1.0,-1,,unreal_rockfield.json,unreal_rockfield.json,nan,nan,nan
2207,-114.28418836024048,-74.71694082461013,0.2662541141809636,Small,RegolithCovered,background_regolith,Background,Background,-1,-1.0,-1.0,-1.0,0.0,0.012,1.0,-1,,unreal_rockfield.json,unreal_rockfield.json,nan,nan,nan
2208,189.4054994354076,-65.28672139652699,0.26948687348214634,Small,RegolithCovered,background_regolith,Background,Background,-1,-1.0,-1.0,-1.0,0.0,0.012,1.0,-1,,unreal_rockfield.json,unreal_rockfield.json,nan,nan,nan
2209,89.21323282570881,140.60640278328805,0.3017105455935784,Medium,RegolithCovered,background_regolith,Background,Background,-1,-1.0,-1.0,-1.0,0.0,0.012,1.0,-1,,unreal_rockfield.json,unreal_rockfield.json,nan,nan,nan
2210,233.52000488296153,-173.963133640553,0.26952390315544184,Small,RegolithCovered,background_regolith,Background,Background,-1,-1.0,-1.0,-1.0,0.0,0.012,1.0,-1,,unreal_rockfield.json,unreal_rockfield.json,nan,nan,nan
2211,62.03650013733329,-228.68282113101597,0.2611180705990723,Small,RegolithCovered,background_regolith,Background,Background,-1,-1.0,-1.0,-1.0,0.0,0.012,1.0,-1,,unreal_rockfield.json,unreal_rockfield.json,nan,nan,nan
2212,-33.98998992889187,177.3354289376507,0.28502630614594043,Small,RegolithCovered,background_regolith,Background,Background,-1,-1.0,-1.0,-1.0,0.0,0.012,1.0,-1,,unreal_rockfield.json,unreal_rockfield.json,nan,nan,nan
2213,-166.82180242316966,192.2589800714133,0.2626841027997314,Small,RegolithCovered,background_regolith,Background,Background,-1,-1.0,-1.0,-1.0,0.0,0.012,1.0,-1,,unreal_rockfield.json,unreal_rockfield.json,nan,nan,nan
2214,-110.6219672231208,-76.13605151524399,0.3187005777469003,Medium,RegolithCovered,background_regolith,Background,Background,-1,-1.0,-1.0,-1.0,0.0,0.012,1.0,-1,,unreal_rockfield.json,unreal_rockfield.json,nan,nan,nan
2215,-248.29096346934415,186.88772240363784,0.28725117188552163,Small,RegolithCovered,background_regolith,Background,Background,-1,-1.0,-1.0,-1.0,0.0,0.012,1.0,-1,,unreal_rockfield.json,unreal_rockfield.json,nan,nan,nan
2216,128.79573961607713,196.54683065279096,0.2853959039060972,Small,RegolithCovered,background_regolith,Background,Background,-1,-1.0,-1.0,-1.0,0.0,0.012,1.0,-1,,unreal_rockfield.json,unreal_rockfield.json,nan,nan,nan
2217,-19.539475692007215,-53.99487289040803,0.2741204081310249,Small,RegolithCovered,background_regolith,Background,Background,-1,-1.0,-1.0,-1.0,0.0,0.012,1.0,-1,,unreal_rockfield.json,unreal_rockfield.json,nan,nan,nan
2218,22.026734214300973,176.98446607867675,0.5303439139384509,Medium,RegolithCovered,background_regolith,Background,Background,-1,-1.0,-1.0,-1.0,0.0,0.012,1.0,-1,,unreal_rockfield.json,unreal_rockfield.json,nan,nan,nan
2219,-4.432813501388608,-7.911923581652275,0.31348691095093606,Medium,RegolithCovered,background_regolith,Background,Background,-1,-1.0,-1.0,-1.0,0.0,0.012,1.0,-1,,unreal_rockfield.json,unreal_rockfield.json,nan,nan,nan
2220,140.37751396221807,221.4346751304666,0.271015969657474,Small,RegolithCovered,background_regolith,Background,Background,-1,-1.0,-1.0,-1.0,0.0,0.012,1.0,-1,,unreal_rockfield.json,unreal_rockfield.json,nan,nan,nan
2221,35.97369304483169,-78.56227301858576,0.2696089127835405,Small,RegolithCovered,background_regolith,Background,Background,-1,-1.0,-1.0,-1.0,0.0,0.012,1.0,-1,,unreal_rockfield.json,unreal_rockfield.json,nan,nan,nan
2222,-100.2761925107578,58.67946409497358,0.29843381554774107,Small,RegolithCovered,background_regolith,Background,Background,-1,-1.0,-1.0,-1.0,0.0,0.012,1.0,-1,,unreal_rockfield.json,unreal_rockfield.json,nan,nan,nan
2223,148.17499313333536,70.93264564958645,0.29942044357706854,Small,RegolithCovered,background_regolith,Background,Background,-1,-1.0,-1.0,-1.0,0.0,0.012,1.0,-1,,unreal_rockfield.json,unreal_rockfield.json,nan,nan,nan
2224,173.825800347911,-227.76726584673605,0.2668330389128895,Small,RegolithCovered,background_regolith,Background,Background,-1,-1.0,-1.0,-1.0,0.0,0.012,1.0,-1,,unreal_rockfield.json,unreal_rockfield.json,nan,nan,nan
2225,-114.31470686971647,108.89767143772701,0.5635120072778315,Medium,RegolithCovered,background_regolith,Background,Background,-1,-1.0,-1.0,-1.0,0.0,0.012,1.0,-1,,unreal_rockfield.json,unreal_rockfield.json,nan,nan,nan
2226,-183.37809381389815,18.333994567705304,0.36500647531266517,Medium,RegolithCovered,background_regolith,Background,Background,-1,-1.0,-1.0,-1.0,0.0,0.012,1.0,-1,,unreal_rockfield.json,unreal_rockfield.json,nan,nan,nan
2227,-216.46015808587907,-189.1613513595996,0.32757221845540274,Medium,RegolithCovered,background_regolith,Background,Background,-1,-1.0,-1.0,-1.0,0.0,0.012,1.0,-1,,unreal_rockfield.json,unreal_rockfield.json,nan,nan,nan
2228,-74.10657063509018,-54.055909909360025,0.2633822926186574,Small,RegolithCovered,background_regolith,Background,Background,-1,-1.0,-1.0,-1.0,0.0,0.012,1.0,-1,,unreal_rockfield.json,unreal_rockfield.json,nan,nan,nan
2229,-124.40107425153354,96.17145298623615,0.37069600478618114,Medium,RegolithCovered,background_regolith,Background,Background,-1,-1.0,-1.0,-1.0,0.0,0.012,1.0,-1,,unreal_rockfield.json,unreal_rockfield.json,nan,nan,nan
2230,221.8161564989166,10.58229316080201,0.3261750491168217,Medium,RegolithCovered,background_regolith,Background,Background,-1,-1.0,-1.0,-1.0,0.0,0.012,1.0,-1,,unreal_rockfield.json,unreal_rockfield.json,nan,nan,nan
2231,193.73912778099918,-40.65828424939727,0.31591659508169156,Medium,RegolithCovered,background_regolith,Background,Background,-1,-1.0,-1.0,-1.0,0.0,0.012,1.0,-1,,unreal_rockfield.json,unreal_rockfield.json,nan,nan,nan
2232,-238.86074404126103,247.69585253456222,0.2796885464183725,Small,RegolithCovered,background_regolith,Background,Background,-1,-1.0,-1.0,-1.0,0.0,0.012,1.0,-1,,unreal_rockfield.json,unreal_rockfield.json,nan,nan,nan
2233,-180.47883541367838,-83.23160496841334,0.30234842826295516,Medium,RegolithCovered,background_regolith,Background,Background,-1,-1.0,-1.0,-1.0,0.0,0.012,1.0,-1,,unreal_rockfield.json,unreal_rockfield.json,nan,nan,nan
2234,46.62465285195469,31.38065736869413,0.28744450553730705,Small,RegolithCovered,background_regolith,Background,Background,-1,-1.0,-1.0,-1.0,0.0,0.012,1.0,-1,,unreal_rockfield.json,unreal_rockfield.json,nan,nan,nan
2235,89.3047883541368,194.54786828211314,0.30459912601984857,Medium,RegolithCovered,background_regolith,Background,Background,-1,-1.0,-1.0,-1.0,0.0,0.012,1.0,-1,,unreal_rockfield.json,unreal_rockfield.json,nan,nan,nan
2236,109.18759727774898,-172.39143040253913,0.3972472745060147,Medium,RegolithCovered,background_regolith,Background,Background,-1,-1.0,-1.0,-1.0,0.0,0.012,1.0,-1,,unreal_rockfield.json,unreal_rockfield.json,nan,nan,nan
2237,-80.11871700186163,-208.12860499893185,0.2727473266219433,Small,RegolithCovered,background_regolith,Background,Background,-1,-1.0,-1.0,-1.0,0.0,0.012,1.0,-1,,unreal_rockfield.json,unreal_rockfield.json,nan,nan,nan
2238,27.19962157048252,-104.64033936582535,0.338746392589057,Medium,RegolithCovered,background_regolith,Background,Background,-1,-1.0,-1.0,-1.0,0.0,0.012,1.0,-1,,unreal_rockfield.json,unreal_rockfield.json,nan,nan,nan
2239,-138.45484786523025,-43.649098178044994,0.6444755265727812,Medium,RegolithCovered,background_regolith,Background,Background,-1,-1.0,-1.0,-1.0,0.0,0.012,1.0,-1,,unreal_rockfield.json,unreal_rockfield.json,nan,nan,nan
2240,-213.42356639301738,232.16193121127964,0.29862911892634897,Small,RegolithCovered,background_regolith,Background,Background,-1,-1.0,-1.0,-1.0,0.0,0.012,1.0,-1,,unreal_rockfield.json,unreal_rockfield.json,nan,nan,nan
2241,-163.95306253242592,187.62016663106175,0.3227825432006614,Medium,RegolithCovered,background_regolith,Background,Background,-1,-1.0,-1.0,-1.0,0.0,0.012,1.0,-1,,unreal_rockfield.json,unreal_rockfield.json,nan,nan,nan
2242,68.78109073152865,238.63185522019103,0.2785768229085138,Small,RegolithCovered,background_regolith,Background,Background,-1,-1.0,-1.0,-1.0,0.0,0.012,1.0,-1,,unreal_rockfield.json,unreal_rockfield.json,nan,nan,nan
2243,15.556810205389581,-164.62446974089784,0.5041162822352824,Medium,RegolithCovered,background_regolith,Background,Background,-1,-1.0,-1.0,-1.0,0.0,0.012,1.0,-1,,unreal_rockfield.json,unreal_rockfield.json,nan,nan,nan
2244,165.5095065157018,29.59532456434829,0.2825791849887383,Small,RegolithCovered,background_regolith,Background,Background,-1,-1.0,-1.0,-1.0,0.0,0.012,1.0,-1,,unreal_rockfield.json,unreal_rockfield.json,nan,nan,nan
2245,-115.53544724875636,-140.39277321695607,0.26154396885476994,Small,RegolithCovered,background_regolith,Background,Background,-1,-1.0,-1.0,-1.0,0.0,0.012,1.0,-1,,unreal_rockfield.json,unreal_rockfield.json,nan,nan,nan
2246,-50.89724417859432,-18.395031586657325,0.2785928063591843,Small,RegolithCovered,background_regolith,Background,Background,-1,-1.0,-1.0,-1.0,0.0,0.012,1.0,-1,,unreal_rockfield.json,unreal_rockfield.json,nan,nan,nan
2247,133.44981231116668,66.2785729544969,0.2768876673092543,Small,RegolithCovered,background_regolith,Background,Background,-1,-1.0,-1.0,-1.0,0.0,0.012,1.0,-1,,unreal_rockfield.json,unreal_rockfield.json,nan,nan,nan
2248,-139.0346995452742,-81.21738334299752,0.26162466031960924,Small,RegolithCovered,background_regolith,Background,Background,-1,-1.0,-1.0,-1.0,0.0,0.012,1.0,-1,,unreal_rockfield.json,unreal_rockfield.json,nan,nan,nan
2249,105.00656147953737,-193.06772057252724,0.28368307567580175,Small,RegolithCovered,background_regolith,Background,Background,-1,-1.0,-1.0,-1.0,0.0,0.012,1.0,-1,,unreal_rockfield.json,unreal_rockfield.json,nan,nan,nan
2250,-92.5397503585925,236.23615222632526,0.3358005018234133,Medium,RegolithCovered,background_regolith,Background,Background,-1,-1.0,-1.0,-1.0,0.0,0.012,1.0,-1,,unreal_rockfield.json,unreal_rockfield.json,nan,nan,nan
2251,-22.54554887539291,-77.63145847956784,0.28645057897378895,Small,RegolithCovered,background_regolith,Background,Background,-1,-1.0,-1.0,-1.0,0.0,0.012,1.0,-1,,unreal_rockfield.json,unreal_rockfield.json,nan,nan,nan
2252,-141.62877285073398,180.8297982726524,0.280190687717623,Small,RegolithCovered,background_regolith,Background,Background,-1,-1.0,-1.0,-1.0,0.0,0.012,1.0,-1,,unreal_rockfield.json,unreal_rockfield.json,nan,nan,nan
2253,177.86950285348064,-193.18979461043122,0.3515779622924829,Medium,RegolithCovered,background_regolith,Background,Background,-1,-1.0,-1.0,-1.0,0.0,0.012,1.0,-1,,unreal_rockfield.json,unreal_rockfield.json,nan,nan,nan
2254,-83.67412335581531,-108.21100497451704,0.28165127016619657,Small,RegolithCovered,background_regolith,Background,Background,-1,-1.0,-1.0,-1.0,0.0,0.012,1.0,-1,,unreal_rockfield.json,unreal_rockfield.json,nan,nan,nan
2255,91.79204687643056,58.75576036866357,0.2697500258033535,Small,RegolithCovered,background_regolith,Background,Background,-1,-1.0,-1.0,-1.0,0.0,0.012,1.0,-1,,unreal_rockfield.json,unreal_rockfield.json,nan,nan,nan
2256,-246.4751121555223,82.74330881679737,0.28547317433194164,Small,RegolithCovered,background_regolith,Background,Background,-1,-1.0,-1.0,-1.0,0.0,0.012,1.0,-1,,unreal_rockfield.json,unreal_rockfield.json,nan,nan,nan
2257,-74.50331125827813,-47.54020813623464,0.2633642416815529,Small,RegolithCovered,background_regolith,Background,Background,-1,-1.0,-1.0,-1.0,0.0,0.012,1.0,-1,,unreal_rockfield.json,unreal_rockfield.json,nan,nan,nan
2258,182.5083162938322,-136.05914487136448,0.3359551693967676,Medium,RegolithCovered,background_regolith,Background,Background,-1,-1.0,-1.0,-1.0,0.0,0.012,1.0,-1,,unreal_rockfield.json,unreal_rockfield.json,nan,nan,nan
2259,13.145847956785815,100.24567400128177,0.28999703364685747,Small,RegolithCovered,background_regolith,Background,Background,-1,-1.0,-1.0,-1.0,0.0,0.012,1.0,-1,,unreal_rockfield.json,unreal_rockfield.json,nan,nan,nan
2260,26.69606616412858,92.8144169438765,0.3765065837518794,Medium,RegolithCovered,background_regolith,Background,Background,-1,-1.0,-1.0,-1.0,0.0,0.012,1.0,-1,,unreal_rockfield.json,unreal_rockfield.json,nan,nan,nan
2261,-116.2068544572283,-134.28907132175664,0.30405377170068876,Medium,RegolithCovered,background_regolith,Background,Background,-1,-1.0,-1.0,-1.0,0.0,0.012,1.0,-1,,unreal_rockfield.json,unreal_rockfield.json,nan,nan,nan
2262,174.7260963774529,241.0885952330088,0.26300013458560445,Small,RegolithCovered,background_regolith,Background,Background,-1,-1.0,-1.0,-1.0,0.0,0.012,1.0,-1,,unreal_rockfield.json,unreal_rockfield.json,nan,nan,nan
2263,-51.23294778283028,21.492660298471037,0.2660414406176641,Small,RegolithCovered,background_regolith,Background,Background,-1,-1.0,-1.0,-1.0,0.0,0.012,1.0,-1,,unreal_rockfield.json,unreal_rockfield.json,nan,nan,nan
2264,22.77443769646294,16.685995056001502,0.2814126974903267,Small,RegolithCovered,background_regolith,Background,Background,-1,-1.0,-1.0,-1.0,0.0,0.012,1.0,-1,,unreal_rockfield.json,unreal_rockfield.json,nan,nan,nan
2265,177.10654011658073,6.187627796258425,0.26493132329835345,Small,RegolithCovered,background_regolith,Background,Background,-1,-1.0,-1.0,-1.0,0.0,0.012,1.0,-1,,unreal_rockfield.json,unreal_rockfield.json,nan,nan,nan
2266,224.33393353068635,-187.42179631946777,0.28302847277859317,Small,RegolithCovered,background_regolith,Background,Background,-1,-1.0,-1.0,-1.0,0.0,0.012,1.0,-1,,unreal_rockfield.json,unreal_rockfield.json,nan,nan,nan
2267,31.823175756096077,115.94744712668233,0.3119949153247998,Medium,RegolithCovered,background_regolith,Background,Background,-1,-1.0,-1.0,-1.0,0.0,0.012,1.0,-1,,unreal_rockfield.json,unreal_rockfield.json,nan,nan,nan
2268,59.3661305581835,-86.13086336863307,0.3038644886211956,Medium,RegolithCovered,background_regolith,Background,Background,-1,-1.0,-1.0,-1.0,0.0,0.012,1.0,-1,,unreal_rockfield.json,unreal_rockfield.json,nan,nan,nan
2269,181.15024262215036,249.2217780083621,0.2967457683820545,Small,RegolithCovered,background_regolith,Background,Background,-1,-1.0,-1.0,-1.0,0.0,0.012,1.0,-1,,unreal_rockfield.json,unreal_rockfield.json,nan,nan,nan
2270,-3.7614062929166607,213.36252937406533,0.29890146033719894,Small,RegolithCovered,background_regolith,Background,Background,-1,-1.0,-1.0,-1.0,0.0,0.012,1.0,-1,,unreal_rockfield.json,unreal_rockfield.json,nan,nan,nan
2271,13.176366466261811,100.47456282235174,0.2685587987896107,Small,RegolithCovered,background_regolith,Background,Background,-1,-1.0,-1.0,-1.0,0.0,0.012,1.0,-1,,unreal_rockfield.json,unreal_rockfield.json,nan,nan,nan
2272,-165.2500991851558,-96.17145298623615,0.3062196495089206,Medium,RegolithCovered,background_regolith,Background,Background,-1,-1.0,-1.0,-1.0,0.0,0.012,1.0,-1,,unreal_rockfield.json,unreal_rockfield.json,nan,nan,nan
2273,208.5863826410718,154.00402844325083,0.29582832817701266,Small,RegolithCovered,background_regolith,Background,Background,-1,-1.0,-1.0,-1.0,0.0,0.012,1.0,-1,,unreal_rockfield.json,unreal_rockfield.json,nan,nan,nan
2274,-123.25663014618365,168.85128330332344,0.29444016125713557,Small,RegolithCovered,background_regolith,Background,Background,-1,-1.0,-1.0,-1.0,0.0,0.012,1.0,-1,,unreal_rockfield.json,unreal_rockfield.json,nan,nan,nan
2275,-0.7858516190069338,152.69173253578293,0.2714081950978353,Small,RegolithCovered,background_regolith,Background,Background,-1,-1.0,-1.0,-1.0,0.0,0.012,1.0,-1,,unreal_rockfield.json,unreal_rockfield.json,nan,nan,nan
2276,57.36716818750568,221.03793450727864,0.29441248083159227,Small,RegolithCovered,background_regolith,Background,Background,-1,-1.0,-1.0,-1.0,0.0,0.012,1.0,-1,,unreal_rockfield.json,unreal_rockfield.json,nan,nan,nan
2277,201.3382366405225,94.23352763451032,0.2691523264340326,Small,RegolithCovered,background_regolith,Background,Background,-1,-1.0,-1.0,-1.0,0.0,0.012,1.0,-1,,unreal_rockfield.json,unreal_rockfield.json,nan,nan,nan
2278,75.34257026886809,75.02212591937007,0.37720253315081453,Medium,RegolithCovered,background_regolith,Background,Background,-1,-1.0,-1.0,-1.0,0.0,0.012,1.0,-1,,unreal_rockfield.json,unreal_rockfield.json,nan,nan,nan
2279,94.75234229560232,-72.29071932126834,0.27725916139971063,Small,RegolithCovered,background_regolith,Background,Background,-1,-1.0,-1.0,-1.0,0.0,0.012,1.0,-1,,unreal_rockfield.json,unreal_rockfield.json,nan,nan,nan
2280,-30.96865749076815,128.52107303079316,0.26979044980687095,Small,RegolithCovered,background_regolith,Background,Background,-1,-1.0,-1.0,-1.0,0.0,0.012,1.0,-1,,unreal_rockfield.json,unreal_rockfield.json,nan,nan,nan
2281,164.0751365703299,172.80343028046508,0.2902878272562317,Small,RegolithCovered,background_regolith,Background,Background,-1,-1.0,-1.0,-1.0,0.0,0.012,1.0,-1,,unreal_rockfield.json,unreal_rockfield.json,nan,nan,nan
2282,-12.855922116763821,-102.21411786248362,0.2645006976362216,Small,RegolithCovered,background_regolith,Background,Background,-1,-1.0,-1.0,-1.0,0.0,0.012,1.0,-1,,unreal_rockfield.json,unreal_rockfield.json,nan,nan,nan
2283,60.73946348460339,-148.6480300302133,0.2714391777452785,Small,RegolithCovered,background_regolith,Background,Background,-1,-1.0,-1.0,-1.0,0.0,0.012,1.0,-1,,unreal_rockfield.json,unreal_rockfield.json,nan,nan,nan
2284,183.40861232337414,49.20346690267644,0.26229474969805994,Small,RegolithCovered,background_regolith,Background,Background,-1,-1.0,-1.0,-1.0,0.0,0.012,1.0,-1,,unreal_rockfield.json,unreal_rockfield.json,nan,nan,nan
2285,-176.64876247444076,92.53975035859247,0.2696538203700778,Small,RegolithCovered,background_regolith,Background,Background,-1,-1.0,-1.0,-1.0,0.0,0.012,1.0,-1,,unreal_rockfield.json,unreal_rockfield.json,nan,nan,nan
2286,113.04818872646263,126.0490737632374,0.27556216526878935,Small,RegolithCovered,background_regolith,Background,Background,-1,-1.0,-1.0,-1.0,0.0,0.012,1.0,-1,,unreal_rockfield.json,unreal_rockfield.json,nan,nan,nan
2287,-154.08032471694082,236.48030030213323,0.3096804371699682,Medium,RegolithCovered,background_regolith,Background,Background,-1,-1.0,-1.0,-1.0,0.0,0.012,1.0,-1,,unreal_rockfield.json,unreal_rockfield.json,nan,nan,nan
2288,11.955626087221901,24.25458540604876,0.2914003978805182,Small,RegolithCovered,background_regolith,Background,Background,-1,-1.0,-1.0,-1.0,0.0,0.012,1.0,-1,,unreal_rockfield.json,unreal_rockfield.json,nan,nan,nan
2289,246.71926023133028,-94.93545335245827,0.2756650724396823,Small,RegolithCovered,background_regolith,Background,Background,-1,-1.0,-1.0,-1.0,0.0,0.012,1.0,-1,,unreal_rockfield.json,unreal_rockfield.json,nan,nan,nan
2290,84.26923429059724,-237.22800378429517,0.28279639434249165,Small,RegolithCovered,background_regolith,Background,Background,-1,-1.0,-1.0,-1.0,0.0,0.012,1.0,-1,,unreal_rockfield.json,unreal_rockfield.json,nan,nan,nan
2291,101.93945127719962,19.524216437269217,0.3465345242680994,Medium,RegolithCovered,background_regolith,Background,Background,-1,-1.0,-1.0,-1.0,0.0,0.012,1.0,-1,,unreal_rockfield.json,unreal_rockfield.json,nan,nan,nan
2292,198.97305215613272,-141.91869869075595,0.2802953170911391,Small,RegolithCovered,background_regolith,Background,Background,-1,-1.0,-1.0,-1.0,0.0,0.012,1.0,-1,,unreal_rockfield.json,unreal_rockfield.json,nan,nan,nan
2293,-93.95886104922636,-190.85512863551745,0.2726323421964803,Small,RegolithCovered,background_regolith,Background,Background,-1,-1.0,-1.0,-1.0,0.0,0.012,1.0,-1,,unreal_rockfield.json,unreal_rockfield.json,nan,nan,nan
2294,88.37397381511886,88.74019592883081,0.32849404792474984,Medium,RegolithCovered,background_regolith,Background,Background,-1,-1.0,-1.0,-1.0,0.0,0.012,1.0,-1,,unreal_rockfield.json,unreal_rockfield.json,nan,nan,nan
2295,41.11606189153724,164.0140995513779,0.288100699027509,Small,RegolithCovered,background_regolith,Background,Background,-1,-1.0,-1.0,-1.0,0.0,0.012,1.0,-1,,unreal_rockfield.json,unreal_rockfield.json,nan,nan,nan
2296,237.62474440748315,59.228797265541516,0.2711823680552163,Small,RegolithCovered,background_regolith,Background,Background,-1,-1.0,-1.0,-1.0,0.0,0.012,1.0,-1,,unreal_rockfield.json,unreal_rockfield.json,nan,nan,nan
2297,-80.19501327555162,-78.95901364177374,0.35501879295975547,Medium,RegolithCovered,background_regolith,Background,Background,-1,-1.0,-1.0,-1.0,0.0,0.012,1.0,-1,,unreal_rockfield.json,unreal_rockfield.json,nan,nan,nan
2298,243.43852046266062,182.8592791528062,0.27437674177390603,Small,RegolithCovered,background_regolith,Background,Background,-1,-1.0,-1.0,-1.0,0.0,0.012,1.0,-1,,unreal_rockfield.json,unreal_rockfield.json,nan,nan,nan
2299,246.5819269386883,27.932065797906432,0.2731562020882869,Small,RegolithCovered,background_regolith,Background,Background,-1,-1.0,-1.0,-1.0,0.0,0.012,1.0,-1,,unreal_rockfield.json,unreal_rockfield.json,nan,nan,nan
2300,189.02401806695764,-63.59294412060913,0.3016807850228489,Medium,RegolithCovered,background_regolith,Background,Background,-1,-1.0,-1.0,-1.0,0.0,0.012,1.0,-1,,unreal_rockfield.json,unreal_rockfield.json,nan,nan,nan
2301,-41.86376537369915,188.15424054689169,0.29631659504415786,Small,RegolithCovered,background_regolith,Background,Background,-1,-1.0,-1.0,-1.0,0.0,0.012,1.0,-1,,unreal_rockfield.json,unreal_rockfield.json,nan,nan,nan
2302,217.36045411542096,-66.11072115237891,0.28877140506042664,Small,RegolithCovered,background_regolith,Background,Background,-1,-1.0,-1.0,-1.0,0.0,0.012,1.0,-1,,unreal_rockfield.json,unreal_rockfield.json,nan,nan,nan
2303,-206.404309213538,241.82103946043276,0.2695316226681585,Small,RegolithCovered,background_regolith,Background,Background,-1,-1.0,-1.0,-1.0,0.0,0.012,1.0,-1,,unreal_rockfield.json,unreal_rockfield.json,nan,nan,nan
2304,176.0841700491348,-40.612506485183275,0.26732621310301397,Small,RegolithCovered,background_regolith,Background,Background,-1,-1.0,-1.0,-1.0,0.0,0.012,1.0,-1,,unreal_rockfield.json,unreal_rockfield.json,nan,nan,nan
2305,45.57176427503276,-131.7255165257729,0.30319368197860125,Medium,RegolithCovered,background_regolith,Background,Background,-1,-1.0,-1.0,-1.0,0.0,0.012,1.0,-1,,unreal_rockfield.json,unreal_rockfield.json,nan,nan,nan
2306,139.24832911160615,27.70317697683646,0.265086935791756,Small,RegolithCovered,background_regolith,Background,Background,-1,-1.0,-1.0,-1.0,0.0,0.012,1.0,-1,,unreal_rockfield.json,unreal_rockfield.json,nan,nan,nan
2307,-207.7929013946959,-105.51011688589128,0.31414953613021773,Medium,RegolithCovered,background_regolith,Background,Background,-1,-1.0,-1.0,-1.0,0.0,0.012,1.0,-1,,unreal_rockfield.json,unreal_rockfield.json,nan,nan,nan
2308,-25.99414044618061,243.72844630268258,0.32665635592435616,Medium,RegolithCovered,background_regolith,Background,Background,-1,-1.0,-1.0,-1.0,0.0,0.012,1.0,-1,,unreal_rockfield.json,unreal_rockfield.json,nan,nan,nan
2309,245.59007538071842,246.10889004181035,0.28207590483568046,Small,RegolithCovered,background_regolith,Background,Background,-1,-1.0,-1.0,-1.0,0.0,0.012,1.0,-1,,unreal_rockfield.json,unreal_rockfield.json,nan,nan,nan
2310,99.49797051911986,144.4212164677877,0.33191624038111134,Medium,RegolithCovered,background_regolith,Background,Background,-1,-1.0,-1.0,-1.0,0.0,0.012,1.0,-1,,unreal_rockfield.json,unreal_rockfield.json,nan,nan,nan
2311,209.73082674642166,73.32834864345227,0.2731647713218886,Small,RegolithCovered,background_regolith,Background,Background,-1,-1.0,-1.0,-1.0,0.0,0.012,1.0,-1,,unreal_rockfield.json,unreal_rockfield.json,nan,nan,nan
2312,-130.642109439375,-231.01748710592975,0.3178871344109902,Medium,RegolithCovered,background_regolith,Background,Background,-1,-1.0,-1.0,-1.0,0.0,0.012,1.0,-1,,unreal_rockfield.json,unreal_rockfield.json,nan,nan,nan
2313,-38.75087740714744,8.796960356456225,0.2979954610894784,Small,RegolithCovered,background_regolith,Background,Background,-1,-1.0,-1.0,-1.0,0.0,0.012,1.0,-1,,unreal_rockfield.json,unreal_rockfield.json,nan,nan,nan
2314,-214.1712698751793,-149.9755851924192,0.2937179350529879,Small,RegolithCovered,background_regolith,Background,Background,-1,-1.0,-1.0,-1.0,0.0,0.012,1.0,-1,,unreal_rockfield.json,unreal_rockfield.json,nan,nan,nan
2315,83.20108645893737,55.764946440015876,0.26481272554457397,Small,RegolithCovered,background_regolith,Background,Background,-1,-1.0,-1.0,-1.0,0.0,0.012,1.0,-1,,unreal_rockfield.json,unreal_rockfield.json,nan,nan,nan
2316,209.56297494430368,189.72594378490555,0.28527789892566024,Small,RegolithCovered,background_regolith,Background,Background,-1,-1.0,-1.0,-1.0,0.0,0.012,1.0,-1,,unreal_rockfield.json,unreal_rockfield.json,nan,nan,nan
2317,-163.43424787133398,-47.173986022522655,0.2859182250374178,Small,RegolithCovered,background_regolith,Background,Background,-1,-1.0,-1.0,-1.0,0.0,0.012,1.0,-1,,unreal_rockfield.json,unreal_rockfield.json,nan,nan,nan
2318,51.78228095339824,-83.44523453474531,0.2901065001805918,Small,RegolithCovered,background_regolith,Background,Background,-1,-1.0,-1.0,-1.0,0.0,0.012,1.0,-1,,unreal_rockfield.json,unreal_rockfield.json,nan,nan,nan
2319,-19.26480910672325,199.2019409772027,0.3509080611731184,Medium,RegolithCovered,background_regolith,Background,Background,-1,-1.0,-1.0,-1.0,0.0,0.012,1.0,-1,,unreal_rockfield.json,unreal_rockfield.json,nan,nan,nan
2320,-185.30075991088594,-151.3946958830531,0.3326111951629061,Medium,RegolithCovered,background_regolith,Background,Background,-1,-1.0,-1.0,-1.0,0.0,0.012,1.0,-1,,unreal_rockfield.json,unreal_rockfield.json,nan,nan,nan
2321,-7.240516373180327,-56.39057588427383,0.2613273096972129,Small,RegolithCovered,background_regolith,Background,Background,-1,-1.0,-1.0,-1.0,0.0,0.012,1.0,-1,,unreal_rockfield.json,unreal_rockfield.json,nan,nan,nan
2322,-35.33280434583574,55.52079836420785,0.29695889656406027,Small,RegolithCovered,background_regolith,Background,Background,-1,-1.0,-1.0,-1.0,0.0,0.012,1.0,-1,,unreal_rockfield.json,unreal_rockfield.json,nan,nan,nan
2323,-178.73928037354653,-174.11572618793298,0.33161184032929736,Medium,RegolithCovered,background_regolith,Background,Background,-1,-1.0,-1.0,-1.0,0.0,0.012,1.0,-1,,unreal_rockfield.json,unreal_rockfield.json,nan,nan,nan
2324,173.53587450788905,-148.9532151249733,0.3456123035240846,Medium,RegolithCovered,background_regolith,Background,Background,-1,-1.0,-1.0,-1.0,0.0,0.012,1.0,-1,,unreal_rockfield.json,unreal_rockfield.json,nan,nan,nan
2325,83.84197515793329,-200.1174962614826,0.2642311657917252,Small,RegolithCovered,background_regolith,Background,Background,-1,-1.0,-1.0,-1.0,0.0,0.012,1.0,-1,,unreal_rockfield.json,unreal_rockfield.json,nan,nan,nan
2326,130.12329477828303,-201.44505142368848,0.3060736905673138,Medium,RegolithCovered,background_regolith,Background,Background,-1,-1.0,-1.0,-1.0,0.0,0.012,1.0,-1,,unreal_rockfield.json,unreal_rockfield.json,nan,nan,nan
2327,-87.91619617297891,149.9755851924192,0.28334859827461356,Small,RegolithCovered,background_regolith,Background,Background,-1,-1.0,-1.0,-1.0,0.0,0.012,1.0,-1,,unreal_rockfield.json,unreal_rockfield.json,nan,nan,nan
2328,95.50004577776423,-189.25290688802758,0.32802703479655976,Medium,RegolithCovered,background_regolith,Background,Background,-1,-1.0,-1.0,-1.0,0.0,0.012,1.0,-1,,unreal_rockfield.json,unreal_rockfield.json,nan,nan,nan
2329,-94.06567583239234,24.956511123996734,0.2696538203700778,Small,RegolithCovered,background_regolith,Background,Background,-1,-1.0,-1.0,-1.0,0.0,0.012,1.0,-1,,unreal_rockfield.json,unreal_rockfield.json,nan,nan,nan
2330,-160.36713766899624,10.24658955656605,0.34736445811421807,Medium,RegolithCovered,background_regolith,Background,Background,-1,-1.0,-1.0,-1.0,0.0,0.012,1.0,-1,,unreal_rockfield.json,unreal_rockfield.json,nan,nan,nan
2331,-186.47572252571183,43.176061281166994,0.2630307526340592,Small,RegolithCovered,background_regolith,Background,Background,-1,-1.0,-1.0,-1.0,0.0,0.012,1.0,-1,,unreal_rockfield.json,unreal_rockfield.json,nan,nan,nan
2332,240.67659535508284,125.54551835688346,0.26233848395991083,Small,RegolithCovered,background_regolith,Background,Background,-1,-1.0,-1.0,-1.0,0.0,0.012,1.0,-1,,unreal_rockfield.json,unreal_rockfield.json,nan,nan,nan
2333,44.68672750022887,56.31427961058381,0.2850143686245568,Small,RegolithCovered,background_regolith,Background,Background,-1,-1.0,-1.0,-1.0,0.0,0.012,1.0,-1,,unreal_rockfield.json,unreal_rockfield.json,nan,nan,nan
2334,-161.60313730277414,-233.21481978820154,0.28966513807944716,Small,RegolithCovered,background_regolith,Background,Background,-1,-1.0,-1.0,-1.0,0.0,0.012,1.0,-1,,unreal_rockfield.json,unreal_rockfield.json,nan,nan,nan
2335,-109.79796746726888,186.41468550675984,0.27103692751754227,Small,RegolithCovered,background_regolith,Background,Background,-1,-1.0,-1.0,-1.0,0.0,0.012,1.0,-1,,unreal_rockfield.json,unreal_rockfield.json,nan,nan,nan
2336,199.59868160039065,-107.15811639759514,0.27007945389479737,Small,RegolithCovered,background_regolith,Background,Background,-1,-1.0,-1.0,-1.0,0.0,0.012,1.0,-1,,unreal_rockfield.json,unreal_rockfield.json,nan,nan,nan
2337,-204.86312448500016,-44.19843134861293,0.2600676976412754,Small,RegolithCovered,background_regolith,Background,Background,-1,-1.0,-1.0,-1.0,0.0,0.012,1.0,-1,,unreal_rockfield.json,unreal_rockfield.json,nan,nan,nan
2338,-240.0662251655629,85.58153019806514,0.2833144079106288,Small,RegolithCovered,background_regolith,Background,Background,-1,-1.0,-1.0,-1.0,0.0,0.012,1.0,-1,,unreal_rockfield.json,unreal_rockfield.json,nan,nan,nan
2339,158.07824945829645,-96.04937894833216,0.29004625371329334,Small,RegolithCovered,background_regolith,Background,Background,-1,-1.0,-1.0,-1.0,0.0,0.012,1.0,-1,,unreal_rockfield.json,unreal_rockfield.json,nan,nan,nan
2340,44.67146824549087,-175.90105899227882,0.339834176759211,Medium,RegolithCovered,background_regolith,Background,Background,-1,-1.0,-1.0,-1.0,0.0,0.012,1.0,-1,,unreal_rockfield.json,unreal_rockfield.json,nan,nan,nan
2341,-161.61839655751214,212.0502334665975,0.28817867085186755,Small,RegolithCovered,background_regolith,Background,Background,-1,-1.0,-1.0,-1.0,0.0,0.012,1.0,-1,,unreal_rockfield.json,unreal_rockfield.json,nan,nan,nan
2342,24.89547410504474,239.50163274025698,0.2623722607190932,Small,RegolithCovered,background_regolith,Background,Background,-1,-1.0,-1.0,-1.0,0.0,0.012,1.0,-1,,unreal_rockfield.json,unreal_rockfield.json,nan,nan,nan
2343,-213.16415906247138,227.12637714774007,0.3015842210269718,Medium,RegolithCovered,background_regolith,Background,Background,-1,-1.0,-1.0,-1.0,0.0,0.012,1.0,-1,,unreal_rockfield.json,unreal_rockfield.json,nan,nan,nan
2344,25.215918454542702,-232.22296823023163,0.308516445586509,Medium,RegolithCovered,background_regolith,Background,Background,-1,-1.0,-1.0,-1.0,0.0,0.012,1.0,-1,,unreal_rockfield.json,unreal_rockfield.json,nan,nan,nan
2345,-90.51026947843869,77.02108829004789,0.26917371396360196,Small,RegolithCovered,background_regolith,Background,Background,-1,-1.0,-1.0,-1.0,0.0,0.012,1.0,-1,,unreal_rockfield.json,unreal_rockfield.json,nan,nan,nan
2346,-249.78637043366803,140.66743980224004,0.5659856116224856,Medium,RegolithCovered,background_regolith,Background,Background,-1,-1.0,-1.0,-1.0,0.0,0.012,1.0,-1,,unreal_rockfield.json,unreal_rockfield.json,nan,nan,nan
2347,-133.02255317850276,-15.785699026459554,0.2786147952892139,Small,RegolithCovered,background_regolith,Background,Background,-1,-1.0,-1.0,-1.0,0.0,0.012,1.0,-1,,unreal_rockfield.json,unreal_rockfield.json,nan,nan,nan
2348,-172.17780083620715,199.9191259498886,0.31313726315785645,Medium,RegolithCovered,background_regolith,Background,Background,-1,-1.0,-1.0,-1.0,0.0,0.012,1.0,-1,,unreal_rockfield.json,unreal_rockfield.json,nan,nan,nan
2349,-58.984649189733574,108.76033814508503,0.3358348244159171,Medium,RegolithCovered,background_regolith,Background,Background,-1,-1.0,-1.0,-1.0,0.0,0.012,1.0,-1,,unreal_rockfield.json,unreal_rockfield.json,nan,nan,nan
2350,-33.715323343607906,27.901547288430436,0.33084114747219084,Medium,RegolithCovered,background_regolith,Background,Background,-1,-1.0,-1.0,-1.0,0.0,0.012,1.0,-1,,unreal_rockfield.json,unreal_rockfield.json,nan,nan,nan
2351,-199.18668172246467,-36.12628559221167,0.27362717604878145,Small,RegolithCovered,background_regolith,Background,Background,-1,-1.0,-1.0,-1.0,0.0,0.012,1.0,-1,,unreal_rockfield.json,unreal_rockfield.json,nan,nan,nan
2352,74.22864467299416,-207.99127170628987,0.2631547845627735,Small,RegolithCovered,background_regolith,Background,Background,-1,-1.0,-1.0,-1.0,0.0,0.012,1.0,-1,,unreal_rockfield.json,unreal_rockfield.json,nan,nan,nan
2353,-83.53679006317333,-158.07824945829645,0.4423827202527029,Medium,RegolithCovered,background_regolith,Background,Background,-1,-1.0,-1.0,-1.0,0.0,0.012,1.0,-1,,unreal_rockfield.json,unreal_rockfield.json,nan,nan,nan
2354,188.32209234900967,-57.76390881069369,0.27189733714331943,Small,RegolithCovered,background_regolith,Background,Background,-1,-1.0,-1.0,-1.0,0.0,0.012,1.0,-1,,unreal_rockfield.json,unreal_rockfield.json,nan,nan,nan
2355,-73.09945982238227,-51.55339213232827,0.2983587011059808,Small,RegolithCovered,background_regolith,Background,Background,-1,-1.0,-1.0,-1.0,0.0,0.012,1.0,-1,,unreal_rockfield.json,unreal_rockfield.json,nan,nan,nan
2356,-21.90466017639696,-84.69649342326122,0.28479303883440626,Small,RegolithCovered,background_regolith,Background,Background,-1,-1.0,-1.0,-1.0,0.0,0.012,1.0,-1,,unreal_rockfield.json,unreal_rockfield.json,nan,nan,nan
2357,-81.98034607989746,-241.77526169621876,0.28314847277271155,Small,RegolithCovered,background_regolith,Background,Background,-1,-1.0,-1.0,-1.0,0.0,0.012,1.0,-1,,unreal_rockfield.json,unreal_rockfield.json,nan,nan,nan
2358,139.20255134739216,224.91378521073028,0.2604035412337394,Small,RegolithCovered,background_regolith,Background,Background,-1,-1.0,-1.0,-1.0,0.0,0.012,1.0,-1,,unreal_rockfield.json,unreal_rockfield.json,nan,nan,nan
2359,237.3195593127232,164.31928464613787,0.27510456968470776,Small,RegolithCovered,background_regolith,Background,Background,-1,-1.0,-1.0,-1.0,0.0,0.012,1.0,-1,,unreal_rockfield.json,unreal_rockfield.json,nan,nan,nan
2360,-166.89809869685965,191.06875820184945,0.2740887174270566,Small,RegolithCovered,background_regolith,Background,Background,-1,-1.0,-1.0,-1.0,0.0,0.012,1.0,-1,,unreal_rockfield.json,unreal_rockfield.json,nan,nan,nan
2361,103.12967314676354,-21.523178807947005,0.36632343833231745,Medium,RegolithCovered,background_regolith,Background,Background,-1,-1.0,-1.0,-1.0,0.0,0.012,1.0,-1,,unreal_rockfield.json,unreal_rockfield.json,nan,nan,nan
2362,170.5603198339793,22.164067506942956,0.4139250957762756,Medium,RegolithCovered,background_regolith,Background,Background,-1,-1.0,-1.0,-1.0,0.0,0.012,1.0,-1,,unreal_rockfield.json,unreal_rockfield.json,nan,nan,nan
2363,-202.98623615222633,-53.79650257881406,0.5463050086035478,Medium,RegolithCovered,background_regolith,Background,Background,-1,-1.0,-1.0,-1.0,0.0,0.012,1.0,-1,,unreal_rockfield.json,unreal_rockfield.json,nan,nan,nan
2364,-246.23096407971434,-53.979613635670034,0.3855464092353855,Medium,RegolithCovered,background_regolith,Background,Background,-1,-1.0,-1.0,-1.0,0.0,0.012,1.0,-1,,unreal_rockfield.json,unreal_rockfield.json,nan,nan,nan
2365,94.01989806817835,-151.77617725150304,0.2794237210855035,Small,RegolithCovered,background_regolith,Background,Background,-1,-1.0,-1.0,-1.0,0.0,0.012,1.0,-1,,unreal_rockfield.json,unreal_rockfield.json,nan,nan,nan
2366,179.05972472304455,31.28910184026614,0.2701910128094652,Small,RegolithCovered,background_regolith,Background,Background,-1,-1.0,-1.0,-1.0,0.0,0.012,1.0,-1,,unreal_rockfield.json,unreal_rockfield.json,nan,nan,nan
2367,224.7459334086123,162.15247047334208,0.2683254147396754,Small,RegolithCovered,background_regolith,Background,Background,-1,-1.0,-1.0,-1.0,0.0,0.012,1.0,-1,,unreal_rockfield.json,unreal_rockfield.json,nan,nan,nan
2368,-158.78017517624437,182.58461256752219,0.2739219328448065,Small,RegolithCovered,background_regolith,Background,Background,-1,-1.0,-1.0,-1.0,0.0,0.012,1.0,-1,,unreal_rockfield.json,unreal_rockfield.json,nan,nan,nan
2369,14.778588213751675,-161.17587817011017,0.26633983747809575,Small,RegolithCovered,background_regolith,Background,Background,-1,-1.0,-1.0,-1.0,0.0,0.012,1.0,-1,,unreal_rockfield.json,unreal_rockfield.json,nan,nan,nan
2370,64.41694387646106,-27.748954741050426,0.26129093164879036,Small,RegolithCovered,background_regolith,Background,Background,-1,-1.0,-1.0,-1.0,0.0,0.012,1.0,-1,,unreal_rockfield.json,unreal_rockfield.json,nan,nan,nan
2371,-155.25528733176674,196.08905301065096,0.5945082859566241,Medium,RegolithCovered,background_regolith,Background,Background,-1,-1.0,-1.0,-1.0,0.0,0.012,1.0,-1,,unreal_rockfield.json,unreal_rockfield.json,nan,nan,nan
2372,195.53971984008302,-77.00582903530992,0.27500147523104024,Small,RegolithCovered,background_regolith,Background,Background,-1,-1.0,-1.0,-1.0,0.0,0.012,1.0,-1,,unreal_rockfield.json,unreal_rockfield.json,nan,nan,nan
2373,160.26032288583025,-64.18805505539109,0.2700904367058083,Small,RegolithCovered,background_regolith,Background,Background,-1,-1.0,-1.0,-1.0,0.0,0.012,1.0,-1,,unreal_rockfield.json,unreal_rockfield.json,nan,nan,nan
2374,26.665547654652585,19.310586870937243,0.2728219303084384,Small,RegolithCovered,background_regolith,Background,Background,-1,-1.0,-1.0,-1.0,0.0,0.012,1.0,-1,,unreal_rockfield.json,unreal_rockfield.json,nan,nan,nan
2375,-131.05410931730094,34.96658223212381,0.2994765930113356,Small,RegolithCovered,background_regolith,Background,Background,-1,-1.0,-1.0,-1.0,0.0,0.012,1.0,-1,,unreal_rockfield.json,unreal_rockfield.json,nan,nan,nan
2376,-53.27768791772212,36.904507583849636,0.28544900979254384,Small,RegolithCovered,background_regolith,Background,Background,-1,-1.0,-1.0,-1.0,0.0,0.012,1.0,-1,,unreal_rockfield.json,unreal_rockfield.json,nan,nan,nan
2377,31.13650929288616,-63.577684865871134,0.27657662477863576,Small,RegolithCovered,background_regolith,Background,Background,-1,-1.0,-1.0,-1.0,0.0,0.012,1.0,-1,,unreal_rockfield.json,unreal_rockfield.json,nan,nan,nan
2378,248.8097781304361,176.81661427655877,0.2744726834365871,Small,RegolithCovered,background_regolith,Background,Background,-1,-1.0,-1.0,-1.0,0.0,0.012,1.0,-1,,unreal_rockfield.json,unreal_rockfield.json,nan,nan,nan
2379,218.62697225867487,-242.81289101840267,0.29230506434722386,Small,RegolithCovered,background_regolith,Background,Background,-1,-1.0,-1.0,-1.0,0.0,0.012,1.0,-1,,unreal_rockfield.json,unreal_rockfield.json,nan,nan,nan
2380,226.0887478255562,-88.31293679616687,0.3168926477854812,Medium,RegolithCovered,background_regolith,Background,Background,-1,-1.0,-1.0,-1.0,0.0,0.012,1.0,-1,,unreal_rockfield.json,unreal_rockfield.json,nan,nan,nan
2381,219.60356456190675,-171.7658009582812,0.28154697175374954,Small,RegolithCovered,background_regolith,Background,Background,-1,-1.0,-1.0,-1.0,0.0,0.012,1.0,-1,,unreal_rockfield.json,unreal_rockfield.json,nan,nan,nan
2382,-237.77733695486313,-166.05883968626972,0.2925763892630022,Small,RegolithCovered,background_regolith,Background,Background,-1,-1.0,-1.0,-1.0,0.0,0.012,1.0,-1,,unreal_rockfield.json,unreal_rockfield.json,nan,nan,nan
2383,-154.91958372753075,-30.632953886532164,0.2703282034163303,Small,RegolithCovered,background_regolith,Background,Background,-1,-1.0,-1.0,-1.0,0.0,0.012,1.0,-1,,unreal_rockfield.json,unreal_rockfield.json,nan,nan,nan
2384,249.908444471572,75.05264442884607,0.28526587897843003,Small,RegolithCovered,background_regolith,Background,Background,-1,-1.0,-1.0,-1.0,0.0,0.012,1.0,-1,,unreal_rockfield.json,unreal_rockfield.json,nan,nan,nan
2385,-120.00640888698996,170.68239387188328,0.2795507572687867,Small,RegolithCovered,background_regolith,Background,Background,-1,-1.0,-1.0,-1.0,0.0,0.012,1.0,-1,,unreal_rockfield.json,unreal_rockfield.json,nan,nan,nan
2386,41.72643208105717,-17.601550340281392,0.28691274750628054,Small,RegolithCovered,background_regolith,Background,Background,-1,-1.0,-1.0,-1.0,0.0,0.012,1.0,-1,,unreal_rockfield.json,unreal_rockfield.json,nan,nan,nan
2387,158.93276772362435,-11.87932981353191,0.3112289400020717,Medium,RegolithCovered,background_regolith,Background,Background,-1,-1.0,-1.0,-1.0,0.0,0.012,1.0,-1,,unreal_rockfield.json,unreal_rockfield.json,nan,nan,nan
2388,-62.73842585528121,128.88729514450512,0.27049291717010265,Small,RegolithCovered,background_regolith,Background,Background,-1,-1.0,-1.0,-1.0,0.0,0.012,1.0,-1,,unreal_rockfield.json,unreal_rockfield.json,nan,nan,nan
2389,-231.18533890804773,151.31839960936304,0.29276719706743815,Small,RegolithCovered,background_regolith,Background,Background,-1,-1.0,-1.0,-1.0,0.0,0.012,1.0,-1,,unreal_rockfield.json,unreal_rockfield.json,nan,nan,nan
2390,126.70522171697132,-168.4698019348735,0.3139409740826648,Medium,RegolithCovered,background_regolith,Background,Background,-1,-1.0,-1.0,-1.0,0.0,0.012,1.0,-1,,unreal_rockfield.json,unreal_rockfield.json,nan,nan,nan
2391,-73.14523758659627,-186.17053743095187,0.2688028452620852,Small,RegolithCovered,background_regolith,Background,Background,-1,-1.0,-1.0,-1.0,0.0,0.012,1.0,-1,,unreal_rockfield.json,unreal_rockfield.json,nan,nan,nan
2392,234.03881954405347,104.33515427106539,0.27780423138098886,Small,RegolithCovered,background_regolith,Background,Background,-1,-1.0,-1.0,-1.0,0.0,0.012,1.0,-1,,unreal_rockfield.json,unreal_rockfield.json,nan,nan,nan
2393,88.40449232459486,238.99807733390298,0.26701481561652385,Small,RegolithCovered,background_regolith,Background,Background,-1,-1.0,-1.0,-1.0,0.0,0.012,1.0,-1,,unreal_rockfield.json,unreal_rockfield.json,nan,nan,nan
2394,-184.35468611713003,-194.60890530106508,0.29218896681488626,Small,RegolithCovered,background_regolith,Background,Background,-1,-1.0,-1.0,-1.0,0.0,0.012,1.0,-1,,unreal_rockfield.json,unreal_rockfield.json,nan,nan,nan
2395,245.7579271828364,193.46446119571522,0.2672827938143771,Small,RegolithCovered,background_regolith,Background,Background,-1,-1.0,-1.0,-1.0,0.0,0.012,1.0,-1,,unreal_rockfield.json,unreal_rockfield.json,nan,nan,nan
2396,64.63057344279304,96.91915646839811,0.2644753794143822,Small,RegolithCovered,background_regolith,Background,Background,-1,-1.0,-1.0,-1.0,0.0,0.012,1.0,-1,,unreal_rockfield.json,unreal_rockfield.json,nan,nan,nan
2397,118.66359447004612,105.25070955534534,0.2873706137269303,Small,RegolithCovered,background_regolith,Background,Background,-1,-1.0,-1.0,-1.0,0.0,0.012,1.0,-1,,unreal_rockfield.json,unreal_rockfield.json,nan,nan,nan
2398,230.89541306802573,155.95721304971465,0.33426712359965743,Medium,RegolithCovered,background_regolith,Background,Background,-1,-1.0,-1.0,-1.0,0.0,0.012,1.0,-1,,unreal_rockfield.json,unreal_rockfield.json,nan,nan,nan
2399,-46.670430616168716,-181.18076113162633,0.30791431326355895,Medium,RegolithCovered,background_regolith,Background,Background,-1,-1.0,-1.0,-1.0,0.0,0.012,1.0,-1,,unreal_rockfield.json,unreal_rockfield.json,nan,nan,nan
2400,83.7504196295053,-208.6169011505478,0.26807879683702485,Small,RegolithCovered,background_regolith,Background,Background,-1,-1.0,-1.0,-1.0,0.0,0.012,1.0,-1,,unreal_rockfield.json,unreal_rockfield.json,nan,nan,nan
2401,-128.65840632343514,236.44978179265723,0.26293007291799336,Small,RegolithCovered,background_regolith,Background,Background,-1,-1.0,-1.0,-1.0,0.0,0.012,1.0,-1,,unreal_rockfield.json,unreal_rockfield.json,nan,nan,nan
2402,-199.9038666951506,176.86239204077276,0.287324824270662,Small,RegolithCovered,background_regolith,Background,Background,-1,-1.0,-1.0,-1.0,0.0,0.012,1.0,-1,,unreal_rockfield.json,unreal_rockfield.json,nan,nan,nan
2403,84.51338236640521,-42.22998748741111,0.31042159370604827,Medium,RegolithCovered,background_regolith,Background,Background,-1,-1.0,-1.0,-1.0,0.0,0.012,1.0,-1,,unreal_rockfield.json,unreal_rockfield.json,nan,nan,nan
2404,149.60936307870725,235.59526352732934,0.3052743674187084,Medium,RegolithCovered,background_regolith,Background,Background,-1,-1.0,-1.0,-1.0,0.0,0.012,1.0,-1,,unreal_rockfield.json,unreal_rockfield.json,nan,nan,nan
2405,-248.8555558946501,-92.02093569750053,0.277201459344788,Small,RegolithCovered,background_regolith,Background,Background,-1,-1.0,-1.0,-1.0,0.0,0.012,1.0,-1,,unreal_rockfield.json,unreal_rockfield.json,nan,nan,nan
2406,-48.10480056154057,-247.74163029877622,0.3063368086487083,Medium,RegolithCovered,background_regolith,Background,Background,-1,-1.0,-1.0,-1.0,0.0,0.012,1.0,-1,,unreal_rockfield.json,unreal_rockfield.json,nan,nan,nan
2407,233.2758568071535,64.60005493331704,0.2669073504670391,Small,RegolithCovered,background_regolith,Background,Background,-1,-1.0,-1.0,-1.0,0.0,0.012,1.0,-1,,unreal_rockfield.json,unreal_rockfield.json,nan,nan,nan
2408,190.91616565446947,-27.29117709891048,0.34585995956363674,Medium,RegolithCovered,background_regolith,Background,Background,-1,-1.0,-1.0,-1.0,0.0,0.012,1.0,-1,,unreal_rockfield.json,unreal_rockfield.json,nan,nan,nan
2409,-42.092654194769125,-57.13827936643577,0.285650060393801,Small,RegolithCovered,background_regolith,Background,Background,-1,-1.0,-1.0,-1.0,0.0,0.012,1.0,-1,,unreal_rockfield.json,unreal_rockfield.json,nan,nan,nan
2410,71.98553422650838,224.94430372020628,0.2877724300641105,Small,RegolithCovered,background_regolith,Background,Background,-1,-1.0,-1.0,-1.0,0.0,0.012,1.0,-1,,unreal_rockfield.json,unreal_rockfield.json,nan,nan,nan
2411,-71.02420117801447,167.05069124423966,0.27887972341579514,Small,RegolithCovered,background_regolith,Background,Background,-1,-1.0,-1.0,-1.0,0.0,0.012,1.0,-1,,unreal_rockfield.json,unreal_rockfield.json,nan,nan,nan
2412,-110.9271523178808,-108.66878261665698,0.27459030181177374,Small,RegolithCovered,background_regolith,Background,Background,-1,-1.0,-1.0,-1.0,0.0,0.012,1.0,-1,,unreal_rockfield.json,unreal_rockfield.json,nan,nan,nan
2413,114.5588549455245,-73.8776818140202,0.2787068959281103,Small,RegolithCovered,background_regolith,Background,Background,-1,-1.0,-1.0,-1.0,0.0,0.012,1.0,-1,,unreal_rockfield.json,unreal_rockfield.json,nan,nan,nan
2414,17.097994933927453,-182.03527939695425,0.31701837432737917,Medium,RegolithCovered,background_regolith,Background,Background,-1,-1.0,-1.0,-1.0,0.0,0.012,1.0,-1,,unreal_rockfield.json,unreal_rockfield.json,nan,nan,nan
2415,-113.13974425489059,76.39545884578996,0.30655532142090774,Medium,RegolithCovered,background_regolith,Background,Background,-1,-1.0,-1.0,-1.0,0.0,0.012,1.0,-1,,unreal_rockfield.json,unreal_rockfield.json,nan,nan,nan
2416,-152.066103091525,-97.34641560106206,0.28436139873604643,Small,RegolithCovered,background_regolith,Background,Background,-1,-1.0,-1.0,-1.0,0.0,0.012,1.0,-1,,unreal_rockfield.json,unreal_rockfield.json,nan,nan,nan
2417,-145.07736442152165,-202.58949552903837,0.5223509178932176,Medium,RegolithCovered,background_regolith,Background,Background,-1,-1.0,-1.0,-1.0,0.0,0.012,1.0,-1,,unreal_rockfield.json,unreal_rockfield.json,nan,nan,nan
2418,233.2758568071535,94.81337931455431,0.28157301812144414,Small,RegolithCovered,background_regolith,Background,Background,-1,-1.0,-1.0,-1.0,0.0,0.012,1.0,-1,,unreal_rockfield.json,unreal_rockfield.json,nan,nan,nan
2419,241.85155796990875,217.75719473860892,0.32324509186241,Medium,RegolithCovered,background_regolith,Background,Background,-1,-1.0,-1.0,-1.0,0.0,0.012,1.0,-1,,unreal_rockfield.json,unreal_rockfield.json,nan,nan,nan
2420,172.46772667622912,-195.87542344431898,0.26158184521274186,Small,RegolithCovered,background_regolith,Background,Background,-1,-1.0,-1.0,-1.0,0.0,0.012,1.0,-1,,unreal_rockfield.json,unreal_rockfield.json,nan,nan,nan
2421,-144.14654988250373,-6.79799798577838,0.30788815114537577,Medium,RegolithCovered,background_regolith,Background,Background,-1,-1.0,-1.0,-1.0,0.0,0.012,1.0,-1,,unreal_rockfield.json,unreal_rockfield.json,nan,nan,nan
2422,-224.37971129490035,191.5570543534654,0.27450828387838233,Small,RegolithCovered,background_regolith,Background,Background,-1,-1.0,-1.0,-1.0,0.0,0.012,1.0,-1,,unreal_rockfield.json,unreal_rockfield.json,nan,nan,nan
2423,125.10299996948152,127.23929563280126,0.3570354260192951,Medium,RegolithCovered,background_regolith,Background,Background,-1,-1.0,-1.0,-1.0,0.0,0.012,1.0,-1,,unreal_rockfield.json,unreal_rockfield.json,nan,nan,nan
2424,128.68892483291114,-60.8920560319834,0.37280044778097604,Medium,RegolithCovered,background_regolith,Background,Background,-1,-1.0,-1.0,-1.0,0.0,0.012,1.0,-1,,unreal_rockfield.json,unreal_rockfield.json,nan,nan,nan
2425,48.18109683523056,60.76998199407939,0.3117347536010931,Medium,RegolithCovered,background_regolith,Background,Background,-1,-1.0,-1.0,-1.0,0.0,0.012,1.0,-1,,unreal_rockfield.json,unreal_rockfield.json,nan,nan,nan
2426,-223.73882259590442,-193.87646107364117,0.3065890468852556,Medium,RegolithCovered,background_regolith,Background,Background,-1,-1.0,-1.0,-1.0,0.0,0.012,1.0,-1,,unreal_rockfield.json,unreal_rockfield.json,nan,nan,nan
2427,192.8083132419813,-86.77175206762902,0.41131600396516915,Medium,RegolithCovered,background_regolith,Background,Background,-1,-1.0,-1.0,-1.0,0.0,0.012,1.0,-1,,unreal_rockfield.json,unreal_rockfield.json,nan,nan,nan
2428,-193.6017944883572,11.726737266151929,0.2734141953404872,Small,RegolithCovered,background_regolith,Background,Background,-1,-1.0,-1.0,-1.0,0.0,0.012,1.0,-1,,unreal_rockfield.json,unreal_rockfield.json,nan,nan,nan
2429,-9.407330545976151,-84.34553056428723,0.35911604273306613,Medium,RegolithCovered,background_regolith,Background,Background,-1,-1.0,-1.0,-1.0,0.0,0.012,1.0,-1,,unreal_rockfield.json,unreal_rockfield.json,nan,nan,nan
2430,157.39158299508654,178.7545396282846,0.26248258392113444,Small,RegolithCovered,background_regolith,Background,Background,-1,-1.0,-1.0,-1.0,0.0,0.012,1.0,-1,,unreal_rockfield.json,unreal_rockfield.json,nan,nan,nan
2431,-33.5169530320139,228.102969450972,0.26255801220229374,Small,RegolithCovered,background_regolith,Background,Background,-1,-1.0,-1.0,-1.0,0.0,0.012,1.0,-1,,unreal_rockfield.json,unreal_rockfield.json,nan,nan,nan
2432,-43.17606128116702,166.40980254524368,0.2616785626800451,Small,RegolithCovered,background_regolith,Background,Background,-1,-1.0,-1.0,-1.0,0.0,0.012,1.0,-1,,unreal_rockfield.json,unreal_rockfield.json,nan,nan,nan
2433,141.109958189642,164.67024750511183,0.26934068597878036,Small,RegolithCovered,background_regolith,Background,Background,-1,-1.0,-1.0,-1.0,0.0,0.012,1.0,-1,,unreal_rockfield.json,unreal_rockfield.json,nan,nan,nan
2434,136.31855220191045,47.8911709952086,0.2892289599258182,Small,RegolithCovered,background_regolith,Background,Background,-1,-1.0,-1.0,-1.0,0.0,0.012,1.0,-1,,unreal_rockfield.json,unreal_rockfield.json,nan,nan,nan
2435,94.05041657765435,47.769096957304555,0.2813414321746909,Small,RegolithCovered,background_regolith,Background,Background,-1,-1.0,-1.0,-1.0,0.0,0.012,1.0,-1,,unreal_rockfield.json,unreal_rockfield.json,nan,nan,nan
2436,-73.22153386028626,191.4502395702994,0.2669818237513541,Small,RegolithCovered,background_regolith,Background,Background,-1,-1.0,-1.0,-1.0,0.0,0.012,1.0,-1,,unreal_rockfield.json,unreal_rockfield.json,nan,nan,nan
2437,10.322885830256041,166.05883968626972,0.2976055310953552,Small,RegolithCovered,background_regolith,Background,Background,-1,-1.0,-1.0,-1.0,0.0,0.012,1.0,-1,,unreal_rockfield.json,unreal_rockfield.json,nan,nan,nan
2438,-180.52461317789238,-183.7900936918241,0.261459816704044,Small,RegolithCovered,background_regolith,Background,Background,-1,-1.0,-1.0,-1.0,0.0,0.012,1.0,-1,,unreal_rockfield.json,unreal_rockfield.json,nan,nan,nan
2439,-108.62300485244299,-194.3494979705191,0.3779949376427663,Medium,RegolithCovered,background_regolith,Background,Background,-1,-1.0,-1.0,-1.0,0.0,0.012,1.0,-1,,unreal_rockfield.json,unreal_rockfield.json,nan,nan,nan
2440,-138.37855159154026,-44.061098055970945,0.41061127147052023,Medium,RegolithCovered,background_regolith,Background,Background,-1,-1.0,-1.0,-1.0,0.0,0.012,1.0,-1,,unreal_rockfield.json,unreal_rockfield.json,nan,nan,nan
2441,-69.11679433576464,249.02340769676806,0.29105581771631656,Small,RegolithCovered,background_regolith,Background,Background,-1,-1.0,-1.0,-1.0,0.0,0.012,1.0,-1,,unreal_rockfield.json,unreal_rockfield.json,nan,nan,nan
2442,-67.92657246620075,-89.1064180425428,0.3043394307064181,Medium,RegolithCovered,background_regolith,Background,Background,-1,-1.0,-1.0,-1.0,0.0,0.012,1.0,-1,,unreal_rockfield.json,unreal_rockfield.json,nan,nan,nan
2443,-226.66859950560016,178.02209540086062,0.33555247818782014,Medium,RegolithCovered,background_regolith,Background,Background,-1,-1.0,-1.0,-1.0,0.0,0.012,1.0,-1,,unreal_rockfield.json,unreal_rockfield.json,nan,nan,nan
2444,98.41456343272193,-60.49531540879545,0.26191232223941363,Small,RegolithCovered,background_regolith,Background,Background,-1,-1.0,-1.0,-1.0,0.0,0.012,1.0,-1,,unreal_rockfield.json,unreal_rockfield.json,nan,nan,nan
2445,-72.45857112338632,-235.9309671315653,0.3269687147769322,Medium,RegolithCovered,background_regolith,Background,Background,-1,-1.0,-1.0,-1.0,0.0,0.012,1.0,-1,,unreal_rockfield.json,unreal_rockfield.json,nan,nan,nan
2446,-19.707327494125195,72.6264229255043,0.39558859546885167,Medium,RegolithCovered,background_regolith,Background,Background,-1,-1.0,-1.0,-1.0,0.0,0.012,1.0,-1,,unreal_rockfield.json,unreal_rockfield.json,nan,nan,nan
2447,-66.15649891659291,67.5450910977508,0.2753098450106586,Small,RegolithCovered,background_regolith,Background,Background,-1,-1.0,-1.0,-1.0,0.0,0.012,1.0,-1,,unreal_rockfield.json,unreal_rockfield.json,nan,nan,nan
2448,-78.56227301858576,-35.80584124271371,0.3480510675062081,Medium,RegolithCovered,background_regolith,Background,Background,-1,-1.0,-1.0,-1.0,0.0,0.012,1.0,-1,,unreal_rockfield.json,unreal_rockfield.json,nan,nan,nan
2449,-77.82982879116184,-113.42967009491255,0.4173660724633709,Medium,RegolithCovered,background_regolith,Background,Background,-1,-1.0,-1.0,-1.0,0.0,0.012,1.0,-1,,unreal_rockfield.json,unreal_rockfield.json,nan,nan,nan
2450,-106.80715353862115,57.6876125370037,0.27353870994288454,Small,RegolithCovered,background_regolith,Background,Background,-1,-1.0,-1.0,-1.0,0.0,0.012,1.0,-1,,unreal_rockfield.json,unreal_rockfield.json,nan,nan,nan
2451,-115.48966948454236,82.02612384411145,0.30986787115388287,Medium,RegolithCovered,background_regolith,Background,Background,-1,-1.0,-1.0,-1.0,0.0,0.012,1.0,-1,,unreal_rockfield.json,unreal_rockfield.json,nan,nan,nan
2452,102.06152531510361,-12.169255653553876,0.2954282915449912,Small,RegolithCovered,background_regolith,Background,Background,-1,-1.0,-1.0,-1.0,0.0,0.012,1.0,-1,,unreal_rockfield.json,unreal_rockfield.json,nan,nan,nan
2453,-241.91259498886075,-155.20950956755274,0.26138438150536625,Small,RegolithCovered,background_regolith,Background,Background,-1,-1.0,-1.0,-1.0,0.0,0.012,1.0,-1,,unreal_rockfield.json,unreal_rockfield.json,nan,nan,nan
2454,-59.18301950132758,-12.550737022003858,0.34799438855080994,Medium,RegolithCovered,background_regolith,Background,Background,-1,-1.0,-1.0,-1.0,0.0,0.012,1.0,-1,,unreal_rockfield.json,unreal_rockfield.json,nan,nan,nan
2455,210.84475234229558,55.0782799768059,0.3527464390449418,Medium,RegolithCovered,background_regolith,Background,Background,-1,-1.0,-1.0,-1.0,0.0,0.012,1.0,-1,,unreal_rockfield.json,unreal_rockfield.json,nan,nan,nan
2456,-105.58641315958127,68.3233130893887,0.270507208101148,Small,RegolithCovered,background_regolith,Background,Background,-1,-1.0,-1.0,-1.0,0.0,0.012,1.0,-1,,unreal_rockfield.json,unreal_rockfield.json,nan,nan,nan
2457,-221.7703787347026,-5.043183690908535,0.3112147173634428,Medium,RegolithCovered,background_regolith,Background,Background,-1,-1.0,-1.0,-1.0,0.0,0.012,1.0,-1,,unreal_rockfield.json,unreal_rockfield.json,nan,nan,nan
2458,-24.391918698690745,-170.11780144657735,0.2857790219993517,Small,RegolithCovered,background_regolith,Background,Background,-1,-1.0,-1.0,-1.0,0.0,0.012,1.0,-1,,unreal_rockfield.json,unreal_rockfield.json,nan,nan,nan
2459,155.6367687002167,-94.32508316293834,0.37492072119839864,Medium,RegolithCovered,background_regolith,Background,Background,-1,-1.0,-1.0,-1.0,0.0,0.012,1.0,-1,,unreal_rockfield.json,unreal_rockfield.json,nan,nan,nan
2460,-90.84597308267465,-141.73558763389997,0.26056325052589085,Small,RegolithCovered,background_regolith,Background,Background,-1,-1.0,-1.0,-1.0,0.0,0.012,1.0,-1,,unreal_rockfield.json,unreal_rockfield.json,nan,nan,nan
2461,-58.86257515182959,-85.42893765068513,0.3030547329192998,Medium,RegolithCovered,background_regolith,Background,Background,-1,-1.0,-1.0,-1.0,0.0,0.012,1.0,-1,,unreal_rockfield.json,unreal_rockfield.json,nan,nan,nan
2462,-206.16016113773003,247.03970458082824,0.2756135813918788,Small,RegolithCovered,background_regolith,Background,Background,-1,-1.0,-1.0,-1.0,0.0,0.012,1.0,-1,,unreal_rockfield.json,unreal_rockfield.json,nan,nan,nan
2463,-110.9424115726188,-116.52729880672626,0.28018859823511993,Small,RegolithCovered,background_regolith,Background,Background,-1,-1.0,-1.0,-1.0,0.0,0.012,1.0,-1,,unreal_rockfield.json,unreal_rockfield.json,nan,nan,nan
2464,36.996063112277625,239.13541062654497,0.27725916139971063,Small,RegolithCovered,background_regolith,Background,Background,-1,-1.0,-1.0,-1.0,0.0,0.012,1.0,-1,,unreal_rockfield.json,unreal_rockfield.json,nan,nan,nan
2465,209.68504898220766,-63.66924039429912,0.2866472268627081,Small,RegolithCovered,background_regolith,Background,Background,-1,-1.0,-1.0,-1.0,0.0,0.012,1.0,-1,,unreal_rockfield.json,unreal_rockfield.json,nan,nan,nan
2466,164.22772911770988,-206.77053132724998,0.35749435880386615,Medium,RegolithCovered,background_regolith,Background,Background,-1,-1.0,-1.0,-1.0,0.0,0.012,1.0,-1,,unreal_rockfield.json,unreal_rockfield.json,nan,nan,nan
2467,74.41175572985014,-3.273110141300691,0.26576222890979556,Small,RegolithCovered,background_regolith,Background,Background,-1,-1.0,-1.0,-1.0,0.0,0.012,1.0,-1,,unreal_rockfield.json,unreal_rockfield.json,nan,nan,nan
2468,-156.15558336130863,-45.49546800134283,0.39830802337131244,Medium,RegolithCovered,background_regolith,Background,Background,-1,-1.0,-1.0,-1.0,0.0,0.012,1.0,-1,,unreal_rockfield.json,unreal_rockfield.json,nan,nan,nan
2469,196.47053437910097,-205.6260872219001,0.3050790889867542,Medium,RegolithCovered,background_regolith,Background,Background,-1,-1.0,-1.0,-1.0,0.0,0.012,1.0,-1,,unreal_rockfield.json,unreal_rockfield.json,nan,nan,nan
2470,-179.77690969573047,198.3016449476608,0.32159623729551234,Medium,RegolithCovered,background_regolith,Background,Background,-1,-1.0,-1.0,-1.0,0.0,0.012,1.0,-1,,unreal_rockfield.json,unreal_rockfield.json,nan,nan,nan
2471,89.2895290993988,169.6295052949614,0.27193372198426646,Small,RegolithCovered,background_regolith,Background,Background,-1,-1.0,-1.0,-1.0,0.0,0.012,1.0,-1,,unreal_rockfield.json,unreal_rockfield.json,nan,nan,nan
2472,109.66063417462692,-148.31232642597735,0.2696305850243962,Small,RegolithCovered,background_regolith,Background,Background,-1,-1.0,-1.0,-1.0,0.0,0.012,1.0,-1,,unreal_rockfield.json,unreal_rockfield.json,nan,nan,nan
2473,-199.46134830774866,-195.50920133060703,0.39156555805965515,Medium,RegolithCovered,background_regolith,Background,Background,-1,-1.0,-1.0,-1.0,0.0,0.012,1.0,-1,,unreal_rockfield.json,unreal_rockfield.json,nan,nan,nan
2474,-36.79769280068362,219.93926816614277,0.432543092636162,Medium,RegolithCovered,background_regolith,Background,Background,-1,-1.0,-1.0,-1.0,0.0,0.012,1.0,-1,,unreal_rockfield.json,unreal_rockfield.json,nan,nan,nan
2475,11.345255897701975,-73.78612628559222,0.26241609594653503,Small,RegolithCovered,background_regolith,Background,Background,-1,-1.0,-1.0,-1.0,0.0,0.012,1.0,-1,,unreal_rockfield.json,unreal_rockfield.json,nan,nan,nan
2476,-67.43827631458478,91.24271370586263,0.2815665047673897,Small,RegolithCovered,background_regolith,Background,Background,-1,-1.0,-1.0,-1.0,0.0,0.012,1.0,-1,,unreal_rockfield.json,unreal_rockfield.json,nan,nan,nan
2477,-180.4483169042024,-249.31333353679005,0.3128794818176497,Medium,RegolithCovered,background_regolith,Background,Background,-1,-1.0,-1.0,-1.0,0.0,0.012,1.0,-1,,unreal_rockfield.json,unreal_rockfield.json,nan,nan,nan
2478,73.06894131290625,-200.0564592425306,0.2753809703233192,Small,RegolithCovered,background_regolith,Background,Background,-1,-1.0,-1.0,-1.0,0.0,0.012,1.0,-1,,unreal_rockfield.json,unreal_rockfield.json,nan,nan,nan
2479,228.102969450972,147.27469710379341,0.2976055310953552,Small,RegolithCovered,background_regolith,Background,Background,-1,-1.0,-1.0,-1.0,0.0,0.012,1.0,-1,,unreal_rockfield.json,unreal_rockfield.json,nan,nan,nan
2480,70.38331247901851,-66.64479506820885,0.3436588881597151,Medium,RegolithCovered,background_regolith,Background,Background,-1,-1.0,-1.0,-1.0,0.0,0.012,1.0,-1,,unreal_rockfield.json,unreal_rockfield.json,nan,nan,nan
2481,-227.96563615833003,-100.55085909604176,0.39620816857035895,Medium,RegolithCovered,background_regolith,Background,Background,-1,-1.0,-1.0,-1.0,0.0,0.012,1.0,-1,,unreal_rockfield.json,unreal_rockfield.json,nan,nan,nan
2482,73.61827448347424,8.583330790124194,0.28322566330035237,Small,RegolithCovered,background_regolith,Background,Background,-1,-1.0,-1.0,-1.0,0.0,0.012,1.0,-1,,unreal_rockfield.json,unreal_rockfield.json,nan,nan,nan
2483,-219.81719412823878,197.53868221076084,0.29594980725608233,Small,RegolithCovered,background_regolith,Background,Background,-1,-1.0,-1.0,-1.0,0.0,0.012,1.0,-1,,unreal_rockfield.json,unreal_rockfield.json,nan,nan,nan
2484,-58.7557603686636,-38.91872920926542,0.28075509322093306,Small,RegolithCovered,background_regolith,Background,Background,-1,-1.0,-1.0,-1.0,0.0,0.012,1.0,-1,,unreal_rockfield.json,unreal_rockfield.json,nan,nan,nan
2485,-86.10034485915708,-186.10950041199987,0.32585496625924026,Medium,RegolithCovered,background_regolith,Background,Background,-1,-1.0,-1.0,-1.0,0.0,0.012,1.0,-1,,unreal_rockfield.json,unreal_rockfield.json,nan,nan,nan
2486,149.04477065340126,11.116367076632002,0.2629084469192454,Small,RegolithCovered,background_regolith,Background,Background,-1,-1.0,-1.0,-1.0,0.0,0.012,1.0,-1,,unreal_rockfield.json,unreal_rockfield.json,nan,nan,nan
2487,-202.77260658589435,-30.220954008606213,0.28035614201410824,Small,RegolithCovered,background_regolith,Background,Background,-1,-1.0,-1.0,-1.0,0.0,0.012,1.0,-1,,unreal_rockfield.json,unreal_rockfield.json,nan,nan,nan
2488,-44.59517197180091,-150.73854792931914,0.4060774497248526,Medium,RegolithCovered,background_regolith,Background,Background,-1,-1.0,-1.0,-1.0,0.0,0.012,1.0,-1,,unreal_rockfield.json,unreal_rockfield.json,nan,nan,nan
2489,183.7137974181341,-110.40833765678883,0.3283786091701693,Medium,RegolithCovered,background_regolith,Background,Background,-1,-1.0,-1.0,-1.0,0.0,0.012,1.0,-1,,unreal_rockfield.json,unreal_rockfield.json,nan,nan,nan
2490,-241.2259285256508,41.604358043153184,0.2676770243191774,Small,RegolithCovered,background_regolith,Background,Background,-1,-1.0,-1.0,-1.0,0.0,0.012,1.0,-1,,unreal_rockfield.json,unreal_rockfield.json,nan,nan,nan
2491,136.07440412610248,142.86477248451183,0.3407955569831606,Medium,RegolithCovered,background_regolith,Background,Background,-1,-1.0,-1.0,-1.0,0.0,0.012,1.0,-1,,unreal_rockfield.json,unreal_rockfield.json,nan,nan,nan
2492,99.83367412335582,38.78139591662347,0.3058743971219136,Medium,RegolithCovered,background_regolith,Background,Background,-1,-1.0,-1.0,-1.0,0.0,0.012,1.0,-1,,unreal_rockfield.json,unreal_rockfield.json,nan,nan,nan
2493,60.96835230567336,-216.00238044373913,0.33219128635765777,Medium,RegolithCovered,background_regolith,Background,Background,-1,-1.0,-1.0,-1.0,0.0,0.012,1.0,-1,,unreal_rockfield.json,unreal_rockfield.json,nan,nan,nan
2494,147.47306741538745,117.5038911099582,0.29493255717870237,Small,RegolithCovered,background_regolith,Background,Background,-1,-1.0,-1.0,-1.0,0.0,0.012,1.0,-1,,unreal_rockfield.json,unreal_rockfield.json,nan,nan,nan
2495,80.3476058229316,200.3921628467666,0.28543210410367265,Small,RegolithCovered,background_regolith,Background,Background,-1,-1.0,-1.0,-1.0,0.0,0.012,1.0,-1,,unreal_rockfield.json,unreal_rockfield.json,nan,nan,nan
2496,-52.331614123966204,-74.51857051301613,0.4121997614331648,Medium,RegolithCovered,background_regolith,Background,Background,-1,-1.0,-1.0,-1.0,0.0,0.012,1.0,-1,,unreal_rockfield.json,unreal_rockfield.json,nan,nan,nan
2497,72.03131199072237,161.2369151890622,0.2723783539418165,Small,RegolithCovered,background_regolith,Background,Background,-1,-1.0,-1.0,-1.0,0.0,0.012,1.0,-1,,unreal_rockfield.json,unreal_rockfield.json,nan,nan,nan
2498,-103.09915463728754,-19.82940153202918,0.2865052360035022,Small,RegolithCovered,background_regolith,Background,Background,-1,-1.0,-1.0,-1.0,0.0,0.012,1.0,-1,,unreal_rockfield.json,unreal_rockfield.json,nan,nan,nan
2499,211.04312265388955,7.1489608447523665,0.26349338912360815,Small,RegolithCovered,background_regolith,Background,Background,-1,-1.0,-1.0,-1.0,0.0,0.012,1.0,-1,,unreal_rockfield.json,unreal_rockfield.json,nan,nan,nan
2500,14.42762535477766,-76.92953276161992,0.454292669890782,Medium,RegolithCovered,background_regolith,Background,Background,-1,-1.0,-1.0,-1.0,0.0,0.012,1.0,-1,,unreal_rockfield.json,unreal_rockfield.json,nan,nan,nan
2501,-72.38227484969633,-75.84612567522203,0.2686294245124862,Small,RegolithCovered,background_regolith,Background,Background,-1,-1.0,-1.0,-1.0,0.0,0.012,1.0,-1,,unreal_rockfield.json,unreal_rockfield.json,nan,nan,nan
2502,-183.19498275704214,-4.890591143528553,0.34038366431605294,Medium,RegolithCovered,background_regolith,Background,Background,-1,-1.0,-1.0,-1.0,0.0,0.012,1.0,-1,,unreal_rockfield.json,unreal_rockfield.json,nan,nan,nan
2503,-192.68623920407728,-10.093997009186069,0.27252951527540975,Small,RegolithCovered,background_regolith,Background,Background,-1,-1.0,-1.0,-1.0,0.0,0.012,1.0,-1,,unreal_rockfield.json,unreal_rockfield.json,nan,nan,nan
2504,132.62581255531478,9.483626819666142,0.28331212969688263,Small,RegolithCovered,background_regolith,Background,Background,-1,-1.0,-1.0,-1.0,0.0,0.012,1.0,-1,,unreal_rockfield.json,unreal_rockfield.json,nan,nan,nan
2505,26.71132541886658,-144.25336466566972,0.29294419246861064,Small,RegolithCovered,background_regolith,Background,Background,-1,-1.0,-1.0,-1.0,0.0,0.012,1.0,-1,,unreal_rockfield.json,unreal_rockfield.json,nan,nan,nan
2506,221.4041566209906,-3.36466566972868,0.3120965481545373,Medium,RegolithCovered,background_regolith,Background,Background,-1,-1.0,-1.0,-1.0,0.0,0.012,1.0,-1,,unreal_rockfield.json,unreal_rockfield.json,nan,nan,nan
2507,-113.0024109622486,219.61882381664475,0.28672968356537076,Small,RegolithCovered,background_regolith,Background,Background,-1,-1.0,-1.0,-1.0,0.0,0.012,1.0,-1,,unreal_rockfield.json,unreal_rockfield.json,nan,nan,nan
2508,-233.06222724082156,115.94744712668233,0.31472483139596574,Medium,RegolithCovered,background_regolith,Background,Background,-1,-1.0,-1.0,-1.0,0.0,0.012,1.0,-1,,unreal_rockfield.json,unreal_rockfield.json,nan,nan,nan
2509,-189.0087588122196,-158.5818048646504,0.26785304893897355,Small,RegolithCovered,background_regolith,Background,Background,-1,-1.0,-1.0,-1.0,0.0,0.012,1.0,-1,,unreal_rockfield.json,unreal_rockfield.json,nan,nan,nan
2510,-111.43070772423474,-188.65779595324565,0.3022615095088214,Medium,RegolithCovered,background_regolith,Background,Background,-1,-1.0,-1.0,-1.0,0.0,0.012,1.0,-1,,unreal_rockfield.json,unreal_rockfield.json,nan,nan,nan
2511,246.06311227759636,-58.069093905453656,0.3037388088781905,Medium,RegolithCovered,background_regolith,Background,Background,-1,-1.0,-1.0,-1.0,0.0,0.012,1.0,-1,,unreal_rockfield.json,unreal_rockfield.json,nan,nan,nan
2512,-58.389538254951646,-31.79265724662008,0.38061211448286036,Medium,RegolithCovered,background_regolith,Background,Background,-1,-1.0,-1.0,-1.0,0.0,0.012,1.0,-1,,unreal_rockfield.json,unreal_rockfield.json,nan,nan,nan
2513,204.23749504074226,94.24878688924832,0.26229350098306,Small,RegolithCovered,background_regolith,Background,Background,-1,-1.0,-1.0,-1.0,0.0,0.012,1.0,-1,,unreal_rockfield.json,unreal_rockfield.json,nan,nan,nan
2514,248.55037079989012,-55.5513168736839,0.27360113343600767,Small,RegolithCovered,background_regolith,Background,Background,-1,-1.0,-1.0,-1.0,0.0,0.012,1.0,-1,,unreal_rockfield.json,unreal_rockfield.json,nan,nan,nan
2515,106.45619067964725,-147.27469710379347,0.32160236038008966,Medium,RegolithCovered,background_regolith,Background,Background,-1,-1.0,-1.0,-1.0,0.0,0.012,1.0,-1,,unreal_rockfield.json,unreal_rockfield.json,nan,nan,nan
2516,202.1164586321604,239.410077211829,0.37148138964805244,Medium,RegolithCovered,background_regolith,Background,Background,-1,-1.0,-1.0,-1.0,0.0,0.012,1.0,-1,,unreal_rockfield.json,unreal_rockfield.json,nan,nan,nan
2517,120.9982604449599,55.139316995757895,0.2630792881359201,Small,RegolithCovered,background_regolith,Background,Background,-1,-1.0,-1.0,-1.0,0.0,0.012,1.0,-1,,unreal_rockfield.json,unreal_rockfield.json,nan,nan,nan
2518,98.87234107486194,163.80046998504594,0.2697236202484769,Small,RegolithCovered,background_regolith,Background,Background,-1,-1.0,-1.0,-1.0,0.0,0.012,1.0,-1,,unreal_rockfield.json,unreal_rockfield.json,nan,nan,nan
2519,231.82622760704368,165.69261757255777,0.281021400633828,Small,RegolithCovered,background_regolith,Background,Background,-1,-1.0,-1.0,-1.0,0.0,0.012,1.0,-1,,unreal_rockfield.json,unreal_rockfield.json,nan,nan,nan
2520,-217.284157841731,123.62285225989564,0.2611784101230845,Small,RegolithCovered,background_regolith,Background,Background,-1,-1.0,-1.0,-1.0,0.0,0.012,1.0,-1,,unreal_rockfield.json,unreal_rockfield.json,nan,nan,nan
2521,-220.88534195989868,-110.45411542100283,0.26357760052152884,Small,RegolithCovered,background_regolith,Background,Background,-1,-1.0,-1.0,-1.0,0.0,0.012,1.0,-1,,unreal_rockfield.json,unreal_rockfield.json,nan,nan,nan
2522,-107.26493118076112,-34.44776757103182,0.2646999037653802,Small,RegolithCovered,background_regolith,Background,Background,-1,-1.0,-1.0,-1.0,0.0,0.012,1.0,-1,,unreal_rockfield.json,unreal_rockfield.json,nan,nan,nan
2523,120.32685323648798,-231.3074129459517,0.31590061374387013,Medium,RegolithCovered,background_regolith,Background,Background,-1,-1.0,-1.0,-1.0,0.0,0.012,1.0,-1,,unreal_rockfield.json,unreal_rockfield.json,nan,nan,nan
2524,-97.78893398846401,189.87853633228553,0.28646299388548874,Small,RegolithCovered,background_regolith,Background,Background,-1,-1.0,-1.0,-1.0,0.0,0.012,1.0,-1,,unreal_rockfield.json,unreal_rockfield.json,nan,nan,nan
2525,-199.81231116672262,-247.17703787347025,0.2797648665010748,Small,RegolithCovered,background_regolith,Background,Background,-1,-1.0,-1.0,-1.0,0.0,0.012,1.0,-1,,unreal_rockfield.json,unreal_rockfield.json,nan,nan,nan
2526,-102.64137699514757,156.26239814447462,0.2778413896721862,Small,RegolithCovered,background_regolith,Background,Background,-1,-1.0,-1.0,-1.0,0.0,0.012,1.0,-1,,unreal_rockfield.json,unreal_rockfield.json,nan,nan,nan
2527,133.93810846278268,16.106143375957515,0.32473710286642604,Medium,RegolithCovered,background_regolith,Background,Background,-1,-1.0,-1.0,-1.0,0.0,0.012,1.0,-1,,unreal_rockfield.json,unreal_rockfield.json,nan,nan,nan
2528,-140.85055085909602,125.72862941373944,0.2611554682920136,Small,RegolithCovered,background_regolith,Background,Background,-1,-1.0,-1.0,-1.0,0.0,0.012,1.0,-1,,unreal_rockfield.json,unreal_rockfield.json,nan,nan,nan
2529,-167.4321726126896,245.94103823969238,0.2818717200944265,Small,RegolithCovered,background_regolith,Background,Background,-1,-1.0,-1.0,-1.0,0.0,0.012,1.0,-1,,unreal_rockfield.json,unreal_rockfield.json,nan,nan,nan
2530,-230.71230201116978,35.31754509109777,0.2729733213803238,Small,RegolithCovered,background_regolith,Background,Background,-1,-1.0,-1.0,-1.0,0.0,0.012,1.0,-1,,unreal_rockfield.json,unreal_rockfield.json,nan,nan,nan
2531,173.70372631000703,-46.56361583300273,0.3096029793762483,Medium,RegolithCovered,background_regolith,Background,Background,-1,-1.0,-1.0,-1.0,0.0,0.012,1.0,-1,,unreal_rockfield.json,unreal_rockfield.json,nan,nan,nan
2532,-150.93691824091312,229.87304300057986,0.26311381638043213,Small,RegolithCovered,background_regolith,Background,Background,-1,-1.0,-1.0,-1.0,0.0,0.012,1.0,-1,,unreal_rockfield.json,unreal_rockfield.json,nan,nan,nan
2533,181.19602038636435,233.50474562822353,0.33955265462940504,Medium,RegolithCovered,background_regolith,Background,Background,-1,-1.0,-1.0,-1.0,0.0,0.012,1.0,-1,,unreal_rockfield.json,unreal_rockfield.json,nan,nan,nan
2534,-156.24713888973662,-87.45841853083897,0.3411143155378202,Medium,RegolithCovered,background_regolith,Background,Background,-1,-1.0,-1.0,-1.0,0.0,0.012,1.0,-1,,unreal_rockfield.json,unreal_rockfield.json,nan,nan,nan
2535,-239.82207708975494,21.72154911954101,0.3208619811653237,Medium,RegolithCovered,background_regolith,Background,Background,-1,-1.0,-1.0,-1.0,0.0,0.012,1.0,-1,,unreal_rockfield.json,unreal_rockfield.json,nan,nan,nan
2536,175.04654072695092,-236.84652241584521,0.3216575090970495,Medium,RegolithCovered,background_regolith,Background,Background,-1,-1.0,-1.0,-1.0,0.0,0.012,1.0,-1,,unreal_rockfield.json,unreal_rockfield.json,nan,nan,nan
2537,178.60194708090455,-53.888058107242045,0.31531894660467863,Medium,RegolithCovered,background_regolith,Background,Background,-1,-1.0,-1.0,-1.0,0.0,0.012,1.0,-1,,unreal_rockfield.json,unreal_rockfield.json,nan,nan,nan
2538,184.59883419293806,-55.00198370311594,0.2715830371119351,Small,RegolithCovered,background_regolith,Background,Background,-1,-1.0,-1.0,-1.0,0.0,0.012,1.0,-1,,unreal_rockfield.json,unreal_rockfield.json,nan,nan,nan
2539,128.73470259712514,38.079470198675494,0.31263316767211924,Medium,RegolithCovered,background_regolith,Background,Background,-1,-1.0,-1.0,-1.0,0.0,0.012,1.0,-1,,unreal_rockfield.json,unreal_rockfield.json,nan,nan,nan
2540,-226.25659962767418,17.387920773949418,0.26524053917666773,Small,RegolithCovered,background_regolith,Background,Background,-1,-1.0,-1.0,-1.0,0.0,0.012,1.0,-1,,unreal_rockfield.json,unreal_rockfield.json,nan,nan,nan
2541,-218.3980834376049,38.552507095553494,0.26799156792046547,Small,RegolithCovered,background_regolith,Background,Background,-1,-1.0,-1.0,-1.0,0.0,0.012,1.0,-1,,unreal_rockfield.json,unreal_rockfield.json,nan,nan,nan
2542,191.83172093874936,27.581102938932474,0.27113543739526696,Small,RegolithCovered,background_regolith,Background,Background,-1,-1.0,-1.0,-1.0,0.0,0.012,1.0,-1,,unreal_rockfield.json,unreal_rockfield.json,nan,nan,nan
2543,198.54579302346878,-0.2517777031769697,0.2762888844547303,Small,RegolithCovered,background_regolith,Background,Background,-1,-1.0,-1.0,-1.0,0.0,0.012,1.0,-1,,unreal_rockfield.json,unreal_rockfield.json,nan,nan,nan
2544,228.88119144260992,211.24149296548353,0.3915371354103059,Medium,RegolithCovered,background_regolith,Background,Background,-1,-1.0,-1.0,-1.0,0.0,0.012,1.0,-1,,unreal_rockfield.json,unreal_rockfield.json,nan,nan,nan
2545,127.80388805810719,25.99414044618061,0.3591015658274809,Medium,RegolithCovered,background_regolith,Background,Background,-1,-1.0,-1.0,-1.0,0.0,0.012,1.0,-1,,unreal_rockfield.json,unreal_rockfield.json,nan,nan,nan
2546,-186.17053743095187,221.63304544206056,0.27811441710063234,Small,RegolithCovered,background_regolith,Background,Background,-1,-1.0,-1.0,-1.0,0.0,0.012,1.0,-1,,unreal_rockfield.json,unreal_rockfield.json,nan,nan,nan
2547,25.30747398297069,7.942442091128271,0.32455915345024666,Medium,RegolithCovered,background_regolith,Background,Background,-1,-1.0,-1.0,-1.0,0.0,0.012,1.0,-1,,unreal_rockfield.json,unreal_rockfield.json,nan,nan,nan
2548,193.6323129978332,72.6722006897183,0.27597374717255946,Small,RegolithCovered,background_regolith,Background,Background,-1,-1.0,-1.0,-1.0,0.0,0.012,1.0,-1,,unreal_rockfield.json,unreal_rockfield.json,nan,nan,nan
2549,36.492507705923686,-229.91882076479385,0.260931706367012,Small,RegolithCovered,background_regolith,Background,Background,-1,-1.0,-1.0,-1.0,0.0,0.012,1.0,-1,,unreal_rockfield.json,unreal_rockfield.json,nan,nan,nan
2550,160.79439680166018,-43.92376476332896,0.2678471668882845,Small,RegolithCovered,background_regolith,Background,Background,-1,-1.0,-1.0,-1.0,0.0,0.012,1.0,-1,,unreal_rockfield.json,unreal_rockfield.json,nan,nan,nan
2551,96.5071565904721,-141.06418042542802,0.29427131929657896,Small,RegolithCovered,background_regolith,Background,Background,-1,-1.0,-1.0,-1.0,0.0,0.012,1.0,-1,,unreal_rockfield.json,unreal_rockfield.json,nan,nan,nan
2552,-105.67796868800926,217.42149113437296,0.3249689158299889,Medium,RegolithCovered,background_regolith,Background,Background,-1,-1.0,-1.0,-1.0,0.0,0.012,1.0,-1,,unreal_rockfield.json,unreal_rockfield.json,nan,nan,nan
2553,188.39838862269966,-63.37931455427716,0.2668344664601384,Small,RegolithCovered,background_regolith,Background,Background,-1,-1.0,-1.0,-1.0,0.0,0.012,1.0,-1,,unreal_rockfield.json,unreal_rockfield.json,nan,nan,nan
2554,66.33960997344889,-14.595477156895669,0.3100654029918829,Medium,RegolithCovered,background_regolith,Background,Background,-1,-1.0,-1.0,-1.0,0.0,0.012,1.0,-1,,unreal_rockfield.json,unreal_rockfield.json,nan,nan,nan
2555,78.9742728965117,98.97915585802792,0.33446621962659767,Medium,RegolithCovered,background_regolith,Background,Background,-1,-1.0,-1.0,-1.0,0.0,0.012,1.0,-1,,unreal_rockfield.json,unreal_rockfield.json,nan,nan,nan
2556,136.97470015564437,182.4930570390942,0.29040644171319185,Small,RegolithCovered,background_regolith,Background,Background,-1,-1.0,-1.0,-1.0,0.0,0.012,1.0,-1,,unreal_rockfield.json,unreal_rockfield.json,nan,nan,nan
2557,-31.762138737144085,96.81234168523213,0.2783299900256682,Small,RegolithCovered,background_regolith,Background,Background,-1,-1.0,-1.0,-1.0,0.0,0.012,1.0,-1,,unreal_rockfield.json,unreal_rockfield.json,nan,nan,nan
2558,-105.55589465010527,-161.25217444380016,0.33990012788718493,Medium,RegolithCovered,background_regolith,Background,Background,-1,-1.0,-1.0,-1.0,0.0,0.012,1.0,-1,,unreal_rockfield.json,unreal_rockfield.json,nan,nan,nan
2559,-122.14270455030976,89.79308450575274,0.29226148560521736,Small,RegolithCovered,background_regolith,Background,Background,-1,-1.0,-1.0,-1.0,0.0,0.012,1.0,-1,,unreal_rockfield.json,unreal_rockfield.json,nan,nan,nan
2560,-11.421552171391966,224.48652607806633,0.263815821150629,Small,RegolithCovered,background_regolith,Background,Background,-1,-1.0,-1.0,-1.0,0.0,0.012,1.0,-1,,unreal_rockfield.json,unreal_rockfield.json,nan,nan,nan
2561,205.01571703238017,-106.05945005645924,0.2717686415393399,Small,RegolithCovered,background_regolith,Background,Background,-1,-1.0,-1.0,-1.0,0.0,0.012,1.0,-1,,unreal_rockfield.json,unreal_rockfield.json,nan,nan,nan
2562,138.19544053468428,244.70503860591447,0.2768990987740779,Small,RegolithCovered,background_regolith,Background,Background,-1,-1.0,-1.0,-1.0,0.0,0.012,1.0,-1,,unreal_rockfield.json,unreal_rockfield.json,nan,nan,nan
2563,116.58833582567831,-118.14477980895413,0.2995433772923205,Small,RegolithCovered,background_regolith,Background,Background,-1,-1.0,-1.0,-1.0,0.0,0.012,1.0,-1,,unreal_rockfield.json,unreal_rockfield.json,nan,nan,nan
2564,55.15457625049589,241.94311349833674,0.3663065347370567,Medium,RegolithCovered,background_regolith,Background,Background,-1,-1.0,-1.0,-1.0,0.0,0.012,1.0,-1,,unreal_rockfield.json,unreal_rockfield.json,nan,nan,nan
2565,-206.03808709982604,-52.60628070925017,0.2675179140522811,Small,RegolithCovered,background_regolith,Background,Background,-1,-1.0,-1.0,-1.0,0.0,0.012,1.0,-1,,unreal_rockfield.json,unreal_rockfield.json,nan,nan,nan
2566,107.50907925656912,-234.06933805352946,0.39708846358295286,Medium,RegolithCovered,background_regolith,Background,Background,-1,-1.0,-1.0,-1.0,0.0,0.012,1.0,-1,,unreal_rockfield.json,unreal_rockfield.json,nan,nan,nan
2567,-102.99233985412152,-57.80968657490769,0.2712244977461898,Small,RegolithCovered,background_regolith,Background,Background,-1,-1.0,-1.0,-1.0,0.0,0.012,1.0,-1,,unreal_rockfield.json,unreal_rockfield.json,nan,nan,nan
2568,28.26776940214239,-69.04049806207465,0.30604456380735834,Medium,RegolithCovered,background_regolith,Background,Background,-1,-1.0,-1.0,-1.0,0.0,0.012,1.0,-1,,unreal_rockfield.json,unreal_rockfield.json,nan,nan,nan
2569,-65.195165868099,-84.19293801690725,0.2726576739161688,Small,RegolithCovered,background_regolith,Background,Background,-1,-1.0,-1.0,-1.0,0.0,0.012,1.0,-1,,unreal_rockfield.json,unreal_rockfield.json,nan,nan,nan
2570,-247.46696371349222,128.38373973815118,0.2627827822538504,Small,RegolithCovered,background_regolith,Background,Background,-1,-1.0,-1.0,-1.0,0.0,0.012,1.0,-1,,unreal_rockfield.json,unreal_rockfield.json,nan,nan,nan
2571,-50.71413312173834,33.34910122989595,0.29543144987048514,Small,RegolithCovered,background_regolith,Background,Background,-1,-1.0,-1.0,-1.0,0.0,0.012,1.0,-1,,unreal_rockfield.json,unreal_rockfield.json,nan,nan,nan
2572,-77.89086581011384,33.7611011078219,0.2987150936566307,Small,RegolithCovered,background_regolith,Background,Background,-1,-1.0,-1.0,-1.0,0.0,0.012,1.0,-1,,unreal_rockfield.json,unreal_rockfield.json,nan,nan,nan
2573,-29.473250526444275,-108.71456038087098,0.3087696944391414,Medium,RegolithCovered,background_regolith,Background,Background,-1,-1.0,-1.0,-1.0,0.0,0.012,1.0,-1,,unreal_rockfield.json,unreal_rockfield.json,nan,nan,nan
2574,-80.3018280587176,-21.202734458449044,0.2636516205433723,Small,RegolithCovered,background_regolith,Background,Background,-1,-1.0,-1.0,-1.0,0.0,0.012,1.0,-1,,unreal_rockfield.json,unreal_rockfield.json,nan,nan,nan
2575,30.739768669698208,-209.21201208532975,0.27060422437187875,Small,RegolithCovered,background_regolith,Background,Background,-1,-1.0,-1.0,-1.0,0.0,0.012,1.0,-1,,unreal_rockfield.json,unreal_rockfield.json,nan,nan,nan
2576,172.75765251625108,-210.76845606860562,0.263374555321108,Small,RegolithCovered,background_regolith,Background,Background,-1,-1.0,-1.0,-1.0,0.0,0.012,1.0,-1,,unreal_rockfield.json,unreal_rockfield.json,nan,nan,nan
2577,61.15146336252934,46.62465285195469,0.28721566821053257,Small,RegolithCovered,background_regolith,Background,Background,-1,-1.0,-1.0,-1.0,0.0,0.012,1.0,-1,,unreal_rockfield.json,unreal_rockfield.json,nan,nan,nan
2578,87.260048219245,55.79546494949187,0.2727998717416565,Small,RegolithCovered,background_regolith,Background,Background,-1,-1.0,-1.0,-1.0,0.0,0.012,1.0,-1,,unreal_rockfield.json,unreal_rockfield.json,nan,nan,nan
2579,183.11868648335218,-204.64949491866815,0.27971740518938515,Small,RegolithCovered,background_regolith,Background,Background,-1,-1.0,-1.0,-1.0,0.0,0.012,1.0,-1,,unreal_rockfield.json,unreal_rockfield.json,nan,nan,nan
2580,21.599475081637024,-54.864650410473956,0.3190155947556335,Medium,RegolithCovered,background_regolith,Background,Background,-1,-1.0,-1.0,-1.0,0.0,0.012,1.0,-1,,unreal_rockfield.json,unreal_rockfield.json,nan,nan,nan
2581,176.86239204077276,207.15201269569997,0.3115335699113204,Medium,RegolithCovered,background_regolith,Background,Background,-1,-1.0,-1.0,-1.0,0.0,0.012,1.0,-1,,unreal_rockfield.json,unreal_rockfield.json,nan,nan,nan
2582,-122.8141117587817,8.003479110080264,0.28228346332829757,Small,RegolithCovered,background_regolith,Background,Background,-1,-1.0,-1.0,-1.0,0.0,0.012,1.0,-1,,unreal_rockfield.json,unreal_rockfield.json,nan,nan,nan
2583,207.57927182836391,187.65068514053775,0.2718560367801749,Small,RegolithCovered,background_regolith,Background,Background,-1,-1.0,-1.0,-1.0,0.0,0.012,1.0,-1,,unreal_rockfield.json,unreal_rockfield.json,nan,nan,nan
2584,-145.00106814783166,-58.893093661305585,0.3469420231721281,Medium,RegolithCovered,background_regolith,Background,Background,-1,-1.0,-1.0,-1.0,0.0,0.012,1.0,-1,,unreal_rockfield.json,unreal_rockfield.json,nan,nan,nan
2585,144.78743858149966,-230.5597094637898,0.26245622391199636,Small,RegolithCovered,background_regolith,Background,Background,-1,-1.0,-1.0,-1.0,0.0,0.012,1.0,-1,,unreal_rockfield.json,unreal_rockfield.json,nan,nan,nan
2586,-109.70641193884089,-155.78936124759667,0.28337825597562283,Small,RegolithCovered,background_regolith,Background,Background,-1,-1.0,-1.0,-1.0,0.0,0.012,1.0,-1,,unreal_rockfield.json,unreal_rockfield.json,nan,nan,nan
2587,-33.02865688039796,121.39500106814785,0.291596699985816,Small,RegolithCovered,background_regolith,Background,Background,-1,-1.0,-1.0,-1.0,0.0,0.012,1.0,-1,,unreal_rockfield.json,unreal_rockfield.json,nan,nan,nan
2588,-78.31812494277779,121.99011200292978,0.31408328966083904,Medium,RegolithCovered,background_regolith,Background,Background,-1,-1.0,-1.0,-1.0,0.0,0.012,1.0,-1,,unreal_rockfield.json,unreal_rockfield.json,nan,nan,nan
2589,233.93200476088748,138.59218115787223,0.3096394112768611,Medium,RegolithCovered,background_regolith,Background,Background,-1,-1.0,-1.0,-1.0,0.0,0.012,1.0,-1,,unreal_rockfield.json,unreal_rockfield.json,nan,nan,nan
2590,161.57261879329815,249.84740745262002,0.31784800249909023,Medium,RegolithCovered,background_regolith,Background,Background,-1,-1.0,-1.0,-1.0,0.0,0.012,1.0,-1,,unreal_rockfield.json,unreal_rockfield.json,nan,nan,nan
2591,-125.53025910214545,102.45826593829156,0.3128103612080331,Medium,RegolithCovered,background_regolith,Background,Background,-1,-1.0,-1.0,-1.0,0.0,0.012,1.0,-1,,unreal_rockfield.json,unreal_rockfield.json,nan,nan,nan
2592,100.0167851802118,90.78493606372263,0.2606570654453828,Small,RegolithCovered,background_regolith,Background,Background,-1,-1.0,-1.0,-1.0,0.0,0.012,1.0,-1,,unreal_rockfield.json,unreal_rockfield.json,nan,nan,nan
2593,12.489700003051837,105.64745017853329,0.294498664450003,Small,RegolithCovered,background_regolith,Background,Background,-1,-1.0,-1.0,-1.0,0.0,0.012,1.0,-1,,unreal_rockfield.json,unreal_rockfield.json,nan,nan,nan
2594,-217.71141697439498,-246.32251960814233,0.3414940501335191,Medium,RegolithCovered,background_regolith,Background,Background,-1,-1.0,-1.0,-1.0,0.0,0.012,1.0,-1,,unreal_rockfield.json,unreal_rockfield.json,nan,nan,nan
2595,178.2509842219306,10.551774651326014,0.3149427003759867,Medium,RegolithCovered,background_regolith,Background,Background,-1,-1.0,-1.0,-1.0,0.0,0.012,1.0,-1,,unreal_rockfield.json,unreal_rockfield.json,nan,nan,nan
2596,136.95944090090637,60.708944975127395,0.4130985497692658,Medium,RegolithCovered,background_regolith,Background,Background,-1,-1.0,-1.0,-1.0,0.0,0.012,1.0,-1,,unreal_rockfield.json,unreal_rockfield.json,nan,nan,nan
2597,-37.86584063234352,-162.32032227546006,0.3249489955167799,Medium,RegolithCovered,background_regolith,Background,Background,-1,-1.0,-1.0,-1.0,0.0,0.012,1.0,-1,,unreal_rockfield.json,unreal_rockfield.json,nan,nan,nan
2598,-13.649403363139754,-20.027771843623185,0.37129321409200894,Medium,RegolithCovered,background_regolith,Background,Background,-1,-1.0,-1.0,-1.0,0.0,0.012,1.0,-1,,unreal_rockfield.json,unreal_rockfield.json,nan,nan,nan
2599,-98.76552629169592,-149.65514084292124,0.4745136527775352,Medium,RegolithCovered,background_regolith,Background,Background,-1,-1.0,-1.0,-1.0,0.0,0.012,1.0,-1,,unreal_rockfield.json,unreal_rockfield.json,nan,nan,nan
2600,30.587176122318226,-184.522537919248,0.47982831736352244,Medium,RegolithCovered,background_regolith,Background,Background,-1,-1.0,-1.0,-1.0,0.0,0.012,1.0,-1,,unreal_rockfield.json,unreal_rockfield.json,nan,nan,nan
2601,83.30790124210336,-98.10937833796197,0.2856354895373962,Small,RegolithCovered,background_regolith,Background,Background,-1,-1.0,-1.0,-1.0,0.0,0.012,1.0,-1,,unreal_rockfield.json,unreal_rockfield.json,nan,nan,nan
2602,246.90237128818626,-30.526139103366177,0.3119273032807577,Medium,RegolithCovered,background_regolith,Background,Background,-1,-1.0,-1.0,-1.0,0.0,0.012,1.0,-1,,unreal_rockfield.json,unreal_rockfield.json,nan,nan,nan
2603,45.81591235084073,29.030732139042357,0.265666905119718,Small,RegolithCovered,background_regolith,Background,Background,-1,-1.0,-1.0,-1.0,0.0,0.012,1.0,-1,,unreal_rockfield.json,unreal_rockfield.json,nan,nan,nan
2604,-21.96569719534895,137.5698110904263,0.26074756701553575,Small,RegolithCovered,background_regolith,Background,Background,-1,-1.0,-1.0,-1.0,0.0,0.012,1.0,-1,,unreal_rockfield.json,unreal_rockfield.json,nan,nan,nan
2605,-23.720511490218797,-4.280220954008598,0.30058461225820315,Medium,RegolithCovered,background_regolith,Background,Background,-1,-1.0,-1.0,-1.0,0.0,0.012,1.0,-1,,unreal_rockfield.json,unreal_rockfield.json,nan,nan,nan
2606,180.98239082003238,-195.46342356639303,0.3115049119162409,Medium,RegolithCovered,background_regolith,Background,Background,-1,-1.0,-1.0,-1.0,0.0,0.012,1.0,-1,,unreal_rockfield.json,unreal_rockfield.json,nan,nan,nan
2607,-77.78405102694785,207.06045716727198,0.30334477274355653,Medium,RegolithCovered,background_regolith,Background,Background,-1,-1.0,-1.0,-1.0,0.0,0.012,1.0,-1,,unreal_rockfield.json,unreal_rockfield.json,nan,nan,nan
2608,60.72420422986539,-186.56727805413982,0.3639500129914077,Medium,RegolithCovered,background_regolith,Background,Background,-1,-1.0,-1.0,-1.0,0.0,0.012,1.0,-1,,unreal_rockfield.json,unreal_rockfield.json,nan,nan,nan
2609,132.13751640369884,-195.06668294320505,0.2795610217729306,Small,RegolithCovered,background_regolith,Background,Background,-1,-1.0,-1.0,-1.0,0.0,0.012,1.0,-1,,unreal_rockfield.json,unreal_rockfield.json,nan,nan,nan
2610,-191.5723136082034,22.04199346903897,0.3159272528112897,Medium,RegolithCovered,background_regolith,Background,Background,-1,-1.0,-1.0,-1.0,0.0,0.012,1.0,-1,,unreal_rockfield.json,unreal_rockfield.json,nan,nan,nan
2611,210.6158635212256,19.066438795129272,0.29589541325891705,Small,RegolithCovered,background_regolith,Background,Background,-1,-1.0,-1.0,-1.0,0.0,0.012,1.0,-1,,unreal_rockfield.json,unreal_rockfield.json,nan,nan,nan
2612,88.77071443830681,75.43412579729608,0.2636828354292957,Small,RegolithCovered,background_regolith,Background,Background,-1,-1.0,-1.0,-1.0,0.0,0.012,1.0,-1,,unreal_rockfield.json,unreal_rockfield.json,nan,nan,nan
2613,-82.04138309884945,161.60313730277414,0.26767848746744205,Small,RegolithCovered,background_regolith,Background,Background,-1,-1.0,-1.0,-1.0,0.0,0.012,1.0,-1,,unreal_rockfield.json,unreal_rockfield.json,nan,nan,nan
2614,-37.72850733970154,48.898281807916476,0.26079888059467904,Small,RegolithCovered,background_regolith,Background,Background,-1,-1.0,-1.0,-1.0,0.0,0.012,1.0,-1,,unreal_rockfield.json,unreal_rockfield.json,nan,nan,nan
2615,115.68803979613637,211.71452986236147,0.2964591151285814,Small,RegolithCovered,background_regolith,Background,Background,-1,-1.0,-1.0,-1.0,0.0,0.012,1.0,-1,,unreal_rockfield.json,unreal_rockfield.json,nan,nan,nan
2616,-223.52519302957245,89.47264015625478,0.27206801254902263,Small,RegolithCovered,background_regolith,Background,Background,-1,-1.0,-1.0,-1.0,0.0,0.012,1.0,-1,,unreal_rockfield.json,unreal_rockfield.json,nan,nan,nan
2617,-9.041108432264167,-76.45649586474195,0.2742527611586488,Small,RegolithCovered,background_regolith,Background,Background,-1,-1.0,-1.0,-1.0,0.0,0.012,1.0,-1,,unreal_rockfield.json,unreal_rockfield.json,nan,nan,nan
2618,-102.79396954252755,144.4059572130497,0.41032380662652695,Medium,RegolithCovered,background_regolith,Background,Background,-1,-1.0,-1.0,-1.0,0.0,0.012,1.0,-1,,unreal_rockfield.json,unreal_rockfield.json,nan,nan,nan
2619,223.64726706747643,-4.554887539292594,0.2934802370878754,Small,RegolithCovered,background_regolith,Background,Background,-1,-1.0,-1.0,-1.0,0.0,0.012,1.0,-1,,unreal_rockfield.json,unreal_rockfield.json,nan,nan,nan
2620,170.78920865504926,-151.91351054414503,0.33669313876233625,Medium,RegolithCovered,background_regolith,Background,Background,-1,-1.0,-1.0,-1.0,0.0,0.012,1.0,-1,,unreal_rockfield.json,unreal_rockfield.json,nan,nan,nan
2621,125.45396282845547,247.66533402508622,0.27310483067620056,Small,RegolithCovered,background_regolith,Background,Background,-1,-1.0,-1.0,-1.0,0.0,0.012,1.0,-1,,unreal_rockfield.json,unreal_rockfield.json,nan,nan,nan
2622,-106.59352397228918,83.7199011200293,0.28163386616032654,Small,RegolithCovered,background_regolith,Background,Background,-1,-1.0,-1.0,-1.0,0.0,0.012,1.0,-1,,unreal_rockfield.json,unreal_rockfield.json,nan,nan,nan
2623,-79.46256904812768,157.02536088137452,0.3920799357533313,Medium,RegolithCovered,background_regolith,Background,Background,-1,-1.0,-1.0,-1.0,0.0,0.012,1.0,-1,,unreal_rockfield.json,unreal_rockfield.json,nan,nan,nan
2624,4.356517227698589,78.04345835749382,0.2602822007094943,Small,RegolithCovered,background_regolith,Background,Background,-1,-1.0,-1.0,-1.0,0.0,0.012,1.0,-1,,unreal_rockfield.json,unreal_rockfield.json,nan,nan,nan
2625,187.51335184789576,178.2509842219306,0.2991931774846864,Small,RegolithCovered,background_regolith,Background,Background,-1,-1.0,-1.0,-1.0,0.0,0.012,1.0,-1,,unreal_rockfield.json,unreal_rockfield.json,nan,nan,nan
2626,-97.834711752678,67.0415356913968,0.260888569912608,Small,RegolithCovered,background_regolith,Background,Background,-1,-1.0,-1.0,-1.0,0.0,0.012,1.0,-1,,unreal_rockfield.json,unreal_rockfield.json,nan,nan,nan
2627,-18.395031586657325,229.5220801416059,0.2648490694639801,Small,RegolithCovered,background_regolith,Background,Background,-1,-1.0,-1.0,-1.0,0.0,0.012,1.0,-1,,unreal_rockfield.json,unreal_rockfield.json,nan,nan,nan
2628,-104.38093203527939,22.026734214300973,0.2960845276593077,Small,RegolithCovered,background_regolith,Background,Background,-1,-1.0,-1.0,-1.0,0.0,0.012,1.0,-1,,unreal_rockfield.json,unreal_rockfield.json,nan,nan,nan
2629,241.22592852565083,223.09793389690844,0.26802259012667173,Small,RegolithCovered,background_regolith,Background,Background,-1,-1.0,-1.0,-1.0,0.0,0.012,1.0,-1,,unreal_rockfield.json,unreal_rockfield.json,nan,nan,nan
2630,30.449842829676243,88.67915890987882,0.2642867553985409,Small,RegolithCovered,background_regolith,Background,Background,-1,-1.0,-1.0,-1.0,0.0,0.012,1.0,-1,,unreal_rockfield.json,unreal_rockfield.json,nan,nan,nan
2631,190.7330545976135,-232.97067171239357,0.38077188093325476,Medium,RegolithCovered,background_regolith,Background,Background,-1,-1.0,-1.0,-1.0,0.0,0.012,1.0,-1,,unreal_rockfield.json,unreal_rockfield.json,nan,nan,nan
2632,67.1178319650868,203.74919888912626,0.3548470035509659,Medium,RegolithCovered,background_regolith,Background,Background,-1,-1.0,-1.0,-1.0,0.0,0.012,1.0,-1,,unreal_rockfield.json,unreal_rockfield.json,nan,nan,nan
2633,21.416364024781046,-161.64891506698814,0.2627891177297114,Small,RegolithCovered,background_regolith,Background,Background,-1,-1.0,-1.0,-1.0,0.0,0.012,1.0,-1,,unreal_rockfield.json,unreal_rockfield.json,nan,nan,nan
2634,-88.78597369304484,-249.58800012207405,0.3377838616186141,Medium,RegolithCovered,background_regolith,Background,Background,-1,-1.0,-1.0,-1.0,0.0,0.012,1.0,-1,,unreal_rockfield.json,unreal_rockfield.json,nan,nan,nan
2635,99.81841486861782,20.592364268929146,0.30371528901211314,Medium,RegolithCovered,background_regolith,Background,Background,-1,-1.0,-1.0,-1.0,0.0,0.012,1.0,-1,,unreal_rockfield.json,unreal_rockfield.json,nan,nan,nan
2636,4.371776482436587,35.74480422376172,0.2613042656803414,Small,RegolithCovered,background_regolith,Background,Background,-1,-1.0,-1.0,-1.0,0.0,0.012,1.0,-1,,unreal_rockfield.json,unreal_rockfield.json,nan,nan,nan
2637,-243.2706686605426,-5.226294747764513,0.36517114769347814,Medium,RegolithCovered,background_regolith,Background,Background,-1,-1.0,-1.0,-1.0,0.0,0.012,1.0,-1,,unreal_rockfield.json,unreal_rockfield.json,nan,nan,nan
2638,-243.7131870479446,-246.30726035340433,0.27038513119455454,Small,RegolithCovered,background_regolith,Background,Background,-1,-1.0,-1.0,-1.0,0.0,0.012,1.0,-1,,unreal_rockfield.json,unreal_rockfield.json,nan,nan,nan
2639,-213.0878627887814,62.37220374156925,0.29654358344467163,Small,RegolithCovered,background_regolith,Background,Background,-1,-1.0,-1.0,-1.0,0.0,0.012,1.0,-1,,unreal_rockfield.json,unreal_rockfield.json,nan,nan,nan
2640,227.14163640247807,-120.57100131229589,0.2720646904985848,Small,RegolithCovered,background_regolith,Background,Background,-1,-1.0,-1.0,-1.0,0.0,0.012,1.0,-1,,unreal_rockfield.json,unreal_rockfield.json,nan,nan,nan
2641,77.89086581011384,246.6277047029023,0.2946871054654352,Small,RegolithCovered,background_regolith,Background,Background,-1,-1.0,-1.0,-1.0,0.0,0.012,1.0,-1,,unreal_rockfield.json,unreal_rockfield.json,nan,nan,nan
2642,138.8668477431562,54.803613391521935,0.2910867562879185,Small,RegolithCovered,background_regolith,Background,Background,-1,-1.0,-1.0,-1.0,0.0,0.012,1.0,-1,,unreal_rockfield.json,unreal_rockfield.json,nan,nan,nan
2643,222.89956358531447,155.0111392559587,0.2933664339573339,Small,RegolithCovered,background_regolith,Background,Background,-1,-1.0,-1.0,-1.0,0.0,0.012,1.0,-1,,unreal_rockfield.json,unreal_rockfield.json,nan,nan,nan
2644,94.70656453138827,-83.44523453474531,0.2649569840857637,Small,RegolithCovered,background_regolith,Background,Background,-1,-1.0,-1.0,-1.0,0.0,0.012,1.0,-1,,unreal_rockfield.json,unreal_rockfield.json,nan,nan,nan
2645,-4.982146671956542,-24.391918698690745,0.2844882376339541,Small,RegolithCovered,background_regolith,Background,Background,-1,-1.0,-1.0,-1.0,0.0,0.012,1.0,-1,,unreal_rockfield.json,unreal_rockfield.json,nan,nan,nan
2646,-197.8438673055208,-82.4686422315134,0.2992769344525725,Small,RegolithCovered,background_regolith,Background,Background,-1,-1.0,-1.0,-1.0,0.0,0.012,1.0,-1,,unreal_rockfield.json,unreal_rockfield.json,nan,nan,nan
2647,105.87633899960326,-87.04641865291299,0.27882336220487813,Small,RegolithCovered,background_regolith,Background,Background,-1,-1.0,-1.0,-1.0,0.0,0.012,1.0,-1,,unreal_rockfield.json,unreal_rockfield.json,nan,nan,nan
2648,-182.69142735068817,-58.29798272652366,0.27640708296304795,Small,RegolithCovered,background_regolith,Background,Background,-1,-1.0,-1.0,-1.0,0.0,0.012,1.0,-1,,unreal_rockfield.json,unreal_rockfield.json,nan,nan,nan
2649,178.93765068514057,231.33793145542768,0.3522081678766656,Medium,RegolithCovered,background_regolith,Background,Background,-1,-1.0,-1.0,-1.0,0.0,0.012,1.0,-1,,unreal_rockfield.json,unreal_rockfield.json,nan,nan,nan
2650,41.52806176946319,-152.26447340311898,0.3883183644302005,Medium,RegolithCovered,background_regolith,Background,Background,-1,-1.0,-1.0,-1.0,0.0,0.012,1.0,-1,,unreal_rockfield.json,unreal_rockfield.json,nan,nan,nan
2651,-227.29422894985808,52.60628070925014,0.320562353535759,Medium,RegolithCovered,background_regolith,Background,Background,-1,-1.0,-1.0,-1.0,0.0,0.012,1.0,-1,,unreal_rockfield.json,unreal_rockfield.json,nan,nan,nan
2652,95.54582354197822,-65.10361033967101,0.2835773599297889,Small,RegolithCovered,background_regolith,Background,Background,-1,-1.0,-1.0,-1.0,0.0,0.012,1.0,-1,,unreal_rockfield.json,unreal_rockfield.json,nan,nan,nan
2653,30.404065065462248,-159.60417493209633,0.2609173213671727,Small,RegolithCovered,background_regolith,Background,Background,-1,-1.0,-1.0,-1.0,0.0,0.012,1.0,-1,,unreal_rockfield.json,unreal_rockfield.json,nan,nan,nan
2654,-43.43546861171299,143.97869808038575,0.32736773993939877,Medium,RegolithCovered,background_regolith,Background,Background,-1,-1.0,-1.0,-1.0,0.0,0.012,1.0,-1,,unreal_rockfield.json,unreal_rockfield.json,nan,nan,nan
2655,47.20450453199862,-221.7551194799646,0.296991791692895,Small,RegolithCovered,background_regolith,Background,Background,-1,-1.0,-1.0,-1.0,0.0,0.012,1.0,-1,,unreal_rockfield.json,unreal_rockfield.json,nan,nan,nan
2656,59.411908322397494,23.995178075502793,0.2995785736203102,Small,RegolithCovered,background_regolith,Background,Background,-1,-1.0,-1.0,-1.0,0.0,0.012,1.0,-1,,unreal_rockfield.json,unreal_rockfield.json,nan,nan,nan
2657,-228.087710196234,205.90075380718406,0.26482349005804806,Small,RegolithCovered,background_regolith,Background,Background,-1,-1.0,-1.0,-1.0,0.0,0.012,1.0,-1,,unreal_rockfield.json,unreal_rockfield.json,nan,nan,nan
2658,120.25055696279799,48.913541062654474,0.2703772189654508,Small,RegolithCovered,background_regolith,Background,Background,-1,-1.0,-1.0,-1.0,0.0,0.012,1.0,-1,,unreal_rockfield.json,unreal_rockfield.json,nan,nan,nan
2659,133.95336771752068,100.65767387920778,0.2639060795091219,Small,RegolithCovered,background_regolith,Background,Background,-1,-1.0,-1.0,-1.0,0.0,0.012,1.0,-1,,unreal_rockfield.json,unreal_rockfield.json,nan,nan,nan
2660,-70.81057161168249,196.05853450117496,0.46653773740312104,Medium,RegolithCovered,background_regolith,Background,Background,-1,-1.0,-1.0,-1.0,0.0,0.012,1.0,-1,,unreal_rockfield.json,unreal_rockfield.json,nan,nan,nan
2661,46.15161595507675,-30.785546433912174,0.36305862297087,Medium,RegolithCovered,background_regolith,Background,Background,-1,-1.0,-1.0,-1.0,0.0,0.012,1.0,-1,,unreal_rockfield.json,unreal_rockfield.json,nan,nan,nan
2662,-38.12524796288949,235.53422650837734,0.28608744430884236,Small,RegolithCovered,background_regolith,Background,Background,-1,-1.0,-1.0,-1.0,0.0,0.012,1.0,-1,,unreal_rockfield.json,unreal_rockfield.json,nan,nan,nan
2663,-82.30079042939542,135.00625629444255,0.32009335052296006,Medium,RegolithCovered,background_regolith,Background,Background,-1,-1.0,-1.0,-1.0,0.0,0.012,1.0,-1,,unreal_rockfield.json,unreal_rockfield.json,nan,nan,nan
2664,69.86449781792658,-132.93099765007477,0.35042704934738256,Medium,RegolithCovered,background_regolith,Background,Background,-1,-1.0,-1.0,-1.0,0.0,0.012,1.0,-1,,unreal_rockfield.json,unreal_rockfield.json,nan,nan,nan
2665,-244.15570543534653,-43.984801782280954,0.2732351182345953,Small,RegolithCovered,background_regolith,Background,Background,-1,-1.0,-1.0,-1.0,0.0,0.012,1.0,-1,,unreal_rockfield.json,unreal_rockfield.json,nan,nan,nan
2666,-89.1216772972808,112.69722586748867,0.2677238760310481,Small,RegolithCovered,background_regolith,Background,Background,-1,-1.0,-1.0,-1.0,0.0,0.012,1.0,-1,,unreal_rockfield.json,unreal_rockfield.json,nan,nan,nan
2667,-222.7927488021485,175.41276284066288,0.29973028639418214,Small,RegolithCovered,background_regolith,Background,Background,-1,-1.0,-1.0,-1.0,0.0,0.012,1.0,-1,,unreal_rockfield.json,unreal_rockfield.json,nan,nan,nan
2668,-139.1415143284402,169.5532090212714,0.2676828772865626,Small,RegolithCovered,background_regolith,Background,Background,-1,-1.0,-1.0,-1.0,0.0,0.012,1.0,-1,,unreal_rockfield.json,unreal_rockfield.json,nan,nan,nan
2669,129.17722098452708,78.27234717856379,0.27906756324137355,Small,RegolithCovered,background_regolith,Background,Background,-1,-1.0,-1.0,-1.0,0.0,0.012,1.0,-1,,unreal_rockfield.json,unreal_rockfield.json,nan,nan,nan
2670,98.17041535691396,184.568315683462,0.2799885718317828,Small,RegolithCovered,background_regolith,Background,Background,-1,-1.0,-1.0,-1.0,0.0,0.012,1.0,-1,,unreal_rockfield.json,unreal_rockfield.json,nan,nan,nan
2671,-226.85171056245613,92.44819483016448,0.32901747257722735,Medium,RegolithCovered,background_regolith,Background,Background,-1,-1.0,-1.0,-1.0,0.0,0.012,1.0,-1,,unreal_rockfield.json,unreal_rockfield.json,nan,nan,nan
2672,53.21665089877007,67.14835047456279,0.28088054495257525,Small,RegolithCovered,background_regolith,Background,Background,-1,-1.0,-1.0,-1.0,0.0,0.012,1.0,-1,,unreal_rockfield.json,unreal_rockfield.json,nan,nan,nan
2673,245.01022370067443,114.23841059602648,0.2882959379837789,Small,RegolithCovered,background_regolith,Background,Background,-1,-1.0,-1.0,-1.0,0.0,0.012,1.0,-1,,unreal_rockfield.json,unreal_rockfield.json,nan,nan,nan
2674,161.9083223975341,-52.087466048158205,0.29528329258022135,Small,RegolithCovered,background_regolith,Background,Background,-1,-1.0,-1.0,-1.0,0.0,0.012,1.0,-1,,unreal_rockfield.json,unreal_rockfield.json,nan,nan,nan
2675,-180.52461317789238,-148.9684743797113,0.316302050500481,Medium,RegolithCovered,background_regolith,Background,Background,-1,-1.0,-1.0,-1.0,0.0,0.012,1.0,-1,,unreal_rockfield.json,unreal_rockfield.json,nan,nan,nan
2676,35.866878261665704,155.89617603076266,0.2840020787530929,Small,RegolithCovered,background_regolith,Background,Background,-1,-1.0,-1.0,-1.0,0.0,0.012,1.0,-1,,unreal_rockfield.json,unreal_rockfield.json,nan,nan,nan
2677,2.63222144230474,38.216803491317535,0.29062257192148416,Small,RegolithCovered,background_regolith,Background,Background,-1,-1.0,-1.0,-1.0,0.0,0.012,1.0,-1,,unreal_rockfield.json,unreal_rockfield.json,nan,nan,nan
2678,-45.17502365184484,62.03650013733329,0.28511715896611267,Small,RegolithCovered,background_regolith,Background,Background,-1,-1.0,-1.0,-1.0,0.0,0.012,1.0,-1,,unreal_rockfield.json,unreal_rockfield.json,nan,nan,nan
2679,197.53868221076084,195.08194219794308,0.26703060558176805,Small,RegolithCovered,background_regolith,Background,Background,-1,-1.0,-1.0,-1.0,0.0,0.012,1.0,-1,,unreal_rockfield.json,unreal_rockfield.json,nan,nan,nan
2680,182.9508346812342,-238.67763298440505,0.3228771665841245,Medium,RegolithCovered,background_regolith,Background,Background,-1,-1.0,-1.0,-1.0,0.0,0.012,1.0,-1,,unreal_rockfield.json,unreal_rockfield.json,nan,nan,nan
2681,-229.90356151005585,-177.96105838190863,0.26978267228984465,Small,RegolithCovered,background_regolith,Background,Background,-1,-1.0,-1.0,-1.0,0.0,0.012,1.0,-1,,unreal_rockfield.json,unreal_rockfield.json,nan,nan,nan
2682,199.61394085512865,-224.60860011597035,0.26749607579916146,Small,RegolithCovered,background_regolith,Background,Background,-1,-1.0,-1.0,-1.0,0.0,0.012,1.0,-1,,unreal_rockfield.json,unreal_rockfield.json,nan,nan,nan
2683,22.240363780632947,-203.87127292703025,0.27048339315347536,Small,RegolithCovered,background_regolith,Background,Background,-1,-1.0,-1.0,-1.0,0.0,0.012,1.0,-1,,unreal_rockfield.json,unreal_rockfield.json,nan,nan,nan
2684,204.17645802179027,190.88564714499347,0.2609977168732067,Small,RegolithCovered,background_regolith,Background,Background,-1,-1.0,-1.0,-1.0,0.0,0.012,1.0,-1,,unreal_rockfield.json,unreal_rockfield.json,nan,nan,nan
2685,195.738090151677,-119.93011261329997,0.32233757281585884,Medium,RegolithCovered,background_regolith,Background,Background,-1,-1.0,-1.0,-1.0,0.0,0.012,1.0,-1,,unreal_rockfield.json,unreal_rockfield.json,nan,nan,nan
2686,-110.51515243995482,-156.4149906918546,0.27933996005048195,Small,RegolithCovered,background_regolith,Background,Background,-1,-1.0,-1.0,-1.0,0.0,0.012,1.0,-1,,unreal_rockfield.json,unreal_rockfield.json,nan,nan,nan
2687,19.936216315195168,-87.16849269081698,0.32478997503881857,Medium,RegolithCovered,background_regolith,Background,Background,-1,-1.0,-1.0,-1.0,0.0,0.012,1.0,-1,,unreal_rockfield.json,unreal_rockfield.json,nan,nan,nan
2688,169.81261635181738,-249.20651875362407,0.31847299025732423,Medium,RegolithCovered,background_regolith,Background,Background,-1,-1.0,-1.0,-1.0,0.0,0.012,1.0,-1,,unreal_rockfield.json,unreal_rockfield.json,nan,nan,nan
2689,-83.03323465681936,79.58464308603169,0.2724723329735781,Small,RegolithCovered,background_regolith,Background,Background,-1,-1.0,-1.0,-1.0,0.0,0.012,1.0,-1,,unreal_rockfield.json,unreal_rockfield.json,nan,nan,nan
2690,-19.17325357829526,-77.1889400921659,0.3756556690378866,Medium,RegolithCovered,background_regolith,Background,Background,-1,-1.0,-1.0,-1.0,0.0,0.012,1.0,-1,,unreal_rockfield.json,unreal_rockfield.json,nan,nan,nan
2691,226.9890438550981,-142.2696615497299,0.2683224328895061,Small,RegolithCovered,background_regolith,Background,Background,-1,-1.0,-1.0,-1.0,0.0,0.012,1.0,-1,,unreal_rockfield.json,unreal_rockfield.json,nan,nan,nan
2692,132.5342570268868,-112.63618884853662,0.2674975312501531,Small,RegolithCovered,background_regolith,Background,Background,-1,-1.0,-1.0,-1.0,0.0,0.012,1.0,-1,,unreal_rockfield.json,unreal_rockfield.json,nan,nan,nan
2693,151.21158482619705,-11.452070680867962,0.2792523230779885,Small,RegolithCovered,background_regolith,Background,Background,-1,-1.0,-1.0,-1.0,0.0,0.012,1.0,-1,,unreal_rockfield.json,unreal_rockfield.json,nan,nan,nan
2694,174.51246681112093,173.30698568681908,0.29520786082540434,Small,RegolithCovered,background_regolith,Background,Background,-1,-1.0,-1.0,-1.0,0.0,0.012,1.0,-1,,unreal_rockfield.json,unreal_rockfield.json,nan,nan,nan
2695,-31.22806482131412,-181.10446485793634,0.35412729942769217,Medium,RegolithCovered,background_regolith,Background,Background,-1,-1.0,-1.0,-1.0,0.0,0.012,1.0,-1,,unreal_rockfield.json,unreal_rockfield.json,nan,nan,nan
2696,17.70836512344738,61.24301889095733,0.33208105463673654,Medium,RegolithCovered,background_regolith,Background,Background,-1,-1.0,-1.0,-1.0,0.0,0.012,1.0,-1,,unreal_rockfield.json,unreal_rockfield.json,nan,nan,nan
2697,-97.28537858211007,-217.421491134373,0.33179890549666596,Medium,RegolithCovered,background_regolith,Background,Background,-1,-1.0,-1.0,-1.0,0.0,0.012,1.0,-1,,unreal_rockfield.json,unreal_rockfield.json,nan,nan,nan
2698,-166.82180242316966,57.13827936643571,0.2971732245735677,Small,RegolithCovered,background_regolith,Background,Background,-1,-1.0,-1.0,-1.0,0.0,0.012,1.0,-1,,unreal_rockfield.json,unreal_rockfield.json,nan,nan,nan
2699,228.255561998352,-167.31009857478563,0.3181621146733207,Medium,RegolithCovered,background_regolith,Background,Background,-1,-1.0,-1.0,-1.0,0.0,0.012,1.0,-1,,unreal_rockfield.json,unreal_rockfield.json,nan,nan,nan
2700,204.13068025757627,214.67482528153323,0.3366843829637799,Medium,RegolithCovered,background_regolith,Background,Background,-1,-1.0,-1.0,-1.0,0.0,0.012,1.0,-1,,unreal_rockfield.json,unreal_rockfield.json,nan,nan,nan
2701,-229.79674672688986,-17.097994933927453,0.369959895582881,Medium,RegolithCovered,background_regolith,Background,Background,-1,-1.0,-1.0,-1.0,0.0,0.012,1.0,-1,,unreal_rockfield.json,unreal_rockfield.json,nan,nan,nan
2702,-169.03439436017945,64.76790673543502,0.2891594311682432,Small,RegolithCovered,background_regolith,Background,Background,-1,-1.0,-1.0,-1.0,0.0,0.012,1.0,-1,,unreal_rockfield.json,unreal_rockfield.json,nan,nan,nan
2703,-236.40400402844324,-45.113986632892846,0.31457508164059467,Medium,RegolithCovered,background_regolith,Background,Background,-1,-1.0,-1.0,-1.0,0.0,0.012,1.0,-1,,unreal_rockfield.json,unreal_rockfield.json,nan,nan,nan
2704,-32.92184209723197,-59.07620471816156,0.3634703631944949,Medium,RegolithCovered,background_regolith,Background,Background,-1,-1.0,-1.0,-1.0,0.0,0.012,1.0,-1,,unreal_rockfield.json,unreal_rockfield.json,nan,nan,nan
2705,89.41160313730279,-52.80465102084415,0.2646235591784803,Small,RegolithCovered,background_regolith,Background,Background,-1,-1.0,-1.0,-1.0,0.0,0.012,1.0,-1,,unreal_rockfield.json,unreal_rockfield.json,nan,nan,nan
2706,-117.18344676046021,-145.44358653523364,0.34441528626427914,Medium,RegolithCovered,background_regolith,Background,Background,-1,-1.0,-1.0,-1.0,0.0,0.012,1.0,-1,,unreal_rockfield.json,unreal_rockfield.json,nan,nan,nan
2707,84.22345652638325,-73.17575609607226,0.3192404500208122,Medium,RegolithCovered,background_regolith,Background,Background,-1,-1.0,-1.0,-1.0,0.0,0.012,1.0,-1,,unreal_rockfield.json,unreal_rockfield.json,nan,nan,nan
2708,205.5955687124241,215.19363994262517,0.29146287505441504,Small,RegolithCovered,background_regolith,Background,Background,-1,-1.0,-1.0,-1.0,0.0,0.012,1.0,-1,,unreal_rockfield.json,unreal_rockfield.json,nan,nan,nan
2709,-105.20493179113132,-214.65956602679523,0.27738450475605714,Small,RegolithCovered,background_regolith,Background,Background,-1,-1.0,-1.0,-1.0,0.0,0.012,1.0,-1,,unreal_rockfield.json,unreal_rockfield.json,nan,nan,nan
2710,150.14343699453718,39.880062257759334,0.28130046440953416,Small,RegolithCovered,background_regolith,Background,Background,-1,-1.0,-1.0,-1.0,0.0,0.012,1.0,-1,,unreal_rockfield.json,unreal_rockfield.json,nan,nan,nan
2711,144.4822534867397,-116.38996551408428,0.26929618332270877,Small,RegolithCovered,background_regolith,Background,Background,-1,-1.0,-1.0,-1.0,0.0,0.012,1.0,-1,,unreal_rockfield.json,unreal_rockfield.json,nan,nan,nan
2712,125.71337015900144,-203.70342112491227,0.296116674549856,Small,RegolithCovered,background_regolith,Background,Background,-1,-1.0,-1.0,-1.0,0.0,0.012,1.0,-1,,unreal_rockfield.json,unreal_rockfield.json,nan,nan,nan
2713,-64.73738822595902,121.86803796502579,0.2724102113485728,Small,RegolithCovered,background_regolith,Background,Background,-1,-1.0,-1.0,-1.0,0.0,0.012,1.0,-1,,unreal_rockfield.json,unreal_rockfield.json,nan,nan,nan
2714,169.6752830591754,107.93633838923307,0.2938025439368556,Small,RegolithCovered,background_regolith,Background,Background,-1,-1.0,-1.0,-1.0,0.0,0.012,1.0,-1,,unreal_rockfield.json,unreal_rockfield.json,nan,nan,nan
2715,-135.29618213446457,-98.78078554643392,0.2744513404465037,Small,RegolithCovered,background_regolith,Background,Background,-1,-1.0,-1.0,-1.0,0.0,0.012,1.0,-1,,unreal_rockfield.json,unreal_rockfield.json,nan,nan,nan
2716,-198.30164494766075,158.87173070467236,0.3465016469907418,Medium,RegolithCovered,background_regolith,Background,Background,-1,-1.0,-1.0,-1.0,0.0,0.012,1.0,-1,,unreal_rockfield.json,unreal_rockfield.json,nan,nan,nan
2717,227.75200659199805,-123.19559312723166,0.2765728483604102,Small,RegolithCovered,background_regolith,Background,Background,-1,-1.0,-1.0,-1.0,0.0,0.012,1.0,-1,,unreal_rockfield.json,unreal_rockfield.json,nan,nan,nan
2718,-97.49900814844204,204.89364299447618,0.27522068512583875,Small,RegolithCovered,background_regolith,Background,Background,-1,-1.0,-1.0,-1.0,0.0,0.012,1.0,-1,,unreal_rockfield.json,unreal_rockfield.json,nan,nan,nan
2719,-161.37424848170414,-70.73427533799247,0.2744229032500636,Small,RegolithCovered,background_regolith,Background,Background,-1,-1.0,-1.0,-1.0,0.0,0.012,1.0,-1,,unreal_rockfield.json,unreal_rockfield.json,nan,nan,nan
2720,-212.88949247718742,64.981536301767,0.3018559571388646,Medium,RegolithCovered,background_regolith,Background,Background,-1,-1.0,-1.0,-1.0,0.0,0.012,1.0,-1,,unreal_rockfield.json,unreal_rockfield.json,nan,nan,nan
2721,-116.71040986358227,-12.855922116763821,0.3179039167396352,Medium,RegolithCovered,background_regolith,Background,Background,-1,-1.0,-1.0,-1.0,0.0,0.012,1.0,-1,,unreal_rockfield.json,unreal_rockfield.json,nan,nan,nan
2722,-49.89013336588641,-228.39289529099398,0.29897764815177164,Small,RegolithCovered,background_regolith,Background,Background,-1,-1.0,-1.0,-1.0,0.0,0.012,1.0,-1,,unreal_rockfield.json,unreal_rockfield.json,nan,nan,nan
2723,-163.26639606921597,-93.6231574449904,0.26653739693272105,Small,RegolithCovered,background_regolith,Background,Background,-1,-1.0,-1.0,-1.0,0.0,0.012,1.0,-1,,unreal_rockfield.json,unreal_rockfield.json,nan,nan,nan
2724,197.44712668233285,134.92996002075256,0.2618383274056039,Small,RegolithCovered,background_regolith,Background,Background,-1,-1.0,-1.0,-1.0,0.0,0.012,1.0,-1,,unreal_rockfield.json,unreal_rockfield.json,nan,nan,nan
2725,190.0616473891415,240.43244727927487,0.2636737281096787,Small,RegolithCovered,background_regolith,Background,Background,-1,-1.0,-1.0,-1.0,0.0,0.012,1.0,-1,,unreal_rockfield.json,unreal_rockfield.json,nan,nan,nan
2726,234.19141209143345,-235.8241523483993,0.2921542075964347,Small,RegolithCovered,background_regolith,Background,Background,-1,-1.0,-1.0,-1.0,0.0,0.012,1.0,-1,,unreal_rockfield.json,unreal_rockfield.json,nan,nan,nan
2727,-35.119174779503766,105.20493179113134,0.2807911955187763,Small,RegolithCovered,background_regolith,Background,Background,-1,-1.0,-1.0,-1.0,0.0,0.012,1.0,-1,,unreal_rockfield.json,unreal_rockfield.json,nan,nan,nan
2728,-63.59294412060913,26.32984405041657,0.36871636665955726,Medium,RegolithCovered,background_regolith,Background,Background,-1,-1.0,-1.0,-1.0,0.0,0.012,1.0,-1,,unreal_rockfield.json,unreal_rockfield.json,nan,nan,nan
2729,187.46757408368177,142.66640217291786,0.3283714047460404,Medium,RegolithCovered,background_regolith,Background,Background,-1,-1.0,-1.0,-1.0,0.0,0.012,1.0,-1,,unreal_rockfield.json,unreal_rockfield.json,nan,nan,nan
2730,187.2692037720878,-56.024353770561845,0.2606332899194732,Small,RegolithCovered,background_regolith,Background,Background,-1,-1.0,-1.0,-1.0,0.0,0.012,1.0,-1,,unreal_rockfield.json,unreal_rockfield.json,nan,nan,nan
2731,87.59575182348095,3.593554490798681,0.41816708571195527,Medium,RegolithCovered,background_regolith,Background,Background,-1,-1.0,-1.0,-1.0,0.0,0.012,1.0,-1,,unreal_rockfield.json,unreal_rockfield.json,nan,nan,nan
2732,-12.352366710409882,81.11056855983156,0.2682836923407367,Small,RegolithCovered,background_regolith,Background,Background,-1,-1.0,-1.0,-1.0,0.0,0.012,1.0,-1,,unreal_rockfield.json,unreal_rockfield.json,nan,nan,nan
2733,215.88030640583514,-7.744071779534295,0.27354910614583483,Small,RegolithCovered,background_regolith,Background,Background,-1,-1.0,-1.0,-1.0,0.0,0.012,1.0,-1,,unreal_rockfield.json,unreal_rockfield.json,nan,nan,nan
2734,-249.0234076967681,-28.649250770592346,0.28836386230810196,Small,RegolithCovered,background_regolith,Background,Background,-1,-1.0,-1.0,-1.0,0.0,0.012,1.0,-1,,unreal_rockfield.json,unreal_rockfield.json,nan,nan,nan
2735,-124.64522232734154,229.17111728263188,0.2922585821569793,Small,RegolithCovered,background_regolith,Background,Background,-1,-1.0,-1.0,-1.0,0.0,0.012,1.0,-1,,unreal_rockfield.json,unreal_rockfield.json,nan,nan,nan
2736,-56.31427961058384,49.478133487960406,0.30285873523111567,Medium,RegolithCovered,background_regolith,Background,Background,-1,-1.0,-1.0,-1.0,0.0,0.012,1.0,-1,,unreal_rockfield.json,unreal_rockfield.json,nan,nan,nan
2737,176.40461439863276,81.79723502304148,0.32834259937246757,Medium,RegolithCovered,background_regolith,Background,Background,-1,-1.0,-1.0,-1.0,0.0,0.012,1.0,-1,,unreal_rockfield.json,unreal_rockfield.json,nan,nan,nan
2738,228.74385814996793,-212.67586291085544,0.28305787003416505,Small,RegolithCovered,background_regolith,Background,Background,-1,-1.0,-1.0,-1.0,0.0,0.012,1.0,-1,,unreal_rockfield.json,unreal_rockfield.json,nan,nan,nan
2739,85.35264137699517,-126.0490737632374,0.28509562077375694,Small,RegolithCovered,background_regolith,Background,Background,-1,-1.0,-1.0,-1.0,0.0,0.012,1.0,-1,,unreal_rockfield.json,unreal_rockfield.json,nan,nan,nan
2740,194.09009063997314,-249.43540757469404,0.3082780121316833,Medium,RegolithCovered,background_regolith,Background,Background,-1,-1.0,-1.0,-1.0,0.0,0.012,1.0,-1,,unreal_rockfield.json,unreal_rockfield.json,nan,nan,nan
2741,-15.144810327463631,199.76653340250863,0.34637038068713716,Medium,RegolithCovered,background_regolith,Background,Background,-1,-1.0,-1.0,-1.0,0.0,0.012,1.0,-1,,unreal_rockfield.json,unreal_rockfield.json,nan,nan,nan
2742,-210.17334513382366,17.93725394451735,0.36477690323869866,Medium,RegolithCovered,background_regolith,Background,Background,-1,-1.0,-1.0,-1.0,0.0,0.012,1.0,-1,,unreal_rockfield.json,unreal_rockfield.json,nan,nan,nan
2743,-65.164647358623,226.0277108066042,0.287590174354692,Small,RegolithCovered,background_regolith,Background,Background,-1,-1.0,-1.0,-1.0,0.0,0.012,1.0,-1,,unreal_rockfield.json,unreal_rockfield.json,nan,nan,nan
2744,-55.23087252418594,-221.11423078096865,0.2668959074099033,Small,RegolithCovered,background_regolith,Background,Background,-1,-1.0,-1.0,-1.0,0.0,0.012,1.0,-1,,unreal_rockfield.json,unreal_rockfield.json,nan,nan,nan
2745,-45.434430982390836,-146.20654927213354,0.2811692500249335,Small,RegolithCovered,background_regolith,Background,Background,-1,-1.0,-1.0,-1.0,0.0,0.012,1.0,-1,,unreal_rockfield.json,unreal_rockfield.json,nan,nan,nan
2746,171.7963194677572,-114.75722525711845,0.26335264260149166,Small,RegolithCovered,background_regolith,Background,Background,-1,-1.0,-1.0,-1.0,0.0,0.012,1.0,-1,,unreal_rockfield.json,unreal_rockfield.json,nan,nan,nan
2747,176.92342905972475,214.9189733573412,0.28898617772228546,Small,RegolithCovered,background_regolith,Background,Background,-1,-1.0,-1.0,-1.0,0.0,0.012,1.0,-1,,unreal_rockfield.json,unreal_rockfield.json,nan,nan,nan
2748,-9.926145207068089,116.11529892880031,0.2632343022574869,Small,RegolithCovered,background_regolith,Background,Background,-1,-1.0,-1.0,-1.0,0.0,0.012,1.0,-1,,unreal_rockfield.json,unreal_rockfield.json,nan,nan,nan
2749,92.14300973540452,-112.37678151799065,0.2914571909924582,Small,RegolithCovered,background_regolith,Background,Background,-1,-1.0,-1.0,-1.0,0.0,0.012,1.0,-1,,unreal_rockfield.json,unreal_rockfield.json,nan,nan,nan
2750,-122.20374156926175,-140.40803247169407,0.27443001039469683,Small,RegolithCovered,background_regolith,Background,Background,-1,-1.0,-1.0,-1.0,0.0,0.012,1.0,-1,,unreal_rockfield.json,unreal_rockfield.json,nan,nan,nan
2751,237.54844813379316,117.96166875209815,0.3118646228586871,Medium,RegolithCovered,background_regolith,Background,Background,-1,-1.0,-1.0,-1.0,0.0,0.012,1.0,-1,,unreal_rockfield.json,unreal_rockfield.json,nan,nan,nan
2752,-90.28138065736869,-242.5840021973327,0.3512966085541341,Medium,RegolithCovered,background_regolith,Background,Background,-1,-1.0,-1.0,-1.0,0.0,0.012,1.0,-1,,unreal_rockfield.json,unreal_rockfield.json,nan,nan,nan
2753,40.87191381572927,-86.66493728446304,0.30573384119342384,Medium,RegolithCovered,background_regolith,Background,Background,-1,-1.0,-1.0,-1.0,0.0,0.012,1.0,-1,,unreal_rockfield.json,unreal_rockfield.json,nan,nan,nan
2754,-83.85723441267129,37.575914792321555,0.4010089662511976,Medium,RegolithCovered,background_regolith,Background,Background,-1,-1.0,-1.0,-1.0,0.0,0.012,1.0,-1,,unreal_rockfield.json,unreal_rockfield.json,nan,nan,nan
2755,23.628955961790837,-175.88579973754082,0.40371516632928967,Medium,RegolithCovered,background_regolith,Background,Background,-1,-1.0,-1.0,-1.0,0.0,0.012,1.0,-1,,unreal_rockfield.json,unreal_rockfield.json,nan,nan,nan
2756,112.55989257484669,212.0197149571215,0.2749275055291183,Small,RegolithCovered,background_regolith,Background,Background,-1,-1.0,-1.0,-1.0,0.0,0.012,1.0,-1,,unreal_rockfield.json,unreal_rockfield.json,nan,nan,nan
2757,155.75884273812068,231.0632648701437,0.2820450935188469,Small,RegolithCovered,background_regolith,Background,Background,-1,-1.0,-1.0,-1.0,0.0,0.012,1.0,-1,,unreal_rockfield.json,unreal_rockfield.json,nan,nan,nan
2758,-121.45603808709981,-20.271919919431156,0.26496238882781775,Small,RegolithCovered,background_regolith,Background,Background,-1,-1.0,-1.0,-1.0,0.0,0.012,1.0,-1,,unreal_rockfield.json,unreal_rockfield.json,nan,nan,nan
2759,-238.61659596545306,202.29956968901644,0.2678412858449694,Small,RegolithCovered,background_regolith,Background,Background,-1,-1.0,-1.0,-1.0,0.0,0.012,1.0,-1,,unreal_rockfield.json,unreal_rockfield.json,nan,nan,nan
2760,-101.39011810663169,-13.161107211523785,0.31095957324122275,Medium,RegolithCovered,background_regolith,Background,Background,-1,-1.0,-1.0,-1.0,0.0,0.012,1.0,-1,,unreal_rockfield.json,unreal_rockfield.json,nan,nan,nan
2761,-55.07827997680593,157.6815088351085,0.35057081323686207,Medium,RegolithCovered,background_regolith,Background,Background,-1,-1.0,-1.0,-1.0,0.0,0.012,1.0,-1,,unreal_rockfield.json,unreal_rockfield.json,nan,nan,nan
2762,-95.83574938200019,-7.164220099490336,0.2850932284245107,Small,RegolithCovered,background_regolith,Background,Background,-1,-1.0,-1.0,-1.0,0.0,0.012,1.0,-1,,unreal_rockfield.json,unreal_rockfield.json,nan,nan,nan
2763,-25.765251625110608,-128.96359141819514,0.28085712247104594,Small,RegolithCovered,background_regolith,Background,Background,-1,-1.0,-1.0,-1.0,0.0,0.012,1.0,-1,,unreal_rockfield.json,unreal_rockfield.json,nan,nan,nan
2764,-38.18628498184148,-86.71071504867703,0.275716638616826,Small,RegolithCovered,background_regolith,Background,Background,-1,-1.0,-1.0,-1.0,0.0,0.012,1.0,-1,,unreal_rockfield.json,unreal_rockfield.json,nan,nan,nan
2765,-138.47010711996825,-63.25724051637317,0.2743873890472439,Small,RegolithCovered,background_regolith,Background,Background,-1,-1.0,-1.0,-1.0,0.0,0.012,1.0,-1,,unreal_rockfield.json,unreal_rockfield.json,nan,nan,nan
2766,-173.67320780053103,90.70863979003263,0.35355963818235625,Medium,RegolithCovered,background_regolith,Background,Background,-1,-1.0,-1.0,-1.0,0.0,0.012,1.0,-1,,unreal_rockfield.json,unreal_rockfield.json,nan,nan,nan
2767,-40.1547288430433,-83.38419751579332,0.266638026056275,Small,RegolithCovered,background_regolith,Background,Background,-1,-1.0,-1.0,-1.0,0.0,0.012,1.0,-1,,unreal_rockfield.json,unreal_rockfield.json,nan,nan,nan
2768,4.875331888790527,-74.12182988982818,0.3697594514671832,Medium,RegolithCovered,background_regolith,Background,Background,-1,-1.0,-1.0,-1.0,0.0,0.012,1.0,-1,,unreal_rockfield.json,unreal_rockfield.json,nan,nan,nan
2769,180.67720572527242,151.25736259041105,0.281723150485129,Small,RegolithCovered,background_regolith,Background,Background,-1,-1.0,-1.0,-1.0,0.0,0.012,1.0,-1,,unreal_rockfield.json,unreal_rockfield.json,nan,nan,nan
2770,48.63887447737051,118.16003906369212,0.2891727919606051,Small,RegolithCovered,background_regolith,Background,Background,-1,-1.0,-1.0,-1.0,0.0,0.012,1.0,-1,,unreal_rockfield.json,unreal_rockfield.json,nan,nan,nan
2771,-124.53840754417556,-144.10077211828974,0.40521608060134423,Medium,RegolithCovered,background_regolith,Background,Background,-1,-1.0,-1.0,-1.0,0.0,0.012,1.0,-1,,unreal_rockfield.json,unreal_rockfield.json,nan,nan,nan
2772,-111.55278176213872,152.53913998840295,0.26128002593297617,Small,RegolithCovered,background_regolith,Background,Background,-1,-1.0,-1.0,-1.0,0.0,0.012,1.0,-1,,unreal_rockfield.json,unreal_rockfield.json,nan,nan,nan
2773,-54.452650532548006,-188.85616626483963,0.38547088264226714,Medium,RegolithCovered,background_regolith,Background,Background,-1,-1.0,-1.0,-1.0,0.0,0.012,1.0,-1,,unreal_rockfield.json,unreal_rockfield.json,nan,nan,nan
2774,-52.484206671346186,-227.53837702566608,0.40979407629095893,Medium,RegolithCovered,background_regolith,Background,Background,-1,-1.0,-1.0,-1.0,0.0,0.012,1.0,-1,,unreal_rockfield.json,unreal_rockfield.json,nan,nan,nan
2775,-208.8305307168798,-108.40937528611101,0.3126429912376058,Medium,RegolithCovered,background_regolith,Background,Background,-1,-1.0,-1.0,-1.0,0.0,0.012,1.0,-1,,unreal_rockfield.json,unreal_rockfield.json,nan,nan,nan
2776,-13.77147740104374,-74.21338541825617,0.26945450504225166,Small,RegolithCovered,background_regolith,Background,Background,-1,-1.0,-1.0,-1.0,0.0,0.012,1.0,-1,,unreal_rockfield.json,unreal_rockfield.json,nan,nan,nan
2777,217.51304666280095,37.743766594439535,0.2882724547691512,Small,RegolithCovered,background_regolith,Background,Background,-1,-1.0,-1.0,-1.0,0.0,0.012,1.0,-1,,unreal_rockfield.json,unreal_rockfield.json,nan,nan,nan
2778,-152.050843836787,6.630146183660372,0.3309482058663095,Medium,RegolithCovered,background_regolith,Background,Background,-1,-1.0,-1.0,-1.0,0.0,0.012,1.0,-1,,unreal_rockfield.json,unreal_rockfield.json,nan,nan,nan
2779,-179.89898373363445,-243.89629810480056,0.2981783470706597,Small,RegolithCovered,background_regolith,Background,Background,-1,-1.0,-1.0,-1.0,0.0,0.012,1.0,-1,,unreal_rockfield.json,unreal_rockfield.json,nan,nan,nan
2780,168.08832056642353,74.19812616351817,0.30608201647135963,Medium,RegolithCovered,background_regolith,Background,Background,-1,-1.0,-1.0,-1.0,0.0,0.012,1.0,-1,,unreal_rockfield.json,unreal_rockfield.json,nan,nan,nan
2781,114.00952177495651,16.39606921597948,0.2649948353504014,Small,RegolithCovered,background_regolith,Background,Background,-1,-1.0,-1.0,-1.0,0.0,0.012,1.0,-1,,unreal_rockfield.json,unreal_rockfield.json,nan,nan,nan
2782,-130.53529465620898,48.80672627948849,0.30352763987757797,Medium,RegolithCovered,background_regolith,Background,Background,-1,-1.0,-1.0,-1.0,0.0,0.012,1.0,-1,,unreal_rockfield.json,unreal_rockfield.json,nan,nan,nan
2783,185.30075991088597,191.20609149449143,0.27070630441938415,Small,RegolithCovered,background_regolith,Background,Background,-1,-1.0,-1.0,-1.0,0.0,0.012,1.0,-1,,unreal_rockfield.json,unreal_rockfield.json,nan,nan,nan
2784,82.94167912839134,103.4043397320475,0.2787409932929066,Small,RegolithCovered,background_regolith,Background,Background,-1,-1.0,-1.0,-1.0,0.0,0.012,1.0,-1,,unreal_rockfield.json,unreal_rockfield.json,nan,nan,nan
2785,-130.91677602465896,139.79766228217414,0.3023143933584288,Medium,RegolithCovered,background_regolith,Background,Background,-1,-1.0,-1.0,-1.0,0.0,0.012,1.0,-1,,unreal_rockfield.json,unreal_rockfield.json,nan,nan,nan
2786,188.88668477431565,22.347178563798934,0.30279362188089276,Medium,RegolithCovered,background_regolith,Background,Background,-1,-1.0,-1.0,-1.0,0.0,0.012,1.0,-1,,unreal_rockfield.json,unreal_rockfield.json,nan,nan,nan
2787,-167.5237281411176,-139.66032898953216,0.32127300864402136,Medium,RegolithCovered,background_regolith,Background,Background,-1,-1.0,-1.0,-1.0,0.0,0.012,1.0,-1,,unreal_rockfield.json,unreal_rockfield.json,nan,nan,nan
2788,163.40372936185798,126.33899960325937,0.2922585821569793,Small,RegolithCovered,background_regolith,Background,Background,-1,-1.0,-1.0,-1.0,0.0,0.012,1.0,-1,,unreal_rockfield.json,unreal_rockfield.json,nan,nan,nan
2789,-99.28434095278789,13.573107089449763,0.3218973426377597,Medium,RegolithCovered,background_regolith,Background,Background,-1,-1.0,-1.0,-1.0,0.0,0.012,1.0,-1,,unreal_rockfield.json,unreal_rockfield.json,nan,nan,nan
2790,17.159031952879445,-99.10122989593188,0.3004367003540664,Medium,RegolithCovered,background_regolith,Background,Background,-1,-1.0,-1.0,-1.0,0.0,0.012,1.0,-1,,unreal_rockfield.json,unreal_rockfield.json,nan,nan,nan
2791,-51.98065126499222,240.41718802453687,0.3207958755084643,Medium,RegolithCovered,background_regolith,Background,Background,-1,-1.0,-1.0,-1.0,0.0,0.012,1.0,-1,,unreal_rockfield.json,unreal_rockfield.json,nan,nan,nan
2792,23.812067018646815,151.63884395886106,0.2636594215629445,Small,RegolithCovered,background_regolith,Background,Background,-1,-1.0,-1.0,-1.0,0.0,0.012,1.0,-1,,unreal_rockfield.json,unreal_rockfield.json,nan,nan,nan
2793,119.33500167851804,246.00207525864437,0.26510728571334774,Small,RegolithCovered,background_regolith,Background,Background,-1,-1.0,-1.0,-1.0,0.0,0.012,1.0,-1,,unreal_rockfield.json,unreal_rockfield.json,nan,nan,nan
2794,-163.20535905026398,-217.314676351207,0.26268662943402765,Small,RegolithCovered,background_regolith,Background,Background,-1,-1.0,-1.0,-1.0,0.0,0.012,1.0,-1,,unreal_rockfield.json,unreal_rockfield.json,nan,nan,nan
2795,-8.415478988006242,-210.06653035065767,0.28419529784307207,Small,RegolithCovered,background_regolith,Background,Background,-1,-1.0,-1.0,-1.0,0.0,0.012,1.0,-1,,unreal_rockfield.json,unreal_rockfield.json,nan,nan,nan
2796,173.856318857387,90.00671407208472,0.2658536584160786,Small,RegolithCovered,background_regolith,Background,Background,-1,-1.0,-1.0,-1.0,0.0,0.012,1.0,-1,,unreal_rockfield.json,unreal_rockfield.json,nan,nan,nan
2797,-38.0336924344615,193.72386852626119,0.31019455810750873,Medium,RegolithCovered,background_regolith,Background,Background,-1,-1.0,-1.0,-1.0,0.0,0.012,1.0,-1,,unreal_rockfield.json,unreal_rockfield.json,nan,nan,nan
2798,197.0656453138829,218.61171300393687,0.31524551271262313,Medium,RegolithCovered,background_regolith,Background,Background,-1,-1.0,-1.0,-1.0,0.0,0.012,1.0,-1,,unreal_rockfield.json,unreal_rockfield.json,nan,nan,nan
2799,102.87026581621757,-59.549241615039534,0.2669331113450995,Small,RegolithCovered,background_regolith,Background,Background,-1,-1.0,-1.0,-1.0,0.0,0.012,1.0,-1,,unreal_rockfield.json,unreal_rockfield.json,nan,nan,nan
2800,219.42045350505077,87.59575182348095,0.273333152909441,Small,RegolithCovered,background_regolith,Background,Background,-1,-1.0,-1.0,-1.0,0.0,0.012,1.0,-1,,unreal_rockfield.json,unreal_rockfield.json,nan,nan,nan
2801,-113.75011444441051,85.58153019806514,0.2753499493616364,Small,RegolithCovered,background_regolith,Background,Background,-1,-1.0,-1.0,-1.0,0.0,0.012,1.0,-1,,unreal_rockfield.json,unreal_rockfield.json,nan,nan,nan
2802,113.41441084017458,78.36390270699178,0.27704613020548685,Small,RegolithCovered,background_regolith,Background,Background,-1,-1.0,-1.0,-1.0,0.0,0.012,1.0,-1,,unreal_rockfield.json,unreal_rockfield.json,nan,nan,nan
2803,-8.415478988006242,207.97601245155187,0.2883063797592085,Small,RegolithCovered,background_regolith,Background,Background,-1,-1.0,-1.0,-1.0,0.0,0.012,1.0,-1,,unreal_rockfield.json,unreal_rockfield.json,nan,nan,nan
2804,-27.36747337260047,45.98376415295877,0.2939996931250012,Small,RegolithCovered,background_regolith,Background,Background,-1,-1.0,-1.0,-1.0,0.0,0.012,1.0,-1,,unreal_rockfield.json,unreal_rockfield.json,nan,nan,nan
2805,-191.03823969237342,196.05853450117496,0.28312126819603817,Small,RegolithCovered,background_regolith,Background,Background,-1,-1.0,-1.0,-1.0,0.0,0.012,1.0,-1,,unreal_rockfield.json,unreal_rockfield.json,nan,nan,nan
2806,-131.34403515732293,189.10031434064763,0.2689058018299604,Small,RegolithCovered,background_regolith,Background,Background,-1,-1.0,-1.0,-1.0,0.0,0.012,1.0,-1,,unreal_rockfield.json,unreal_rockfield.json,nan,nan,nan
2807,170.37720877712331,-28.45088045899837,0.27306720615171604,Small,RegolithCovered,background_regolith,Background,Background,-1,-1.0,-1.0,-1.0,0.0,0.012,1.0,-1,,unreal_rockfield.json,unreal_rockfield.json,nan,nan,nan
2808,143.0173650318918,-61.9449446089053,0.3309252420272409,Medium,RegolithCovered,background_regolith,Background,Background,-1,-1.0,-1.0,-1.0,0.0,0.012,1.0,-1,,unreal_rockfield.json,unreal_rockfield.json,nan,nan,nan
2809,223.03689687795645,-9.514145329142139,0.35269609601616436,Medium,RegolithCovered,background_regolith,Background,Background,-1,-1.0,-1.0,-1.0,0.0,0.012,1.0,-1,,unreal_rockfield.json,unreal_rockfield.json,nan,nan,nan
2810,-238.0062257759331,230.77333903012175,0.3662052407459006,Medium,RegolithCovered,background_regolith,Background,Background,-1,-1.0,-1.0,-1.0,0.0,0.012,1.0,-1,,unreal_rockfield.json,unreal_rockfield.json,nan,nan,nan
2811,139.82818079165014,215.63615833002711,0.29360943080443536,Small,RegolithCovered,background_regolith,Background,Background,-1,-1.0,-1.0,-1.0,0.0,0.012,1.0,-1,,unreal_rockfield.json,unreal_rockfield.json,nan,nan,nan
2812,31.411175878170127,-220.93111972411268,0.2840229807382919,Small,RegolithCovered,background_regolith,Background,Background,-1,-1.0,-1.0,-1.0,0.0,0.012,1.0,-1,,unreal_rockfield.json,unreal_rockfield.json,nan,nan,nan
2813,-22.22510452589495,-86.13086336863307,0.3334961218149258,Medium,RegolithCovered,background_regolith,Background,Background,-1,-1.0,-1.0,-1.0,0.0,0.012,1.0,-1,,unreal_rockfield.json,unreal_rockfield.json,nan,nan,nan
2814,103.4501174962615,122.95144505142372,0.2713170379852793,Small,RegolithCovered,background_regolith,Background,Background,-1,-1.0,-1.0,-1.0,0.0,0.012,1.0,-1,,unreal_rockfield.json,unreal_rockfield.json,nan,nan,nan
2815,-115.1081881160924,-216.85689870906705,0.34986836402699717,Medium,RegolithCovered,background_regolith,Background,Background,-1,-1.0,-1.0,-1.0,0.0,0.012,1.0,-1,,unreal_rockfield.json,unreal_rockfield.json,nan,nan,nan
2816,-101.0696737571337,-137.44773705252234,0.28223477896906773,Small,RegolithCovered,background_regolith,Background,Background,-1,-1.0,-1.0,-1.0,0.0,0.012,1.0,-1,,unreal_rockfield.json,unreal_rockfield.json,nan,nan,nan
2817,-43.328653828547004,244.99496444593643,0.31625904065977156,Medium,RegolithCovered,background_regolith,Background,Background,-1,-1.0,-1.0,-1.0,0.0,0.012,1.0,-1,,unreal_rockfield.json,unreal_rockfield.json,nan,nan,nan
2818,0.12970366527298438,-113.0787072359386,0.2898878884696807,Small,RegolithCovered,background_regolith,Background,Background,-1,-1.0,-1.0,-1.0,0.0,0.012,1.0,-1,,unreal_rockfield.json,unreal_rockfield.json,nan,nan,nan
2819,-207.56401257362592,-63.69975890377512,0.6237740737848364,Medium,RegolithCovered,background_regolith,Background,Background,-1,-1.0,-1.0,-1.0,0.0,0.012,1.0,-1,,unreal_rockfield.json,unreal_rockfield.json,nan,nan,nan
2820,-67.62138737144076,119.96063112277596,0.26648083469262546,Small,RegolithCovered,background_regolith,Background,Background,-1,-1.0,-1.0,-1.0,0.0,0.012,1.0,-1,,unreal_rockfield.json,unreal_rockfield.json,nan,nan,nan
2821,136.7305520798364,187.9558702352977,0.2847835492942568,Small,RegolithCovered,background_regolith,Background,Background,-1,-1.0,-1.0,-1.0,0.0,0.012,1.0,-1,,unreal_rockfield.json,unreal_rockfield.json,nan,nan,nan
2822,231.42948698385567,217.97082430494095,0.48893290338059714,Medium,RegolithCovered,background_regolith,Background,Background,-1,-1.0,-1.0,-1.0,0.0,0.012,1.0,-1,,unreal_rockfield.json,unreal_rockfield.json,nan,nan,nan
2823,-151.13528855250712,-228.316599017304,0.2814126974903267,Small,RegolithCovered,background_regolith,Background,Background,-1,-1.0,-1.0,-1.0,0.0,0.012,1.0,-1,,unreal_rockfield.json,unreal_rockfield.json,nan,nan,nan
2824,-21.614734336374994,213.97289956358532,0.2739797788238791,Small,RegolithCovered,background_regolith,Background,Background,-1,-1.0,-1.0,-1.0,0.0,0.012,1.0,-1,,unreal_rockfield.json,unreal_rockfield.json,nan,nan,nan
2825,-235.73259681997132,122.81411175878173,0.2650015989448913,Small,RegolithCovered,background_regolith,Background,Background,-1,-1.0,-1.0,-1.0,0.0,0.012,1.0,-1,,unreal_rockfield.json,unreal_rockfield.json,nan,nan,nan
2826,-240.0662251655629,-248.13837092196417,0.26144642064476087,Small,RegolithCovered,background_regolith,Background,Background,-1,-1.0,-1.0,-1.0,0.0,0.012,1.0,-1,,unreal_rockfield.json,unreal_rockfield.json,nan,nan,nan
2827,227.43156224250004,-213.0115665150914,0.307657802591592,Medium,RegolithCovered,background_regolith,Background,Background,-1,-1.0,-1.0,-1.0,0.0,0.012,1.0,-1,,unreal_rockfield.json,unreal_rockfield.json,nan,nan,nan
2828,-32.12836085085604,224.41022980437634,0.278326022804465,Small,RegolithCovered,background_regolith,Background,Background,-1,-1.0,-1.0,-1.0,0.0,0.012,1.0,-1,,unreal_rockfield.json,unreal_rockfield.json,nan,nan,nan
2829,131.29825739310888,187.36075930051578,0.2679075057211481,Small,RegolithCovered,background_regolith,Background,Background,-1,-1.0,-1.0,-1.0,0.0,0.012,1.0,-1,,unreal_rockfield.json,unreal_rockfield.json,nan,nan,nan
2830,175.03128147221292,-239.79155858027895,0.3212487166301129,Medium,RegolithCovered,background_regolith,Background,Background,-1,-1.0,-1.0,-1.0,0.0,0.012,1.0,-1,,unreal_rockfield.json,unreal_rockfield.json,nan,nan,nan
2831,124.62996307260357,145.7792901394696,0.36326403806618984,Medium,RegolithCovered,background_regolith,Background,Background,-1,-1.0,-1.0,-1.0,0.0,0.012,1.0,-1,,unreal_rockfield.json,unreal_rockfield.json,nan,nan,nan
2832,202.86416211432237,36.44672994170969,0.31465246900259997,Medium,RegolithCovered,background_regolith,Background,Background,-1,-1.0,-1.0,-1.0,0.0,0.012,1.0,-1,,unreal_rockfield.json,unreal_rockfield.json,nan,nan,nan
2833,186.62831507309187,111.72063356425673,0.27443001039469683,Small,RegolithCovered,background_regolith,Background,Background,-1,-1.0,-1.0,-1.0,0.0,0.012,1.0,-1,,unreal_rockfield.json,unreal_rockfield.json,nan,nan,nan
2834,115.81011383404035,-241.3480025635548,0.2746010139056812,Small,RegolithCovered,background_regolith,Background,Background,-1,-1.0,-1.0,-1.0,0.0,0.012,1.0,-1,,unreal_rockfield.json,unreal_rockfield.json,nan,nan,nan
2835,-44.961394085512865,-62.64687032685322,0.3020281734194535,Medium,RegolithCovered,background_regolith,Background,Background,-1,-1.0,-1.0,-1.0,0.0,0.012,1.0,-1,,unreal_rockfield.json,unreal_rockfield.json,nan,nan,nan
2836,-72.53486739707631,-209.8529007843257,0.26489354270277526,Small,RegolithCovered,background_regolith,Background,Background,-1,-1.0,-1.0,-1.0,0.0,0.012,1.0,-1,,unreal_rockfield.json,unreal_rockfield.json,nan,nan,nan
2837,-33.39487899410992,-22.148808252204958,0.269385246062974,Small,RegolithCovered,background_regolith,Background,Background,-1,-1.0,-1.0,-1.0,0.0,0.012,1.0,-1,,unreal_rockfield.json,unreal_rockfield.json,nan,nan,nan
2838,-29.366435743278288,-237.22800378429517,0.3501527813379409,Medium,RegolithCovered,background_regolith,Background,Background,-1,-1.0,-1.0,-1.0,0.0,0.012,1.0,-1,,unreal_rockfield.json,unreal_rockfield.json,nan,nan,nan
2839,-236.26667073580126,-21.08066042054506,0.27619162002961195,Small,RegolithCovered,background_regolith,Background,Background,-1,-1.0,-1.0,-1.0,0.0,0.012,1.0,-1,,unreal_rockfield.json,unreal_rockfield.json,nan,nan,nan
2840,-145.06210516678365,1.0910367137669255,0.2764127213106182,Small,RegolithCovered,background_regolith,Background,Background,-1,-1.0,-1.0,-1.0,0.0,0.012,1.0,-1,,unreal_rockfield.json,unreal_rockfield.json,nan,nan,nan
2841,79.37101351969972,-174.35987426374095,0.2751680229575394,Small,RegolithCovered,background_regolith,Background,Background,-1,-1.0,-1.0,-1.0,0.0,0.012,1.0,-1,,unreal_rockfield.json,unreal_rockfield.json,nan,nan,nan
2842,-100.36774803918578,175.70268868068484,0.3015508511343091,Medium,RegolithCovered,background_regolith,Background,Background,-1,-1.0,-1.0,-1.0,0.0,0.012,1.0,-1,,unreal_rockfield.json,unreal_rockfield.json,nan,nan,nan
2843,-33.95947141941588,-43.86272774437697,0.29484848920888634,Small,RegolithCovered,background_regolith,Background,Background,-1,-1.0,-1.0,-1.0,0.0,0.012,1.0,-1,,unreal_rockfield.json,unreal_rockfield.json,nan,nan,nan
2844,72.6264229255043,211.13467818231754,0.2636776309462218,Small,RegolithCovered,background_regolith,Background,Background,-1,-1.0,-1.0,-1.0,0.0,0.012,1.0,-1,,unreal_rockfield.json,unreal_rockfield.json,nan,nan,nan
2845,227.29422894985805,-222.31971190527054,0.27544858089690594,Small,RegolithCovered,background_regolith,Background,Background,-1,-1.0,-1.0,-1.0,0.0,0.012,1.0,-1,,unreal_rockfield.json,unreal_rockfield.json,nan,nan,nan
2846,-22.408215582750927,41.89428388317515,0.2976055310953552,Small,RegolithCovered,background_regolith,Background,Background,-1,-1.0,-1.0,-1.0,0.0,0.012,1.0,-1,,unreal_rockfield.json,unreal_rockfield.json,nan,nan,nan
2847,-226.28711813715017,-50.16479995117038,0.2729903726183261,Small,RegolithCovered,background_regolith,Background,Background,-1,-1.0,-1.0,-1.0,0.0,0.012,1.0,-1,,unreal_rockfield.json,unreal_rockfield.json,nan,nan,nan
2848,-3.2883693960386893,-221.09897152623066,0.30201316764114833,Medium,RegolithCovered,background_regolith,Background,Background,-1,-1.0,-1.0,-1.0,0.0,0.012,1.0,-1,,unreal_rockfield.json,unreal_rockfield.json,nan,nan,nan
2849,1.7471846675008464,104.2893765068514,0.28714729336102257,Small,RegolithCovered,background_regolith,Background,Background,-1,-1.0,-1.0,-1.0,0.0,0.012,1.0,-1,,unreal_rockfield.json,unreal_rockfield.json,nan,nan,nan
2850,3.578295236060683,151.69988097781305,0.28718526371113573,Small,RegolithCovered,background_regolith,Background,Background,-1,-1.0,-1.0,-1.0,0.0,0.012,1.0,-1,,unreal_rockfield.json,unreal_rockfield.json,nan,nan,nan
2851,-82.91116061891537,145.1536606952116,0.2727202374210136,Small,RegolithCovered,background_regolith,Background,Background,-1,-1.0,-1.0,-1.0,0.0,0.012,1.0,-1,,unreal_rockfield.json,unreal_rockfield.json,nan,nan,nan
2852,-201.26194036683248,169.32432020020144,0.27923400757106054,Small,RegolithCovered,background_regolith,Background,Background,-1,-1.0,-1.0,-1.0,0.0,0.012,1.0,-1,,unreal_rockfield.json,unreal_rockfield.json,nan,nan,nan
2853,-65.05783257545701,-98.99441511276589,0.3366056606034826,Medium,RegolithCovered,background_regolith,Background,Background,-1,-1.0,-1.0,-1.0,0.0,0.012,1.0,-1,,unreal_rockfield.json,unreal_rockfield.json,nan,nan,nan
2854,-225.34104434339426,230.63600573747976,0.3133516860127861,Medium,RegolithCovered,background_regolith,Background,Background,-1,-1.0,-1.0,-1.0,0.0,0.012,1.0,-1,,unreal_rockfield.json,unreal_rockfield.json,nan,nan,nan
2855,22.408215582750927,-229.87304300057986,0.2659870861194219,Small,RegolithCovered,background_regolith,Background,Background,-1,-1.0,-1.0,-1.0,0.0,0.012,1.0,-1,,unreal_rockfield.json,unreal_rockfield.json,nan,nan,nan
2856,-24.407177953428743,-148.5869930112613,0.3692710168464492,Medium,RegolithCovered,background_regolith,Background,Background,-1,-1.0,-1.0,-1.0,0.0,0.012,1.0,-1,,unreal_rockfield.json,unreal_rockfield.json,nan,nan,nan
2857,42.70302438428905,-199.79705191198462,0.36105292066713107,Medium,RegolithCovered,background_regolith,Background,Background,-1,-1.0,-1.0,-1.0,0.0,0.012,1.0,-1,,unreal_rockfield.json,unreal_rockfield.json,nan,nan,nan
2858,-129.77233191930907,198.14905240028077,0.3078837924776359,Medium,RegolithCovered,background_regolith,Background,Background,-1,-1.0,-1.0,-1.0,0.0,0.012,1.0,-1,,unreal_rockfield.json,unreal_rockfield.json,nan,nan,nan
2859,-246.13940855128635,60.83101901303138,0.3615844450004396,Medium,RegolithCovered,background_regolith,Background,Background,-1,-1.0,-1.0,-1.0,0.0,0.012,1.0,-1,,unreal_rockfield.json,unreal_rockfield.json,nan,nan,nan
2860,-15.129551072725604,164.0293588061159,0.29845432692542356,Small,RegolithCovered,background_regolith,Background,Background,-1,-1.0,-1.0,-1.0,0.0,0.012,1.0,-1,,unreal_rockfield.json,unreal_rockfield.json,nan,nan,nan
2861,-156.97958311716053,-111.26285592211676,0.2835200343827828,Small,RegolithCovered,background_regolith,Background,Background,-1,-1.0,-1.0,-1.0,0.0,0.012,1.0,-1,,unreal_rockfield.json,unreal_rockfield.json,nan,nan,nan
2862,244.00311288796655,230.05615405743583,0.271988370542297,Small,RegolithCovered,background_regolith,Background,Background,-1,-1.0,-1.0,-1.0,0.0,0.012,1.0,-1,,unreal_rockfield.json,unreal_rockfield.json,nan,nan,nan
2863,79.70671712393568,-200.46845912045654,0.28078907085161325,Small,RegolithCovered,background_regolith,Background,Background,-1,-1.0,-1.0,-1.0,0.0,0.012,1.0,-1,,unreal_rockfield.json,unreal_rockfield.json,nan,nan,nan
2864,117.70226142155218,-241.36326181829278,0.2890447267183339,Small,RegolithCovered,background_regolith,Background,Background,-1,-1.0,-1.0,-1.0,0.0,0.012,1.0,-1,,unreal_rockfield.json,unreal_rockfield.json,nan,nan,nan
2865,84.5591601306192,-246.52088991973633,0.30298929040511635,Medium,RegolithCovered,background_regolith,Background,Background,-1,-1.0,-1.0,-1.0,0.0,0.012,1.0,-1,,unreal_rockfield.json,unreal_rockfield.json,nan,nan,nan
2866,170.4382457960753,109.12656025879699,0.34406137684988874,Medium,RegolithCovered,background_regolith,Background,Background,-1,-1.0,-1.0,-1.0,0.0,0.012,1.0,-1,,unreal_rockfield.json,unreal_rockfield.json,nan,nan,nan
2867,-228.40815454573197,223.17423017059843,0.2634959771160665,Small,RegolithCovered,background_regolith,Background,Background,-1,-1.0,-1.0,-1.0,0.0,0.012,1.0,-1,,unreal_rockfield.json,unreal_rockfield.json,nan,nan,nan
2868,30.663472396008217,-21.340067751091027,0.27790405980573574,Small,RegolithCovered,background_regolith,Background,Background,-1,-1.0,-1.0,-1.0,0.0,0.012,1.0,-1,,unreal_rockfield.json,unreal_rockfield.json,nan,nan,nan
2869,169.30906094546344,-173.1543931394391,0.26219499875643226,Small,RegolithCovered,background_regolith,Background,Background,-1,-1.0,-1.0,-1.0,0.0,0.012,1.0,-1,,unreal_rockfield.json,unreal_rockfield.json,nan,nan,nan
2870,-157.34580523087251,97.92626728110599,0.32054444513521946,Medium,RegolithCovered,background_regolith,Background,Background,-1,-1.0,-1.0,-1.0,0.0,0.012,1.0,-1,,unreal_rockfield.json,unreal_rockfield.json,nan,nan,nan
2871,-3.089999084444713,-151.3641773735771,0.31485956394818826,Medium,RegolithCovered,background_regolith,Background,Background,-1,-1.0,-1.0,-1.0,0.0,0.012,1.0,-1,,unreal_rockfield.json,unreal_rockfield.json,nan,nan,nan
2872,108.71456038087103,-215.30045472579118,0.2940027342599562,Small,RegolithCovered,background_regolith,Background,Background,-1,-1.0,-1.0,-1.0,0.0,0.012,1.0,-1,,unreal_rockfield.json,unreal_rockfield.json,nan,nan,nan
2873,4.203924680318607,-46.22791222876674,0.2643132587306001,Small,RegolithCovered,background_regolith,Background,Background,-1,-1.0,-1.0,-1.0,0.0,0.012,1.0,-1,,unreal_rockfield.json,unreal_rockfield.json,nan,nan,nan
2874,168.4698019348735,-181.18076113162633,0.27760541016112733,Small,RegolithCovered,background_regolith,Background,Background,-1,-1.0,-1.0,-1.0,0.0,0.012,1.0,-1,,unreal_rockfield.json,unreal_rockfield.json,nan,nan,nan
2875,113.09396649067662,12.169255653553876,0.2621900189701937,Small,RegolithCovered,background_regolith,Background,Background,-1,-1.0,-1.0,-1.0,0.0,0.012,1.0,-1,,unreal_rockfield.json,unreal_rockfield.json,nan,nan,nan
2876,81.12582781456956,85.0474562822352,0.2640005195599319,Small,RegolithCovered,background_regolith,Background,Background,-1,-1.0,-1.0,-1.0,0.0,0.012,1.0,-1,,unreal_rockfield.json,unreal_rockfield.json,nan,nan,nan
2877,-234.28296761986144,-147.65617847224343,0.2748015734753204,Small,RegolithCovered,background_regolith,Background,Background,-1,-1.0,-1.0,-1.0,0.0,0.012,1.0,-1,,unreal_rockfield.json,unreal_rockfield.json,nan,nan,nan
2878,61.57872249519335,-125.14877773369548,0.3262708685804448,Medium,RegolithCovered,background_regolith,Background,Background,-1,-1.0,-1.0,-1.0,0.0,0.012,1.0,-1,,unreal_rockfield.json,unreal_rockfield.json,nan,nan,nan
2879,23.52214117862485,169.15646839808346,0.3602594863829028,Medium,RegolithCovered,background_regolith,Background,Background,-1,-1.0,-1.0,-1.0,0.0,0.012,1.0,-1,,unreal_rockfield.json,unreal_rockfield.json,nan,nan,nan
2880,62.21961119418927,80.85116122928554,0.4364462948579533,Medium,RegolithCovered,background_regolith,Background,Background,-1,-1.0,-1.0,-1.0,0.0,0.012,1.0,-1,,unreal_rockfield.json,unreal_rockfield.json,nan,nan,nan
2881,-188.18475905636768,-110.07263405255287,0.37237590609227755,Medium,RegolithCovered,background_regolith,Background,Background,-1,-1.0,-1.0,-1.0,0.0,0.012,1.0,-1,,unreal_rockfield.json,unreal_rockfield.json,nan,nan,nan
2882,-225.23422956022827,196.44001586962497,0.29294123569823105,Small,RegolithCovered,background_regolith,Background,Background,-1,-1.0,-1.0,-1.0,0.0,0.012,1.0,-1,,unreal_rockfield.json,unreal_rockfield.json,nan,nan,nan
2883,204.32905056917025,-248.10785241248817,0.28335772114256674,Small,RegolithCovered,background_regolith,Background,Background,-1,-1.0,-1.0,-1.0,0.0,0.012,1.0,-1,,unreal_rockfield.json,unreal_rockfield.json,nan,nan,nan
2884,-61.334574419385376,-14.763328959013649,0.2761766799547467,Small,RegolithCovered,background_regolith,Background,Background,-1,-1.0,-1.0,-1.0,0.0,0.012,1.0,-1,,unreal_rockfield.json,unreal_rockfield.json,nan,nan,nan
2885,225.93615527817622,-153.5004730368969,0.26624429083517415,Small,RegolithCovered,background_regolith,Background,Background,-1,-1.0,-1.0,-1.0,0.0,0.012,1.0,-1,,unreal_rockfield.json,unreal_rockfield.json,nan,nan,nan
2886,72.01605273598437,-152.066103091525,0.38684831987911816,Medium,RegolithCovered,background_regolith,Background,Background,-1,-1.0,-1.0,-1.0,0.0,0.012,1.0,-1,,unreal_rockfield.json,unreal_rockfield.json,nan,nan,nan
2887,-238.54029969176304,131.61870174260685,0.30395112925394685,Medium,RegolithCovered,background_regolith,Background,Background,-1,-1.0,-1.0,-1.0,0.0,0.012,1.0,-1,,unreal_rockfield.json,unreal_rockfield.json,nan,nan,nan
2888,-224.44074831385234,225.9971922971282,0.339543301832751,Medium,RegolithCovered,background_regolith,Background,Background,-1,-1.0,-1.0,-1.0,0.0,0.012,1.0,-1,,unreal_rockfield.json,unreal_rockfield.json,nan,nan,nan
2889,226.9585253456221,87.168492690817,0.3917935203451744,Medium,RegolithCovered,background_regolith,Background,Background,-1,-1.0,-1.0,-1.0,0.0,0.012,1.0,-1,,unreal_rockfield.json,unreal_rockfield.json,nan,nan,nan
2890,-213.78978850672934,-221.43467513046662,0.2809936127381258,Small,RegolithCovered,background_regolith,Background,Background,-1,-1.0,-1.0,-1.0,0.0,0.012,1.0,-1,,unreal_rockfield.json,unreal_rockfield.json,nan,nan,nan
2891,127.45292519913323,-18.074587237159363,0.26460750850028414,Small,RegolithCovered,background_regolith,Background,Background,-1,-1.0,-1.0,-1.0,0.0,0.012,1.0,-1,,unreal_rockfield.json,unreal_rockfield.json,nan,nan,nan
2892,162.717062898648,-9.224219489120145,0.2732557343292917,Small,RegolithCovered,background_regolith,Background,Background,-1,-1.0,-1.0,-1.0,0.0,0.012,1.0,-1,,unreal_rockfield.json,unreal_rockfield.json,nan,nan,nan
2893,-69.94079409161657,-184.21735282448805,0.26556634490403475,Small,RegolithCovered,background_regolith,Background,Background,-1,-1.0,-1.0,-1.0,0.0,0.012,1.0,-1,,unreal_rockfield.json,unreal_rockfield.json,nan,nan,nan
2894,59.64079714346752,-247.98577837458419,0.2648059994564289,Small,RegolithCovered,background_regolith,Background,Background,-1,-1.0,-1.0,-1.0,0.0,0.012,1.0,-1,,unreal_rockfield.json,unreal_rockfield.json,nan,nan,nan
2895,-242.99600207525864,90.60182500686665,0.2846958877859129,Small,RegolithCovered,background_regolith,Background,Background,-1,-1.0,-1.0,-1.0,0.0,0.012,1.0,-1,,unreal_rockfield.json,unreal_rockfield.json,nan,nan,nan
2896,173.30698568681908,224.7611926633503,0.2728168386350325,Small,RegolithCovered,background_regolith,Background,Background,-1,-1.0,-1.0,-1.0,0.0,0.012,1.0,-1,,unreal_rockfield.json,unreal_rockfield.json,nan,nan,nan
2897,192.2437208166753,-168.4545426801355,0.2633693981075418,Small,RegolithCovered,background_regolith,Background,Background,-1,-1.0,-1.0,-1.0,0.0,0.012,1.0,-1,,unreal_rockfield.json,unreal_rockfield.json,nan,nan,nan
2898,-186.18579668568987,-60.83101901303141,0.2901503771711726,Small,RegolithCovered,background_regolith,Background,Background,-1,-1.0,-1.0,-1.0,0.0,0.012,1.0,-1,,unreal_rockfield.json,unreal_rockfield.json,nan,nan,nan
2899,-68.65901669362466,-83.67412335581531,0.3289078885185885,Medium,RegolithCovered,background_regolith,Background,Background,-1,-1.0,-1.0,-1.0,0.0,0.012,1.0,-1,,unreal_rockfield.json,unreal_rockfield.json,nan,nan,nan
2900,-143.20047608874782,-60.46479689931945,0.3346745990223848,Medium,RegolithCovered,background_regolith,Background,Background,-1,-1.0,-1.0,-1.0,0.0,0.012,1.0,-1,,unreal_rockfield.json,unreal_rockfield.json,nan,nan,nan
2901,27.29117709891051,-39.77324747459335,0.3156246014761648,Medium,RegolithCovered,background_regolith,Background,Background,-1,-1.0,-1.0,-1.0,0.0,0.012,1.0,-1,,unreal_rockfield.json,unreal_rockfield.json,nan,nan,nan
2902,245.86474196600238,-91.73100985747857,0.2731527749818745,Small,RegolithCovered,background_regolith,Background,Background,-1,-1.0,-1.0,-1.0,0.0,0.012,1.0,-1,,unreal_rockfield.json,unreal_rockfield.json,nan,nan,nan
2903,29.93102816858425,-62.44850001525924,0.26116150409210437,Small,RegolithCovered,background_regolith,Background,Background,-1,-1.0,-1.0,-1.0,0.0,0.012,1.0,-1,,unreal_rockfield.json,unreal_rockfield.json,nan,nan,nan
2904,-62.11279641102328,-56.924649800103765,0.29508560398562467,Small,RegolithCovered,background_regolith,Background,Background,-1,-1.0,-1.0,-1.0,0.0,0.012,1.0,-1,,unreal_rockfield.json,unreal_rockfield.json,nan,nan,nan
2905,-175.44328135013888,82.25501266518143,0.42674138785108084,Medium,RegolithCovered,background_regolith,Background,Background,-1,-1.0,-1.0,-1.0,0.0,0.012,1.0,-1,,unreal_rockfield.json,unreal_rockfield.json,nan,nan,nan
2906,-102.04626606036561,-3.059480574968717,0.29012843220612533,Small,RegolithCovered,background_regolith,Background,Background,-1,-1.0,-1.0,-1.0,0.0,0.012,1.0,-1,,unreal_rockfield.json,unreal_rockfield.json,nan,nan,nan
2907,-120.32685323648792,90.1593066194647,0.30138074235634904,Medium,RegolithCovered,background_regolith,Background,Background,-1,-1.0,-1.0,-1.0,0.0,0.012,1.0,-1,,unreal_rockfield.json,unreal_rockfield.json,nan,nan,nan
2908,143.2462538529618,-150.0518814661092,0.3369038124033119,Medium,RegolithCovered,background_regolith,Background,Background,-1,-1.0,-1.0,-1.0,0.0,0.012,1.0,-1,,unreal_rockfield.json,unreal_rockfield.json,nan,nan,nan
2909,-144.3296609393597,-70.76479384746847,0.2816904598759831,Small,RegolithCovered,background_regolith,Background,Background,-1,-1.0,-1.0,-1.0,0.0,0.012,1.0,-1,,unreal_rockfield.json,unreal_rockfield.json,nan,nan,nan
2910,96.9801934873501,-199.59868160039065,0.286965578945123,Small,RegolithCovered,background_regolith,Background,Background,-1,-1.0,-1.0,-1.0,0.0,0.012,1.0,-1,,unreal_rockfield.json,unreal_rockfield.json,nan,nan,nan
2911,40.429395428327325,-159.10061952574236,0.33518733147243784,Medium,RegolithCovered,background_regolith,Background,Background,-1,-1.0,-1.0,-1.0,0.0,0.012,1.0,-1,,unreal_rockfield.json,unreal_rockfield.json,nan,nan,nan
2912,-171.7963194677572,-18.85280922879727,0.3145905472391622,Medium,RegolithCovered,background_regolith,Background,Background,-1,-1.0,-1.0,-1.0,0.0,0.012,1.0,-1,,unreal_rockfield.json,unreal_rockfield.json,nan,nan,nan
2913,-196.24164555803094,71.05471968749043,0.286213023154739,Small,RegolithCovered,background_regolith,Background,Background,-1,-1.0,-1.0,-1.0,0.0,0.012,1.0,-1,,unreal_rockfield.json,unreal_rockfield.json,nan,nan,nan
2914,-188.84090701010163,-239.73052156132695,0.3329068097239665,Medium,RegolithCovered,background_regolith,Background,Background,-1,-1.0,-1.0,-1.0,0.0,0.012,1.0,-1,,unreal_rockfield.json,unreal_rockfield.json,nan,nan,nan
2915,136.47114474929043,193.43394268623922,0.2928821491254299,Small,RegolithCovered,background_regolith,Background,Background,-1,-1.0,-1.0,-1.0,0.0,0.012,1.0,-1,,unreal_rockfield.json,unreal_rockfield.json,nan,nan,nan
2916,-174.84817041535692,12.901699880977844,0.4040409326512649,Medium,RegolithCovered,background_regolith,Background,Background,-1,-1.0,-1.0,-1.0,0.0,0.012,1.0,-1,,unreal_rockfield.json,unreal_rockfield.json,nan,nan,nan
2917,-200.42268135624255,-234.98489333780938,0.30728686884871265,Medium,RegolithCovered,background_regolith,Background,Background,-1,-1.0,-1.0,-1.0,0.0,0.012,1.0,-1,,unreal_rockfield.json,unreal_rockfield.json,nan,nan,nan
2918,220.5648976104007,88.34345530564286,0.27595889876110136,Small,RegolithCovered,background_regolith,Background,Background,-1,-1.0,-1.0,-1.0,0.0,0.012,1.0,-1,,unreal_rockfield.json,unreal_rockfield.json,nan,nan,nan
2919,93.30271309549244,173.871578112125,0.2790149494618278,Small,RegolithCovered,background_regolith,Background,Background,-1,-1.0,-1.0,-1.0,0.0,0.012,1.0,-1,,unreal_rockfield.json,unreal_rockfield.json,nan,nan,nan
2920,185.33127842036197,-15.953550828577534,0.2770901670140906,Small,RegolithCovered,background_regolith,Background,Background,-1,-1.0,-1.0,-1.0,0.0,0.012,1.0,-1,,unreal_rockfield.json,unreal_rockfield.json,nan,nan,nan
2921,198.75942258980075,89.48789941099278,0.2700433920243916,Small,RegolithCovered,background_regolith,Background,Background,-1,-1.0,-1.0,-1.0,0.0,0.012,1.0,-1,,unreal_rockfield.json,unreal_rockfield.json,nan,nan,nan
2922,48.30317087313455,9.66673787652212,0.3125252670769089,Medium,RegolithCovered,background_regolith,Background,Background,-1,-1.0,-1.0,-1.0,0.0,0.012,1.0,-1,,unreal_rockfield.json,unreal_rockfield.json,nan,nan,nan
2923,-110.9424115726188,92.63130588702046,0.2949949504784728,Small,RegolithCovered,background_regolith,Background,Background,-1,-1.0,-1.0,-1.0,0.0,0.012,1.0,-1,,unreal_rockfield.json,unreal_rockfield.json,nan,nan,nan
2924,236.15985595263527,20.943327127903103,0.30755393462178676,Medium,RegolithCovered,background_regolith,Background,Background,-1,-1.0,-1.0,-1.0,0.0,0.012,1.0,-1,,unreal_rockfield.json,unreal_rockfield.json,nan,nan,nan
2925,84.6507156590472,33.34910122989595,0.35151664881725325,Medium,RegolithCovered,background_regolith,Background,Background,-1,-1.0,-1.0,-1.0,0.0,0.012,1.0,-1,,unreal_rockfield.json,unreal_rockfield.json,nan,nan,nan
2926,-50.56154057435836,59.396649067659496,0.32917137009454994,Medium,RegolithCovered,background_regolith,Background,Background,-1,-1.0,-1.0,-1.0,0.0,0.012,1.0,-1,,unreal_rockfield.json,unreal_rockfield.json,nan,nan,nan
2927,179.88372447889645,129.68077639088102,0.2917395947980762,Small,RegolithCovered,background_regolith,Background,Background,-1,-1.0,-1.0,-1.0,0.0,0.012,1.0,-1,,unreal_rockfield.json,unreal_rockfield.json,nan,nan,nan
2928,125.88122196111942,-110.24048585467085,0.691443093471985,Medium,RegolithCovered,background_regolith,Background,Background,-1,-1.0,-1.0,-1.0,0.0,0.012,1.0,-1,,unreal_rockfield.json,unreal_rockfield.json,nan,nan,nan
2929,231.2311166722617,-36.53828547013762,0.3367720209682405,Medium,RegolithCovered,background_regolith,Background,Background,-1,-1.0,-1.0,-1.0,0.0,0.012,1.0,-1,,unreal_rockfield.json,unreal_rockfield.json,nan,nan,nan
2930,4.295480208746596,-82.34656819360941,0.4563207360194773,Medium,RegolithCovered,background_regolith,Background,Background,-1,-1.0,-1.0,-1.0,0.0,0.012,1.0,-1,,unreal_rockfield.json,unreal_rockfield.json,nan,nan,nan
2931,-91.2274544511246,39.68169194616536,0.39614586988509715,Medium,RegolithCovered,background_regolith,Background,Background,-1,-1.0,-1.0,-1.0,0.0,0.012,1.0,-1,,unreal_rockfield.json,unreal_rockfield.json,nan,nan,nan
2932,-222.64015625476853,235.13748588518934,0.3437102843511581,Medium,RegolithCovered,background_regolith,Background,Background,-1,-1.0,-1.0,-1.0,0.0,0.012,1.0,-1,,unreal_rockfield.json,unreal_rockfield.json,nan,nan,nan
2933,10.185552537614058,142.01025421918393,0.4763217015604163,Medium,RegolithCovered,background_regolith,Background,Background,-1,-1.0,-1.0,-1.0,0.0,0.012,1.0,-1,,unreal_rockfield.json,unreal_rockfield.json,nan,nan,nan
2934,113.2160405285806,16.930143131809473,0.28356818176542636,Small,RegolithCovered,background_regolith,Background,Background,-1,-1.0,-1.0,-1.0,0.0,0.012,1.0,-1,,unreal_rockfield.json,unreal_rockfield.json,nan,nan,nan
2935,-242.78237250892667,24.315622425000754,0.29068375912489597,Small,RegolithCovered,background_regolith,Background,Background,-1,-1.0,-1.0,-1.0,0.0,0.012,1.0,-1,,unreal_rockfield.json,unreal_rockfield.json,nan,nan,nan
2936,-77.06686605426191,114.75722525711848,0.33155743432065454,Medium,RegolithCovered,background_regolith,Background,Background,-1,-1.0,-1.0,-1.0,0.0,0.012,1.0,-1,,unreal_rockfield.json,unreal_rockfield.json,nan,nan,nan
2937,-23.171178319650863,215.36149174474315,0.2642364561118517,Small,RegolithCovered,background_regolith,Background,Background,-1,-1.0,-1.0,-1.0,0.0,0.012,1.0,-1,,unreal_rockfield.json,unreal_rockfield.json,nan,nan,nan
2938,-160.5502487258522,-93.77574999237038,0.307030130521218,Medium,RegolithCovered,background_regolith,Background,Background,-1,-1.0,-1.0,-1.0,0.0,0.012,1.0,-1,,unreal_rockfield.json,unreal_rockfield.json,nan,nan,nan
2939,48.88302255317848,68.3996093630787,0.26677883621533605,Small,RegolithCovered,background_regolith,Background,Background,-1,-1.0,-1.0,-1.0,0.0,0.012,1.0,-1,,unreal_rockfield.json,unreal_rockfield.json,nan,nan,nan
2940,142.14758751182592,189.2986846522416,0.28619329606502636,Small,RegolithCovered,background_regolith,Background,Background,-1,-1.0,-1.0,-1.0,0.0,0.012,1.0,-1,,unreal_rockfield.json,unreal_rockfield.json,nan,nan,nan
2941,119.07559434797207,-153.3783989989929,0.27118884622437495,Small,RegolithCovered,background_regolith,Background,Background,-1,-1.0,-1.0,-1.0,0.0,0.012,1.0,-1,,unreal_rockfield.json,unreal_rockfield.json,nan,nan,nan
2942,-2.7237769707327573,106.51722769859924,0.4664263528584417,Medium,RegolithCovered,background_regolith,Background,Background,-1,-1.0,-1.0,-1.0,0.0,0.012,1.0,-1,,unreal_rockfield.json,unreal_rockfield.json,nan,nan,nan
2943,-35.07339701528977,-213.3014923551134,0.3770752491155549,Medium,RegolithCovered,background_regolith,Background,Background,-1,-1.0,-1.0,-1.0,0.0,0.012,1.0,-1,,unreal_rockfield.json,unreal_rockfield.json,nan,nan,nan
2944,74.38123722037415,176.93868831446275,0.2927171997169741,Small,RegolithCovered,background_regolith,Background,Background,-1,-1.0,-1.0,-1.0,0.0,0.012,1.0,-1,,unreal_rockfield.json,unreal_rockfield.json,nan,nan,nan
2945,3.807184057130655,-86.39027069917904,0.2656076350836855,Small,RegolithCovered,background_regolith,Background,Background,-1,-1.0,-1.0,-1.0,0.0,0.012,1.0,-1,,unreal_rockfield.json,unreal_rockfield.json,nan,nan,nan
2946,32.06732383190405,-58.28272347178566,0.2845423958566359,Small,RegolithCovered,background_regolith,Background,Background,-1,-1.0,-1.0,-1.0,0.0,0.012,1.0,-1,,unreal_rockfield.json,unreal_rockfield.json,nan,nan,nan
2947,180.17365031891842,78.51649525437176,0.3609925616649642,Medium,RegolithCovered,background_regolith,Background,Background,-1,-1.0,-1.0,-1.0,0.0,0.012,1.0,-1,,unreal_rockfield.json,unreal_rockfield.json,nan,nan,nan
2948,228.11822870571,-68.12494277779473,0.26040000080002157,Small,RegolithCovered,background_regolith,Background,Background,-1,-1.0,-1.0,-1.0,0.0,0.012,1.0,-1,,unreal_rockfield.json,unreal_rockfield.json,nan,nan,nan
2949,-194.80727561265908,-55.97857600634785,0.30225396056086967,Medium,RegolithCovered,background_regolith,Background,Background,-1,-1.0,-1.0,-1.0,0.0,0.012,1.0,-1,,unreal_rockfield.json,unreal_rockfield.json,nan,nan,nan
2950,-10.81118198187201,79.64568010498368,0.2694760806322086,Small,RegolithCovered,background_regolith,Background,Background,-1,-1.0,-1.0,-1.0,0.0,0.012,1.0,-1,,unreal_rockfield.json,unreal_rockfield.json,nan,nan,nan
2951,-220.5191198461867,136.53218176824242,0.2857303038891325,Small,RegolithCovered,background_regolith,Background,Background,-1,-1.0,-1.0,-1.0,0.0,0.012,1.0,-1,,unreal_rockfield.json,unreal_rockfield.json,nan,nan,nan
2952,58.740501113925575,-243.6826685384686,0.2623084886242638,Small,RegolithCovered,background_regolith,Background,Background,-1,-1.0,-1.0,-1.0,0.0,0.012,1.0,-1,,unreal_rockfield.json,unreal_rockfield.json,nan,nan,nan
2953,-50.82094790490433,209.91393780327763,0.26843442951466423,Small,RegolithCovered,background_regolith,Background,Background,-1,-1.0,-1.0,-1.0,0.0,0.012,1.0,-1,,unreal_rockfield.json,unreal_rockfield.json,nan,nan,nan
2954,118.75514999847411,-232.7265236365856,0.2679738535132614,Small,RegolithCovered,background_regolith,Background,Background,-1,-1.0,-1.0,-1.0,0.0,0.012,1.0,-1,,unreal_rockfield.json,unreal_rockfield.json,nan,nan,nan
2955,63.974425489059115,107.20389416180916,0.31780890812945084,Medium,RegolithCovered,background_regolith,Background,Background,-1,-1.0,-1.0,-1.0,0.0,0.012,1.0,-1,,unreal_rockfield.json,unreal_rockfield.json,nan,nan,nan
2956,236.7854853968932,-194.82253486739708,0.3711244897623511,Medium,RegolithCovered,background_regolith,Background,Background,-1,-1.0,-1.0,-1.0,0.0,0.012,1.0,-1,,unreal_rockfield.json,unreal_rockfield.json,nan,nan,nan
2957,-141.567735831782,153.08847315897088,0.2711273523018937,Small,RegolithCovered,background_regolith,Background,Background,-1,-1.0,-1.0,-1.0,0.0,0.012,1.0,-1,,unreal_rockfield.json,unreal_rockfield.json,nan,nan,nan
2958,-87.21427045503097,-5.16525772881252,0.2790614884701677,Small,RegolithCovered,background_regolith,Background,Background,-1,-1.0,-1.0,-1.0,0.0,0.012,1.0,-1,,unreal_rockfield.json,unreal_rockfield.json,nan,nan,nan
2959,105.99841303750725,-50.63783684804835,0.3471082951296362,Medium,RegolithCovered,background_regolith,Background,Background,-1,-1.0,-1.0,-1.0,0.0,0.012,1.0,-1,,unreal_rockfield.json,unreal_rockfield.json,nan,nan,nan
2960,-221.4804528946806,192.99142429883727,0.5340806702278519,Medium,RegolithCovered,background_regolith,Background,Background,-1,-1.0,-1.0,-1.0,0.0,0.012,1.0,-1,,unreal_rockfield.json,unreal_rockfield.json,nan,nan,nan
2961,32.479323709830055,63.653981139561154,0.2933484964742792,Small,RegolithCovered,background_regolith,Background,Background,-1,-1.0,-1.0,-1.0,0.0,0.012,1.0,-1,,unreal_rockfield.json,unreal_rockfield.json,nan,nan,nan
2962,122.15796380504781,72.77901547288428,0.4020115872037202,Medium,RegolithCovered,background_regolith,Background,Background,-1,-1.0,-1.0,-1.0,0.0,0.012,1.0,-1,,unreal_rockfield.json,unreal_rockfield.json,nan,nan,nan
2963,162.762840662862,-212.09601123081148,0.37067746232121074,Medium,RegolithCovered,background_regolith,Background,Background,-1,-1.0,-1.0,-1.0,0.0,0.012,1.0,-1,,unreal_rockfield.json,unreal_rockfield.json,nan,nan,nan
2964,-39.33072908719137,162.21350749229407,0.30459110958176255,Medium,RegolithCovered,background_regolith,Background,Background,-1,-1.0,-1.0,-1.0,0.0,0.012,1.0,-1,,unreal_rockfield.json,unreal_rockfield.json,nan,nan,nan
2965,-53.04879909665212,183.10342722861418,0.2893200793019634,Small,RegolithCovered,background_regolith,Background,Background,-1,-1.0,-1.0,-1.0,0.0,0.012,1.0,-1,,unreal_rockfield.json,unreal_rockfield.json,nan,nan,nan
2966,49.58494827112639,-143.5972167119358,0.3391337563421755,Medium,RegolithCovered,background_regolith,Background,Background,-1,-1.0,-1.0,-1.0,0.0,0.012,1.0,-1,,unreal_rockfield.json,unreal_rockfield.json,nan,nan,nan
2967,-192.45735038300728,-190.50416577654346,0.27093548011790697,Small,RegolithCovered,background_regolith,Background,Background,-1,-1.0,-1.0,-1.0,0.0,0.012,1.0,-1,,unreal_rockfield.json,unreal_rockfield.json,nan,nan,nan
2968,191.16031373027744,-77.34153263954587,0.2616271085487409,Small,RegolithCovered,background_regolith,Background,Background,-1,-1.0,-1.0,-1.0,0.0,0.012,1.0,-1,,unreal_rockfield.json,unreal_rockfield.json,nan,nan,nan
2969,6.797997985778352,154.2329172643208,0.26823161041314136,Small,RegolithCovered,background_regolith,Background,Background,-1,-1.0,-1.0,-1.0,0.0,0.012,1.0,-1,,unreal_rockfield.json,unreal_rockfield.json,nan,nan,nan
2970,166.1656544694357,102.21411786248359,0.2840531936922454,Small,RegolithCovered,background_regolith,Background,Background,-1,-1.0,-1.0,-1.0,0.0,0.012,1.0,-1,,unreal_rockfield.json,unreal_rockfield.json,nan,nan,nan
2971,-111.84270760216071,-2.9526657918027297,0.31075756427828843,Medium,RegolithCovered,background_regolith,Background,Background,-1,-1.0,-1.0,-1.0,0.0,0.012,1.0,-1,,unreal_rockfield.json,unreal_rockfield.json,nan,nan,nan
2972,-242.11096530045472,20.943327127903103,0.26375317447951246,Small,RegolithCovered,background_regolith,Background,Background,-1,-1.0,-1.0,-1.0,0.0,0.012,1.0,-1,,unreal_rockfield.json,unreal_rockfield.json,nan,nan,nan
2973,37.240211188085595,-10.368663594470064,0.2785728281632428,Small,RegolithCovered,background_regolith,Background,Background,-1,-1.0,-1.0,-1.0,0.0,0.012,1.0,-1,,unreal_rockfield.json,unreal_rockfield.json,nan,nan,nan
2974,-152.233954893643,190.5346842860195,0.2655196098219842,Small,RegolithCovered,background_regolith,Background,Background,-1,-1.0,-1.0,-1.0,0.0,0.012,1.0,-1,,unreal_rockfield.json,unreal_rockfield.json,nan,nan,nan
2975,171.93365276039918,-249.87792596209601,0.3187234063887339,Medium,RegolithCovered,background_regolith,Background,Background,-1,-1.0,-1.0,-1.0,0.0,0.012,1.0,-1,,unreal_rockfield.json,unreal_rockfield.json,nan,nan,nan
2976,127.25455488753926,-150.25025177770317,0.28332124340935394,Small,RegolithCovered,background_regolith,Background,Background,-1,-1.0,-1.0,-1.0,0.0,0.012,1.0,-1,,unreal_rockfield.json,unreal_rockfield.json,nan,nan,nan
2977,47.57072664571058,-19.49369792779322,0.2735959272327992,Small,RegolithCovered,background_regolith,Background,Background,-1,-1.0,-1.0,-1.0,0.0,0.012,1.0,-1,,unreal_rockfield.json,unreal_rockfield.json,nan,nan,nan
2978,-221.35837885677662,198.65260780663476,0.32372575168073897,Medium,RegolithCovered,background_regolith,Background,Background,-1,-1.0,-1.0,-1.0,0.0,0.012,1.0,-1,,unreal_rockfield.json,unreal_rockfield.json,nan,nan,nan
2979,-213.51512192144537,187.80327768791773,0.4086709509379237,Medium,RegolithCovered,background_regolith,Background,Background,-1,-1.0,-1.0,-1.0,0.0,0.012,1.0,-1,,unreal_rockfield.json,unreal_rockfield.json,nan,nan,nan
2980,214.32386242255927,156.10980559709463,0.2659843010431289,Small,RegolithCovered,background_regolith,Background,Background,-1,-1.0,-1.0,-1.0,0.0,0.012,1.0,-1,,unreal_rockfield.json,unreal_rockfield.json,nan,nan,nan
2981,-248.53511154515215,217.90978728598895,0.2699588723656095,Small,RegolithCovered,background_regolith,Background,Background,-1,-1.0,-1.0,-1.0,0.0,0.012,1.0,-1,,unreal_rockfield.json,unreal_rockfield.json,nan,nan,nan
2982,-181.2875759147923,58.999908444471544,0.2857108347716297,Small,RegolithCovered,background_regolith,Background,Background,-1,-1.0,-1.0,-1.0,0.0,0.012,1.0,-1,,unreal_rockfield.json,unreal_rockfield.json,nan,nan,nan
2983,-184.00372325815607,181.08920560319837,0.3295326615237648,Medium,RegolithCovered,background_regolith,Background,Background,-1,-1.0,-1.0,-1.0,0.0,0.012,1.0,-1,,unreal_rockfield.json,unreal_rockfield.json,nan,nan,nan
2984,-203.44401379436627,157.94091616565447,0.37005128735525106,Medium,RegolithCovered,background_regolith,Background,Background,-1,-1.0,-1.0,-1.0,0.0,0.012,1.0,-1,,unreal_rockfield.json,unreal_rockfield.json,nan,nan,nan
2985,78.71486556596574,148.00714133121738,0.3184956920197474,Medium,RegolithCovered,background_regolith,Background,Background,-1,-1.0,-1.0,-1.0,0.0,0.012,1.0,-1,,unreal_rockfield.json,unreal_rockfield.json,nan,nan,nan
2986,-118.26685384685811,-213.3777886288034,0.288660529990958,Small,RegolithCovered,background_regolith,Background,Background,-1,-1.0,-1.0,-1.0,0.0,0.012,1.0,-1,,unreal_rockfield.json,unreal_rockfield.json,nan,nan,nan
2987,161.83202612384412,-88.29767754142887,0.2737472216812441,Small,RegolithCovered,background_regolith,Background,Background,-1,-1.0,-1.0,-1.0,0.0,0.012,1.0,-1,,unreal_rockfield.json,unreal_rockfield.json,nan,nan,nan
2988,-6.889553514206369,128.53633228553116,0.394221642050752,Medium,RegolithCovered,background_regolith,Background,Background,-1,-1.0,-1.0,-1.0,0.0,0.012,1.0,-1,,unreal_rockfield.json,unreal_rockfield.json,nan,nan,nan
2989,162.42713705862604,-166.40980254524368,0.3346996727056507,Medium,RegolithCovered,background_regolith,Background,Background,-1,-1.0,-1.0,-1.0,0.0,0.012,1.0,-1,,unreal_rockfield.json,unreal_rockfield.json,nan,nan,nan
2990,120.9830011902219,10.353404339732037,0.2905004981578178,Small,RegolithCovered,background_regolith,Background,Background,-1,-1.0,-1.0,-1.0,0.0,0.012,1.0,-1,,unreal_rockfield.json,unreal_rockfield.json,nan,nan,nan
2991,27.44376964629049,4.1123691518906185,0.27607972284029725,Small,RegolithCovered,background_regolith,Background,Background,-1,-1.0,-1.0,-1.0,0.0,0.012,1.0,-1,,unreal_rockfield.json,unreal_rockfield.json,nan,nan,nan
2992,-18.77651295510728,58.11487166966765,0.3789764654673475,Medium,RegolithCovered,background_regolith,Background,Background,-1,-1.0,-1.0,-1.0,0.0,0.012,1.0,-1,,unreal_rockfield.json,unreal_rockfield.json,nan,nan,nan
2993,36.26361888485371,-156.56758323923458,0.28220383208276506,Small,RegolithCovered,background_regolith,Background,Background,-1,-1.0,-1.0,-1.0,0.0,0.012,1.0,-1,,unreal_rockfield.json,unreal_rockfield.json,nan,nan,nan
2994,-30.51087984862818,-207.91497543259987,0.2722695873595873,Small,RegolithCovered,background_regolith,Background,Background,-1,-1.0,-1.0,-1.0,0.0,0.012,1.0,-1,,unreal_rockfield.json,unreal_rockfield.json,nan,nan,nan
2995,136.54744102298042,27.61162144840847,0.274435341695488,Small,RegolithCovered,background_regolith,Background,Background,-1,-1.0,-1.0,-1.0,0.0,0.012,1.0,-1,,unreal_rockfield.json,unreal_rockfield.json,nan,nan,nan
2996,-128.07855464339121,-248.09259315775017,0.2738274808435409,Small,RegolithCovered,background_regolith,Background,Background,-1,-1.0,-1.0,-1.0,0.0,0.012,1.0,-1,,unreal_rockfield.json,unreal_rockfield.json,nan,nan,nan
2997,25.963621936704612,-58.70998260444961,0.26021876113879544,Small,RegolithCovered,background_regolith,Background,Background,-1,-1.0,-1.0,-1.0,0.0,0.012,1.0,-1,,unreal_rockfield.json,unreal_rockfield.json,nan,nan,nan
2998,-168.3172093874935,-31.441694387646095,0.30267898173799723,Medium,RegolithCovered,background_regolith,Background,Background,-1,-1.0,-1.0,-1.0,0.0,0.012,1.0,-1,,unreal_rockfield.json,unreal_rockfield.json,nan,nan,nan
2999,44.07635731070894,-84.46760460219122,0.36213758894892895,Medium,RegolithCovered,background_regolith,Background,Background,-1,-1.0,-1.0,-1.0,0.0,0.012,1.0,-1,,unreal_rockfield.json,unreal_rockfield.json,nan,nan,nan
3000,-83.26212347788933,-25.917844172490618,0.2801718867491938,Small,RegolithCovered,background_regolith,Background,Background,-1,-1.0,-1.0,-1.0,0.0,0.012,1.0,-1,,unreal_rockfield.json,unreal_rockfield.json,nan,nan,nan
3001,69.58983123264261,-3.089999084444713,0.27811047378234305,Small,RegolithCovered,background_regolith,Background,Background,-1,-1.0,-1.0,-1.0,0.0,0.012,1.0,-1,,unreal_rockfield.json,unreal_rockfield.json,nan,nan,nan
3002,-26.81814020203251,-0.17548142948697887,0.29548518173507266,Small,RegolithCovered,background_regolith,Background,Background,-1,-1.0,-1.0,-1.0,0.0,0.012,1.0,-1,,unreal_rockfield.json,unreal_rockfield.json,nan,nan,nan
3003,149.34995574816122,98.17041535691396,0.2922034593473252,Small,RegolithCovered,background_regolith,Background,Background,-1,-1.0,-1.0,-1.0,0.0,0.012,1.0,-1,,unreal_rockfield.json,unreal_rockfield.json,nan,nan,nan
3004,-32.601397747733984,-2.906888027588735,0.29274660185625523,Small,RegolithCovered,background_regolith,Background,Background,-1,-1.0,-1.0,-1.0,0.0,0.012,1.0,-1,,unreal_rockfield.json,unreal_rockfield.json,nan,nan,nan
3005,-49.11191137424848,-209.7460860011597,0.27633199060154623,Small,RegolithCovered,background_regolith,Background,Background,-1,-1.0,-1.0,-1.0,0.0,0.012,1.0,-1,,unreal_rockfield.json,unreal_rockfield.json,nan,nan,nan
3006,-94.32508316293834,59.152500991851525,0.28058991010444406,Small,RegolithCovered,background_regolith,Background,Background,-1,-1.0,-1.0,-1.0,0.0,0.012,1.0,-1,,unreal_rockfield.json,unreal_rockfield.json,nan,nan,nan
3007,-229.3389690847499,-103.4501174962615,0.29676866338008107,Small,RegolithCovered,background_regolith,Background,Background,-1,-1.0,-1.0,-1.0,0.0,0.012,1.0,-1,,unreal_rockfield.json,unreal_rockfield.json,nan,nan,nan
3008,-139.75188451796015,165.4789880062258,0.3148543736017115,Medium,RegolithCovered,background_regolith,Background,Background,-1,-1.0,-1.0,-1.0,0.0,0.012,1.0,-1,,unreal_rockfield.json,unreal_rockfield.json,nan,nan,nan
3009,180.06683553575243,131.46610919522686,0.33914302149872866,Medium,RegolithCovered,background_regolith,Background,Background,-1,-1.0,-1.0,-1.0,0.0,0.012,1.0,-1,,unreal_rockfield.json,unreal_rockfield.json,nan,nan,nan
3010,-186.0179448835719,-151.66936246833706,0.26598847874287135,Small,RegolithCovered,background_regolith,Background,Background,-1,-1.0,-1.0,-1.0,0.0,0.012,1.0,-1,,unreal_rockfield.json,unreal_rockfield.json,nan,nan,nan
3011,-109.14181951353495,-26.207770012512583,0.28430282612312624,Small,RegolithCovered,background_regolith,Background,Background,-1,-1.0,-1.0,-1.0,0.0,0.012,1.0,-1,,unreal_rockfield.json,unreal_rockfield.json,nan,nan,nan
3012,147.3967711416974,-166.10461745048372,0.3347833576167586,Medium,RegolithCovered,background_regolith,Background,Background,-1,-1.0,-1.0,-1.0,0.0,0.012,1.0,-1,,unreal_rockfield.json,unreal_rockfield.json,nan,nan,nan
3013,6.4012573625904,-32.15887936033204,0.29666411283076854,Small,RegolithCovered,background_regolith,Background,Background,-1,-1.0,-1.0,-1.0,0.0,0.012,1.0,-1,,unreal_rockfield.json,unreal_rockfield.json,nan,nan,nan
3014,-178.1899472029786,-127.01040681173131,0.29646560603149263,Small,RegolithCovered,background_regolith,Background,Background,-1,-1.0,-1.0,-1.0,0.0,0.012,1.0,-1,,unreal_rockfield.json,unreal_rockfield.json,nan,nan,nan
3015,-66.82790612506483,-109.06552323984496,0.40349912222555984,Medium,RegolithCovered,background_regolith,Background,Background,-1,-1.0,-1.0,-1.0,0.0,0.012,1.0,-1,,unreal_rockfield.json,unreal_rockfield.json,nan,nan,nan
3016,-153.57676931058688,-211.65349284340954,0.2687620506013354,Small,RegolithCovered,background_regolith,Background,Background,-1,-1.0,-1.0,-1.0,0.0,0.012,1.0,-1,,unreal_rockfield.json,unreal_rockfield.json,nan,nan,nan
3017,-202.83364360484634,-99.77263710440383,0.27192710373344314,Small,RegolithCovered,background_regolith,Background,Background,-1,-1.0,-1.0,-1.0,0.0,0.012,1.0,-1,,unreal_rockfield.json,unreal_rockfield.json,nan,nan,nan
3018,143.29203161717578,162.32032227546006,0.2848405235641223,Small,RegolithCovered,background_regolith,Background,Background,-1,-1.0,-1.0,-1.0,0.0,0.012,1.0,-1,,unreal_rockfield.json,unreal_rockfield.json,nan,nan,nan
3019,176.64876247444073,64.17279580065309,0.2651357960884249,Small,RegolithCovered,background_regolith,Background,Background,-1,-1.0,-1.0,-1.0,0.0,0.012,1.0,-1,,unreal_rockfield.json,unreal_rockfield.json,nan,nan,nan
3020,130.50477614673298,10.399182103946032,0.29520472109559864,Small,RegolithCovered,background_regolith,Background,Background,-1,-1.0,-1.0,-1.0,0.0,0.012,1.0,-1,,unreal_rockfield.json,unreal_rockfield.json,nan,nan,nan
3021,-233.00119022186956,-219.6951200903348,0.2648342579855309,Small,RegolithCovered,background_regolith,Background,Background,-1,-1.0,-1.0,-1.0,0.0,0.012,1.0,-1,,unreal_rockfield.json,unreal_rockfield.json,nan,nan,nan
3022,-82.88064210943938,167.37113559373762,0.2880021704265619,Small,RegolithCovered,background_regolith,Background,Background,-1,-1.0,-1.0,-1.0,0.0,0.012,1.0,-1,,unreal_rockfield.json,unreal_rockfield.json,nan,nan,nan
3023,170.63661610766928,170.28565324869533,0.29860508055642243,Small,RegolithCovered,background_regolith,Background,Background,-1,-1.0,-1.0,-1.0,0.0,0.012,1.0,-1,,unreal_rockfield.json,unreal_rockfield.json,nan,nan,nan
3024,130.82522049623094,-106.74611651966916,0.3285446520579448,Medium,RegolithCovered,background_regolith,Background,Background,-1,-1.0,-1.0,-1.0,0.0,0.012,1.0,-1,,unreal_rockfield.json,unreal_rockfield.json,nan,nan,nan
3025,-207.7166051210059,-189.0392773216956,0.2618543457857704,Small,RegolithCovered,background_regolith,Background,Background,-1,-1.0,-1.0,-1.0,0.0,0.012,1.0,-1,,unreal_rockfield.json,unreal_rockfield.json,nan,nan,nan
3026,-229.68993194372388,-177.44224372081666,0.34930488463004833,Medium,RegolithCovered,background_regolith,Background,Background,-1,-1.0,-1.0,-1.0,0.0,0.012,1.0,-1,,unreal_rockfield.json,unreal_rockfield.json,nan,nan,nan
3027,-242.2940763573107,-202.77260658589435,0.41589007550430857,Medium,RegolithCovered,background_regolith,Background,Background,-1,-1.0,-1.0,-1.0,0.0,0.012,1.0,-1,,unreal_rockfield.json,unreal_rockfield.json,nan,nan,nan
3028,-226.79067354350414,-230.2850428785058,0.30420824388459505,Medium,RegolithCovered,background_regolith,Background,Background,-1,-1.0,-1.0,-1.0,0.0,0.012,1.0,-1,,unreal_rockfield.json,unreal_rockfield.json,nan,nan,nan
3029,-205.07675405133213,-178.73928037354653,0.2638589581470224,Small,RegolithCovered,background_regolith,Background,Background,-1,-1.0,-1.0,-1.0,0.0,0.012,1.0,-1,,unreal_rockfield.json,unreal_rockfield.json,nan,nan,nan
3030,-91.85308389538255,4.631183812982556,0.3037113704152542,Medium,RegolithCovered,background_regolith,Background,Background,-1,-1.0,-1.0,-1.0,0.0,0.012,1.0,-1,,unreal_rockfield.json,unreal_rockfield.json,nan,nan,nan
3031,64.34064760277107,-113.26181829279457,0.3857230880027948,Medium,RegolithCovered,background_regolith,Background,Background,-1,-1.0,-1.0,-1.0,0.0,0.012,1.0,-1,,unreal_rockfield.json,unreal_rockfield.json,nan,nan,nan
3032,-179.2428357799005,-139.27884762108218,0.27685910474261,Small,RegolithCovered,background_regolith,Background,Background,-1,-1.0,-1.0,-1.0,0.0,0.012,1.0,-1,,unreal_rockfield.json,unreal_rockfield.json,nan,nan,nan
3033,-70.23071993163853,138.27173680837427,0.2708439489788623,Small,RegolithCovered,background_regolith,Background,Background,-1,-1.0,-1.0,-1.0,0.0,0.012,1.0,-1,,unreal_rockfield.json,unreal_rockfield.json,nan,nan,nan
3034,-222.5333414716025,-126.65944395275734,0.35926106267610575,Medium,RegolithCovered,background_regolith,Background,Background,-1,-1.0,-1.0,-1.0,0.0,0.012,1.0,-1,,unreal_rockfield.json,unreal_rockfield.json,nan,nan,nan
3035,68.64375743888667,-234.32874538407543,0.26876809120816336,Small,RegolithCovered,background_regolith,Background,Background,-1,-1.0,-1.0,-1.0,0.0,0.012,1.0,-1,,unreal_rockfield.json,unreal_rockfield.json,nan,nan,nan
3036,44.48835718863489,4.356517227698589,0.2966249803452693,Small,RegolithCovered,background_regolith,Background,Background,-1,-1.0,-1.0,-1.0,0.0,0.012,1.0,-1,,unreal_rockfield.json,unreal_rockfield.json,nan,nan,nan
3037,60.08331553086947,227.40104373302404,0.3039629588261967,Medium,RegolithCovered,background_regolith,Background,Background,-1,-1.0,-1.0,-1.0,0.0,0.012,1.0,-1,,unreal_rockfield.json,unreal_rockfield.json,nan,nan,nan
3038,100.06256294442579,-171.52165288247323,0.34409249022586214,Medium,RegolithCovered,background_regolith,Background,Background,-1,-1.0,-1.0,-1.0,0.0,0.012,1.0,-1,,unreal_rockfield.json,unreal_rockfield.json,nan,nan,nan
3039,104.7624134037294,-186.7351298562578,0.28409972415920287,Small,RegolithCovered,background_regolith,Background,Background,-1,-1.0,-1.0,-1.0,0.0,0.012,1.0,-1,,unreal_rockfield.json,unreal_rockfield.json,nan,nan,nan
3040,193.6475722525712,-225.61571092867825,0.26360744874251635,Small,RegolithCovered,background_regolith,Background,Background,-1,-1.0,-1.0,-1.0,0.0,0.012,1.0,-1,,unreal_rockfield.json,unreal_rockfield.json,nan,nan,nan
3041,-244.3693350016785,23.0948820459609,0.26477238899050604,Small,RegolithCovered,background_regolith,Background,Background,-1,-1.0,-1.0,-1.0,0.0,0.012,1.0,-1,,unreal_rockfield.json,unreal_rockfield.json,nan,nan,nan
3042,-176.98446607867672,67.40775780510882,0.26144033329630545,Small,RegolithCovered,background_regolith,Background,Background,-1,-1.0,-1.0,-1.0,0.0,0.012,1.0,-1,,unreal_rockfield.json,unreal_rockfield.json,nan,nan,nan
3043,-86.924344615009,60.876796777245374,0.2758866018680782,Small,RegolithCovered,background_regolith,Background,Background,-1,-1.0,-1.0,-1.0,0.0,0.012,1.0,-1,,unreal_rockfield.json,unreal_rockfield.json,nan,nan,nan
3044,187.89483321634572,-152.066103091525,0.27757432303018087,Small,RegolithCovered,background_regolith,Background,Background,-1,-1.0,-1.0,-1.0,0.0,0.012,1.0,-1,,unreal_rockfield.json,unreal_rockfield.json,nan,nan,nan
3045,-202.57423627430038,121.97485274819178,0.35104124635907,Medium,RegolithCovered,background_regolith,Background,Background,-1,-1.0,-1.0,-1.0,0.0,0.012,1.0,-1,,unreal_rockfield.json,unreal_rockfield.json,nan,nan,nan
3046,-216.99423200170904,-22.438734092226923,0.3028932512633326,Medium,RegolithCovered,background_regolith,Background,Background,-1,-1.0,-1.0,-1.0,0.0,0.012,1.0,-1,,unreal_rockfield.json,unreal_rockfield.json,nan,nan,nan
3047,95.7594531083102,-228.69808038575397,0.2700904367058083,Small,RegolithCovered,background_regolith,Background,Background,-1,-1.0,-1.0,-1.0,0.0,0.012,1.0,-1,,unreal_rockfield.json,unreal_rockfield.json,nan,nan,nan
3048,202.84890285958437,231.47526474806972,0.2946994951590977,Small,RegolithCovered,background_regolith,Background,Background,-1,-1.0,-1.0,-1.0,0.0,0.012,1.0,-1,,unreal_rockfield.json,unreal_rockfield.json,nan,nan,nan
3049,-76.21234778893398,-240.0814844203009,0.2954567259596826,Small,RegolithCovered,background_regolith,Background,Background,-1,-1.0,-1.0,-1.0,0.0,0.012,1.0,-1,,unreal_rockfield.json,unreal_rockfield.json,nan,nan,nan
3050,131.29825739310888,-151.66936246833706,0.3750627510491618,Medium,RegolithCovered,background_regolith,Background,Background,-1,-1.0,-1.0,-1.0,0.0,0.012,1.0,-1,,unreal_rockfield.json,unreal_rockfield.json,nan,nan,nan
3051,86.81752983184299,-205.5803094576861,0.2767849494629366,Small,RegolithCovered,background_regolith,Background,Background,-1,-1.0,-1.0,-1.0,0.0,0.012,1.0,-1,,unreal_rockfield.json,unreal_rockfield.json,nan,nan,nan
3052,71.20731223487041,204.55793939024022,0.2857303038891325,Small,RegolithCovered,background_regolith,Background,Background,-1,-1.0,-1.0,-1.0,0.0,0.012,1.0,-1,,unreal_rockfield.json,unreal_rockfield.json,nan,nan,nan
3053,-198.07275612659078,245.57481612598042,0.3014065802230888,Medium,RegolithCovered,background_regolith,Background,Background,-1,-1.0,-1.0,-1.0,0.0,0.012,1.0,-1,,unreal_rockfield.json,unreal_rockfield.json,nan,nan,nan
3054,-183.7748344370861,136.6389965514084,0.2662428877308099,Small,RegolithCovered,background_regolith,Background,Background,-1,-1.0,-1.0,-1.0,0.0,0.012,1.0,-1,,unreal_rockfield.json,unreal_rockfield.json,nan,nan,nan
3055,-3.608813745536679,246.09363078707236,0.26183463194154866,Small,RegolithCovered,background_regolith,Background,Background,-1,-1.0,-1.0,-1.0,0.0,0.012,1.0,-1,,unreal_rockfield.json,unreal_rockfield.json,nan,nan,nan
3056,171.0638752403333,90.84597308267467,0.4221567439218134,Medium,RegolithCovered,background_regolith,Background,Background,-1,-1.0,-1.0,-1.0,0.0,0.012,1.0,-1,,unreal_rockfield.json,unreal_rockfield.json,nan,nan,nan
3057,-40.39887691885127,-228.68282113101597,0.2882959379837789,Small,RegolithCovered,background_regolith,Background,Background,-1,-1.0,-1.0,-1.0,0.0,0.012,1.0,-1,,unreal_rockfield.json,unreal_rockfield.json,nan,nan,nan
3058,170.4992828150273,-229.5068208868679,0.32066398212543346,Medium,RegolithCovered,background_regolith,Background,Background,-1,-1.0,-1.0,-1.0,0.0,0.012,1.0,-1,,unreal_rockfield.json,unreal_rockfield.json,nan,nan,nan
3059,-61.73131504257333,-192.89986877040926,0.37104969277941213,Medium,RegolithCovered,background_regolith,Background,Background,-1,-1.0,-1.0,-1.0,0.0,0.012,1.0,-1,,unreal_rockfield.json,unreal_rockfield.json,nan,nan,nan
3060,223.5099337748344,215.52934354686113,0.28583756937013344,Small,RegolithCovered,background_regolith,Background,Background,-1,-1.0,-1.0,-1.0,0.0,0.012,1.0,-1,,unreal_rockfield.json,unreal_rockfield.json,nan,nan,nan
3061,160.97750785851616,-225.47837763603627,0.2801865088741505,Small,RegolithCovered,background_regolith,Background,Background,-1,-1.0,-1.0,-1.0,0.0,0.012,1.0,-1,,unreal_rockfield.json,unreal_rockfield.json,nan,nan,nan
3062,-100.55085909604176,225.26474806970424,0.27052150492355664,Small,RegolithCovered,background_regolith,Background,Background,-1,-1.0,-1.0,-1.0,0.0,0.012,1.0,-1,,unreal_rockfield.json,unreal_rockfield.json,nan,nan,nan
3063,200.25482955412463,189.3139439069796,0.2896245351904641,Small,RegolithCovered,background_regolith,Background,Background,-1,-1.0,-1.0,-1.0,0.0,0.012,1.0,-1,,unreal_rockfield.json,unreal_rockfield.json,nan,nan,nan
3064,171.18594927823727,158.6275826288644,0.3103844380638323,Medium,RegolithCovered,background_regolith,Background,Background,-1,-1.0,-1.0,-1.0,0.0,0.012,1.0,-1,,unreal_rockfield.json,unreal_rockfield.json,nan,nan,nan
3065,-38.79665517136144,-229.90356151005585,0.36156917366697067,Medium,RegolithCovered,background_regolith,Background,Background,-1,-1.0,-1.0,-1.0,0.0,0.012,1.0,-1,,unreal_rockfield.json,unreal_rockfield.json,nan,nan,nan
3066,17.891476180303357,-143.5514389477218,0.2737507073965316,Small,RegolithCovered,background_regolith,Background,Background,-1,-1.0,-1.0,-1.0,0.0,0.012,1.0,-1,,unreal_rockfield.json,unreal_rockfield.json,nan,nan,nan
3067,-133.37351603747675,65.36301767021695,0.27948513396847163,Small,RegolithCovered,background_regolith,Background,Background,-1,-1.0,-1.0,-1.0,0.0,0.012,1.0,-1,,unreal_rockfield.json,unreal_rockfield.json,nan,nan,nan
3068,59.8239082003235,163.70891445661795,0.32486940938482106,Medium,RegolithCovered,background_regolith,Background,Background,-1,-1.0,-1.0,-1.0,0.0,0.012,1.0,-1,,unreal_rockfield.json,unreal_rockfield.json,nan,nan,nan
3069,-75.72405163731804,-173.2001709036531,0.32956229160476486,Medium,RegolithCovered,background_regolith,Background,Background,-1,-1.0,-1.0,-1.0,0.0,0.012,1.0,-1,,unreal_rockfield.json,unreal_rockfield.json,nan,nan,nan
3070,31.88421277504807,223.9829706717124,0.2651005010522099,Small,RegolithCovered,background_regolith,Background,Background,-1,-1.0,-1.0,-1.0,0.0,0.012,1.0,-1,,unreal_rockfield.json,unreal_rockfield.json,nan,nan,nan
3071,-247.7874080629902,9.42258980071415,0.2619197306996441,Small,RegolithCovered,background_regolith,Background,Background,-1,-1.0,-1.0,-1.0,0.0,0.012,1.0,-1,,unreal_rockfield.json,unreal_rockfield.json,nan,nan,nan
3072,94.61500900296028,-188.88668477431563,0.2921715831737895,Small,RegolithCovered,background_regolith,Background,Background,-1,-1.0,-1.0,-1.0,0.0,0.012,1.0,-1,,unreal_rockfield.json,unreal_rockfield.json,nan,nan,nan
3073,238.0672627948851,108.91293069246501,0.4069149220134161,Medium,RegolithCovered,background_regolith,Background,Background,-1,-1.0,-1.0,-1.0,0.0,0.012,1.0,-1,,unreal_rockfield.json,unreal_rockfield.json,nan,nan,nan
3074,-87.45841853083897,-108.11944944608905,0.260868219241835,Small,RegolithCovered,background_regolith,Background,Background,-1,-1.0,-1.0,-1.0,0.0,0.012,1.0,-1,,unreal_rockfield.json,unreal_rockfield.json,nan,nan,nan
3075,-242.69081698049868,245.33066805017245,0.31648535288000734,Medium,RegolithCovered,background_regolith,Background,Background,-1,-1.0,-1.0,-1.0,0.0,0.012,1.0,-1,,unreal_rockfield.json,unreal_rockfield.json,nan,nan,nan
3076,-206.81630909146398,-184.690389721366,0.3739579546042572,Medium,RegolithCovered,background_regolith,Background,Background,-1,-1.0,-1.0,-1.0,0.0,0.012,1.0,-1,,unreal_rockfield.json,unreal_rockfield.json,nan,nan,nan
3077,211.34830774864952,155.24002807702868,0.26663376812148615,Small,RegolithCovered,background_regolith,Background,Background,-1,-1.0,-1.0,-1.0,0.0,0.012,1.0,-1,,unreal_rockfield.json,unreal_rockfield.json,nan,nan,nan
3078,158.74965666676837,-62.005981627857295,0.27475491311192535,Small,RegolithCovered,background_regolith,Background,Background,-1,-1.0,-1.0,-1.0,0.0,0.012,1.0,-1,,unreal_rockfield.json,unreal_rockfield.json,nan,nan,nan
3079,2.815332499160718,249.32859279152808,0.30464324586774233,Medium,RegolithCovered,background_regolith,Background,Background,-1,-1.0,-1.0,-1.0,0.0,0.012,1.0,-1,,unreal_rockfield.json,unreal_rockfield.json,nan,nan,nan
3080,-92.79915768913847,55.50553910946985,0.26033162611683996,Small,RegolithCovered,background_regolith,Background,Background,-1,-1.0,-1.0,-1.0,0.0,0.012,1.0,-1,,unreal_rockfield.json,unreal_rockfield.json,nan,nan,nan
3081,-112.86507766960662,-182.70668660542617,0.2605988454284813,Small,RegolithCovered,background_regolith,Background,Background,-1,-1.0,-1.0,-1.0,0.0,0.012,1.0,-1,,unreal_rockfield.json,unreal_rockfield.json,nan,nan,nan
3082,-4.4480727561266065,158.03247169408246,0.3404027361894883,Medium,RegolithCovered,background_regolith,Background,Background,-1,-1.0,-1.0,-1.0,0.0,0.012,1.0,-1,,unreal_rockfield.json,unreal_rockfield.json,nan,nan,nan
3083,-144.90951261940367,4.219183935056606,0.2737507073965316,Small,RegolithCovered,background_regolith,Background,Background,-1,-1.0,-1.0,-1.0,0.0,0.012,1.0,-1,,unreal_rockfield.json,unreal_rockfield.json,nan,nan,nan
3084,34.31043427838989,199.1866817224647,0.2650273128906073,Small,RegolithCovered,background_regolith,Background,Background,-1,-1.0,-1.0,-1.0,0.0,0.012,1.0,-1,,unreal_rockfield.json,unreal_rockfield.json,nan,nan,nan
3085,-243.6674092837306,28.527176732688417,0.3387647603770648,Medium,RegolithCovered,background_regolith,Background,Background,-1,-1.0,-1.0,-1.0,0.0,0.012,1.0,-1,,unreal_rockfield.json,unreal_rockfield.json,nan,nan,nan
3086,5.226294747764541,198.3169042023988,0.375614542830002,Medium,RegolithCovered,background_regolith,Background,Background,-1,-1.0,-1.0,-1.0,0.0,0.012,1.0,-1,,unreal_rockfield.json,unreal_rockfield.json,nan,nan,nan
3087,199.9191259498886,-48.394726401562565,0.3141393372700882,Medium,RegolithCovered,background_regolith,Background,Background,-1,-1.0,-1.0,-1.0,0.0,0.012,1.0,-1,,unreal_rockfield.json,unreal_rockfield.json,nan,nan,nan
3088,92.52449110385447,27.733695486312456,0.2648382968389248,Small,RegolithCovered,background_regolith,Background,Background,-1,-1.0,-1.0,-1.0,0.0,0.012,1.0,-1,,unreal_rockfield.json,unreal_rockfield.json,nan,nan,nan
3089,-193.3576464125492,-173.58165227210304,0.27732274203358637,Small,RegolithCovered,background_regolith,Background,Background,-1,-1.0,-1.0,-1.0,0.0,0.012,1.0,-1,,unreal_rockfield.json,unreal_rockfield.json,nan,nan,nan
3090,237.80785546433913,101.60374767296366,0.26258697125234376,Small,RegolithCovered,background_regolith,Background,Background,-1,-1.0,-1.0,-1.0,0.0,0.012,1.0,-1,,unreal_rockfield.json,unreal_rockfield.json,nan,nan,nan
3091,74.57960753196812,-60.58687093722344,0.28215746133026404,Small,RegolithCovered,background_regolith,Background,Background,-1,-1.0,-1.0,-1.0,0.0,0.012,1.0,-1,,unreal_rockfield.json,unreal_rockfield.json,nan,nan,nan
3092,78.63856929227575,-176.43513290810876,0.2759830305951299,Small,RegolithCovered,background_regolith,Background,Background,-1,-1.0,-1.0,-1.0,0.0,0.012,1.0,-1,,unreal_rockfield.json,unreal_rockfield.json,nan,nan,nan
3093,-109.44700460829492,-200.48371837519454,0.2876953107070559,Small,RegolithCovered,background_regolith,Background,Background,-1,-1.0,-1.0,-1.0,0.0,0.012,1.0,-1,,unreal_rockfield.json,unreal_rockfield.json,nan,nan,nan
3094,97.94152653584399,0.41962950529494947,0.27796880404487195,Small,RegolithCovered,background_regolith,Background,Background,-1,-1.0,-1.0,-1.0,0.0,0.012,1.0,-1,,unreal_rockfield.json,unreal_rockfield.json,nan,nan,nan
3095,18.089846491897333,211.30252998443552,0.29181124746525733,Small,RegolithCovered,background_regolith,Background,Background,-1,-1.0,-1.0,-1.0,0.0,0.012,1.0,-1,,unreal_rockfield.json,unreal_rockfield.json,nan,nan,nan
3096,-217.223120822779,-71.8176824243904,0.2987771151958767,Small,RegolithCovered,background_regolith,Background,Background,-1,-1.0,-1.0,-1.0,0.0,0.012,1.0,-1,,unreal_rockfield.json,unreal_rockfield.json,nan,nan,nan
3097,147.21366008484142,-118.95352031006806,0.35042704934738256,Medium,RegolithCovered,background_regolith,Background,Background,-1,-1.0,-1.0,-1.0,0.0,0.012,1.0,-1,,unreal_rockfield.json,unreal_rockfield.json,nan,nan,nan
3098,55.15457625049589,-57.824945829645685,0.33238092130222635,Medium,RegolithCovered,background_regolith,Background,Background,-1,-1.0,-1.0,-1.0,0.0,0.012,1.0,-1,,unreal_rockfield.json,unreal_rockfield.json,nan,nan,nan
3099,248.26044495986815,234.92385631885736,0.2620025697175757,Small,RegolithCovered,background_regolith,Background,Background,-1,-1.0,-1.0,-1.0,0.0,0.012,1.0,-1,,unreal_rockfield.json,unreal_rockfield.json,nan,nan,nan
3100,-119.04507583849605,-169.52269051179542,0.29104176320454245,Small,RegolithCovered,background_regolith,Background,Background,-1,-1.0,-1.0,-1.0,0.0,0.012,1.0,-1,,unreal_rockfield.json,unreal_rockfield.json,nan,nan,nan
3101,-37.71324808496354,161.09958189642015,0.2700418249687103,Small,RegolithCovered,background_regolith,Background,Background,-1,-1.0,-1.0,-1.0,0.0,0.012,1.0,-1,,unreal_rockfield.json,unreal_rockfield.json,nan,nan,nan
3102,-26.024658955656605,80.48493911557358,0.28490710608591857,Small,RegolithCovered,background_regolith,Background,Background,-1,-1.0,-1.0,-1.0,0.0,0.012,1.0,-1,,unreal_rockfield.json,unreal_rockfield.json,nan,nan,nan
3103,25.444807275612675,-83.94878994109928,0.33446621962659767,Medium,RegolithCovered,background_regolith,Background,Background,-1,-1.0,-1.0,-1.0,0.0,0.012,1.0,-1,,unreal_rockfield.json,unreal_rockfield.json,nan,nan,nan
3104,77.18894009216592,-105.2964873195593,0.28542003339151134,Small,RegolithCovered,background_regolith,Background,Background,-1,-1.0,-1.0,-1.0,0.0,0.012,1.0,-1,,unreal_rockfield.json,unreal_rockfield.json,nan,nan,nan
3105,200.4379406109806,139.24832911160615,0.3015286205301543,Medium,RegolithCovered,background_regolith,Background,Background,-1,-1.0,-1.0,-1.0,0.0,0.012,1.0,-1,,unreal_rockfield.json,unreal_rockfield.json,nan,nan,nan
3106,111.26285592211678,217.146824549089,0.3208259103643515,Medium,RegolithCovered,background_regolith,Background,Background,-1,-1.0,-1.0,-1.0,0.0,0.012,1.0,-1,,unreal_rockfield.json,unreal_rockfield.json,nan,nan,nan
3107,-187.87957396160772,-4.7379985961485716,0.2617940086658777,Small,RegolithCovered,background_regolith,Background,Background,-1,-1.0,-1.0,-1.0,0.0,0.012,1.0,-1,,unreal_rockfield.json,unreal_rockfield.json,nan,nan,nan
3108,217.57408368175294,87.44315927610097,0.287429205414641,Small,RegolithCovered,background_regolith,Background,Background,-1,-1.0,-1.0,-1.0,0.0,0.012,1.0,-1,,unreal_rockfield.json,unreal_rockfield.json,nan,nan,nan
3109,194.3189794610431,89.51841792046878,0.2895191750134313,Small,RegolithCovered,background_regolith,Background,Background,-1,-1.0,-1.0,-1.0,0.0,0.012,1.0,-1,,unreal_rockfield.json,unreal_rockfield.json,nan,nan,nan
3110,77.3110141300699,-71.00894192327647,0.34601138681970156,Medium,RegolithCovered,background_regolith,Background,Background,-1,-1.0,-1.0,-1.0,0.0,0.012,1.0,-1,,unreal_rockfield.json,unreal_rockfield.json,nan,nan,nan
3111,87.83989989928892,174.008911404767,0.5031042017763632,Medium,RegolithCovered,background_regolith,Background,Background,-1,-1.0,-1.0,-1.0,0.0,0.012,1.0,-1,,unreal_rockfield.json,unreal_rockfield.json,nan,nan,nan
3112,47.73857844782856,-186.9487594225898,0.3382352249001655,Medium,RegolithCovered,background_regolith,Background,Background,-1,-1.0,-1.0,-1.0,0.0,0.012,1.0,-1,,unreal_rockfield.json,unreal_rockfield.json,nan,nan,nan
3113,225.18845179601425,-40.55146946623128,0.27680774997316704,Small,RegolithCovered,background_regolith,Background,Background,-1,-1.0,-1.0,-1.0,0.0,0.012,1.0,-1,,unreal_rockfield.json,unreal_rockfield.json,nan,nan,nan
3114,-192.2894985808893,-235.8699301126133,0.2734159216850656,Small,RegolithCovered,background_regolith,Background,Background,-1,-1.0,-1.0,-1.0,0.0,0.012,1.0,-1,,unreal_rockfield.json,unreal_rockfield.json,nan,nan,nan
3115,-71.34464552751243,-232.86385692922758,0.28999703364685747,Small,RegolithCovered,background_regolith,Background,Background,-1,-1.0,-1.0,-1.0,0.0,0.012,1.0,-1,,unreal_rockfield.json,unreal_rockfield.json,nan,nan,nan
3116,35.83635975218971,216.79586169011503,0.347723327609888,Medium,RegolithCovered,background_regolith,Background,Background,-1,-1.0,-1.0,-1.0,0.0,0.012,1.0,-1,,unreal_rockfield.json,unreal_rockfield.json,nan,nan,nan
3117,-21.248512222663038,-24.712363048188706,0.26645541220288166,Small,RegolithCovered,background_regolith,Background,Background,-1,-1.0,-1.0,-1.0,0.0,0.012,1.0,-1,,unreal_rockfield.json,unreal_rockfield.json,nan,nan,nan
3118,-157.16269417401654,241.94311349833674,0.34350505837766293,Medium,RegolithCovered,background_regolith,Background,Background,-1,-1.0,-1.0,-1.0,0.0,0.012,1.0,-1,,unreal_rockfield.json,unreal_rockfield.json,nan,nan,nan
3119,210.7531968138676,-71.17679372539445,0.28322566330035237,Small,RegolithCovered,background_regolith,Background,Background,-1,-1.0,-1.0,-1.0,0.0,0.012,1.0,-1,,unreal_rockfield.json,unreal_rockfield.json,nan,nan,nan
3120,-67.3162022766808,65.10361033967098,0.2738501960777274,Small,RegolithCovered,background_regolith,Background,Background,-1,-1.0,-1.0,-1.0,0.0,0.012,1.0,-1,,unreal_rockfield.json,unreal_rockfield.json,nan,nan,nan
3121,211.24149296548353,-124.93514816736351,0.29986840627394035,Small,RegolithCovered,background_regolith,Background,Background,-1,-1.0,-1.0,-1.0,0.0,0.012,1.0,-1,,unreal_rockfield.json,unreal_rockfield.json,nan,nan,nan
3122,-38.18628498184148,140.957365642262,0.49864330288738884,Medium,RegolithCovered,background_regolith,Background,Background,-1,-1.0,-1.0,-1.0,0.0,0.012,1.0,-1,,unreal_rockfield.json,unreal_rockfield.json,nan,nan,nan
3123,47.3723563341166,248.26044495986815,0.4924019498562472,Medium,RegolithCovered,background_regolith,Background,Background,-1,-1.0,-1.0,-1.0,0.0,0.012,1.0,-1,,unreal_rockfield.json,unreal_rockfield.json,nan,nan,nan
3124,-8.705404828028207,62.49427777947324,0.30418443906636583,Medium,RegolithCovered,background_regolith,Background,Background,-1,-1.0,-1.0,-1.0,0.0,0.012,1.0,-1,,unreal_rockfield.json,unreal_rockfield.json,nan,nan,nan
3125,109.55381939146093,-58.481093783379634,0.3956502134775583,Medium,RegolithCovered,background_regolith,Background,Background,-1,-1.0,-1.0,-1.0,0.0,0.012,1.0,-1,,unreal_rockfield.json,unreal_rockfield.json,nan,nan,nan
3126,-32.14362010559404,-190.50416577654346,0.29774289657388486,Small,RegolithCovered,background_regolith,Background,Background,-1,-1.0,-1.0,-1.0,0.0,0.012,1.0,-1,,unreal_rockfield.json,unreal_rockfield.json,nan,nan,nan
3127,-181.48594622638632,-237.38059633167515,0.2982633137500969,Small,RegolithCovered,background_regolith,Background,Background,-1,-1.0,-1.0,-1.0,0.0,0.012,1.0,-1,,unreal_rockfield.json,unreal_rockfield.json,nan,nan,nan
3128,17.29636524552143,214.24756614886928,0.29537464026940835,Small,RegolithCovered,background_regolith,Background,Background,-1,-1.0,-1.0,-1.0,0.0,0.012,1.0,-1,,unreal_rockfield.json,unreal_rockfield.json,nan,nan,nan
3129,80.39338358714559,-243.3774834437086,0.26781630264189327,Small,RegolithCovered,background_regolith,Background,Background,-1,-1.0,-1.0,-1.0,0.0,0.012,1.0,-1,,unreal_rockfield.json,unreal_rockfield.json,nan,nan,nan
3130,171.8573564867092,-17.067476424451428,0.29192330036229086,Small,RegolithCovered,background_regolith,Background,Background,-1,-1.0,-1.0,-1.0,0.0,0.012,1.0,-1,,unreal_rockfield.json,unreal_rockfield.json,nan,nan,nan
3131,-97.13278603473006,183.8511307107761,0.2770537848602464,Small,RegolithCovered,background_regolith,Background,Background,-1,-1.0,-1.0,-1.0,0.0,0.012,1.0,-1,,unreal_rockfield.json,unreal_rockfield.json,nan,nan,nan
3132,172.33039338358714,94.4166386913663,0.2648679297856,Small,RegolithCovered,background_regolith,Background,Background,-1,-1.0,-1.0,-1.0,0.0,0.012,1.0,-1,,unreal_rockfield.json,unreal_rockfield.json,nan,nan,nan
3133,-47.67754142887662,-150.20447401348918,0.2770633554990403,Small,RegolithCovered,background_regolith,Background,Background,-1,-1.0,-1.0,-1.0,0.0,0.012,1.0,-1,,unreal_rockfield.json,unreal_rockfield.json,nan,nan,nan
3134,-128.97885067293313,-157.8035828730125,0.311452425611373,Medium,RegolithCovered,background_regolith,Background,Background,-1,-1.0,-1.0,-1.0,0.0,0.012,1.0,-1,,unreal_rockfield.json,unreal_rockfield.json,nan,nan,nan
3135,-28.84762108218635,-113.93322550126652,0.3801133709861243,Medium,RegolithCovered,background_regolith,Background,Background,-1,-1.0,-1.0,-1.0,0.0,0.012,1.0,-1,,unreal_rockfield.json,unreal_rockfield.json,nan,nan,nan
3136,202.28431043427844,128.52107303079316,0.29383886315028507,Small,RegolithCovered,background_regolith,Background,Background,-1,-1.0,-1.0,-1.0,0.0,0.012,1.0,-1,,unreal_rockfield.json,unreal_rockfield.json,nan,nan,nan
3137,-174.75661488692893,161.37424848170417,0.3770328954629811,Medium,RegolithCovered,background_regolith,Background,Background,-1,-1.0,-1.0,-1.0,0.0,0.012,1.0,-1,,unreal_rockfield.json,unreal_rockfield.json,nan,nan,nan
3138,-130.275887325663,-202.0706808679464,0.2602892570018356,Small,RegolithCovered,background_regolith,Background,Background,-1,-1.0,-1.0,-1.0,0.0,0.012,1.0,-1,,unreal_rockfield.json,unreal_rockfield.json,nan,nan,nan
3139,-49.56968901638845,-49.26450392162846,0.34255311263750504,Medium,RegolithCovered,background_regolith,Background,Background,-1,-1.0,-1.0,-1.0,0.0,0.012,1.0,-1,,unreal_rockfield.json,unreal_rockfield.json,nan,nan,nan
3140,12.169255653553876,-249.84740745262002,0.3939824482980933,Medium,RegolithCovered,background_regolith,Background,Background,-1,-1.0,-1.0,-1.0,0.0,0.012,1.0,-1,,unreal_rockfield.json,unreal_rockfield.json,nan,nan,nan
3141,51.87383648182623,-6.477553636280419,0.5085486490061535,Medium,RegolithCovered,background_regolith,Background,Background,-1,-1.0,-1.0,-1.0,0.0,0.012,1.0,-1,,unreal_rockfield.json,unreal_rockfield.json,nan,nan,nan
3142,-161.14535966063417,234.5881527146214,0.265789908925184,Small,RegolithCovered,background_regolith,Background,Background,-1,-1.0,-1.0,-1.0,0.0,0.012,1.0,-1,,unreal_rockfield.json,unreal_rockfield.json,nan,nan,nan
3143,18.68495742667932,-183.8053529465621,0.3072525402167131,Medium,RegolithCovered,background_regolith,Background,Background,-1,-1.0,-1.0,-1.0,0.0,0.012,1.0,-1,,unreal_rockfield.json,unreal_rockfield.json,nan,nan,nan
3144,-240.40192876979887,41.14658040101324,0.31324183827156954,Medium,RegolithCovered,background_regolith,Background,Background,-1,-1.0,-1.0,-1.0,0.0,0.012,1.0,-1,,unreal_rockfield.json,unreal_rockfield.json,nan,nan,nan
3145,85.27634510330518,-129.68077639088108,0.33599823137412355,Medium,RegolithCovered,background_regolith,Background,Background,-1,-1.0,-1.0,-1.0,0.0,0.012,1.0,-1,,unreal_rockfield.json,unreal_rockfield.json,nan,nan,nan
3146,61.30405590990932,198.75942258980075,0.2816034293217189,Small,RegolithCovered,background_regolith,Background,Background,-1,-1.0,-1.0,-1.0,0.0,0.012,1.0,-1,,unreal_rockfield.json,unreal_rockfield.json,nan,nan,nan
3147,239.01333658864098,-171.30802331614126,0.3302119375245343,Medium,RegolithCovered,background_regolith,Background,Background,-1,-1.0,-1.0,-1.0,0.0,0.012,1.0,-1,,unreal_rockfield.json,unreal_rockfield.json,nan,nan,nan
3148,-111.36967070528274,214.32386242255927,0.3531893467122061,Medium,RegolithCovered,background_regolith,Background,Background,-1,-1.0,-1.0,-1.0,0.0,0.012,1.0,-1,,unreal_rockfield.json,unreal_rockfield.json,nan,nan,nan
3149,177.06076235236674,-21.21799371318704,0.5226206254115083,Medium,RegolithCovered,background_regolith,Background,Background,-1,-1.0,-1.0,-1.0,0.0,0.012,1.0,-1,,unreal_rockfield.json,unreal_rockfield.json,nan,nan,nan
3150,-140.2706991790521,-233.61156041138952,0.2950230610817909,Small,RegolithCovered,background_regolith,Background,Background,-1,-1.0,-1.0,-1.0,0.0,0.012,1.0,-1,,unreal_rockfield.json,unreal_rockfield.json,nan,nan,nan
3151,192.8693502609333,241.59215063936279,0.31274135952550397,Medium,RegolithCovered,background_regolith,Background,Background,-1,-1.0,-1.0,-1.0,0.0,0.012,1.0,-1,,unreal_rockfield.json,unreal_rockfield.json,nan,nan,nan
3152,-224.10504470961638,48.54731894894252,0.35669078714266605,Medium,RegolithCovered,background_regolith,Background,Background,-1,-1.0,-1.0,-1.0,0.0,0.012,1.0,-1,,unreal_rockfield.json,unreal_rockfield.json,nan,nan,nan
3153,160.51973021637622,112.95663319803464,0.3281415118875784,Medium,RegolithCovered,background_regolith,Background,Background,-1,-1.0,-1.0,-1.0,0.0,0.012,1.0,-1,,unreal_rockfield.json,unreal_rockfield.json,nan,nan,nan
3154,-245.92577898495438,72.99264503921626,0.33799090498032475,Medium,RegolithCovered,background_regolith,Background,Background,-1,-1.0,-1.0,-1.0,0.0,0.012,1.0,-1,,unreal_rockfield.json,unreal_rockfield.json,nan,nan,nan
3155,221.7703787347026,-40.42939542832727,0.273703679427189,Small,RegolithCovered,background_regolith,Background,Background,-1,-1.0,-1.0,-1.0,0.0,0.012,1.0,-1,,unreal_rockfield.json,unreal_rockfield.json,nan,nan,nan
3156,-88.90804773094882,135.29618213446452,0.3121595933349445,Medium,RegolithCovered,background_regolith,Background,Background,-1,-1.0,-1.0,-1.0,0.0,0.012,1.0,-1,,unreal_rockfield.json,unreal_rockfield.json,nan,nan,nan
3157,-196.8520157475509,-207.31986449781792,0.27142449831567433,Small,RegolithCovered,background_regolith,Background,Background,-1,-1.0,-1.0,-1.0,0.0,0.012,1.0,-1,,unreal_rockfield.json,unreal_rockfield.json,nan,nan,nan
3158,145.3215124973296,241.24118778038883,0.2642748356591284,Small,RegolithCovered,background_regolith,Background,Background,-1,-1.0,-1.0,-1.0,0.0,0.012,1.0,-1,,unreal_rockfield.json,unreal_rockfield.json,nan,nan,nan
3159,136.56270027771842,75.12894070253606,0.26123038922160147,Small,RegolithCovered,background_regolith,Background,Background,-1,-1.0,-1.0,-1.0,0.0,0.012,1.0,-1,,unreal_rockfield.json,unreal_rockfield.json,nan,nan,nan
3160,-216.73482467116307,45.953245643482774,0.2837683314613444,Small,RegolithCovered,background_regolith,Background,Background,-1,-1.0,-1.0,-1.0,0.0,0.012,1.0,-1,,unreal_rockfield.json,unreal_rockfield.json,nan,nan,nan
3161,-37.19443342387157,-20.7449568163091,0.2750719809688742,Small,RegolithCovered,background_regolith,Background,Background,-1,-1.0,-1.0,-1.0,0.0,0.012,1.0,-1,,unreal_rockfield.json,unreal_rockfield.json,nan,nan,nan
3162,72.44331186864832,190.5346842860195,0.30953021574270256,Medium,RegolithCovered,background_regolith,Background,Background,-1,-1.0,-1.0,-1.0,0.0,0.012,1.0,-1,,unreal_rockfield.json,unreal_rockfield.json,nan,nan,nan
3163,4.173406170842611,-6.38599810785243,0.3059158331706048,Medium,RegolithCovered,background_regolith,Background,Background,-1,-1.0,-1.0,-1.0,0.0,0.012,1.0,-1,,unreal_rockfield.json,unreal_rockfield.json,nan,nan,nan
3164,-104.77767265846734,-220.4123050630207,0.3012297523169176,Medium,RegolithCovered,background_regolith,Background,Background,-1,-1.0,-1.0,-1.0,0.0,0.012,1.0,-1,,unreal_rockfield.json,unreal_rockfield.json,nan,nan,nan
3165,31.945249794000063,59.28983428449351,0.29324105088437835,Small,RegolithCovered,background_regolith,Background,Background,-1,-1.0,-1.0,-1.0,0.0,0.012,1.0,-1,,unreal_rockfield.json,unreal_rockfield.json,nan,nan,nan
3166,-160.36713766899624,62.72316660054321,0.27321966412195053,Small,RegolithCovered,background_regolith,Background,Background,-1,-1.0,-1.0,-1.0,0.0,0.012,1.0,-1,,unreal_rockfield.json,unreal_rockfield.json,nan,nan,nan
3167,-129.5129245887631,194.25794244209112,0.2707110967972906,Small,RegolithCovered,background_regolith,Background,Background,-1,-1.0,-1.0,-1.0,0.0,0.012,1.0,-1,,unreal_rockfield.json,unreal_rockfield.json,nan,nan,nan
3168,77.67723624378186,100.33722952970976,0.3580003098731942,Medium,RegolithCovered,background_regolith,Background,Background,-1,-1.0,-1.0,-1.0,0.0,0.012,1.0,-1,,unreal_rockfield.json,unreal_rockfield.json,nan,nan,nan
3169,-95.60686056093022,19.386883144627234,0.2613880276891514,Small,RegolithCovered,background_regolith,Background,Background,-1,-1.0,-1.0,-1.0,0.0,0.012,1.0,-1,,unreal_rockfield.json,unreal_rockfield.json,nan,nan,nan
3170,60.373241370891435,248.42829676198613,0.298577626603599,Small,RegolithCovered,background_regolith,Background,Background,-1,-1.0,-1.0,-1.0,0.0,0.012,1.0,-1,,unreal_rockfield.json,unreal_rockfield.json,nan,nan,nan
3171,29.534287545396296,-76.39545884578996,0.4064564513797502,Medium,RegolithCovered,background_regolith,Background,Background,-1,-1.0,-1.0,-1.0,0.0,0.012,1.0,-1,,unreal_rockfield.json,unreal_rockfield.json,nan,nan,nan
3172,25.032807397686724,123.63811151463364,0.3990276354760658,Medium,RegolithCovered,background_regolith,Background,Background,-1,-1.0,-1.0,-1.0,0.0,0.012,1.0,-1,,unreal_rockfield.json,unreal_rockfield.json,nan,nan,nan
3173,-51.0498367259743,-17.12851344340345,0.29479875923081506,Small,RegolithCovered,background_regolith,Background,Background,-1,-1.0,-1.0,-1.0,0.0,0.012,1.0,-1,,unreal_rockfield.json,unreal_rockfield.json,nan,nan,nan
3174,-84.54390087588123,248.24518570513015,0.29884269150537873,Small,RegolithCovered,background_regolith,Background,Background,-1,-1.0,-1.0,-1.0,0.0,0.012,1.0,-1,,unreal_rockfield.json,unreal_rockfield.json,nan,nan,nan
3175,197.55394146549884,-131.34403515732293,0.370529382514114,Medium,RegolithCovered,background_regolith,Background,Background,-1,-1.0,-1.0,-1.0,0.0,0.012,1.0,-1,,unreal_rockfield.json,unreal_rockfield.json,nan,nan,nan
3176,224.8069704275643,-238.90652180547502,0.3072353871127125,Medium,RegolithCovered,background_regolith,Background,Background,-1,-1.0,-1.0,-1.0,0.0,0.012,1.0,-1,,unreal_rockfield.json,unreal_rockfield.json,nan,nan,nan
3177,224.12030396435438,30.755027924436206,0.2672076638006473,Small,RegolithCovered,background_regolith,Background,Background,-1,-1.0,-1.0,-1.0,0.0,0.012,1.0,-1,,unreal_rockfield.json,unreal_rockfield.json,nan,nan,nan
3178,171.7352824488052,-146.6338084047975,0.28581804318392273,Small,RegolithCovered,background_regolith,Background,Background,-1,-1.0,-1.0,-1.0,0.0,0.012,1.0,-1,,unreal_rockfield.json,unreal_rockfield.json,nan,nan,nan
3179,202.0249031037324,106.24256111331522,0.2651005010522099,Small,RegolithCovered,background_regolith,Background,Background,-1,-1.0,-1.0,-1.0,0.0,0.012,1.0,-1,,unreal_rockfield.json,unreal_rockfield.json,nan,nan,nan
3180,202.45216223639642,-116.98507644886624,0.26818554648494136,Small,RegolithCovered,background_regolith,Background,Background,-1,-1.0,-1.0,-1.0,0.0,0.012,1.0,-1,,unreal_rockfield.json,unreal_rockfield.json,nan,nan,nan
3181,-81.52256843775749,-21.172215948973047,0.3135974316334183,Medium,RegolithCovered,background_regolith,Background,Background,-1,-1.0,-1.0,-1.0,0.0,0.012,1.0,-1,,unreal_rockfield.json,unreal_rockfield.json,nan,nan,nan
3182,-241.60740989410078,-120.02166814172796,0.27554382048662757,Small,RegolithCovered,background_regolith,Background,Background,-1,-1.0,-1.0,-1.0,0.0,0.012,1.0,-1,,unreal_rockfield.json,unreal_rockfield.json,nan,nan,nan
3183,44.564653462324884,-124.41633350627154,0.3253961664302615,Medium,RegolithCovered,background_regolith,Background,Background,-1,-1.0,-1.0,-1.0,0.0,0.012,1.0,-1,,unreal_rockfield.json,unreal_rockfield.json,nan,nan,nan
3184,-246.61244544816432,-191.96905423139134,0.29778655491149264,Small,RegolithCovered,background_regolith,Background,Background,-1,-1.0,-1.0,-1.0,0.0,0.012,1.0,-1,,unreal_rockfield.json,unreal_rockfield.json,nan,nan,nan
3185,-248.9318521683401,32.60139774773404,0.3393939297680049,Medium,RegolithCovered,background_regolith,Background,Background,-1,-1.0,-1.0,-1.0,0.0,0.012,1.0,-1,,unreal_rockfield.json,unreal_rockfield.json,nan,nan,nan
3186,-52.05694753868221,-58.45057527390364,0.521814740357668,Medium,RegolithCovered,background_regolith,Background,Background,-1,-1.0,-1.0,-1.0,0.0,0.012,1.0,-1,,unreal_rockfield.json,unreal_rockfield.json,nan,nan,nan
3187,-52.77413251136815,-28.817102572710354,0.2722211698421796,Small,RegolithCovered,background_regolith,Background,Background,-1,-1.0,-1.0,-1.0,0.0,0.012,1.0,-1,,unreal_rockfield.json,unreal_rockfield.json,nan,nan,nan
3188,84.48286385692921,-20.65340128788111,0.29883578344762957,Small,RegolithCovered,background_regolith,Background,Background,-1,-1.0,-1.0,-1.0,0.0,0.012,1.0,-1,,unreal_rockfield.json,unreal_rockfield.json,nan,nan,nan
3189,-183.98846400341807,-7.927182836390273,0.37500182972716956,Medium,RegolithCovered,background_regolith,Background,Background,-1,-1.0,-1.0,-1.0,0.0,0.012,1.0,-1,,unreal_rockfield.json,unreal_rockfield.json,nan,nan,nan
3190,-61.70079653309733,-6.263924069948416,0.30011399431339103,Medium,RegolithCovered,background_regolith,Background,Background,-1,-1.0,-1.0,-1.0,0.0,0.012,1.0,-1,,unreal_rockfield.json,unreal_rockfield.json,nan,nan,nan
3191,241.65318765831478,-197.53868221076084,0.34617420596980325,Medium,RegolithCovered,background_regolith,Background,Background,-1,-1.0,-1.0,-1.0,0.0,0.012,1.0,-1,,unreal_rockfield.json,unreal_rockfield.json,nan,nan,nan
3192,36.156804101687726,-63.150425733207186,0.28047388911136323,Small,RegolithCovered,background_regolith,Background,Background,-1,-1.0,-1.0,-1.0,0.0,0.012,1.0,-1,,unreal_rockfield.json,unreal_rockfield.json,nan,nan,nan
3193,105.86107974486526,-71.8329416791284,0.2701831447754914,Small,RegolithCovered,background_regolith,Background,Background,-1,-1.0,-1.0,-1.0,0.0,0.012,1.0,-1,,unreal_rockfield.json,unreal_rockfield.json,nan,nan,nan
3194,-116.72566911832027,136.12018189031647,0.2928172611055034,Small,RegolithCovered,background_regolith,Background,Background,-1,-1.0,-1.0,-1.0,0.0,0.012,1.0,-1,,unreal_rockfield.json,unreal_rockfield.json,nan,nan,nan
3195,210.23438215277565,-82.5144199957274,0.2981003441660043,Small,RegolithCovered,background_regolith,Background,Background,-1,-1.0,-1.0,-1.0,0.0,0.012,1.0,-1,,unreal_rockfield.json,unreal_rockfield.json,nan,nan,nan
3196,-192.15216528824732,-55.50553910946991,0.26104099437282885,Small,RegolithCovered,background_regolith,Background,Background,-1,-1.0,-1.0,-1.0,0.0,0.012,1.0,-1,,unreal_rockfield.json,unreal_rockfield.json,nan,nan,nan
3197,198.11853389080477,2.815332499160718,0.268984741315414,Small,RegolithCovered,background_regolith,Background,Background,-1,-1.0,-1.0,-1.0,0.0,0.012,1.0,-1,,unreal_rockfield.json,unreal_rockfield.json,nan,nan,nan
3198,168.22565385906552,-94.98123111667226,0.2698885966400915,Small,RegolithCovered,background_regolith,Background,Background,-1,-1.0,-1.0,-1.0,0.0,0.012,1.0,-1,,unreal_rockfield.json,unreal_rockfield.json,nan,nan,nan
3199,238.98281807916499,37.240211188085595,0.2776890916156579,Small,RegolithCovered,background_regolith,Background,Background,-1,-1.0,-1.0,-1.0,0.0,0.012,1.0,-1,,unreal_rockfield.json,unreal_rockfield.json,nan,nan,nan
3200,-141.94921720023194,-117.70226142155218,0.3380179837284375,Medium,RegolithCovered,background_regolith,Background,Background,-1,-1.0,-1.0,-1.0,0.0,0.012,1.0,-1,,unreal_rockfield.json,unreal_rockfield.json,nan,nan,nan
3201,-160.9012115848262,-145.7182531205176,0.3066481361653943,Medium,RegolithCovered,background_regolith,Background,Background,-1,-1.0,-1.0,-1.0,0.0,0.012,1.0,-1,,unreal_rockfield.json,unreal_rockfield.json,nan,nan,nan
3202,-22.484511856440918,42.10791344950712,0.28880843733590034,Small,RegolithCovered,background_regolith,Background,Background,-1,-1.0,-1.0,-1.0,0.0,0.012,1.0,-1,,unreal_rockfield.json,unreal_rockfield.json,nan,nan,nan
3203,-108.89767143772698,-102.3667104098636,0.2796700066084094,Small,RegolithCovered,background_regolith,Background,Background,-1,-1.0,-1.0,-1.0,0.0,0.012,1.0,-1,,unreal_rockfield.json,unreal_rockfield.json,nan,nan,nan
3204,-98.9791558580279,-237.54844813379316,0.2617055463730097,Small,RegolithCovered,background_regolith,Background,Background,-1,-1.0,-1.0,-1.0,0.0,0.012,1.0,-1,,unreal_rockfield.json,unreal_rockfield.json,nan,nan,nan
3205,-90.1745658742027,220.01556443983276,0.2709644348734694,Small,RegolithCovered,background_regolith,Background,Background,-1,-1.0,-1.0,-1.0,0.0,0.012,1.0,-1,,unreal_rockfield.json,unreal_rockfield.json,nan,nan,nan
3206,-48.974578081606495,-27.260658589434485,0.27544309413324713,Small,RegolithCovered,background_regolith,Background,Background,-1,-1.0,-1.0,-1.0,0.0,0.012,1.0,-1,,unreal_rockfield.json,unreal_rockfield.json,nan,nan,nan
3207,-238.96755882442702,-53.964354380932036,0.2957613615462688,Small,RegolithCovered,background_regolith,Background,Background,-1,-1.0,-1.0,-1.0,0.0,0.012,1.0,-1,,unreal_rockfield.json,unreal_rockfield.json,nan,nan,nan
3208,172.20831934568315,-21.30954924161503,0.26289318985797794,Small,RegolithCovered,background_regolith,Background,Background,-1,-1.0,-1.0,-1.0,0.0,0.012,1.0,-1,,unreal_rockfield.json,unreal_rockfield.json,nan,nan,nan
3209,7.8051087984862875,218.4591204565569,0.2939844911297186,Small,RegolithCovered,background_regolith,Background,Background,-1,-1.0,-1.0,-1.0,0.0,0.012,1.0,-1,,unreal_rockfield.json,unreal_rockfield.json,nan,nan,nan
3210,-23.720511490218797,-21.172215948973047,0.3288349903676855,Medium,RegolithCovered,background_regolith,Background,Background,-1,-1.0,-1.0,-1.0,0.0,0.012,1.0,-1,,unreal_rockfield.json,unreal_rockfield.json,nan,nan,nan
3211,218.00134281441694,189.00875881221964,0.30929013492017293,Medium,RegolithCovered,background_regolith,Background,Background,-1,-1.0,-1.0,-1.0,0.0,0.012,1.0,-1,,unreal_rockfield.json,unreal_rockfield.json,nan,nan,nan
3212,-116.11529892880031,148.5869930112613,0.306572180535755,Medium,RegolithCovered,background_regolith,Background,Background,-1,-1.0,-1.0,-1.0,0.0,0.012,1.0,-1,,unreal_rockfield.json,unreal_rockfield.json,nan,nan,nan
3213,129.71129490035702,-37.88109988708152,0.30737282152034845,Medium,RegolithCovered,background_regolith,Background,Background,-1,-1.0,-1.0,-1.0,0.0,0.012,1.0,-1,,unreal_rockfield.json,unreal_rockfield.json,nan,nan,nan
3214,-86.74123355815303,-199.67497787408064,0.3762768117910321,Medium,RegolithCovered,background_regolith,Background,Background,-1,-1.0,-1.0,-1.0,0.0,0.012,1.0,-1,,unreal_rockfield.json,unreal_rockfield.json,nan,nan,nan
3215,-101.46641438032168,238.44874416333505,0.29728913337831114,Small,RegolithCovered,background_regolith,Background,Background,-1,-1.0,-1.0,-1.0,0.0,0.012,1.0,-1,,unreal_rockfield.json,unreal_rockfield.json,nan,nan,nan
3216,43.28287606433298,157.87987914670248,0.28989061319673814,Small,RegolithCovered,background_regolith,Background,Background,-1,-1.0,-1.0,-1.0,0.0,0.012,1.0,-1,,unreal_rockfield.json,unreal_rockfield.json,nan,nan,nan
3217,188.85616626483966,-76.53279213843194,0.26756163231733054,Small,RegolithCovered,background_regolith,Background,Background,-1,-1.0,-1.0,-1.0,0.0,0.012,1.0,-1,,unreal_rockfield.json,unreal_rockfield.json,nan,nan,nan
3218,-201.3382366405225,149.82299264503922,0.4103647770083783,Medium,RegolithCovered,background_regolith,Background,Background,-1,-1.0,-1.0,-1.0,0.0,0.012,1.0,-1,,unreal_rockfield.json,unreal_rockfield.json,nan,nan,nan
3219,57.657094027527705,-147.19840083010345,0.2618247793592004,Small,RegolithCovered,background_regolith,Background,Background,-1,-1.0,-1.0,-1.0,0.0,0.012,1.0,-1,,unreal_rockfield.json,unreal_rockfield.json,nan,nan,nan
3220,54.78835413678394,-233.59630115665152,0.27476208760785076,Small,RegolithCovered,background_regolith,Background,Background,-1,-1.0,-1.0,-1.0,0.0,0.012,1.0,-1,,unreal_rockfield.json,unreal_rockfield.json,nan,nan,nan
3221,-147.9155858027894,225.5699331644642,0.27972359223443133,Small,RegolithCovered,background_regolith,Background,Background,-1,-1.0,-1.0,-1.0,0.0,0.012,1.0,-1,,unreal_rockfield.json,unreal_rockfield.json,nan,nan,nan
3222,-173.35276345103307,-125.48448133793146,0.28807993430806134,Small,RegolithCovered,background_regolith,Background,Background,-1,-1.0,-1.0,-1.0,0.0,0.012,1.0,-1,,unreal_rockfield.json,unreal_rockfield.json,nan,nan,nan
3223,137.5545518356883,20.226142155217133,0.3420055406029404,Medium,RegolithCovered,background_regolith,Background,Background,-1,-1.0,-1.0,-1.0,0.0,0.012,1.0,-1,,unreal_rockfield.json,unreal_rockfield.json,nan,nan,nan
3224,-221.7398602252266,-115.1234473708304,0.4418695409540626,Medium,RegolithCovered,background_regolith,Background,Background,-1,-1.0,-1.0,-1.0,0.0,0.012,1.0,-1,,unreal_rockfield.json,unreal_rockfield.json,nan,nan,nan
3225,-69.69664601580857,-220.4580828272347,0.2762926307336948,Small,RegolithCovered,background_regolith,Background,Background,-1,-1.0,-1.0,-1.0,0.0,0.012,1.0,-1,,unreal_rockfield.json,unreal_rockfield.json,nan,nan,nan
3226,152.58491775261695,-249.75585192419203,0.28891710253242536,Small,RegolithCovered,background_regolith,Background,Background,-1,-1.0,-1.0,-1.0,0.0,0.012,1.0,-1,,unreal_rockfield.json,unreal_rockfield.json,nan,nan,nan
3227,163.52580339976197,-119.35026093325601,0.4535723400685433,Medium,RegolithCovered,background_regolith,Background,Background,-1,-1.0,-1.0,-1.0,0.0,0.012,1.0,-1,,unreal_rockfield.json,unreal_rockfield.json,nan,nan,nan
3228,-34.75295266579181,-118.03796502578814,0.2637179866625482,Small,RegolithCovered,background_regolith,Background,Background,-1,-1.0,-1.0,-1.0,0.0,0.012,1.0,-1,,unreal_rockfield.json,unreal_rockfield.json,nan,nan,nan
3229,-192.88460951567126,-59.47294534134954,0.2993608746571487,Small,RegolithCovered,background_regolith,Background,Background,-1,-1.0,-1.0,-1.0,0.0,0.012,1.0,-1,,unreal_rockfield.json,unreal_rockfield.json,nan,nan,nan
3230,-182.85927915280615,141.44566179387795,0.26578713991157193,Small,RegolithCovered,background_regolith,Background,Background,-1,-1.0,-1.0,-1.0,0.0,0.012,1.0,-1,,unreal_rockfield.json,unreal_rockfield.json,nan,nan,nan
3231,-173.55113376262705,33.57799005096592,0.29766242752207345,Small,RegolithCovered,background_regolith,Background,Background,-1,-1.0,-1.0,-1.0,0.0,0.012,1.0,-1,,unreal_rockfield.json,unreal_rockfield.json,nan,nan,nan
3232,244.93392742698444,30.953398236030182,0.26597316301206414,Small,RegolithCovered,background_regolith,Background,Background,-1,-1.0,-1.0,-1.0,0.0,0.012,1.0,-1,,unreal_rockfield.json,unreal_rockfield.json,nan,nan,nan
3233,140.01129184850612,103.95367290261544,0.2600969201069965,Small,RegolithCovered,background_regolith,Background,Background,-1,-1.0,-1.0,-1.0,0.0,0.012,1.0,-1,,unreal_rockfield.json,unreal_rockfield.json,nan,nan,nan
3234,-162.65602587969602,11.864070558793912,0.3179487034286012,Medium,RegolithCovered,background_regolith,Background,Background,-1,-1.0,-1.0,-1.0,0.0,0.012,1.0,-1,,unreal_rockfield.json,unreal_rockfield.json,nan,nan,nan
3235,-138.8210699789422,28.49665822321242,0.2810000234273288,Small,RegolithCovered,background_regolith,Background,Background,-1,-1.0,-1.0,-1.0,0.0,0.012,1.0,-1,,unreal_rockfield.json,unreal_rockfield.json,nan,nan,nan
3236,81.94982757042146,-44.457838679158925,0.29862911892634897,Small,RegolithCovered,background_regolith,Background,Background,-1,-1.0,-1.0,-1.0,0.0,0.012,1.0,-1,,unreal_rockfield.json,unreal_rockfield.json,nan,nan,nan
3237,-181.82164983062228,-85.68834498123113,0.3947943044101591,Medium,RegolithCovered,background_regolith,Background,Background,-1,-1.0,-1.0,-1.0,0.0,0.012,1.0,-1,,unreal_rockfield.json,unreal_rockfield.json,nan,nan,nan
3238,-238.64711447492905,20.271919919431127,0.3747791097876832,Medium,RegolithCovered,background_regolith,Background,Background,-1,-1.0,-1.0,-1.0,0.0,0.012,1.0,-1,,unreal_rockfield.json,unreal_rockfield.json,nan,nan,nan
3239,80.13397625659962,84.80330820642718,0.27505569789690354,Small,RegolithCovered,background_regolith,Background,Background,-1,-1.0,-1.0,-1.0,0.0,0.012,1.0,-1,,unreal_rockfield.json,unreal_rockfield.json,nan,nan,nan
3240,-122.41737113559373,184.00372325815607,0.29756876091915485,Small,RegolithCovered,background_regolith,Background,Background,-1,-1.0,-1.0,-1.0,0.0,0.012,1.0,-1,,unreal_rockfield.json,unreal_rockfield.json,nan,nan,nan
3241,-88.20612201300088,8.003479110080264,0.3062907401460169,Medium,RegolithCovered,background_regolith,Background,Background,-1,-1.0,-1.0,-1.0,0.0,0.012,1.0,-1,,unreal_rockfield.json,unreal_rockfield.json,nan,nan,nan
3242,234.11511581774346,185.36179692983796,0.3351619714941264,Medium,RegolithCovered,background_regolith,Background,Background,-1,-1.0,-1.0,-1.0,0.0,0.012,1.0,-1,,unreal_rockfield.json,unreal_rockfield.json,nan,nan,nan
3243,171.55217139194923,-161.9235816522721,0.39245473220604166,Medium,RegolithCovered,background_regolith,Background,Background,-1,-1.0,-1.0,-1.0,0.0,0.012,1.0,-1,,unreal_rockfield.json,unreal_rockfield.json,nan,nan,nan
3244,136.45588549455243,171.0180974761193,0.2616503756420806,Small,RegolithCovered,background_regolith,Background,Background,-1,-1.0,-1.0,-1.0,0.0,0.012,1.0,-1,,unreal_rockfield.json,unreal_rockfield.json,nan,nan,nan
3245,96.70552690206614,-37.75902584917753,0.2675878900466709,Small,RegolithCovered,background_regolith,Background,Background,-1,-1.0,-1.0,-1.0,0.0,0.012,1.0,-1,,unreal_rockfield.json,unreal_rockfield.json,nan,nan,nan
3246,-129.4671468245491,-145.51988280892363,0.32290875584261325,Medium,RegolithCovered,background_regolith,Background,Background,-1,-1.0,-1.0,-1.0,0.0,0.012,1.0,-1,,unreal_rockfield.json,unreal_rockfield.json,nan,nan,nan
3247,121.8375194555498,159.61943418683433,0.338810713860002,Medium,RegolithCovered,background_regolith,Background,Background,-1,-1.0,-1.0,-1.0,0.0,0.012,1.0,-1,,unreal_rockfield.json,unreal_rockfield.json,nan,nan,nan
3248,-129.4824060792871,-103.22122867519153,0.2622810163827646,Small,RegolithCovered,background_regolith,Background,Background,-1,-1.0,-1.0,-1.0,0.0,0.012,1.0,-1,,unreal_rockfield.json,unreal_rockfield.json,nan,nan,nan
3249,-210.8752708517716,-128.1548509170812,0.3123395750637869,Medium,RegolithCovered,background_regolith,Background,Background,-1,-1.0,-1.0,-1.0,0.0,0.012,1.0,-1,,unreal_rockfield.json,unreal_rockfield.json,nan,nan,nan
3250,-16.62495803704948,-39.635914181951364,0.2743891639061547,Small,RegolithCovered,background_regolith,Background,Background,-1,-1.0,-1.0,-1.0,0.0,0.012,1.0,-1,,unreal_rockfield.json,unreal_rockfield.json,nan,nan,nan
3251,-128.73470259712516,-153.98876918851283,0.4848880453893869,Medium,RegolithCovered,background_regolith,Background,Background,-1,-1.0,-1.0,-1.0,0.0,0.012,1.0,-1,,unreal_rockfield.json,unreal_rockfield.json,nan,nan,nan
3252,162.24402600177007,-97.40745262001406,0.29905746129730115,Small,RegolithCovered,background_regolith,Background,Background,-1,-1.0,-1.0,-1.0,0.0,0.012,1.0,-1,,unreal_rockfield.json,unreal_rockfield.json,nan,nan,nan
3253,-25.276955473494667,225.9819330423902,0.26414927131200205,Small,RegolithCovered,background_regolith,Background,Background,-1,-1.0,-1.0,-1.0,0.0,0.012,1.0,-1,,unreal_rockfield.json,unreal_rockfield.json,nan,nan,nan
3254,-37.89635914181952,-199.55290383617665,0.30738573060756164,Medium,RegolithCovered,background_regolith,Background,Background,-1,-1.0,-1.0,-1.0,0.0,0.012,1.0,-1,,unreal_rockfield.json,unreal_rockfield.json,nan,nan,nan
3255,62.417981505783246,225.84459974974823,0.2856622072042583,Small,RegolithCovered,background_regolith,Background,Background,-1,-1.0,-1.0,-1.0,0.0,0.012,1.0,-1,,unreal_rockfield.json,unreal_rockfield.json,nan,nan,nan
3256,58.816797387615566,-127.65129551072725,0.26132124394533013,Small,RegolithCovered,background_regolith,Background,Background,-1,-1.0,-1.0,-1.0,0.0,0.012,1.0,-1,,unreal_rockfield.json,unreal_rockfield.json,nan,nan,nan
3257,-33.70006408886991,6.4012573625904,0.29095754713232475,Small,RegolithCovered,background_regolith,Background,Background,-1,-1.0,-1.0,-1.0,0.0,0.012,1.0,-1,,unreal_rockfield.json,unreal_rockfield.json,nan,nan,nan
3258,-149.57884456923125,-177.1675771355327,0.2619073841738438,Small,RegolithCovered,background_regolith,Background,Background,-1,-1.0,-1.0,-1.0,0.0,0.012,1.0,-1,,unreal_rockfield.json,unreal_rockfield.json,nan,nan,nan
3259,-9.147923215430154,-19.84466078676718,0.3351957881254586,Medium,RegolithCovered,background_regolith,Background,Background,-1,-1.0,-1.0,-1.0,0.0,0.012,1.0,-1,,unreal_rockfield.json,unreal_rockfield.json,nan,nan,nan
3260,219.34415723136078,119.22818689535205,0.2849666575017132,Small,RegolithCovered,background_regolith,Background,Background,-1,-1.0,-1.0,-1.0,0.0,0.012,1.0,-1,,unreal_rockfield.json,unreal_rockfield.json,nan,nan,nan
3261,74.7169408246101,179.4106875820185,0.26335779725625447,Small,RegolithCovered,background_regolith,Background,Background,-1,-1.0,-1.0,-1.0,0.0,0.012,1.0,-1,,unreal_rockfield.json,unreal_rockfield.json,nan,nan,nan
3262,-81.4157536545915,153.66832483901487,0.2708279157300808,Small,RegolithCovered,background_regolith,Background,Background,-1,-1.0,-1.0,-1.0,0.0,0.012,1.0,-1,,unreal_rockfield.json,unreal_rockfield.json,nan,nan,nan
3263,117.19870601519824,223.66252632221443,0.5635120072778315,Medium,RegolithCovered,background_regolith,Background,Background,-1,-1.0,-1.0,-1.0,0.0,0.012,1.0,-1,,unreal_rockfield.json,unreal_rockfield.json,nan,nan,nan
3264,-13.2679219946898,87.153233436079,0.3662052407459006,Medium,RegolithCovered,background_regolith,Background,Background,-1,-1.0,-1.0,-1.0,0.0,0.012,1.0,-1,,unreal_rockfield.json,unreal_rockfield.json,nan,nan,nan
3265,-72.9163487655263,3.0899990844447416,0.3034808686190986,Medium,RegolithCovered,background_regolith,Background,Background,-1,-1.0,-1.0,-1.0,0.0,0.012,1.0,-1,,unreal_rockfield.json,unreal_rockfield.json,nan,nan,nan
3266,-222.07556382946257,-150.0518814661092,0.2834788158968588,Small,RegolithCovered,background_regolith,Background,Background,-1,-1.0,-1.0,-1.0,0.0,0.012,1.0,-1,,unreal_rockfield.json,unreal_rockfield.json,nan,nan,nan
3267,-249.78637043366803,143.6735129856258,0.28600151085023207,Small,RegolithCovered,background_regolith,Background,Background,-1,-1.0,-1.0,-1.0,0.0,0.012,1.0,-1,,unreal_rockfield.json,unreal_rockfield.json,nan,nan,nan
3268,-193.5712759788812,226.22608111819818,0.3503195275191208,Medium,RegolithCovered,background_regolith,Background,Background,-1,-1.0,-1.0,-1.0,0.0,0.012,1.0,-1,,unreal_rockfield.json,unreal_rockfield.json,nan,nan,nan
3269,-82.95693838312937,-178.00683614612262,0.29495438312552885,Small,RegolithCovered,background_regolith,Background,Background,-1,-1.0,-1.0,-1.0,0.0,0.012,1.0,-1,,unreal_rockfield.json,unreal_rockfield.json,nan,nan,nan
3270,-165.89098788415174,112.3920407727287,0.3003683479218348,Medium,RegolithCovered,background_regolith,Background,Background,-1,-1.0,-1.0,-1.0,0.0,0.012,1.0,-1,,unreal_rockfield.json,unreal_rockfield.json,nan,nan,nan
3271,-239.83733634449294,243.34696493423263,0.2839324920071727,Small,RegolithCovered,background_regolith,Background,Background,-1,-1.0,-1.0,-1.0,0.0,0.012,1.0,-1,,unreal_rockfield.json,unreal_rockfield.json,nan,nan,nan
3272,163.57158116397596,-148.48017822809533,0.2745795929764286,Small,RegolithCovered,background_regolith,Background,Background,-1,-1.0,-1.0,-1.0,0.0,0.012,1.0,-1,,unreal_rockfield.json,unreal_rockfield.json,nan,nan,nan
3273,20.943327127903103,-229.12533951841792,0.29873231178991805,Small,RegolithCovered,background_regolith,Background,Background,-1,-1.0,-1.0,-1.0,0.0,0.012,1.0,-1,,unreal_rockfield.json,unreal_rockfield.json,nan,nan,nan
3274,126.23218482009338,-57.42820520645773,0.2630780099905964,Small,RegolithCovered,background_regolith,Background,Background,-1,-1.0,-1.0,-1.0,0.0,0.012,1.0,-1,,unreal_rockfield.json,unreal_rockfield.json,nan,nan,nan
3275,-68.29279457991271,-13.527329325235769,0.2886842609904831,Small,RegolithCovered,background_regolith,Background,Background,-1,-1.0,-1.0,-1.0,0.0,0.012,1.0,-1,,unreal_rockfield.json,unreal_rockfield.json,nan,nan,nan
3276,-39.483321634571354,-155.27054658650474,0.34379264314644165,Medium,RegolithCovered,background_regolith,Background,Background,-1,-1.0,-1.0,-1.0,0.0,0.012,1.0,-1,,unreal_rockfield.json,unreal_rockfield.json,nan,nan,nan
3277,-35.119174779503766,59.61027863399153,0.28713211617962464,Small,RegolithCovered,background_regolith,Background,Background,-1,-1.0,-1.0,-1.0,0.0,0.012,1.0,-1,,unreal_rockfield.json,unreal_rockfield.json,nan,nan,nan
3278,-151.59306619464707,-21.172215948973047,0.3595086492495204,Medium,RegolithCovered,background_regolith,Background,Background,-1,-1.0,-1.0,-1.0,0.0,0.012,1.0,-1,,unreal_rockfield.json,unreal_rockfield.json,nan,nan,nan
3279,-184.08001953184606,-109.5690786461989,0.35760631096256845,Medium,RegolithCovered,background_regolith,Background,Background,-1,-1.0,-1.0,-1.0,0.0,0.012,1.0,-1,,unreal_rockfield.json,unreal_rockfield.json,nan,nan,nan
3280,6.9658497878963885,-192.16742454298532,0.4209935399620728,Medium,RegolithCovered,background_regolith,Background,Background,-1,-1.0,-1.0,-1.0,0.0,0.012,1.0,-1,,unreal_rockfield.json,unreal_rockfield.json,nan,nan,nan
3281,-23.384807885982838,-239.089632862331,0.3323255238602002,Medium,RegolithCovered,background_regolith,Background,Background,-1,-1.0,-1.0,-1.0,0.0,0.012,1.0,-1,,unreal_rockfield.json,unreal_rockfield.json,nan,nan,nan
3282,101.05441450239573,-4.844813379314559,0.3137385351403701,Medium,RegolithCovered,background_regolith,Background,Background,-1,-1.0,-1.0,-1.0,0.0,0.012,1.0,-1,,unreal_rockfield.json,unreal_rockfield.json,nan,nan,nan
3283,190.6720175786615,-135.75395977660452,0.3051359445807282,Medium,RegolithCovered,background_regolith,Background,Background,-1,-1.0,-1.0,-1.0,0.0,0.012,1.0,-1,,unreal_rockfield.json,unreal_rockfield.json,nan,nan,nan
3284,43.89324625385291,28.43562120426043,0.2666948492538969,Small,RegolithCovered,background_regolith,Background,Background,-1,-1.0,-1.0,-1.0,0.0,0.012,1.0,-1,,unreal_rockfield.json,unreal_rockfield.json,nan,nan,nan
3285,106.66982024597922,-227.0500808740501,0.28328935541541045,Small,RegolithCovered,background_regolith,Background,Background,-1,-1.0,-1.0,-1.0,0.0,0.012,1.0,-1,,unreal_rockfield.json,unreal_rockfield.json,nan,nan,nan
3286,168.3019501327555,-202.2385326700644,0.3085962439355928,Medium,RegolithCovered,background_regolith,Background,Background,-1,-1.0,-1.0,-1.0,0.0,0.012,1.0,-1,,unreal_rockfield.json,unreal_rockfield.json,nan,nan,nan
3287,-11.192663350321965,-161.38950773644217,0.3901361624030504,Medium,RegolithCovered,background_regolith,Background,Background,-1,-1.0,-1.0,-1.0,0.0,0.012,1.0,-1,,unreal_rockfield.json,unreal_rockfield.json,nan,nan,nan
3288,-26.14673299356059,-134.09070101016266,0.3297107544595556,Medium,RegolithCovered,background_regolith,Background,Background,-1,-1.0,-1.0,-1.0,0.0,0.012,1.0,-1,,unreal_rockfield.json,unreal_rockfield.json,nan,nan,nan
3289,-146.6185491500595,-121.37974181340982,0.26759664709123065,Small,RegolithCovered,background_regolith,Background,Background,-1,-1.0,-1.0,-1.0,0.0,0.012,1.0,-1,,unreal_rockfield.json,unreal_rockfield.json,nan,nan,nan
3290,-131.20670186468095,3.1815546128727306,0.3166260861955727,Medium,RegolithCovered,background_regolith,Background,Background,-1,-1.0,-1.0,-1.0,0.0,0.012,1.0,-1,,unreal_rockfield.json,unreal_rockfield.json,nan,nan,nan
3291,-196.5620899075289,-15.099032563249608,0.27999688405479256,Small,RegolithCovered,background_regolith,Background,Background,-1,-1.0,-1.0,-1.0,0.0,0.012,1.0,-1,,unreal_rockfield.json,unreal_rockfield.json,nan,nan,nan
3292,218.93215735343483,-82.14819788201544,0.3000034636119303,Medium,RegolithCovered,background_regolith,Background,Background,-1,-1.0,-1.0,-1.0,0.0,0.012,1.0,-1,,unreal_rockfield.json,unreal_rockfield.json,nan,nan,nan
3293,75.93768120365002,73.35886715292827,0.3498447437693267,Medium,RegolithCovered,background_regolith,Background,Background,-1,-1.0,-1.0,-1.0,0.0,0.012,1.0,-1,,unreal_rockfield.json,unreal_rockfield.json,nan,nan,nan
3294,-223.37260048219244,-67.17886898403881,0.2763563781667393,Small,RegolithCovered,background_regolith,Background,Background,-1,-1.0,-1.0,-1.0,0.0,0.012,1.0,-1,,unreal_rockfield.json,unreal_rockfield.json,nan,nan,nan
3295,-170.17883846552934,69.78820154423659,0.2736306498583826,Small,RegolithCovered,background_regolith,Background,Background,-1,-1.0,-1.0,-1.0,0.0,0.012,1.0,-1,,unreal_rockfield.json,unreal_rockfield.json,nan,nan,nan
3296,-121.25766777550584,76.18182927945799,0.29153969462966883,Small,RegolithCovered,background_regolith,Background,Background,-1,-1.0,-1.0,-1.0,0.0,0.012,1.0,-1,,unreal_rockfield.json,unreal_rockfield.json,nan,nan,nan
3297,-70.27649769585253,83.35367900631735,0.3137334871952774,Medium,RegolithCovered,background_regolith,Background,Background,-1,-1.0,-1.0,-1.0,0.0,0.012,1.0,-1,,unreal_rockfield.json,unreal_rockfield.json,nan,nan,nan
3298,-140.82003234962002,108.02789391766106,0.33747959954026363,Medium,RegolithCovered,background_regolith,Background,Background,-1,-1.0,-1.0,-1.0,0.0,0.012,1.0,-1,,unreal_rockfield.json,unreal_rockfield.json,nan,nan,nan
3299,-147.00003051850948,242.55348368785667,0.2726762621846742,Small,RegolithCovered,background_regolith,Background,Background,-1,-1.0,-1.0,-1.0,0.0,0.012,1.0,-1,,unreal_rockfield.json,unreal_rockfield.json,nan,nan,nan
3300,110.01159703360088,-167.82891323587756,0.356567350113867,Medium,RegolithCovered,background_regolith,Background,Background,-1,-1.0,-1.0,-1.0,0.0,0.012,1.0,-1,,unreal_rockfield.json,unreal_rockfield.json,nan,nan,nan
3301,-191.1755729850154,246.16992706076235,0.2610001197109497,Small,RegolithCovered,background_regolith,Background,Background,-1,-1.0,-1.0,-1.0,0.0,0.012,1.0,-1,,unreal_rockfield.json,unreal_rockfield.json,nan,nan,nan
3302,-171.15543076876128,80.04242072817163,0.27276257352495925,Small,RegolithCovered,background_regolith,Background,Background,-1,-1.0,-1.0,-1.0,0.0,0.012,1.0,-1,,unreal_rockfield.json,unreal_rockfield.json,nan,nan,nan
3303,140.881069368572,-198.11853389080477,0.26149393994046444,Small,RegolithCovered,background_regolith,Background,Background,-1,-1.0,-1.0,-1.0,0.0,0.012,1.0,-1,,unreal_rockfield.json,unreal_rockfield.json,nan,nan,nan
3304,-100.36774803918578,-59.8544267097995,0.29631982820726127,Small,RegolithCovered,background_regolith,Background,Background,-1,-1.0,-1.0,-1.0,0.0,0.012,1.0,-1,,unreal_rockfield.json,unreal_rockfield.json,nan,nan,nan
3305,29.442732016968307,175.41276284066288,0.45268429877031763,Medium,RegolithCovered,background_regolith,Background,Background,-1,-1.0,-1.0,-1.0,0.0,0.012,1.0,-1,,unreal_rockfield.json,unreal_rockfield.json,nan,nan,nan
3306,-244.4456312753685,79.4625690481277,0.26782071012177544,Small,RegolithCovered,background_regolith,Background,Background,-1,-1.0,-1.0,-1.0,0.0,0.012,1.0,-1,,unreal_rockfield.json,unreal_rockfield.json,nan,nan,nan
3307,-148.11395611438337,239.04385509811698,0.2721628242214897,Small,RegolithCovered,background_regolith,Background,Background,-1,-1.0,-1.0,-1.0,0.0,0.012,1.0,-1,,unreal_rockfield.json,unreal_rockfield.json,nan,nan,nan
3308,153.30210272530286,-201.47556993316448,0.28803843986035316,Small,RegolithCovered,background_regolith,Background,Background,-1,-1.0,-1.0,-1.0,0.0,0.012,1.0,-1,,unreal_rockfield.json,unreal_rockfield.json,nan,nan,nan
3309,239.01333658864098,-118.43470564897609,0.34921165656211267,Medium,RegolithCovered,background_regolith,Background,Background,-1,-1.0,-1.0,-1.0,0.0,0.012,1.0,-1,,unreal_rockfield.json,unreal_rockfield.json,nan,nan,nan
3310,236.87704092532118,219.1457869197668,0.35416626342502766,Medium,RegolithCovered,background_regolith,Background,Background,-1,-1.0,-1.0,-1.0,0.0,0.012,1.0,-1,,unreal_rockfield.json,unreal_rockfield.json,nan,nan,nan
3311,-183.40861232337414,104.15204321420941,0.3476558190663465,Medium,RegolithCovered,background_regolith,Background,Background,-1,-1.0,-1.0,-1.0,0.0,0.012,1.0,-1,,unreal_rockfield.json,unreal_rockfield.json,nan,nan,nan
3312,-228.66756187627797,158.5055085909604,0.2763301153301531,Small,RegolithCovered,background_regolith,Background,Background,-1,-1.0,-1.0,-1.0,0.0,0.012,1.0,-1,,unreal_rockfield.json,unreal_rockfield.json,nan,nan,nan
3313,-214.67482528153323,-229.2779320657979,0.27455105199882207,Small,RegolithCovered,background_regolith,Background,Background,-1,-1.0,-1.0,-1.0,0.0,0.012,1.0,-1,,unreal_rockfield.json,unreal_rockfield.json,nan,nan,nan
3314,172.5898007141331,235.51896725363935,0.4355912447770585,Medium,RegolithCovered,background_regolith,Background,Background,-1,-1.0,-1.0,-1.0,0.0,0.012,1.0,-1,,unreal_rockfield.json,unreal_rockfield.json,nan,nan,nan
3315,-197.14194158757286,-7.148960844752338,0.35217085232893186,Medium,RegolithCovered,background_regolith,Background,Background,-1,-1.0,-1.0,-1.0,0.0,0.012,1.0,-1,,unreal_rockfield.json,unreal_rockfield.json,nan,nan,nan
3316,133.73973815118865,18.791772209845305,0.2826708363402166,Small,RegolithCovered,background_regolith,Background,Background,-1,-1.0,-1.0,-1.0,0.0,0.012,1.0,-1,,unreal_rockfield.json,unreal_rockfield.json,nan,nan,nan
3317,30.00732444227424,193.05246131778927,0.32376444613658445,Medium,RegolithCovered,background_regolith,Background,Background,-1,-1.0,-1.0,-1.0,0.0,0.012,1.0,-1,,unreal_rockfield.json,unreal_rockfield.json,nan,nan,nan
3318,-59.32035279396956,2.082888271736806,0.30379767076627906,Medium,RegolithCovered,background_regolith,Background,Background,-1,-1.0,-1.0,-1.0,0.0,0.012,1.0,-1,,unreal_rockfield.json,unreal_rockfield.json,nan,nan,nan
3319,123.60759300515764,199.73601489303263,0.26647518361532174,Small,RegolithCovered,background_regolith,Background,Background,-1,-1.0,-1.0,-1.0,0.0,0.012,1.0,-1,,unreal_rockfield.json,unreal_rockfield.json,nan,nan,nan
3320,166.3335062715537,-183.37809381389815,0.3396744241771146,Medium,RegolithCovered,background_regolith,Background,Background,-1,-1.0,-1.0,-1.0,0.0,0.012,1.0,-1,,unreal_rockfield.json,unreal_rockfield.json,nan,nan,nan
3321,-159.55839716788233,-36.9960631122776,0.2638628824213039,Small,RegolithCovered,background_regolith,Background,Background,-1,-1.0,-1.0,-1.0,0.0,0.012,1.0,-1,,unreal_rockfield.json,unreal_rockfield.json,nan,nan,nan
3322,21.53843806268503,-200.0717184972686,0.2712942859817861,Small,RegolithCovered,background_regolith,Background,Background,-1,-1.0,-1.0,-1.0,0.0,0.012,1.0,-1,,unreal_rockfield.json,unreal_rockfield.json,nan,nan,nan
3323,196.89779351176492,-164.30402539139988,0.2673117338936042,Small,RegolithCovered,background_regolith,Background,Background,-1,-1.0,-1.0,-1.0,0.0,0.012,1.0,-1,,unreal_rockfield.json,unreal_rockfield.json,nan,nan,nan
3324,-90.31189916684468,-226.1497848445082,0.3593919721775166,Medium,RegolithCovered,background_regolith,Background,Background,-1,-1.0,-1.0,-1.0,0.0,0.012,1.0,-1,,unreal_rockfield.json,unreal_rockfield.json,nan,nan,nan
3325,245.23911252174446,23.125400555436897,0.2686459748745944,Small,RegolithCovered,background_regolith,Background,Background,-1,-1.0,-1.0,-1.0,0.0,0.012,1.0,-1,,unreal_rockfield.json,unreal_rockfield.json,nan,nan,nan
3326,-132.7631458479568,79.34049501022372,0.33731938156015256,Medium,RegolithCovered,background_regolith,Background,Background,-1,-1.0,-1.0,-1.0,0.0,0.012,1.0,-1,,unreal_rockfield.json,unreal_rockfield.json,nan,nan,nan
3327,-82.6517532883694,-43.90850550859096,0.42809270000105504,Medium,RegolithCovered,background_regolith,Background,Background,-1,-1.0,-1.0,-1.0,0.0,0.012,1.0,-1,,unreal_rockfield.json,unreal_rockfield.json,nan,nan,nan
3328,-236.8770409253212,7.683034760582302,0.3371155186466275,Medium,RegolithCovered,background_regolith,Background,Background,-1,-1.0,-1.0,-1.0,0.0,0.012,1.0,-1,,unreal_rockfield.json,unreal_rockfield.json,nan,nan,nan
3329,-13.344218268379791,173.2154301583911,0.32577363437982526,Medium,RegolithCovered,background_regolith,Background,Background,-1,-1.0,-1.0,-1.0,0.0,0.012,1.0,-1,,unreal_rockfield.json,unreal_rockfield.json,nan,nan,nan
3330,62.93679616687518,197.0809045686209,0.26973138449535594,Small,RegolithCovered,background_regolith,Background,Background,-1,-1.0,-1.0,-1.0,0.0,0.012,1.0,-1,,unreal_rockfield.json,unreal_rockfield.json,nan,nan,nan
3331,-51.3092440565203,-3.578295236060683,0.31228598240979105,Medium,RegolithCovered,background_regolith,Background,Background,-1,-1.0,-1.0,-1.0,0.0,0.012,1.0,-1,,unreal_rockfield.json,unreal_rockfield.json,nan,nan,nan
3332,-174.9244666890469,-234.5271156956694,0.2937420896298456,Small,RegolithCovered,background_regolith,Background,Background,-1,-1.0,-1.0,-1.0,0.0,0.012,1.0,-1,,unreal_rockfield.json,unreal_rockfield.json,nan,nan,nan
3333,-44.6562089907529,36.78243354594565,0.2657456316878078,Small,RegolithCovered,background_regolith,Background,Background,-1,-1.0,-1.0,-1.0,0.0,0.012,1.0,-1,,unreal_rockfield.json,unreal_rockfield.json,nan,nan,nan
3334,76.97531052583389,-136.47114474929043,0.2738659306228237,Small,RegolithCovered,background_regolith,Background,Background,-1,-1.0,-1.0,-1.0,0.0,0.012,1.0,-1,,unreal_rockfield.json,unreal_rockfield.json,nan,nan,nan
3335,-203.65764336069827,62.585833307901225,0.3453767033829397,Medium,RegolithCovered,background_regolith,Background,Background,-1,-1.0,-1.0,-1.0,0.0,0.012,1.0,-1,,unreal_rockfield.json,unreal_rockfield.json,nan,nan,nan
3336,2.2049623096407913,-106.92922757652514,0.26730883878565387,Small,RegolithCovered,background_regolith,Background,Background,-1,-1.0,-1.0,-1.0,0.0,0.012,1.0,-1,,unreal_rockfield.json,unreal_rockfield.json,nan,nan,nan
3337,240.8902249214148,186.79616687520985,0.33814457540626064,Medium,RegolithCovered,background_regolith,Background,Background,-1,-1.0,-1.0,-1.0,0.0,0.012,1.0,-1,,unreal_rockfield.json,unreal_rockfield.json,nan,nan,nan
3338,146.87795648060546,-215.66667683950317,0.3452913404157593,Medium,RegolithCovered,background_regolith,Background,Background,-1,-1.0,-1.0,-1.0,0.0,0.012,1.0,-1,,unreal_rockfield.json,unreal_rockfield.json,nan,nan,nan
3339,-230.17822809533982,-127.51396221808527,0.2738274808435409,Small,RegolithCovered,background_regolith,Background,Background,-1,-1.0,-1.0,-1.0,0.0,0.012,1.0,-1,,unreal_rockfield.json,unreal_rockfield.json,nan,nan,nan
3340,-191.06875820184942,-104.44196905423138,0.27069831859315635,Small,RegolithCovered,background_regolith,Background,Background,-1,-1.0,-1.0,-1.0,0.0,0.012,1.0,-1,,unreal_rockfield.json,unreal_rockfield.json,nan,nan,nan
3341,-216.81112094485306,102.30567339091158,0.289344236654716,Small,RegolithCovered,background_regolith,Background,Background,-1,-1.0,-1.0,-1.0,0.0,0.012,1.0,-1,,unreal_rockfield.json,unreal_rockfield.json,nan,nan,nan
3342,97.81945249794,230.59022797326577,0.3854960453515149,Medium,RegolithCovered,background_regolith,Background,Background,-1,-1.0,-1.0,-1.0,0.0,0.012,1.0,-1,,unreal_rockfield.json,unreal_rockfield.json,nan,nan,nan
3343,194.07483138523514,-104.19782097842341,0.29665106419451237,Small,RegolithCovered,background_regolith,Background,Background,-1,-1.0,-1.0,-1.0,0.0,0.012,1.0,-1,,unreal_rockfield.json,unreal_rockfield.json,nan,nan,nan
3344,29.24436170537433,200.60579241309858,0.30100619556905217,Medium,RegolithCovered,background_regolith,Background,Background,-1,-1.0,-1.0,-1.0,0.0,0.012,1.0,-1,,unreal_rockfield.json,unreal_rockfield.json,nan,nan,nan
3345,-141.247291482284,-121.7764824365978,0.2887555454174946,Small,RegolithCovered,background_regolith,Background,Background,-1,-1.0,-1.0,-1.0,0.0,0.012,1.0,-1,,unreal_rockfield.json,unreal_rockfield.json,nan,nan,nan
3346,140.72847682119203,22.11828974272896,0.37500182972716956,Medium,RegolithCovered,background_regolith,Background,Background,-1,-1.0,-1.0,-1.0,0.0,0.012,1.0,-1,,unreal_rockfield.json,unreal_rockfield.json,nan,nan,nan
3347,-20.80599383526109,-10.97903378398999,0.30078755988766737,Medium,RegolithCovered,background_regolith,Background,Background,-1,-1.0,-1.0,-1.0,0.0,0.012,1.0,-1,,unreal_rockfield.json,unreal_rockfield.json,nan,nan,nan
3348,162.59498886074402,-17.097994933927453,0.32267556427787586,Medium,RegolithCovered,background_regolith,Background,Background,-1,-1.0,-1.0,-1.0,0.0,0.012,1.0,-1,,unreal_rockfield.json,unreal_rockfield.json,nan,nan,nan
3349,-113.78063295388654,-140.33173619800408,0.28265069788311514,Small,RegolithCovered,background_regolith,Background,Background,-1,-1.0,-1.0,-1.0,0.0,0.012,1.0,-1,,unreal_rockfield.json,unreal_rockfield.json,nan,nan,nan
3350,-53.36924344615011,158.4139530625324,0.27366714564166,Small,RegolithCovered,background_regolith,Background,Background,-1,-1.0,-1.0,-1.0,0.0,0.012,1.0,-1,,unreal_rockfield.json,unreal_rockfield.json,nan,nan,nan
3351,-91.88360240485855,72.26020081179234,0.320223421705192,Medium,RegolithCovered,background_regolith,Background,Background,-1,-1.0,-1.0,-1.0,0.0,0.012,1.0,-1,,unreal_rockfield.json,unreal_rockfield.json,nan,nan,nan
3352,-173.947874385815,159.9246192815943,0.26190368110118073,Small,RegolithCovered,background_regolith,Background,Background,-1,-1.0,-1.0,-1.0,0.0,0.012,1.0,-1,,unreal_rockfield.json,unreal_rockfield.json,nan,nan,nan
3353,-214.23230689413128,123.16507461775569,0.295767734227994,Small,RegolithCovered,background_regolith,Background,Background,-1,-1.0,-1.0,-1.0,0.0,0.012,1.0,-1,,unreal_rockfield.json,unreal_rockfield.json,nan,nan,nan
3354,44.35102389599291,81.14108706930756,0.2769200660248871,Small,RegolithCovered,background_regolith,Background,Background,-1,-1.0,-1.0,-1.0,0.0,0.012,1.0,-1,,unreal_rockfield.json,unreal_rockfield.json,nan,nan,nan
3355,-248.8860744041261,145.2299569689016,0.34141588676671936,Medium,RegolithCovered,background_regolith,Background,Background,-1,-1.0,-1.0,-1.0,0.0,0.012,1.0,-1,,unreal_rockfield.json,unreal_rockfield.json,nan,nan,nan
3356,34.203619495223904,-82.4533829767754,0.2826216287448466,Small,RegolithCovered,background_regolith,Background,Background,-1,-1.0,-1.0,-1.0,0.0,0.012,1.0,-1,,unreal_rockfield.json,unreal_rockfield.json,nan,nan,nan
3357,-123.56181524094364,-23.659474471266805,0.2727524081843253,Small,RegolithCovered,background_regolith,Background,Background,-1,-1.0,-1.0,-1.0,0.0,0.012,1.0,-1,,unreal_rockfield.json,unreal_rockfield.json,nan,nan,nan
3358,-161.78624835963012,-196.92831202124088,0.3113476595350093,Medium,RegolithCovered,background_regolith,Background,Background,-1,-1.0,-1.0,-1.0,0.0,0.012,1.0,-1,,unreal_rockfield.json,unreal_rockfield.json,nan,nan,nan
3359,67.14835047456279,188.6120181890317,0.2688906418584716,Small,RegolithCovered,background_regolith,Background,Background,-1,-1.0,-1.0,-1.0,0.0,0.012,1.0,-1,,unreal_rockfield.json,unreal_rockfield.json,nan,nan,nan
3360,28.939176610614368,-124.34003723258155,0.3566633278790549,Medium,RegolithCovered,background_regolith,Background,Background,-1,-1.0,-1.0,-1.0,0.0,0.012,1.0,-1,,unreal_rockfield.json,unreal_rockfield.json,nan,nan,nan
3361,46.014282662434766,-101.96996978667562,0.3543876931067839,Medium,RegolithCovered,background_regolith,Background,Background,-1,-1.0,-1.0,-1.0,0.0,0.012,1.0,-1,,unreal_rockfield.json,unreal_rockfield.json,nan,nan,nan
3362,-207.15201269569994,-112.51411481063263,0.2610421973248742,Small,RegolithCovered,background_regolith,Background,Background,-1,-1.0,-1.0,-1.0,0.0,0.012,1.0,-1,,unreal_rockfield.json,unreal_rockfield.json,nan,nan,nan
3363,-199.14090395825068,248.41303750724813,0.369199082674153,Medium,RegolithCovered,background_regolith,Background,Background,-1,-1.0,-1.0,-1.0,0.0,0.012,1.0,-1,,unreal_rockfield.json,unreal_rockfield.json,nan,nan,nan
3364,80.89693899349953,-247.43644520401622,0.3050020597824484,Medium,RegolithCovered,background_regolith,Background,Background,-1,-1.0,-1.0,-1.0,0.0,0.012,1.0,-1,,unreal_rockfield.json,unreal_rockfield.json,nan,nan,nan
3365,177.74742881557665,90.70863979003263,0.31506250967352134,Medium,RegolithCovered,background_regolith,Background,Background,-1,-1.0,-1.0,-1.0,0.0,0.012,1.0,-1,,unreal_rockfield.json,unreal_rockfield.json,nan,nan,nan
3366,81.79723502304148,12.535477767265832,0.31040301154855143,Medium,RegolithCovered,background_regolith,Background,Background,-1,-1.0,-1.0,-1.0,0.0,0.012,1.0,-1,,unreal_rockfield.json,unreal_rockfield.json,nan,nan,nan
3367,35.0581377605518,249.43540757469407,0.2800447167237201,Small,RegolithCovered,background_regolith,Background,Background,-1,-1.0,-1.0,-1.0,0.0,0.012,1.0,-1,,unreal_rockfield.json,unreal_rockfield.json,nan,nan,nan
3368,-65.48509170812096,137.9360332041383,0.2655801027345719,Small,RegolithCovered,background_regolith,Background,Background,-1,-1.0,-1.0,-1.0,0.0,0.012,1.0,-1,,unreal_rockfield.json,unreal_rockfield.json,nan,nan,nan
3369,68.24701681569871,67.1178319650868,0.31166278593606217,Medium,RegolithCovered,background_regolith,Background,Background,-1,-1.0,-1.0,-1.0,0.0,0.012,1.0,-1,,unreal_rockfield.json,unreal_rockfield.json,nan,nan,nan
3370,246.84133426923427,104.97604297006137,0.36685048902594525,Medium,RegolithCovered,background_regolith,Background,Background,-1,-1.0,-1.0,-1.0,0.0,0.012,1.0,-1,,unreal_rockfield.json,unreal_rockfield.json,nan,nan,nan
3371,7.683034760582302,-164.54817346720785,0.36517114769347814,Medium,RegolithCovered,background_regolith,Background,Background,-1,-1.0,-1.0,-1.0,0.0,0.012,1.0,-1,,unreal_rockfield.json,unreal_rockfield.json,nan,nan,nan
3372,-181.5775017548143,233.3674123355815,0.2664540003969048,Small,RegolithCovered,background_regolith,Background,Background,-1,-1.0,-1.0,-1.0,0.0,0.012,1.0,-1,,unreal_rockfield.json,unreal_rockfield.json,nan,nan,nan
3373,-179.04446546830653,-57.12302011169774,0.30059545740660276,Medium,RegolithCovered,background_regolith,Background,Background,-1,-1.0,-1.0,-1.0,0.0,0.012,1.0,-1,,unreal_rockfield.json,unreal_rockfield.json,nan,nan,nan
3374,165.0212103640858,-222.33497116000854,0.34046000186697645,Medium,RegolithCovered,background_regolith,Background,Background,-1,-1.0,-1.0,-1.0,0.0,0.012,1.0,-1,,unreal_rockfield.json,unreal_rockfield.json,nan,nan,nan
3375,-247.13126010925626,-217.589342936491,0.30046551665497173,Medium,RegolithCovered,background_regolith,Background,Background,-1,-1.0,-1.0,-1.0,0.0,0.012,1.0,-1,,unreal_rockfield.json,unreal_rockfield.json,nan,nan,nan
3376,193.15927610095525,170.34669026764732,0.30038272782958075,Medium,RegolithCovered,background_regolith,Background,Background,-1,-1.0,-1.0,-1.0,0.0,0.012,1.0,-1,,unreal_rockfield.json,unreal_rockfield.json,nan,nan,nan
3377,-50.33265175328839,-142.81899472029784,0.26804476600534194,Small,RegolithCovered,background_regolith,Background,Background,-1,-1.0,-1.0,-1.0,0.0,0.012,1.0,-1,,unreal_rockfield.json,unreal_rockfield.json,nan,nan,nan
3378,-129.90966521195105,55.047761467329906,0.289659721795179,Small,RegolithCovered,background_regolith,Background,Background,-1,-1.0,-1.0,-1.0,0.0,0.012,1.0,-1,,unreal_rockfield.json,unreal_rockfield.json,nan,nan,nan
3379,-24.575029755546723,-218.18445387127292,0.2668787499963204,Small,RegolithCovered,background_regolith,Background,Background,-1,-1.0,-1.0,-1.0,0.0,0.012,1.0,-1,,unreal_rockfield.json,unreal_rockfield.json,nan,nan,nan
3380,158.16980498672444,-235.58000427259134,0.27652567703894343,Small,RegolithCovered,background_regolith,Background,Background,-1,-1.0,-1.0,-1.0,0.0,0.012,1.0,-1,,unreal_rockfield.json,unreal_rockfield.json,nan,nan,nan
3381,176.19098483230079,193.09823908200326,0.3129833865614072,Medium,RegolithCovered,background_regolith,Background,Background,-1,-1.0,-1.0,-1.0,0.0,0.012,1.0,-1,,unreal_rockfield.json,unreal_rockfield.json,nan,nan,nan
3382,25.383770256660682,121.10507522812588,0.3795973581132318,Medium,RegolithCovered,background_regolith,Background,Background,-1,-1.0,-1.0,-1.0,0.0,0.012,1.0,-1,,unreal_rockfield.json,unreal_rockfield.json,nan,nan,nan
3383,17.983031708731346,141.14047669911798,0.26415322939245905,Small,RegolithCovered,background_regolith,Background,Background,-1,-1.0,-1.0,-1.0,0.0,0.012,1.0,-1,,unreal_rockfield.json,unreal_rockfield.json,nan,nan,nan
3384,189.74120303964355,-184.41572313608202,0.3075236912615367,Medium,RegolithCovered,background_regolith,Background,Background,-1,-1.0,-1.0,-1.0,0.0,0.012,1.0,-1,,unreal_rockfield.json,unreal_rockfield.json,nan,nan,nan
3385,157.01010162663653,19.646290475173203,0.28091890554150617,Small,RegolithCovered,background_regolith,Background,Background,-1,-1.0,-1.0,-1.0,0.0,0.012,1.0,-1,,unreal_rockfield.json,unreal_rockfield.json,nan,nan,nan
3386,94.84389782403031,74.22864467299416,0.35829804483843036,Medium,RegolithCovered,background_regolith,Background,Background,-1,-1.0,-1.0,-1.0,0.0,0.012,1.0,-1,,unreal_rockfield.json,unreal_rockfield.json,nan,nan,nan
3387,30.48036133915224,198.01171910763878,0.2753499493616364,Small,RegolithCovered,background_regolith,Background,Background,-1,-1.0,-1.0,-1.0,0.0,0.012,1.0,-1,,unreal_rockfield.json,unreal_rockfield.json,nan,nan,nan
3388,131.87810907315287,-186.32312997833185,0.27191883268634137,Small,RegolithCovered,background_regolith,Background,Background,-1,-1.0,-1.0,-1.0,0.0,0.012,1.0,-1,,unreal_rockfield.json,unreal_rockfield.json,nan,nan,nan
3389,122.75307473982974,-72.48908963286232,0.2723649489865987,Small,RegolithCovered,background_regolith,Background,Background,-1,-1.0,-1.0,-1.0,0.0,0.012,1.0,-1,,unreal_rockfield.json,unreal_rockfield.json,nan,nan,nan
3390,9.285256508072166,-76.74642170476395,0.2929589798131638,Small,RegolithCovered,background_regolith,Background,Background,-1,-1.0,-1.0,-1.0,0.0,0.012,1.0,-1,,unreal_rockfield.json,unreal_rockfield.json,nan,nan,nan
3391,200.97201452681054,-4.7379985961485716,0.37272297723871506,Medium,RegolithCovered,background_regolith,Background,Background,-1,-1.0,-1.0,-1.0,0.0,0.012,1.0,-1,,unreal_rockfield.json,unreal_rockfield.json,nan,nan,nan
3392,112.05633716849269,158.5512863551744,0.266957458881768,Small,RegolithCovered,background_regolith,Background,Background,-1,-1.0,-1.0,-1.0,0.0,0.012,1.0,-1,,unreal_rockfield.json,unreal_rockfield.json,nan,nan,nan
3393,165.28061769463181,180.06683553575243,0.2888720075311406,Small,RegolithCovered,background_regolith,Background,Background,-1,-1.0,-1.0,-1.0,0.0,0.012,1.0,-1,,unreal_rockfield.json,unreal_rockfield.json,nan,nan,nan
3394,-125.46922208319346,-190.94668416394543,0.31913075077237124,Medium,RegolithCovered,background_regolith,Background,Background,-1,-1.0,-1.0,-1.0,0.0,0.012,1.0,-1,,unreal_rockfield.json,unreal_rockfield.json,nan,nan,nan
3395,157.42210150456253,13.527329325235769,0.26892703699574977,Small,RegolithCovered,background_regolith,Background,Background,-1,-1.0,-1.0,-1.0,0.0,0.012,1.0,-1,,unreal_rockfield.json,unreal_rockfield.json,nan,nan,nan
3396,-196.37897885067292,-245.7426679280984,0.32383547979067545,Medium,RegolithCovered,background_regolith,Background,Background,-1,-1.0,-1.0,-1.0,0.0,0.012,1.0,-1,,unreal_rockfield.json,unreal_rockfield.json,nan,nan,nan
3397,156.58284249397258,-148.32758568071534,0.2958698430452559,Small,RegolithCovered,background_regolith,Background,Background,-1,-1.0,-1.0,-1.0,0.0,0.012,1.0,-1,,unreal_rockfield.json,unreal_rockfield.json,nan,nan,nan
3398,18.486587115085285,186.10950041199987,0.26393359730841176,Small,RegolithCovered,background_regolith,Background,Background,-1,-1.0,-1.0,-1.0,0.0,0.012,1.0,-1,,unreal_rockfield.json,unreal_rockfield.json,nan,nan,nan
3399,-100.15411847285381,8.293404950102229,0.3525454023881621,Medium,RegolithCovered,background_regolith,Background,Background,-1,-1.0,-1.0,-1.0,0.0,0.012,1.0,-1,,unreal_rockfield.json,unreal_rockfield.json,nan,nan,nan
3400,206.72475356303602,86.710715048677,0.3633908991989895,Medium,RegolithCovered,background_regolith,Background,Background,-1,-1.0,-1.0,-1.0,0.0,0.012,1.0,-1,,unreal_rockfield.json,unreal_rockfield.json,nan,nan,nan
3401,33.85265663624989,-124.66048158207954,0.29797857139488454,Small,RegolithCovered,background_regolith,Background,Background,-1,-1.0,-1.0,-1.0,0.0,0.012,1.0,-1,,unreal_rockfield.json,unreal_rockfield.json,nan,nan,nan
3402,-76.029236732078,-51.53813287759027,0.2703282034163303,Small,RegolithCovered,background_regolith,Background,Background,-1,-1.0,-1.0,-1.0,0.0,0.012,1.0,-1,,unreal_rockfield.json,unreal_rockfield.json,nan,nan,nan
3403,-128.03277687917722,248.42829676198613,0.2975921560215658,Small,RegolithCovered,background_regolith,Background,Background,-1,-1.0,-1.0,-1.0,0.0,0.012,1.0,-1,,unreal_rockfield.json,unreal_rockfield.json,nan,nan,nan
3404,-130.397961363567,143.84136478774377,0.26747134257859706,Small,RegolithCovered,background_regolith,Background,Background,-1,-1.0,-1.0,-1.0,0.0,0.012,1.0,-1,,unreal_rockfield.json,unreal_rockfield.json,nan,nan,nan
3405,-64.79842524491102,171.26224555192726,0.2769677649686778,Small,RegolithCovered,background_regolith,Background,Background,-1,-1.0,-1.0,-1.0,0.0,0.012,1.0,-1,,unreal_rockfield.json,unreal_rockfield.json,nan,nan,nan
3406,-155.91143528550066,234.32874538407543,0.4955351607965487,Medium,RegolithCovered,background_regolith,Background,Background,-1,-1.0,-1.0,-1.0,0.0,0.012,1.0,-1,,unreal_rockfield.json,unreal_rockfield.json,nan,nan,nan
3407,31.97576830347606,202.80312509537038,0.2702414105881812,Small,RegolithCovered,background_regolith,Background,Background,-1,-1.0,-1.0,-1.0,0.0,0.012,1.0,-1,,unreal_rockfield.json,unreal_rockfield.json,nan,nan,nan
3408,222.44178594317452,-211.71452986236153,0.28426538898591786,Small,RegolithCovered,background_regolith,Background,Background,-1,-1.0,-1.0,-1.0,0.0,0.012,1.0,-1,,unreal_rockfield.json,unreal_rockfield.json,nan,nan,nan
3409,-79.75249488814967,-221.6940824610126,0.29558970281719976,Small,RegolithCovered,background_regolith,Background,Background,-1,-1.0,-1.0,-1.0,0.0,0.012,1.0,-1,,unreal_rockfield.json,unreal_rockfield.json,nan,nan,nan
3410,147.18314157536543,-106.24256111331522,0.33747068295687316,Medium,RegolithCovered,background_regolith,Background,Background,-1,-1.0,-1.0,-1.0,0.0,0.012,1.0,-1,,unreal_rockfield.json,unreal_rockfield.json,nan,nan,nan
3411,31.6400646992401,-27.779473250526422,0.3802715094361752,Medium,RegolithCovered,background_regolith,Background,Background,-1,-1.0,-1.0,-1.0,0.0,0.012,1.0,-1,,unreal_rockfield.json,unreal_rockfield.json,nan,nan,nan
3412,-54.94094668416395,-58.66420484023561,0.26717016048865655,Small,RegolithCovered,background_regolith,Background,Background,-1,-1.0,-1.0,-1.0,0.0,0.012,1.0,-1,,unreal_rockfield.json,unreal_rockfield.json,nan,nan,nan
3413,-239.88311410870693,160.50447096163822,0.36209124093692086,Medium,RegolithCovered,background_regolith,Background,Background,-1,-1.0,-1.0,-1.0,0.0,0.012,1.0,-1,,unreal_rockfield.json,unreal_rockfield.json,nan,nan,nan
3414,188.0321665089877,-146.08447523422956,0.2839093259532942,Small,RegolithCovered,background_regolith,Background,Background,-1,-1.0,-1.0,-1.0,0.0,0.012,1.0,-1,,unreal_rockfield.json,unreal_rockfield.json,nan,nan,nan
3415,-136.7610705893124,13.161107211523813,0.2716978966861802,Small,RegolithCovered,background_regolith,Background,Background,-1,-1.0,-1.0,-1.0,0.0,0.012,1.0,-1,,unreal_rockfield.json,unreal_rockfield.json,nan,nan,nan
3416,40.932950834681264,187.81853694265573,0.27569268782112455,Small,RegolithCovered,background_regolith,Background,Background,-1,-1.0,-1.0,-1.0,0.0,0.012,1.0,-1,,unreal_rockfield.json,unreal_rockfield.json,nan,nan,nan
3417,31.182287057100154,109.8437452314829,0.33062783803402007,Medium,RegolithCovered,background_regolith,Background,Background,-1,-1.0,-1.0,-1.0,0.0,0.012,1.0,-1,,unreal_rockfield.json,unreal_rockfield.json,nan,nan,nan
3418,-247.52800073244424,-134.02966399121067,0.3337570342331356,Medium,RegolithCovered,background_regolith,Background,Background,-1,-1.0,-1.0,-1.0,0.0,0.012,1.0,-1,,unreal_rockfield.json,unreal_rockfield.json,nan,nan,nan
3419,83.67412335581531,-49.52391125217446,0.31704027957359054,Medium,RegolithCovered,background_regolith,Background,Background,-1,-1.0,-1.0,-1.0,0.0,0.012,1.0,-1,,unreal_rockfield.json,unreal_rockfield.json,nan,nan,nan
3420,39.01028473769344,161.32847071749018,0.2703440073114587,Small,RegolithCovered,background_regolith,Background,Background,-1,-1.0,-1.0,-1.0,0.0,0.012,1.0,-1,,unreal_rockfield.json,unreal_rockfield.json,nan,nan,nan
3421,-3.273110141300691,-81.96508682515946,0.27486088537616754,Small,RegolithCovered,background_regolith,Background,Background,-1,-1.0,-1.0,-1.0,0.0,0.012,1.0,-1,,unreal_rockfield.json,unreal_rockfield.json,nan,nan,nan
3422,-127.98699911496323,-131.5576647236549,0.29320232642456256,Small,RegolithCovered,background_regolith,Background,Background,-1,-1.0,-1.0,-1.0,0.0,0.012,1.0,-1,,unreal_rockfield.json,unreal_rockfield.json,nan,nan,nan
3423,-25.07858516190069,25.81102938932463,0.3139308279112054,Medium,RegolithCovered,background_regolith,Background,Background,-1,-1.0,-1.0,-1.0,0.0,0.012,1.0,-1,,unreal_rockfield.json,unreal_rockfield.json,nan,nan,nan
3424,-4.707480086672575,-180.92135380108036,0.28575709083213535,Small,RegolithCovered,background_regolith,Background,Background,-1,-1.0,-1.0,-1.0,0.0,0.012,1.0,-1,,unreal_rockfield.json,unreal_rockfield.json,nan,nan,nan
3425,11.314737388225979,238.43348490859705,0.3045630650012322,Medium,RegolithCovered,background_regolith,Background,Background,-1,-1.0,-1.0,-1.0,0.0,0.012,1.0,-1,,unreal_rockfield.json,unreal_rockfield.json,nan,nan,nan
3426,55.383465071565865,-49.12717062898648,0.572840655063382,Medium,RegolithCovered,background_regolith,Background,Background,-1,-1.0,-1.0,-1.0,0.0,0.012,1.0,-1,,unreal_rockfield.json,unreal_rockfield.json,nan,nan,nan
3427,-249.34385204626605,-21.340067751091027,0.26690591987560663,Small,RegolithCovered,background_regolith,Background,Background,-1,-1.0,-1.0,-1.0,0.0,0.012,1.0,-1,,unreal_rockfield.json,unreal_rockfield.json,nan,nan,nan
3428,216.2923062837611,-34.24939725943784,0.27659551290497214,Small,RegolithCovered,background_regolith,Background,Background,-1,-1.0,-1.0,-1.0,0.0,0.012,1.0,-1,,unreal_rockfield.json,unreal_rockfield.json,nan,nan,nan
3429,-68.24701681569871,-189.72594378490555,0.28449765068078875,Small,RegolithCovered,background_regolith,Background,Background,-1,-1.0,-1.0,-1.0,0.0,0.012,1.0,-1,,unreal_rockfield.json,unreal_rockfield.json,nan,nan,nan
3430,234.09985656300546,152.69173253578293,0.30891258264187993,Medium,RegolithCovered,background_regolith,Background,Background,-1,-1.0,-1.0,-1.0,0.0,0.012,1.0,-1,,unreal_rockfield.json,unreal_rockfield.json,nan,nan,nan
3431,167.95098727378155,-93.08908352916043,0.2696755207914335,Small,RegolithCovered,background_regolith,Background,Background,-1,-1.0,-1.0,-1.0,0.0,0.012,1.0,-1,,unreal_rockfield.json,unreal_rockfield.json,nan,nan,nan
3432,-124.21796319467757,135.76921903134252,0.27000736767766687,Small,RegolithCovered,background_regolith,Background,Background,-1,-1.0,-1.0,-1.0,0.0,0.012,1.0,-1,,unreal_rockfield.json,unreal_rockfield.json,nan,nan,nan
3433,-230.5749687185278,-32.677694021423974,0.5007381554598667,Medium,RegolithCovered,background_regolith,Background,Background,-1,-1.0,-1.0,-1.0,0.0,0.012,1.0,-1,,unreal_rockfield.json,unreal_rockfield.json,nan,nan,nan
3434,-31.30436109500411,81.27842036194954,0.33949656796897265,Medium,RegolithCovered,background_regolith,Background,Background,-1,-1.0,-1.0,-1.0,0.0,0.012,1.0,-1,,unreal_rockfield.json,unreal_rockfield.json,nan,nan,nan
3435,153.59202856532488,-96.27826776940216,0.2656779434923566,Small,RegolithCovered,background_regolith,Background,Background,-1,-1.0,-1.0,-1.0,0.0,0.012,1.0,-1,,unreal_rockfield.json,unreal_rockfield.json,nan,nan,nan
3436,-52.77413251136815,193.28135013885924,0.26325613826833,Small,RegolithCovered,background_regolith,Background,Background,-1,-1.0,-1.0,-1.0,0.0,0.012,1.0,-1,,unreal_rockfield.json,unreal_rockfield.json,nan,nan,nan
3437,68.17072054200872,102.22937711722159,0.3303098733705265,Medium,RegolithCovered,background_regolith,Background,Background,-1,-1.0,-1.0,-1.0,0.0,0.012,1.0,-1,,unreal_rockfield.json,unreal_rockfield.json,nan,nan,nan
3438,212.58430738242743,83.7961973937193,0.2771016638609808,Small,RegolithCovered,background_regolith,Background,Background,-1,-1.0,-1.0,-1.0,0.0,0.012,1.0,-1,,unreal_rockfield.json,unreal_rockfield.json,nan,nan,nan
3439,-195.31083101901302,17.677846613971383,0.27976693146177045,Small,RegolithCovered,background_regolith,Background,Background,-1,-1.0,-1.0,-1.0,0.0,0.012,1.0,-1,,unreal_rockfield.json,unreal_rockfield.json,nan,nan,nan
3440,123.30240791039768,-240.56978057191688,0.29687678288255537,Small,RegolithCovered,background_regolith,Background,Background,-1,-1.0,-1.0,-1.0,0.0,0.012,1.0,-1,,unreal_rockfield.json,unreal_rockfield.json,nan,nan,nan
3441,242.06518753624073,9.147923215430183,0.28071902709748614,Small,RegolithCovered,background_regolith,Background,Background,-1,-1.0,-1.0,-1.0,0.0,0.012,1.0,-1,,unreal_rockfield.json,unreal_rockfield.json,nan,nan,nan
3442,180.3567613757744,-42.93191320535905,0.5387145545938055,Medium,RegolithCovered,background_regolith,Background,Background,-1,-1.0,-1.0,-1.0,0.0,0.012,1.0,-1,,unreal_rockfield.json,unreal_rockfield.json,nan,nan,nan
3443,-127.66655476546525,-166.95913571581164,0.29599466093918614,Small,RegolithCovered,background_regolith,Background,Background,-1,-1.0,-1.0,-1.0,0.0,0.012,1.0,-1,,unreal_rockfield.json,unreal_rockfield.json,nan,nan,nan
3444,144.71114230780967,-173.963133640553,0.26456607936456744,Small,RegolithCovered,background_regolith,Background,Background,-1,-1.0,-1.0,-1.0,0.0,0.012,1.0,-1,,unreal_rockfield.json,unreal_rockfield.json,nan,nan,nan
3445,-142.3764763328959,-224.08978545487838,0.2689877810614094,Small,RegolithCovered,background_regolith,Background,Background,-1,-1.0,-1.0,-1.0,0.0,0.012,1.0,-1,,unreal_rockfield.json,unreal_rockfield.json,nan,nan,nan
3446,117.5649281289102,-70.03234962004456,0.2784970127832051,Small,RegolithCovered,background_regolith,Background,Background,-1,-1.0,-1.0,-1.0,0.0,0.012,1.0,-1,,unreal_rockfield.json,unreal_rockfield.json,nan,nan,nan
3447,88.32819605090486,217.040009765923,0.2607153870700997,Small,RegolithCovered,background_regolith,Background,Background,-1,-1.0,-1.0,-1.0,0.0,0.012,1.0,-1,,unreal_rockfield.json,unreal_rockfield.json,nan,nan,nan
3448,210.11230811487167,165.14328440198983,0.38232808990235345,Medium,RegolithCovered,background_regolith,Background,Background,-1,-1.0,-1.0,-1.0,0.0,0.012,1.0,-1,,unreal_rockfield.json,unreal_rockfield.json,nan,nan,nan
3449,94.69130527665027,148.02240058595538,0.28581560314206716,Small,RegolithCovered,background_regolith,Background,Background,-1,-1.0,-1.0,-1.0,0.0,0.012,1.0,-1,,unreal_rockfield.json,unreal_rockfield.json,nan,nan,nan
3450,18.59340189825133,-97.43797112949005,0.26780308359587457,Small,RegolithCovered,background_regolith,Background,Background,-1,-1.0,-1.0,-1.0,0.0,0.012,1.0,-1,,unreal_rockfield.json,unreal_rockfield.json,nan,nan,nan
3451,-56.22272408215585,30.938138981292184,0.2835957232125037,Small,RegolithCovered,background_regolith,Background,Background,-1,-1.0,-1.0,-1.0,0.0,0.012,1.0,-1,,unreal_rockfield.json,unreal_rockfield.json,nan,nan,nan
3452,-111.21707815790276,-106.02893154698324,0.2616467008173884,Small,RegolithCovered,background_regolith,Background,Background,-1,-1.0,-1.0,-1.0,0.0,0.012,1.0,-1,,unreal_rockfield.json,unreal_rockfield.json,nan,nan,nan
3453,-129.66551713614308,36.156804101687726,0.28915675958750037,Small,RegolithCovered,background_regolith,Background,Background,-1,-1.0,-1.0,-1.0,0.0,0.012,1.0,-1,,unreal_rockfield.json,unreal_rockfield.json,nan,nan,nan
3454,89.85412152470474,176.61824396496473,0.28692029021086163,Small,RegolithCovered,background_regolith,Background,Background,-1,-1.0,-1.0,-1.0,0.0,0.012,1.0,-1,,unreal_rockfield.json,unreal_rockfield.json,nan,nan,nan
3455,-220.4580828272347,-148.08343760490737,0.44802965628932906,Medium,RegolithCovered,background_regolith,Background,Background,-1,-1.0,-1.0,-1.0,0.0,0.012,1.0,-1,,unreal_rockfield.json,unreal_rockfield.json,nan,nan,nan
3456,208.31171605578783,-195.58549760429702,0.4173660724633709,Medium,RegolithCovered,background_regolith,Background,Background,-1,-1.0,-1.0,-1.0,0.0,0.012,1.0,-1,,unreal_rockfield.json,unreal_rockfield.json,nan,nan,nan
3457,-139.61455122531817,89.09115878780483,0.3220518184993706,Medium,RegolithCovered,background_regolith,Background,Background,-1,-1.0,-1.0,-1.0,0.0,0.012,1.0,-1,,unreal_rockfield.json,unreal_rockfield.json,nan,nan,nan
3458,4.707480086672547,161.48106326487016,0.2838815461369659,Small,RegolithCovered,background_regolith,Background,Background,-1,-1.0,-1.0,-1.0,0.0,0.012,1.0,-1,,unreal_rockfield.json,unreal_rockfield.json,nan,nan,nan
3459,-202.71156956694236,2.5864436780907454,0.2935192488995762,Small,RegolithCovered,background_regolith,Background,Background,-1,-1.0,-1.0,-1.0,0.0,0.012,1.0,-1,,unreal_rockfield.json,unreal_rockfield.json,nan,nan,nan
3460,-161.23691518906216,-183.40861232337414,0.30337583841752863,Medium,RegolithCovered,background_regolith,Background,Background,-1,-1.0,-1.0,-1.0,0.0,0.012,1.0,-1,,unreal_rockfield.json,unreal_rockfield.json,nan,nan,nan
3461,-97.42271187475205,3.990295113986633,0.2628449213457926,Small,RegolithCovered,background_regolith,Background,Background,-1,-1.0,-1.0,-1.0,0.0,0.012,1.0,-1,,unreal_rockfield.json,unreal_rockfield.json,nan,nan,nan
3462,247.52800073244424,-209.9139378032777,0.2728219303084384,Small,RegolithCovered,background_regolith,Background,Background,-1,-1.0,-1.0,-1.0,0.0,0.012,1.0,-1,,unreal_rockfield.json,unreal_rockfield.json,nan,nan,nan
3463,-149.07528916287728,-65.07309183019501,0.2633655307142271,Small,RegolithCovered,background_regolith,Background,Background,-1,-1.0,-1.0,-1.0,0.0,0.012,1.0,-1,,unreal_rockfield.json,unreal_rockfield.json,nan,nan,nan
3464,45.632801293984755,165.84521011993775,0.27011084260119633,Small,RegolithCovered,background_regolith,Background,Background,-1,-1.0,-1.0,-1.0,0.0,0.012,1.0,-1,,unreal_rockfield.json,unreal_rockfield.json,nan,nan,nan
3465,16.06036561174352,-4.2649616992706,0.32912000852573137,Medium,RegolithCovered,background_regolith,Background,Background,-1,-1.0,-1.0,-1.0,0.0,0.012,1.0,-1,,unreal_rockfield.json,unreal_rockfield.json,nan,nan,nan
3466,93.27219458601644,129.28403576769307,0.3315652023457821,Medium,RegolithCovered,background_regolith,Background,Background,-1,-1.0,-1.0,-1.0,0.0,0.012,1.0,-1,,unreal_rockfield.json,unreal_rockfield.json,nan,nan,nan
3467,127.80388805810719,-234.38978240302743,0.28515068806588745,Small,RegolithCovered,background_regolith,Background,Background,-1,-1.0,-1.0,-1.0,0.0,0.012,1.0,-1,,unreal_rockfield.json,unreal_rockfield.json,nan,nan,nan
3468,-167.08120975371563,182.34046449171422,0.28712200153390055,Small,RegolithCovered,background_regolith,Background,Background,-1,-1.0,-1.0,-1.0,0.0,0.012,1.0,-1,,unreal_rockfield.json,unreal_rockfield.json,nan,nan,nan
3469,21.507919553209035,97.51426740318004,0.26323301822613393,Small,RegolithCovered,background_regolith,Background,Background,-1,-1.0,-1.0,-1.0,0.0,0.012,1.0,-1,,unreal_rockfield.json,unreal_rockfield.json,nan,nan,nan
3470,19.859920041505177,-81.24790185247352,0.28807993430806134,Small,RegolithCovered,background_regolith,Background,Background,-1,-1.0,-1.0,-1.0,0.0,0.012,1.0,-1,,unreal_rockfield.json,unreal_rockfield.json,nan,nan,nan
3471,78.69960631122774,9.651478621784122,0.33329338602529457,Medium,RegolithCovered,background_regolith,Background,Background,-1,-1.0,-1.0,-1.0,0.0,0.012,1.0,-1,,unreal_rockfield.json,unreal_rockfield.json,nan,nan,nan
3472,-51.15665150914029,-226.91274758140813,0.34811917742052717,Medium,RegolithCovered,background_regolith,Background,Background,-1,-1.0,-1.0,-1.0,0.0,0.012,1.0,-1,,unreal_rockfield.json,unreal_rockfield.json,nan,nan,nan
3473,-3.959776604510637,214.1254921109653,0.3399378591098351,Medium,RegolithCovered,background_regolith,Background,Background,-1,-1.0,-1.0,-1.0,0.0,0.012,1.0,-1,,unreal_rockfield.json,unreal_rockfield.json,nan,nan,nan
3474,99.89471114230781,23.18643757438889,0.2711225021483897,Small,RegolithCovered,background_regolith,Background,Background,-1,-1.0,-1.0,-1.0,0.0,0.012,1.0,-1,,unreal_rockfield.json,unreal_rockfield.json,nan,nan,nan
3475,206.40430921353806,-191.00772118289743,0.2613406582182225,Small,RegolithCovered,background_regolith,Background,Background,-1,-1.0,-1.0,-1.0,0.0,0.012,1.0,-1,,unreal_rockfield.json,unreal_rockfield.json,nan,nan,nan
3476,175.47379985961487,-34.73769341105381,0.35338049888257056,Medium,RegolithCovered,background_regolith,Background,Background,-1,-1.0,-1.0,-1.0,0.0,0.012,1.0,-1,,unreal_rockfield.json,unreal_rockfield.json,nan,nan,nan
3477,47.677541428876566,100.26093325601977,0.345892364763211,Medium,RegolithCovered,background_regolith,Background,Background,-1,-1.0,-1.0,-1.0,0.0,0.012,1.0,-1,,unreal_rockfield.json,unreal_rockfield.json,nan,nan,nan
3478,168.83602404858544,31.746879482406086,0.3264976008949122,Medium,RegolithCovered,background_regolith,Background,Background,-1,-1.0,-1.0,-1.0,0.0,0.012,1.0,-1,,unreal_rockfield.json,unreal_rockfield.json,nan,nan,nan
3479,71.98553422650838,203.3219397564623,0.3598163390500885,Medium,RegolithCovered,background_regolith,Background,Background,-1,-1.0,-1.0,-1.0,0.0,0.012,1.0,-1,,unreal_rockfield.json,unreal_rockfield.json,nan,nan,nan
3480,74.56434827723012,120.49470503860596,0.32030047611191353,Medium,RegolithCovered,background_regolith,Background,Background,-1,-1.0,-1.0,-1.0,0.0,0.012,1.0,-1,,unreal_rockfield.json,unreal_rockfield.json,nan,nan,nan
3481,143.30729087191378,185.33127842036197,0.2963618843854867,Small,RegolithCovered,background_regolith,Background,Background,-1,-1.0,-1.0,-1.0,0.0,0.012,1.0,-1,,unreal_rockfield.json,unreal_rockfield.json,nan,nan,nan
3482,-183.57646412549212,-10.460219122898053,0.26489758861405127,Small,RegolithCovered,background_regolith,Background,Background,-1,-1.0,-1.0,-1.0,0.0,0.012,1.0,-1,,unreal_rockfield.json,unreal_rockfield.json,nan,nan,nan
3483,128.2616657002472,239.54741050447097,0.2602916094308965,Small,RegolithCovered,background_regolith,Background,Background,-1,-1.0,-1.0,-1.0,0.0,0.012,1.0,-1,,unreal_rockfield.json,unreal_rockfield.json,nan,nan,nan
3484,111.26285592211678,179.4564653462325,0.2702461391409021,Small,RegolithCovered,background_regolith,Background,Background,-1,-1.0,-1.0,-1.0,0.0,0.012,1.0,-1,,unreal_rockfield.json,unreal_rockfield.json,nan,nan,nan
3485,-25.09384441663869,-83.01797540208136,0.39766251505535327,Medium,RegolithCovered,background_regolith,Background,Background,-1,-1.0,-1.0,-1.0,0.0,0.012,1.0,-1,,unreal_rockfield.json,unreal_rockfield.json,nan,nan,nan
3486,-1.8692587054048317,-4.890591143528553,0.3124274271391195,Medium,RegolithCovered,background_regolith,Background,Background,-1,-1.0,-1.0,-1.0,0.0,0.012,1.0,-1,,unreal_rockfield.json,unreal_rockfield.json,nan,nan,nan
3487,239.71526230658895,-32.89132358775598,0.3164421483317735,Medium,RegolithCovered,background_regolith,Background,Background,-1,-1.0,-1.0,-1.0,0.0,0.012,1.0,-1,,unreal_rockfield.json,unreal_rockfield.json,nan,nan,nan
3488,-172.37617114780113,46.06006042664876,0.26469185939946366,Small,RegolithCovered,background_regolith,Background,Background,-1,-1.0,-1.0,-1.0,0.0,0.012,1.0,-1,,unreal_rockfield.json,unreal_rockfield.json,nan,nan,nan
3489,98.10937833796197,44.94613483077484,0.31849001539573335,Medium,RegolithCovered,background_regolith,Background,Background,-1,-1.0,-1.0,-1.0,0.0,0.012,1.0,-1,,unreal_rockfield.json,unreal_rockfield.json,nan,nan,nan
3490,-186.27735221411785,148.7395855586413,0.3647441990145622,Medium,RegolithCovered,background_regolith,Background,Background,-1,-1.0,-1.0,-1.0,0.0,0.012,1.0,-1,,unreal_rockfield.json,unreal_rockfield.json,nan,nan,nan
3491,-1.6708883938108556,115.94744712668233,0.28018441963470136,Small,RegolithCovered,background_regolith,Background,Background,-1,-1.0,-1.0,-1.0,0.0,0.012,1.0,-1,,unreal_rockfield.json,unreal_rockfield.json,nan,nan,nan
3492,-12.13873714407788,-29.2596209601123,0.33528892129945403,Medium,RegolithCovered,background_regolith,Background,Background,-1,-1.0,-1.0,-1.0,0.0,0.012,1.0,-1,,unreal_rockfield.json,unreal_rockfield.json,nan,nan,nan
3493,-172.29987487411114,17.159031952879445,0.2647414967262952,Small,RegolithCovered,background_regolith,Background,Background,-1,-1.0,-1.0,-1.0,0.0,0.012,1.0,-1,,unreal_rockfield.json,unreal_rockfield.json,nan,nan,nan
3494,249.58800012207405,85.47471541489915,0.27144896747290614,Small,RegolithCovered,background_regolith,Background,Background,-1,-1.0,-1.0,-1.0,0.0,0.012,1.0,-1,,unreal_rockfield.json,unreal_rockfield.json,nan,nan,nan
3495,194.8072756126591,3.8224433118686534,0.33853571960635426,Medium,RegolithCovered,background_regolith,Background,Background,-1,-1.0,-1.0,-1.0,0.0,0.012,1.0,-1,,unreal_rockfield.json,unreal_rockfield.json,nan,nan,nan
3496,-133.00729392376476,42.04687643055513,0.2773632617178733,Small,RegolithCovered,background_regolith,Background,Background,-1,-1.0,-1.0,-1.0,0.0,0.012,1.0,-1,,unreal_rockfield.json,unreal_rockfield.json,nan,nan,nan
3497,124.21796319467762,-89.80834376049074,0.28321430145464854,Small,RegolithCovered,background_regolith,Background,Background,-1,-1.0,-1.0,-1.0,0.0,0.012,1.0,-1,,unreal_rockfield.json,unreal_rockfield.json,nan,nan,nan
3498,-67.91546725390256,76.54327931276198,0.2980055984914389,Small,RegolithCovered,background_clump,Background,Background,-1,-1.0,-1.0,-1.0,0.0,0.012,1.0,100000,,unreal_rockfield.json,unreal_rockfield.json,nan,nan,nan
3499,-68.40388796311328,78.66436857922011,0.28837170776733645,Small,RegolithCovered,background_clump,Background,Background,-1,-1.0,-1.0,-1.0,0.0,0.012,1.0,100000,,unreal_rockfield.json,unreal_rockfield.json,nan,nan,nan
3500,-68.0167761410733,72.46719451016799,0.2813630128611876,Small,RegolithCovered,background_clump,Background,Background,-1,-1.0,-1.0,-1.0,0.0,0.012,1.0,100000,,unreal_rockfield.json,unreal_rockfield.json,nan,nan,nan
3501,-67.36553720246236,76.79257075811636,0.2786968734804203,Small,RegolithCovered,background_clump,Background,Background,-1,-1.0,-1.0,-1.0,0.0,0.012,1.0,100000,,unreal_rockfield.json,unreal_rockfield.json,nan,nan,nan
3502,-66.29466216272922,86.2949373520387,0.4690420946871522,Medium,RegolithCovered,background_clump,Background,Background,-1,-1.0,-1.0,-1.0,0.0,0.012,1.0,100000,,unreal_rockfield.json,unreal_rockfield.json,nan,nan,nan
3503,-67.4764298922327,74.70550673704933,0.2772880475919484,Small,RegolithCovered,background_clump,Background,Background,-1,-1.0,-1.0,-1.0,0.0,0.012,1.0,100000,,unreal_rockfield.json,unreal_rockfield.json,nan,nan,nan
3504,-63.79470413774876,76.39816640926135,0.2834147910282103,Small,RegolithCovered,background_clump,Background,Background,-1,-1.0,-1.0,-1.0,0.0,0.012,1.0,100000,,unreal_rockfield.json,unreal_rockfield.json,nan,nan,nan
3505,78.65445877033663,71.51778653790534,0.27411688553009356,Small,RegolithCovered,background_clump,Background,Background,-1,-1.0,-1.0,-1.0,0.0,0.012,1.0,100001,,unreal_rockfield.json,unreal_rockfield.json,nan,nan,nan
3506,81.88356249557017,68.48522402650579,0.2684598661717877,Small,RegolithCovered,background_clump,Background,Background,-1,-1.0,-1.0,-1.0,0.0,0.012,1.0,100001,,unreal_rockfield.json,unreal_rockfield.json,nan,nan,nan
3507,83.22229484626016,67.83582687679137,0.28165127016619657,Small,RegolithCovered,background_clump,Background,Background,-1,-1.0,-1.0,-1.0,0.0,0.012,1.0,100001,,unreal_rockfield.json,unreal_rockfield.json,nan,nan,nan
3508,84.20123406068087,70.93026814371615,0.2871118896666749,Small,RegolithCovered,background_clump,Background,Background,-1,-1.0,-1.0,-1.0,0.0,0.012,1.0,100001,,unreal_rockfield.json,unreal_rockfield.json,nan,nan,nan
3509,82.73469866731543,66.77555312046519,0.35961098454450074,Medium,RegolithCovered,background_clump,Background,Background,-1,-1.0,-1.0,-1.0,0.0,0.012,1.0,100001,,unreal_rockfield.json,unreal_rockfield.json,nan,nan,nan
3510,-222.49640021552548,-171.5767867127633,0.2798537673274049,Small,RegolithCovered,background_clump,Background,Background,-1,-1.0,-1.0,-1.0,0.0,0.012,1.0,100002,,unreal_rockfield.json,unreal_rockfield.json,nan,nan,nan
3511,-225.70303102417157,-175.4765094307428,0.298276925957591,Small,RegolithCovered,background_clump,Background,Background,-1,-1.0,-1.0,-1.0,0.0,0.012,1.0,100002,,unreal_rockfield.json,unreal_rockfield.json,nan,nan,nan
3512,-221.83573118790332,-170.48835059892752,0.30790559063078765,Medium,RegolithCovered,background_clump,Background,Background,-1,-1.0,-1.0,-1.0,0.0,0.012,1.0,100002,,unreal_rockfield.json,unreal_rockfield.json,nan,nan,nan
3513,175.7109771946651,-180.10040782908666,0.28151660806042395,Small,RegolithCovered,background_clump,Background,Background,-1,-1.0,-1.0,-1.0,0.0,0.012,1.0,100003,,unreal_rockfield.json,unreal_rockfield.json,nan,nan,nan
3514,182.5551530272192,-173.50562893861712,0.31250567996449036,Medium,RegolithCovered,background_clump,Background,Background,-1,-1.0,-1.0,-1.0,0.0,0.012,1.0,100003,,unreal_rockfield.json,unreal_rockfield.json,nan,nan,nan
3515,178.11920025187288,-175.8365723533241,0.4116509311084033,Medium,RegolithCovered,background_clump,Background,Background,-1,-1.0,-1.0,-1.0,0.0,0.012,1.0,100003,,unreal_rockfield.json,unreal_rockfield.json,nan,nan,nan
3516,174.27285220481727,-172.13630629908283,0.3916509226848046,Medium,RegolithCovered,background_clump,Background,Background,-1,-1.0,-1.0,-1.0,0.0,0.012,1.0,100003,,unreal_rockfield.json,unreal_rockfield.json,nan,nan,nan
3517,-114.43643200558671,-136.21025969515998,0.2980529419637316,Small,RegolithCovered,background_clump,Background,Background,-1,-1.0,-1.0,-1.0,0.0,0.012,1.0,100004,,unreal_rockfield.json,unreal_rockfield.json,nan,nan,nan
3518,-112.10122523252561,-134.37628016576707,0.2797607369363034,Small,RegolithCovered,background_clump,Background,Background,-1,-1.0,-1.0,-1.0,0.0,0.012,1.0,100004,,unreal_rockfield.json,unreal_rockfield.json,nan,nan,nan
3519,-107.95240213597663,-134.57557146177575,0.2819528167916492,Small,RegolithCovered,background_clump,Background,Background,-1,-1.0,-1.0,-1.0,0.0,0.012,1.0,100004,,unreal_rockfield.json,unreal_rockfield.json,nan,nan,nan
3520,-109.67314053308478,-128.8781816201998,0.26567242385887185,Small,RegolithCovered,background_clump,Background,Background,-1,-1.0,-1.0,-1.0,0.0,0.012,1.0,100004,,unreal_rockfield.json,unreal_rockfield.json,nan,nan,nan
3521,97.72365377168119,237.2266654856932,0.2643928933193599,Small,RegolithCovered,background_clump,Background,Background,-1,-1.0,-1.0,-1.0,0.0,0.012,1.0,100005,,unreal_rockfield.json,unreal_rockfield.json,nan,nan,nan
3522,93.30341693545967,237.40570947621572,0.3050790889867542,Medium,RegolithCovered,background_clump,Background,Background,-1,-1.0,-1.0,-1.0,0.0,0.012,1.0,100005,,unreal_rockfield.json,unreal_rockfield.json,nan,nan,nan
3523,97.30475652700632,239.20913632998247,0.31590594015583057,Medium,RegolithCovered,background_clump,Background,Background,-1,-1.0,-1.0,-1.0,0.0,0.012,1.0,100005,,unreal_rockfield.json,unreal_rockfield.json,nan,nan,nan
3524,95.67559038860773,238.7490536935298,0.26433580287252406,Small,RegolithCovered,background_clump,Background,Background,-1,-1.0,-1.0,-1.0,0.0,0.012,1.0,100005,,unreal_rockfield.json,unreal_rockfield.json,nan,nan,nan
3525,-152.07627624727738,145.90795068415719,0.3468867370074913,Medium,RegolithCovered,background_clump,Background,Background,-1,-1.0,-1.0,-1.0,0.0,0.012,1.0,100006,,unreal_rockfield.json,unreal_rockfield.json,nan,nan,nan
3526,-159.36613563902344,146.2264864996506,0.4015597199892585,Medium,RegolithCovered,background_clump,Background,Background,-1,-1.0,-1.0,-1.0,0.0,0.012,1.0,100006,,unreal_rockfield.json,unreal_rockfield.json,nan,nan,nan
3527,-152.69939989355632,147.6575954288493,0.29742869082991086,Small,RegolithCovered,background_clump,Background,Background,-1,-1.0,-1.0,-1.0,0.0,0.012,1.0,100006,,unreal_rockfield.json,unreal_rockfield.json,nan,nan,nan
3528,209.3524873744867,-209.5400053096708,0.3271013018067841,Medium,RegolithCovered,background_clump,Background,Background,-1,-1.0,-1.0,-1.0,0.0,0.012,1.0,100007,,unreal_rockfield.json,unreal_rockfield.json,nan,nan,nan
3529,216.87605848626083,-208.51638477778906,0.2752661467168949,Small,RegolithCovered,background_clump,Background,Background,-1,-1.0,-1.0,-1.0,0.0,0.012,1.0,100007,,unreal_rockfield.json,unreal_rockfield.json,nan,nan,nan
3530,206.56527642187936,-211.16084602848983,0.2729511671839078,Small,RegolithCovered,background_clump,Background,Background,-1,-1.0,-1.0,-1.0,0.0,0.012,1.0,100007,,unreal_rockfield.json,unreal_rockfield.json,nan,nan,nan
3531,212.65057969229596,-209.81516024056683,0.2834948397540237,Small,RegolithCovered,background_clump,Background,Background,-1,-1.0,-1.0,-1.0,0.0,0.012,1.0,100007,,unreal_rockfield.json,unreal_rockfield.json,nan,nan,nan
3532,181.75053935485042,-40.416687267118334,0.26051229721788755,Small,RegolithCovered,background_clump,Background,Background,-1,-1.0,-1.0,-1.0,0.0,0.012,1.0,100008,,unreal_rockfield.json,unreal_rockfield.json,nan,nan,nan
3533,176.04904120038347,-40.751928094521624,0.30162875906426934,Medium,RegolithCovered,background_clump,Background,Background,-1,-1.0,-1.0,-1.0,0.0,0.012,1.0,100008,,unreal_rockfield.json,unreal_rockfield.json,nan,nan,nan
3534,180.12992257489907,-49.326291606694774,0.26651051819332783,Small,RegolithCovered,background_clump,Background,Background,-1,-1.0,-1.0,-1.0,0.0,0.012,1.0,100008,,unreal_rockfield.json,unreal_rockfield.json,nan,nan,nan
3535,-128.02948841527217,189.85563162109767,0.3030547329192998,Medium,RegolithCovered,background_clump,Background,Background,-1,-1.0,-1.0,-1.0,0.0,0.012,1.0,100009,,unreal_rockfield.json,unreal_rockfield.json,nan,nan,nan
3536,-121.8575957356815,191.43215909732393,0.45979878857789097,Medium,RegolithCovered,background_clump,Background,Background,-1,-1.0,-1.0,-1.0,0.0,0.012,1.0,100009,,unreal_rockfield.json,unreal_rockfield.json,nan,nan,nan
3537,-119.09883543651118,191.81388199329308,0.3847714816669102,Medium,RegolithCovered,background_clump,Background,Background,-1,-1.0,-1.0,-1.0,0.0,0.012,1.0,100009,,unreal_rockfield.json,unreal_rockfield.json,nan,nan,nan
3538,-126.35856449208552,184.26253340754292,0.272796479350467,Small,RegolithCovered,background_clump,Background,Background,-1,-1.0,-1.0,-1.0,0.0,0.012,1.0,100009,,unreal_rockfield.json,unreal_rockfield.json,nan,nan,nan
3539,169.37844653691562,-69.16236873355622,0.3016770665610793,Medium,RegolithCovered,background_clump,Background,Background,-1,-1.0,-1.0,-1.0,0.0,0.012,1.0,100010,,unreal_rockfield.json,unreal_rockfield.json,nan,nan,nan
3540,172.05063915623356,-70.46868018959864,0.28452119393125835,Small,RegolithCovered,background_clump,Background,Background,-1,-1.0,-1.0,-1.0,0.0,0.012,1.0,100010,,unreal_rockfield.json,unreal_rockfield.json,nan,nan,nan
3541,182.14655374276052,-68.63911991919157,0.264278808439687,Small,RegolithCovered,background_clump,Background,Background,-1,-1.0,-1.0,-1.0,0.0,0.012,1.0,100010,,unreal_rockfield.json,unreal_rockfield.json,nan,nan,nan
3542,175.4015233374965,-72.64715921614658,0.337738982857188,Medium,RegolithCovered,background_clump,Background,Background,-1,-1.0,-1.0,-1.0,0.0,0.012,1.0,100010,,unreal_rockfield.json,unreal_rockfield.json,nan,nan,nan
3543,177.01519495155463,-70.1988356000791,0.26240857727835876,Small,RegolithCovered,background_clump,Background,Background,-1,-1.0,-1.0,-1.0,0.0,0.012,1.0,100010,,unreal_rockfield.json,unreal_rockfield.json,nan,nan,nan
3544,171.20819178360958,-70.86589854021626,0.2708808535696582,Small,RegolithCovered,background_clump,Background,Background,-1,-1.0,-1.0,-1.0,0.0,0.012,1.0,100010,,unreal_rockfield.json,unreal_rockfield.json,nan,nan,nan
3545,110.76943247071856,-225.58549395942063,0.2611784101230845,Small,RegolithCovered,background_clump,Background,Background,-1,-1.0,-1.0,-1.0,0.0,0.012,1.0,100011,,unreal_rockfield.json,unreal_rockfield.json,nan,nan,nan
3546,111.47428611115879,-225.4038610559365,0.32211377104963085,Medium,RegolithCovered,background_clump,Background,Background,-1,-1.0,-1.0,-1.0,0.0,0.012,1.0,100011,,unreal_rockfield.json,unreal_rockfield.json,nan,nan,nan
3547,101.04236083451238,-226.6796793792018,0.29850222960814893,Small,RegolithCovered,background_clump,Background,Background,-1,-1.0,-1.0,-1.0,0.0,0.012,1.0,100011,,unreal_rockfield.json,unreal_rockfield.json,nan,nan,nan
3548,104.0742391195919,-226.32333278013985,0.3369038124033119,Medium,RegolithCovered,background_clump,Background,Background,-1,-1.0,-1.0,-1.0,0.0,0.012,1.0,100011,,unreal_rockfield.json,unreal_rockfield.json,nan,nan,nan
3549,224.1760704533066,-90.70827032174039,0.26734214730174183,Small,RegolithCovered,background_clump,Background,Background,-1,-1.0,-1.0,-1.0,0.0,0.012,1.0,100012,,unreal_rockfield.json,unreal_rockfield.json,nan,nan,nan
3550,218.37739272294732,-88.84832166563022,0.2715764851365402,Small,RegolithCovered,background_clump,Background,Background,-1,-1.0,-1.0,-1.0,0.0,0.012,1.0,100012,,unreal_rockfield.json,unreal_rockfield.json,nan,nan,nan
3551,-24.14409911506433,67.34250273284508,0.27196186357471835,Small,RegolithCovered,background_clump,Background,Background,-1,-1.0,-1.0,-1.0,0.0,0.012,1.0,100013,,unreal_rockfield.json,unreal_rockfield.json,nan,nan,nan
3552,-26.363096230826294,63.89284673718455,0.27621591110358557,Small,RegolithCovered,background_clump,Background,Background,-1,-1.0,-1.0,-1.0,0.0,0.012,1.0,100013,,unreal_rockfield.json,unreal_rockfield.json,nan,nan,nan
3553,-21.674095288883358,68.2197439272286,0.2661406166021328,Small,RegolithCovered,background_clump,Background,Background,-1,-1.0,-1.0,-1.0,0.0,0.012,1.0,100013,,unreal_rockfield.json,unreal_rockfield.json,nan,nan,nan
3554,-20.888535815421807,70.6095594248769,0.3447509888572244,Medium,RegolithCovered,background_clump,Background,Background,-1,-1.0,-1.0,-1.0,0.0,0.012,1.0,100013,,unreal_rockfield.json,unreal_rockfield.json,nan,nan,nan
3555,-125.07781077993988,162.62562000386757,0.2986772409910971,Small,RegolithCovered,background_clump,Background,Background,-1,-1.0,-1.0,-1.0,0.0,0.012,1.0,100014,,unreal_rockfield.json,unreal_rockfield.json,nan,nan,nan
3556,-126.6013541404531,157.34242016923537,0.28992605283787704,Small,RegolithCovered,background_clump,Background,Background,-1,-1.0,-1.0,-1.0,0.0,0.012,1.0,100014,,unreal_rockfield.json,unreal_rockfield.json,nan,nan,nan
3557,-123.34778087890159,159.07690777122326,0.3053641967400648,Medium,RegolithCovered,background_clump,Background,Background,-1,-1.0,-1.0,-1.0,0.0,0.012,1.0,100014,,unreal_rockfield.json,unreal_rockfield.json,nan,nan,nan
3558,-121.90879790714486,154.60537608342864,0.2868022985217515,Small,RegolithCovered,background_clump,Background,Background,-1,-1.0,-1.0,-1.0,0.0,0.012,1.0,100014,,unreal_rockfield.json,unreal_rockfield.json,nan,nan,nan
3559,-125.92562013281578,159.69637734100806,0.26148906306531655,Small,RegolithCovered,background_clump,Background,Background,-1,-1.0,-1.0,-1.0,0.0,0.012,1.0,100014,,unreal_rockfield.json,unreal_rockfield.json,nan,nan,nan
3560,-120.76767545975186,161.27720310131704,0.29388127986859736,Small,RegolithCovered,background_clump,Background,Background,-1,-1.0,-1.0,-1.0,0.0,0.012,1.0,100014,,unreal_rockfield.json,unreal_rockfield.json,nan,nan,nan
3561,-123.40058004769551,152.4047878264943,0.27092101178600503,Small,RegolithCovered,background_clump,Background,Background,-1,-1.0,-1.0,-1.0,0.0,0.012,1.0,100014,,unreal_rockfield.json,unreal_rockfield.json,nan,nan,nan
3562,172.00866351992747,-70.47281918997588,0.32949565312181284,Medium,RegolithCovered,background_clump,Background,Background,-1,-1.0,-1.0,-1.0,0.0,0.012,1.0,100015,,unreal_rockfield.json,unreal_rockfield.json,nan,nan,nan
3563,171.39681596972235,-70.47109915238863,0.26601076845593996,Small,RegolithCovered,background_clump,Background,Background,-1,-1.0,-1.0,-1.0,0.0,0.012,1.0,100015,,unreal_rockfield.json,unreal_rockfield.json,nan,nan,nan
3564,172.36857875664464,-72.782422940254,0.3385631407812207,Medium,RegolithCovered,background_clump,Background,Background,-1,-1.0,-1.0,-1.0,0.0,0.012,1.0,100015,,unreal_rockfield.json,unreal_rockfield.json,nan,nan,nan
3565,177.16977567287603,-71.44764572118387,0.2879607632234796,Small,RegolithCovered,background_clump,Background,Background,-1,-1.0,-1.0,-1.0,0.0,0.012,1.0,100015,,unreal_rockfield.json,unreal_rockfield.json,nan,nan,nan
3566,172.47236193689082,-70.47440763932254,0.33147207961215874,Medium,RegolithCovered,background_clump,Background,Background,-1,-1.0,-1.0,-1.0,0.0,0.012,1.0,100015,,unreal_rockfield.json,unreal_rockfield.json,nan,nan,nan
3567,172.76797594763462,-67.49680780852893,0.27346256515387213,Small,RegolithCovered,background_clump,Background,Background,-1,-1.0,-1.0,-1.0,0.0,0.012,1.0,100015,,unreal_rockfield.json,unreal_rockfield.json,nan,nan,nan
3568,176.38378006571403,-69.67721738139748,0.2896380645544771,Small,RegolithCovered,background_clump,Background,Background,-1,-1.0,-1.0,-1.0,0.0,0.012,1.0,100015,,unreal_rockfield.json,unreal_rockfield.json,nan,nan,nan
3569,175.4789412261157,-72.33846163517036,0.27000736767766687,Small,RegolithCovered,background_clump,Background,Background,-1,-1.0,-1.0,-1.0,0.0,0.012,1.0,100015,,unreal_rockfield.json,unreal_rockfield.json,nan,nan,nan
3570,169.1147865658725,-66.12157971811807,0.3869518921393898,Medium,RegolithCovered,background_clump,Background,Background,-1,-1.0,-1.0,-1.0,0.0,0.012,1.0,100015,,unreal_rockfield.json,unreal_rockfield.json,nan,nan,nan
3571,172.238682176169,-67.32461519970116,0.36467885910599623,Medium,RegolithCovered,background_clump,Background,Background,-1,-1.0,-1.0,-1.0,0.0,0.012,1.0,100015,,unreal_rockfield.json,unreal_rockfield.json,nan,nan,nan
3572,171.16340696080184,-69.16380625874305,0.3558741036697353,Medium,RegolithCovered,background_clump,Background,Background,-1,-1.0,-1.0,-1.0,0.0,0.012,1.0,100015,,unreal_rockfield.json,unreal_rockfield.json,nan,nan,nan
3573,204.83056724288207,-117.1520620591357,0.2937420896298456,Small,RegolithCovered,background_clump,Background,Background,-1,-1.0,-1.0,-1.0,0.0,0.012,1.0,100016,,unreal_rockfield.json,unreal_rockfield.json,nan,nan,nan
3574,202.13280567074816,-116.99431933491132,0.2600863970687852,Small,RegolithCovered,background_clump,Background,Background,-1,-1.0,-1.0,-1.0,0.0,0.012,1.0,100016,,unreal_rockfield.json,unreal_rockfield.json,nan,nan,nan
3575,197.99838768343878,-119.03519337959295,0.32809138981930175,Medium,RegolithCovered,background_clump,Background,Background,-1,-1.0,-1.0,-1.0,0.0,0.012,1.0,100016,,unreal_rockfield.json,unreal_rockfield.json,nan,nan,nan
3576,196.82759118767945,-114.95284647081529,0.29673596045621514,Small,RegolithCovered,background_clump,Background,Background,-1,-1.0,-1.0,-1.0,0.0,0.012,1.0,100016,,unreal_rockfield.json,unreal_rockfield.json,nan,nan,nan
3577,-33.18206868721114,156.0845655093156,0.26018122416407574,Small,RegolithCovered,background_clump,Background,Background,-1,-1.0,-1.0,-1.0,0.0,0.012,1.0,100017,,unreal_rockfield.json,unreal_rockfield.json,nan,nan,nan
3578,-31.676745857911424,161.2440771031108,0.331806717762506,Medium,RegolithCovered,background_clump,Background,Background,-1,-1.0,-1.0,-1.0,0.0,0.012,1.0,100017,,unreal_rockfield.json,unreal_rockfield.json,nan,nan,nan
3579,-30.560685089667388,163.5179875165914,0.26144885589372496,Small,RegolithCovered,background_clump,Background,Background,-1,-1.0,-1.0,-1.0,0.0,0.012,1.0,100017,,unreal_rockfield.json,unreal_rockfield.json,nan,nan,nan
3580,-31.02036015953278,160.08759860267574,0.270001106398879,Small,RegolithCovered,background_clump,Background,Background,-1,-1.0,-1.0,-1.0,0.0,0.012,1.0,100017,,unreal_rockfield.json,unreal_rockfield.json,nan,nan,nan
3581,-18.89239164188248,-192.5115205486308,0.27822896342669723,Small,RegolithCovered,background_clump,Background,Background,-1,-1.0,-1.0,-1.0,0.0,0.012,1.0,100018,,unreal_rockfield.json,unreal_rockfield.json,nan,nan,nan
3582,-15.59397745056987,-194.29669791515525,0.27917911720888133,Small,RegolithCovered,background_clump,Background,Background,-1,-1.0,-1.0,-1.0,0.0,0.012,1.0,100018,,unreal_rockfield.json,unreal_rockfield.json,nan,nan,nan
3583,-14.827443246557852,-199.78368994958842,0.27821907424020825,Small,RegolithCovered,background_clump,Background,Background,-1,-1.0,-1.0,-1.0,0.0,0.012,1.0,100018,,unreal_rockfield.json,unreal_rockfield.json,nan,nan,nan
3584,-228.41540254395596,85.09522314822492,0.5835282144522108,Medium,RegolithCovered,background_clump,Background,Background,-1,-1.0,-1.0,-1.0,0.0,0.012,1.0,100019,,unreal_rockfield.json,unreal_rockfield.json,nan,nan,nan
3585,-228.5326719973934,85.27235160897007,0.4879759591355149,Medium,RegolithCovered,background_clump,Background,Background,-1,-1.0,-1.0,-1.0,0.0,0.012,1.0,100019,,unreal_rockfield.json,unreal_rockfield.json,nan,nan,nan
3586,-230.64624613436342,85.7282888691752,0.3254498818585312,Medium,RegolithCovered,background_clump,Background,Background,-1,-1.0,-1.0,-1.0,0.0,0.012,1.0,100019,,unreal_rockfield.json,unreal_rockfield.json,nan,nan,nan
3587,-230.11361054289546,85.09841079737751,0.2775549073546165,Small,RegolithCovered,background_clump,Background,Background,-1,-1.0,-1.0,-1.0,0.0,0.012,1.0,100019,,unreal_rockfield.json,unreal_rockfield.json,nan,nan,nan
3588,-226.16887041582325,87.23135108758406,0.380362105117857,Medium,RegolithCovered,background_clump,Background,Background,-1,-1.0,-1.0,-1.0,0.0,0.012,1.0,100019,,unreal_rockfield.json,unreal_rockfield.json,nan,nan,nan
3589,-229.27588918541576,86.43035362435913,0.2675499686638655,Small,RegolithCovered,background_clump,Background,Background,-1,-1.0,-1.0,-1.0,0.0,0.012,1.0,100019,,unreal_rockfield.json,unreal_rockfield.json,nan,nan,nan
3590,-220.50001019778654,86.0469146479818,0.3589281971625592,Medium,RegolithCovered,background_clump,Background,Background,-1,-1.0,-1.0,-1.0,0.0,0.012,1.0,100019,,unreal_rockfield.json,unreal_rockfield.json,nan,nan,nan
3591,130.29968545435582,240.2084744019697,0.3029086015755239,Medium,RegolithCovered,background_clump,Background,Background,-1,-1.0,-1.0,-1.0,0.0,0.012,1.0,100020,,unreal_rockfield.json,unreal_rockfield.json,nan,nan,nan
3592,134.36212403541884,237.95912514068746,0.2662723650407983,Small,RegolithCovered,background_clump,Background,Background,-1,-1.0,-1.0,-1.0,0.0,0.012,1.0,100020,,unreal_rockfield.json,unreal_rockfield.json,nan,nan,nan
3593,130.589981311725,239.13492953596085,0.2718428309930355,Small,RegolithCovered,background_clump,Background,Background,-1,-1.0,-1.0,-1.0,0.0,0.012,1.0,100020,,unreal_rockfield.json,unreal_rockfield.json,nan,nan,nan
3594,127.72484872160769,235.6792415248746,0.26415322939245905,Small,RegolithCovered,background_clump,Background,Background,-1,-1.0,-1.0,-1.0,0.0,0.012,1.0,100020,,unreal_rockfield.json,unreal_rockfield.json,nan,nan,nan
3595,131.89589655053982,234.17434875623493,0.2728830882693013,Small,RegolithCovered,background_clump,Background,Background,-1,-1.0,-1.0,-1.0,0.0,0.012,1.0,100020,,unreal_rockfield.json,unreal_rockfield.json,nan,nan,nan
3596,131.47768724519415,242.12094666033028,0.2851722587373416,Small,RegolithCovered,background_clump,Background,Background,-1,-1.0,-1.0,-1.0,0.0,0.012,1.0,100020,,unreal_rockfield.json,unreal_rockfield.json,nan,nan,nan
3597,132.09264396679103,233.43636038442702,0.2856816504845345,Small,RegolithCovered,background_clump,Background,Background,-1,-1.0,-1.0,-1.0,0.0,0.012,1.0,100020,,unreal_rockfield.json,unreal_rockfield.json,nan,nan,nan
3598,136.17385794513808,242.2458157940947,0.3653860913467721,Medium,RegolithCovered,background_clump,Background,Background,-1,-1.0,-1.0,-1.0,0.0,0.012,1.0,100020,,unreal_rockfield.json,unreal_rockfield.json,nan,nan,nan
3599,-88.97861252578879,233.10441970197317,0.27544858089690594,Small,RegolithCovered,background_clump,Background,Background,-1,-1.0,-1.0,-1.0,0.0,0.012,1.0,100021,,unreal_rockfield.json,unreal_rockfield.json,nan,nan,nan
3600,-84.60371362874353,227.55118469357507,0.2803267654054455,Small,RegolithCovered,background_clump,Background,Background,-1,-1.0,-1.0,-1.0,0.0,0.012,1.0,100021,,unreal_rockfield.json,unreal_rockfield.json,nan,nan,nan
3601,-85.78640873932292,226.39494965915537,0.2730313295142215,Small,RegolithCovered,background_clump,Background,Background,-1,-1.0,-1.0,-1.0,0.0,0.012,1.0,100021,,unreal_rockfield.json,unreal_rockfield.json,nan,nan,nan
3602,-90.5422911563504,229.35688120526723,0.2687092404175499,Small,RegolithCovered,background_clump,Background,Background,-1,-1.0,-1.0,-1.0,0.0,0.012,1.0,100021,,unreal_rockfield.json,unreal_rockfield.json,nan,nan,nan
3603,-87.36050849751447,227.01970310362057,0.3606320519244609,Medium,RegolithCovered,background_clump,Background,Background,-1,-1.0,-1.0,-1.0,0.0,0.012,1.0,100021,,unreal_rockfield.json,unreal_rockfield.json,nan,nan,nan
3604,-90.78036628635836,230.0992108305268,0.2610590431951429,Small,RegolithCovered,background_clump,Background,Background,-1,-1.0,-1.0,-1.0,0.0,0.012,1.0,100021,,unreal_rockfield.json,unreal_rockfield.json,nan,nan,nan
3605,-81.33603119464854,226.73003473991787,0.2715126679125112,Small,RegolithCovered,background_clump,Background,Background,-1,-1.0,-1.0,-1.0,0.0,0.012,1.0,100021,,unreal_rockfield.json,unreal_rockfield.json,nan,nan,nan
3606,-229.9031766961713,62.861581169120015,0.27213285584764807,Small,RegolithCovered,background_clump,Background,Background,-1,-1.0,-1.0,-1.0,0.0,0.012,1.0,100022,,unreal_rockfield.json,unreal_rockfield.json,nan,nan,nan
3607,-228.45975400844793,66.11597267208592,0.27038354860424824,Small,RegolithCovered,background_clump,Background,Background,-1,-1.0,-1.0,-1.0,0.0,0.012,1.0,100022,,unreal_rockfield.json,unreal_rockfield.json,nan,nan,nan
3608,-230.51330840748918,68.61482814449313,0.44926231814886397,Medium,RegolithCovered,background_clump,Background,Background,-1,-1.0,-1.0,-1.0,0.0,0.012,1.0,100022,,unreal_rockfield.json,unreal_rockfield.json,nan,nan,nan
3609,-238.02713647019644,66.33317837984772,0.2696042704992409,Small,RegolithCovered,background_clump,Background,Background,-1,-1.0,-1.0,-1.0,0.0,0.012,1.0,100022,,unreal_rockfield.json,unreal_rockfield.json,nan,nan,nan
3610,-235.5244297488348,63.05571641660476,0.2990331527449585,Small,RegolithCovered,background_clump,Background,Background,-1,-1.0,-1.0,-1.0,0.0,0.012,1.0,100022,,unreal_rockfield.json,unreal_rockfield.json,nan,nan,nan
3611,136.343335135515,137.68332630474708,0.26989795849500453,Small,RegolithCovered,background_clump,Background,Background,-1,-1.0,-1.0,-1.0,0.0,0.012,1.0,100023,,unreal_rockfield.json,unreal_rockfield.json,nan,nan,nan
3612,137.54635054897327,138.8105733965614,0.2957613615462688,Small,RegolithCovered,background_clump,Background,Background,-1,-1.0,-1.0,-1.0,0.0,0.012,1.0,100023,,unreal_rockfield.json,unreal_rockfield.json,nan,nan,nan
3613,135.91904751168167,133.71551371443763,0.5539623445353365,Medium,RegolithCovered,background_clump,Background,Background,-1,-1.0,-1.0,-1.0,0.0,0.012,1.0,100023,,unreal_rockfield.json,unreal_rockfield.json,nan,nan,nan
3614,133.4169466396692,135.01073088056603,0.32832100827033617,Medium,RegolithCovered,background_clump,Background,Background,-1,-1.0,-1.0,-1.0,0.0,0.012,1.0,100023,,unreal_rockfield.json,unreal_rockfield.json,nan,nan,nan
3615,136.27149732436473,139.20107555844453,0.3738984183181028,Medium,RegolithCovered,background_clump,Background,Background,-1,-1.0,-1.0,-1.0,0.0,0.012,1.0,100023,,unreal_rockfield.json,unreal_rockfield.json,nan,nan,nan
3616,134.76798710179915,132.53128813618943,0.2808635089097341,Small,RegolithCovered,background_clump,Background,Background,-1,-1.0,-1.0,-1.0,0.0,0.012,1.0,100023,,unreal_rockfield.json,unreal_rockfield.json,nan,nan,nan
3617,130.56368041632325,136.71277941581974,0.3181564842560604,Medium,RegolithCovered,background_clump,Background,Background,-1,-1.0,-1.0,-1.0,0.0,0.012,1.0,100023,,unreal_rockfield.json,unreal_rockfield.json,nan,nan,nan
3618,81.12981373104006,36.39669389496434,0.45154979758435915,Medium,RegolithCovered,background_clump,Background,Background,-1,-1.0,-1.0,-1.0,0.0,0.012,1.0,100024,,unreal_rockfield.json,unreal_rockfield.json,nan,nan,nan
3619,84.25218859965292,35.06175579627882,0.30514813868084073,Medium,RegolithCovered,background_clump,Background,Background,-1,-1.0,-1.0,-1.0,0.0,0.012,1.0,100024,,unreal_rockfield.json,unreal_rockfield.json,nan,nan,nan
3620,78.1993278258064,39.990662724429804,0.2711807487015149,Small,RegolithCovered,background_clump,Background,Background,-1,-1.0,-1.0,-1.0,0.0,0.012,1.0,100024,,unreal_rockfield.json,unreal_rockfield.json,nan,nan,nan
3621,75.81060505223745,33.244579392480716,0.2935402720239019,Small,RegolithCovered,background_clump,Background,Background,-1,-1.0,-1.0,-1.0,0.0,0.012,1.0,100024,,unreal_rockfield.json,unreal_rockfield.json,nan,nan,nan
3622,77.4703018508225,40.47360731806991,0.2638589581470224,Small,RegolithCovered,background_clump,Background,Background,-1,-1.0,-1.0,-1.0,0.0,0.012,1.0,100024,,unreal_rockfield.json,unreal_rockfield.json,nan,nan,nan
3623,-127.89564506968702,170.3878415221806,0.31122419855920447,Medium,RegolithCovered,background_clump,Background,Background,-1,-1.0,-1.0,-1.0,0.0,0.012,1.0,100025,,unreal_rockfield.json,unreal_rockfield.json,nan,nan,nan
3624,-135.4993954719835,168.12004098121082,0.3439681681888179,Medium,RegolithCovered,background_clump,Background,Background,-1,-1.0,-1.0,-1.0,0.0,0.012,1.0,100025,,unreal_rockfield.json,unreal_rockfield.json,nan,nan,nan
3625,-131.17764285947698,161.26609537696027,0.5459241836093274,Medium,RegolithCovered,background_clump,Background,Background,-1,-1.0,-1.0,-1.0,0.0,0.012,1.0,100025,,unreal_rockfield.json,unreal_rockfield.json,nan,nan,nan
3626,-130.06484979528184,167.41571820925103,0.28723341576928363,Small,RegolithCovered,background_clump,Background,Background,-1,-1.0,-1.0,-1.0,0.0,0.012,1.0,100025,,unreal_rockfield.json,unreal_rockfield.json,nan,nan,nan
3627,-185.1500013421198,-121.76854764173186,0.3044071843395293,Medium,RegolithCovered,background_clump,Background,Background,-1,-1.0,-1.0,-1.0,0.0,0.012,1.0,100026,,unreal_rockfield.json,unreal_rockfield.json,nan,nan,nan
3628,-178.96473927713518,-119.90211679193905,0.2838908037200531,Small,RegolithCovered,background_clump,Background,Background,-1,-1.0,-1.0,-1.0,0.0,0.012,1.0,100026,,unreal_rockfield.json,unreal_rockfield.json,nan,nan,nan
3629,-185.004893356945,-121.95307815612257,0.28503108224665014,Small,RegolithCovered,background_clump,Background,Background,-1,-1.0,-1.0,-1.0,0.0,0.012,1.0,100026,,unreal_rockfield.json,unreal_rockfield.json,nan,nan,nan
3630,-187.07869744746054,-122.26512921178431,0.2807593386712146,Small,RegolithCovered,background_clump,Background,Background,-1,-1.0,-1.0,-1.0,0.0,0.012,1.0,100026,,unreal_rockfield.json,unreal_rockfield.json,nan,nan,nan
3631,-176.08718191991073,-118.41956117183985,0.2624951435676216,Small,RegolithCovered,background_clump,Background,Background,-1,-1.0,-1.0,-1.0,0.0,0.012,1.0,100026,,unreal_rockfield.json,unreal_rockfield.json,nan,nan,nan
3632,-182.08369116080917,-123.80998751283603,0.28148410385370315,Small,RegolithCovered,background_clump,Background,Background,-1,-1.0,-1.0,-1.0,0.0,0.012,1.0,100026,,unreal_rockfield.json,unreal_rockfield.json,nan,nan,nan
3633,-185.41472011612615,-117.07501991565032,0.27387992280715395,Small,RegolithCovered,background_clump,Background,Background,-1,-1.0,-1.0,-1.0,0.0,0.012,1.0,100026,,unreal_rockfield.json,unreal_rockfield.json,nan,nan,nan
3634,-137.04506450803535,-246.93477270552353,0.2855191309571313,Small,RegolithCovered,background_clump,Background,Background,-1,-1.0,-1.0,-1.0,0.0,0.012,1.0,100027,,unreal_rockfield.json,unreal_rockfield.json,nan,nan,nan
3635,-174.50467753079764,-214.06787756775446,0.2886737120009324,Small,RegolithCovered,background_clump,Background,Background,-1,-1.0,-1.0,-1.0,0.0,0.012,1.0,100028,,unreal_rockfield.json,unreal_rockfield.json,nan,nan,nan
3636,-181.6358387203098,-211.47849212296637,0.2702225028283266,Small,RegolithCovered,background_clump,Background,Background,-1,-1.0,-1.0,-1.0,0.0,0.012,1.0,100028,,unreal_rockfield.json,unreal_rockfield.json,nan,nan,nan
3637,84.35399109581698,-53.526101780666146,0.2770978311652616,Small,RegolithCovered,background_clump,Background,Background,-1,-1.0,-1.0,-1.0,0.0,0.012,1.0,100029,,unreal_rockfield.json,unreal_rockfield.json,nan,nan,nan
3638,84.64256208172475,-51.488504234113535,0.2736688844834175,Small,RegolithCovered,background_clump,Background,Background,-1,-1.0,-1.0,-1.0,0.0,0.012,1.0,100029,,unreal_rockfield.json,unreal_rockfield.json,nan,nan,nan
3639,84.08421325294597,-49.48232045766251,0.492742520629101,Medium,RegolithCovered,background_clump,Background,Background,-1,-1.0,-1.0,-1.0,0.0,0.012,1.0,100029,,unreal_rockfield.json,unreal_rockfield.json,nan,nan,nan
3640,88.50798650746927,-52.35478538488988,0.31414953613021773,Medium,RegolithCovered,background_clump,Background,Background,-1,-1.0,-1.0,-1.0,0.0,0.012,1.0,100029,,unreal_rockfield.json,unreal_rockfield.json,nan,nan,nan
3641,-156.51517851277,97.30295641984857,0.3629798578944319,Medium,RegolithCovered,background_clump,Background,Background,-1,-1.0,-1.0,-1.0,0.0,0.012,1.0,100030,,unreal_rockfield.json,unreal_rockfield.json,nan,nan,nan
3642,-157.05305202678684,97.59609228052366,0.33150309785832244,Medium,RegolithCovered,background_clump,Background,Background,-1,-1.0,-1.0,-1.0,0.0,0.012,1.0,100030,,unreal_rockfield.json,unreal_rockfield.json,nan,nan,nan
3643,-157.31429429085568,96.5489280496319,0.3225500598919078,Medium,RegolithCovered,background_clump,Background,Background,-1,-1.0,-1.0,-1.0,0.0,0.012,1.0,100030,,unreal_rockfield.json,unreal_rockfield.json,nan,nan,nan
3644,-153.42929095801503,97.5767570515747,0.44282631470303757,Medium,RegolithCovered,background_clump,Background,Background,-1,-1.0,-1.0,-1.0,0.0,0.012,1.0,100030,,unreal_rockfield.json,unreal_rockfield.json,nan,nan,nan
3645,96.06512775043576,-56.036818234220334,0.42308484606425756,Medium,RegolithCovered,background_clump,Background,Background,-1,-1.0,-1.0,-1.0,0.0,0.012,1.0,100031,,unreal_rockfield.json,unreal_rockfield.json,nan,nan,nan
3646,97.8074762468012,-62.99283294454576,0.2640702067051115,Small,RegolithCovered,background_clump,Background,Background,-1,-1.0,-1.0,-1.0,0.0,0.012,1.0,100031,,unreal_rockfield.json,unreal_rockfield.json,nan,nan,nan
3647,-104.10235399559603,-196.34578584770077,0.26173132379433206,Small,RegolithCovered,background_clump,Background,Background,-1,-1.0,-1.0,-1.0,0.0,0.012,1.0,100032,,unreal_rockfield.json,unreal_rockfield.json,nan,nan,nan
3648,-114.17734442773127,-196.17320762126914,0.2770384772000291,Small,RegolithCovered,background_clump,Background,Background,-1,-1.0,-1.0,-1.0,0.0,0.012,1.0,100032,,unreal_rockfield.json,unreal_rockfield.json,nan,nan,nan
3649,-109.51971030809683,-191.78310559317745,0.27645597847009346,Small,RegolithCovered,background_clump,Background,Background,-1,-1.0,-1.0,-1.0,0.0,0.012,1.0,100032,,unreal_rockfield.json,unreal_rockfield.json,nan,nan,nan
3650,229.9962773884815,-236.17081664213885,0.27338831036949646,Small,RegolithCovered,background_clump,Background,Background,-1,-1.0,-1.0,-1.0,0.0,0.012,1.0,100033,,unreal_rockfield.json,unreal_rockfield.json,nan,nan,nan
3651,225.81874948646484,-239.0003852874386,0.2665260769916235,Small,RegolithCovered,background_clump,Background,Background,-1,-1.0,-1.0,-1.0,0.0,0.012,1.0,100033,,unreal_rockfield.json,unreal_rockfield.json,nan,nan,nan
3652,226.06778230035485,-244.42106896444585,0.3501408945597583,Medium,RegolithCovered,background_clump,Background,Background,-1,-1.0,-1.0,-1.0,0.0,0.012,1.0,100033,,unreal_rockfield.json,unreal_rockfield.json,nan,nan,nan
3653,226.53302620495168,-232.59264702255922,0.2634235881734977,Small,RegolithCovered,background_clump,Background,Background,-1,-1.0,-1.0,-1.0,0.0,0.012,1.0,100033,,unreal_rockfield.json,unreal_rockfield.json,nan,nan,nan
3654,-23.525629964449983,136.06080666468216,0.2798061883187826,Small,RegolithCovered,background_clump,Background,Background,-1,-1.0,-1.0,-1.0,0.0,0.012,1.0,100034,,unreal_rockfield.json,unreal_rockfield.json,nan,nan,nan
3655,-18.606494736069738,137.0151900884986,0.4202975798037815,Medium,RegolithCovered,background_clump,Background,Background,-1,-1.0,-1.0,-1.0,0.0,0.012,1.0,100034,,unreal_rockfield.json,unreal_rockfield.json,nan,nan,nan
3656,-22.006953881859978,142.03285631715093,0.3620140969366166,Medium,RegolithCovered,background_clump,Background,Background,-1,-1.0,-1.0,-1.0,0.0,0.012,1.0,100034,,unreal_rockfield.json,unreal_rockfield.json,nan,nan,nan
3657,-20.338221786379183,141.82489982033306,0.3540235586320503,Medium,RegolithCovered,background_clump,Background,Background,-1,-1.0,-1.0,-1.0,0.0,0.012,1.0,100034,,unreal_rockfield.json,unreal_rockfield.json,nan,nan,nan
3658,-18.76182637863989,138.88822905199842,0.29000796581000077,Small,RegolithCovered,background_clump,Background,Background,-1,-1.0,-1.0,-1.0,0.0,0.012,1.0,100034,,unreal_rockfield.json,unreal_rockfield.json,nan,nan,nan
3659,-19.241187791032203,133.66729359604125,0.2682598736727294,Small,RegolithCovered,background_clump,Background,Background,-1,-1.0,-1.0,-1.0,0.0,0.012,1.0,100034,,unreal_rockfield.json,unreal_rockfield.json,nan,nan,nan
3660,-41.11649109777409,-109.17554296562167,0.40111178440486833,Medium,RegolithCovered,background_clump,Background,Background,-1,-1.0,-1.0,-1.0,0.0,0.012,1.0,100035,,unreal_rockfield.json,unreal_rockfield.json,nan,nan,nan
3661,-44.90464688902312,-108.76194642451371,0.26297591499969575,Small,RegolithCovered,background_clump,Background,Background,-1,-1.0,-1.0,-1.0,0.0,0.012,1.0,100035,,unreal_rockfield.json,unreal_rockfield.json,nan,nan,nan
3662,-42.60244605788112,-101.8484319413269,0.2618679057721261,Small,RegolithCovered,background_clump,Background,Background,-1,-1.0,-1.0,-1.0,0.0,0.012,1.0,100035,,unreal_rockfield.json,unreal_rockfield.json,nan,nan,nan
3663,-40.49196456737476,-106.59812076859383,0.3554177217674247,Medium,RegolithCovered,background_clump,Background,Background,-1,-1.0,-1.0,-1.0,0.0,0.012,1.0,100035,,unreal_rockfield.json,unreal_rockfield.json,nan,nan,nan
3664,-39.15490041025389,-112.89513288629469,0.33040803623545106,Medium,RegolithCovered,background_clump,Background,Background,-1,-1.0,-1.0,-1.0,0.0,0.012,1.0,100035,,unreal_rockfield.json,unreal_rockfield.json,nan,nan,nan
3665,-80.29369702953888,-78.15911196488224,0.27735360998498193,Small,RegolithCovered,background_clump,Background,Background,-1,-1.0,-1.0,-1.0,0.0,0.012,1.0,100036,,unreal_rockfield.json,unreal_rockfield.json,nan,nan,nan
3666,-84.81365942259305,-77.79559894183592,0.2618753044374126,Small,RegolithCovered,background_clump,Background,Background,-1,-1.0,-1.0,-1.0,0.0,0.012,1.0,100036,,unreal_rockfield.json,unreal_rockfield.json,nan,nan,nan
3667,-82.12652461550687,-80.51988272802078,0.30305858591406387,Medium,RegolithCovered,background_clump,Background,Background,-1,-1.0,-1.0,-1.0,0.0,0.012,1.0,100036,,unreal_rockfield.json,unreal_rockfield.json,nan,nan,nan
3668,84.37795530915032,72.69675086024792,0.337221761962352,Medium,RegolithCovered,background_clump,Background,Background,-1,-1.0,-1.0,-1.0,0.0,0.012,1.0,100037,,unreal_rockfield.json,unreal_rockfield.json,nan,nan,nan
3669,-54.99484461068221,-96.33358089090352,0.27999272770268957,Small,RegolithCovered,background_clump,Background,Background,-1,-1.0,-1.0,-1.0,0.0,0.012,1.0,100038,,unreal_rockfield.json,unreal_rockfield.json,nan,nan,nan
3670,-54.46919835357036,-97.99279787328793,0.26166017714317613,Small,RegolithCovered,background_clump,Background,Background,-1,-1.0,-1.0,-1.0,0.0,0.012,1.0,100038,,unreal_rockfield.json,unreal_rockfield.json,nan,nan,nan
3671,-48.07002030152365,-99.72018022030129,0.2658564328398891,Small,RegolithCovered,background_clump,Background,Background,-1,-1.0,-1.0,-1.0,0.0,0.012,1.0,100038,,unreal_rockfield.json,unreal_rockfield.json,nan,nan,nan
3672,-47.867105597831255,-104.05520659631256,0.2813198643924114,Small,RegolithCovered,background_clump,Background,Background,-1,-1.0,-1.0,-1.0,0.0,0.012,1.0,100038,,unreal_rockfield.json,unreal_rockfield.json,nan,nan,nan
3673,-50.97058056331515,-95.27077970814088,0.2623772675693157,Small,RegolithCovered,background_clump,Background,Background,-1,-1.0,-1.0,-1.0,0.0,0.012,1.0,100038,,unreal_rockfield.json,unreal_rockfield.json,nan,nan,nan
3674,-118.37298291526508,33.6866992643359,0.35260813036515254,Medium,RegolithCovered,background_clump,Background,Background,-1,-1.0,-1.0,-1.0,0.0,0.012,1.0,100039,,unreal_rockfield.json,unreal_rockfield.json,nan,nan,nan
3675,-122.04283618004457,32.82677549621564,0.28314393726051085,Small,RegolithCovered,background_clump,Background,Background,-1,-1.0,-1.0,-1.0,0.0,0.012,1.0,100039,,unreal_rockfield.json,unreal_rockfield.json,nan,nan,nan
3676,-112.91652846121595,36.37220539888808,0.34419636023780487,Medium,RegolithCovered,background_clump,Background,Background,-1,-1.0,-1.0,-1.0,0.0,0.012,1.0,100039,,unreal_rockfield.json,unreal_rockfield.json,nan,nan,nan
3677,156.27429905910586,-52.27765035333884,0.33725723450324774,Medium,RegolithCovered,background_clump,Background,Background,-1,-1.0,-1.0,-1.0,0.0,0.012,1.0,100040,,unreal_rockfield.json,unreal_rockfield.json,nan,nan,nan
3678,156.88287955603118,-48.32268405363547,0.2912164143597199,Small,RegolithCovered,background_clump,Background,Background,-1,-1.0,-1.0,-1.0,0.0,0.012,1.0,100040,,unreal_rockfield.json,unreal_rockfield.json,nan,nan,nan
3679,158.73080988638003,-55.20486550739287,0.2758421848091309,Small,RegolithCovered,background_clump,Background,Background,-1,-1.0,-1.0,-1.0,0.0,0.012,1.0,100040,,unreal_rockfield.json,unreal_rockfield.json,nan,nan,nan
3680,188.15593019493843,79.27758647225518,0.4166229757931317,Medium,RegolithCovered,background_clump,Background,Background,-1,-1.0,-1.0,-1.0,0.0,0.012,1.0,100041,,unreal_rockfield.json,unreal_rockfield.json,nan,nan,nan
3681,187.0739590270191,71.17202079561636,0.27029030344592847,Small,RegolithCovered,background_clump,Background,Background,-1,-1.0,-1.0,-1.0,0.0,0.012,1.0,100041,,unreal_rockfield.json,unreal_rockfield.json,nan,nan,nan
3682,189.83522882496564,78.46422842953461,0.27271516053149397,Small,RegolithCovered,background_clump,Background,Background,-1,-1.0,-1.0,-1.0,0.0,0.012,1.0,100041,,unreal_rockfield.json,unreal_rockfield.json,nan,nan,nan
3683,189.39140907711,72.8281262958385,0.2641413565386527,Small,RegolithCovered,background_clump,Background,Background,-1,-1.0,-1.0,-1.0,0.0,0.012,1.0,100041,,unreal_rockfield.json,unreal_rockfield.json,nan,nan,nan
3684,-79.65344926970764,166.0541117164042,0.2733779617312684,Small,RegolithCovered,background_clump,Background,Background,-1,-1.0,-1.0,-1.0,0.0,0.012,1.0,100042,,unreal_rockfield.json,unreal_rockfield.json,nan,nan,nan
3685,-80.76078733989515,165.67836389444287,0.34022188908984724,Medium,RegolithCovered,background_clump,Background,Background,-1,-1.0,-1.0,-1.0,0.0,0.012,1.0,100042,,unreal_rockfield.json,unreal_rockfield.json,nan,nan,nan
3686,-85.97489124177818,166.69141319159456,0.5695966444009697,Medium,RegolithCovered,background_clump,Background,Background,-1,-1.0,-1.0,-1.0,0.0,0.012,1.0,100042,,unreal_rockfield.json,unreal_rockfield.json,nan,nan,nan
3687,-82.80160118352468,160.8102767135394,0.2682866708343615,Small,RegolithCovered,background_clump,Background,Background,-1,-1.0,-1.0,-1.0,0.0,0.012,1.0,100042,,unreal_rockfield.json,unreal_rockfield.json,nan,nan,nan
3688,-44.8132728441667,-46.47114980350893,0.33927294139726544,Medium,RegolithCovered,background_clump,Background,Background,-1,-1.0,-1.0,-1.0,0.0,0.012,1.0,100043,,unreal_rockfield.json,unreal_rockfield.json,nan,nan,nan
3689,-51.85231669663849,-37.78224022082171,0.29598825002319273,Small,RegolithCovered,background_clump,Background,Background,-1,-1.0,-1.0,-1.0,0.0,0.012,1.0,100043,,unreal_rockfield.json,unreal_rockfield.json,nan,nan,nan
3690,-52.82718101564019,-39.40810387533985,0.3078097686756753,Medium,RegolithCovered,background_clump,Background,Background,-1,-1.0,-1.0,-1.0,0.0,0.012,1.0,100043,,unreal_rockfield.json,unreal_rockfield.json,nan,nan,nan
3691,-50.92580191476477,-39.338132834001534,0.2619197306996441,Small,RegolithCovered,background_clump,Background,Background,-1,-1.0,-1.0,-1.0,0.0,0.012,1.0,100043,,unreal_rockfield.json,unreal_rockfield.json,nan,nan,nan
3692,-3.527122057987155,-240.12531616491998,0.27107242348636723,Small,RegolithCovered,background_clump,Background,Background,-1,-1.0,-1.0,-1.0,0.0,0.012,1.0,100044,,unreal_rockfield.json,unreal_rockfield.json,nan,nan,nan
3693,-3.868267154946571,-245.08840718256653,0.2900271048334374,Small,RegolithCovered,background_clump,Background,Background,-1,-1.0,-1.0,-1.0,0.0,0.012,1.0,100044,,unreal_rockfield.json,unreal_rockfield.json,nan,nan,nan
3694,-180.46583892335022,89.12263559759187,0.2863836108819386,Small,RegolithCovered,background_clump,Background,Background,-1,-1.0,-1.0,-1.0,0.0,0.012,1.0,100045,,unreal_rockfield.json,unreal_rockfield.json,nan,nan,nan
3695,-178.03216163899097,95.27707368137196,0.2788837526185532,Small,RegolithCovered,background_clump,Background,Background,-1,-1.0,-1.0,-1.0,0.0,0.012,1.0,100045,,unreal_rockfield.json,unreal_rockfield.json,nan,nan,nan
3696,-175.51630897997453,96.51287903313339,0.29185143298548594,Small,RegolithCovered,background_clump,Background,Background,-1,-1.0,-1.0,-1.0,0.0,0.012,1.0,100045,,unreal_rockfield.json,unreal_rockfield.json,nan,nan,nan
3697,-181.55581380578175,94.43910442196092,0.2673754882189497,Small,RegolithCovered,background_clump,Background,Background,-1,-1.0,-1.0,-1.0,0.0,0.012,1.0,100045,,unreal_rockfield.json,unreal_rockfield.json,nan,nan,nan
3698,-178.2773505643499,98.18991145144555,0.4624448955201454,Medium,RegolithCovered,background_clump,Background,Background,-1,-1.0,-1.0,-1.0,0.0,0.012,1.0,100045,,unreal_rockfield.json,unreal_rockfield.json,nan,nan,nan
3699,-174.81019180868176,94.32654637095568,0.27256993567361487,Small,RegolithCovered,background_clump,Background,Background,-1,-1.0,-1.0,-1.0,0.0,0.012,1.0,100045,,unreal_rockfield.json,unreal_rockfield.json,nan,nan,nan
3700,-177.64002195236083,101.53063538677702,0.2848666665088475,Small,RegolithCovered,background_clump,Background,Background,-1,-1.0,-1.0,-1.0,0.0,0.012,1.0,100045,,unreal_rockfield.json,unreal_rockfield.json,nan,nan,nan
3701,129.7746511325274,93.48077799945276,0.26370105743238426,Small,RegolithCovered,background_clump,Background,Background,-1,-1.0,-1.0,-1.0,0.0,0.012,1.0,100046,,unreal_rockfield.json,unreal_rockfield.json,nan,nan,nan
3702,134.5359497104829,93.50268871663701,0.30744171889926236,Medium,RegolithCovered,background_clump,Background,Background,-1,-1.0,-1.0,-1.0,0.0,0.012,1.0,100046,,unreal_rockfield.json,unreal_rockfield.json,nan,nan,nan
3703,130.95106267466244,100.13920747277105,0.26525961808965165,Small,RegolithCovered,background_clump,Background,Background,-1,-1.0,-1.0,-1.0,0.0,0.012,1.0,100046,,unreal_rockfield.json,unreal_rockfield.json,nan,nan,nan
3704,135.03310494894058,101.83127301327848,0.3327228085469805,Medium,RegolithCovered,background_clump,Background,Background,-1,-1.0,-1.0,-1.0,0.0,0.012,1.0,100046,,unreal_rockfield.json,unreal_rockfield.json,nan,nan,nan
3705,46.85461179763715,121.45776836129099,0.27195358427818195,Small,RegolithCovered,background_clump,Background,Background,-1,-1.0,-1.0,-1.0,0.0,0.012,1.0,100047,,unreal_rockfield.json,unreal_rockfield.json,nan,nan,nan
3706,47.19805804915588,120.84820787559583,0.37274233310369825,Medium,RegolithCovered,background_clump,Background,Background,-1,-1.0,-1.0,-1.0,0.0,0.012,1.0,100047,,unreal_rockfield.json,unreal_rockfield.json,nan,nan,nan
3707,43.53100497439467,120.50077005026587,0.26067490819729544,Small,RegolithCovered,background_clump,Background,Background,-1,-1.0,-1.0,-1.0,0.0,0.012,1.0,100047,,unreal_rockfield.json,unreal_rockfield.json,nan,nan,nan
3708,51.009970858498754,128.02066366532674,0.3601705159491516,Medium,RegolithCovered,background_clump,Background,Background,-1,-1.0,-1.0,-1.0,0.0,0.012,1.0,100047,,unreal_rockfield.json,unreal_rockfield.json,nan,nan,nan
3709,44.25704013730668,124.50515536328541,0.3653529588153525,Medium,RegolithCovered,background_clump,Background,Background,-1,-1.0,-1.0,-1.0,0.0,0.012,1.0,100047,,unreal_rockfield.json,unreal_rockfield.json,nan,nan,nan
3710,47.69687750168276,124.1883793654933,0.3212123054531493,Medium,RegolithCovered,background_clump,Background,Background,-1,-1.0,-1.0,-1.0,0.0,0.012,1.0,100047,,unreal_rockfield.json,unreal_rockfield.json,nan,nan,nan
3711,44.87761929803704,120.45808488368891,0.29029333583420414,Small,RegolithCovered,background_clump,Background,Background,-1,-1.0,-1.0,-1.0,0.0,0.012,1.0,100047,,unreal_rockfield.json,unreal_rockfield.json,nan,nan,nan
3712,-32.76259503601718,154.61119452492778,0.5867909634436567,Medium,RegolithCovered,background_clump,Background,Background,-1,-1.0,-1.0,-1.0,0.0,0.012,1.0,100048,,unreal_rockfield.json,unreal_rockfield.json,nan,nan,nan
3713,-38.78265666658297,151.99569335655096,0.2651860869087462,Small,RegolithCovered,background_clump,Background,Background,-1,-1.0,-1.0,-1.0,0.0,0.012,1.0,100048,,unreal_rockfield.json,unreal_rockfield.json,nan,nan,nan
3714,-33.53564180263105,150.88526450640114,0.2681365784104001,Small,RegolithCovered,background_clump,Background,Background,-1,-1.0,-1.0,-1.0,0.0,0.012,1.0,100048,,unreal_rockfield.json,unreal_rockfield.json,nan,nan,nan
3715,-34.31456493711483,160.24566038668536,0.2736428109015702,Small,RegolithCovered,background_clump,Background,Background,-1,-1.0,-1.0,-1.0,0.0,0.012,1.0,100048,,unreal_rockfield.json,unreal_rockfield.json,nan,nan,nan
3716,-38.89364006457889,155.70007693727212,0.26393490823817994,Small,RegolithCovered,background_clump,Background,Background,-1,-1.0,-1.0,-1.0,0.0,0.012,1.0,100048,,unreal_rockfield.json,unreal_rockfield.json,nan,nan,nan
3717,-35.84995080258638,156.72726099787917,0.33283471473881554,Medium,RegolithCovered,background_clump,Background,Background,-1,-1.0,-1.0,-1.0,0.0,0.012,1.0,100048,,unreal_rockfield.json,unreal_rockfield.json,nan,nan,nan
3718,45.15092103084,160.1572906811395,0.2671053477933902,Small,RegolithCovered,background_clump,Background,Background,-1,-1.0,-1.0,-1.0,0.0,0.012,1.0,100049,,unreal_rockfield.json,unreal_rockfield.json,nan,nan,nan
3719,48.53483034234278,160.94822929223713,0.5055603528553666,Medium,RegolithCovered,background_clump,Background,Background,-1,-1.0,-1.0,-1.0,0.0,0.012,1.0,100049,,unreal_rockfield.json,unreal_rockfield.json,nan,nan,nan
3720,46.347105375795095,159.47714601071462,0.27770468198487935,Small,RegolithCovered,background_clump,Background,Background,-1,-1.0,-1.0,-1.0,0.0,0.012,1.0,100049,,unreal_rockfield.json,unreal_rockfield.json,nan,nan,nan
3721,45.828543302723716,162.57197199989076,0.3204669321254751,Medium,RegolithCovered,background_clump,Background,Background,-1,-1.0,-1.0,-1.0,0.0,0.012,1.0,100049,,unreal_rockfield.json,unreal_rockfield.json,nan,nan,nan
3722,46.28451870212933,161.69522985265792,0.37636023869505836,Medium,RegolithCovered,background_clump,Background,Background,-1,-1.0,-1.0,-1.0,0.0,0.012,1.0,100049,,unreal_rockfield.json,unreal_rockfield.json,nan,nan,nan
3723,37.68463143898608,161.31447856011027,0.4780499346269898,Medium,RegolithCovered,background_clump,Background,Background,-1,-1.0,-1.0,-1.0,0.0,0.012,1.0,100049,,unreal_rockfield.json,unreal_rockfield.json,nan,nan,nan
3724,-68.76704101880367,190.75365940973828,0.2659147479653135,Small,RegolithCovered,background_clump,Background,Background,-1,-1.0,-1.0,-1.0,0.0,0.012,1.0,100050,,unreal_rockfield.json,unreal_rockfield.json,nan,nan,nan
3725,-78.09065161904665,190.41398226625577,0.26061546937020097,Small,RegolithCovered,background_clump,Background,Background,-1,-1.0,-1.0,-1.0,0.0,0.012,1.0,100050,,unreal_rockfield.json,unreal_rockfield.json,nan,nan,nan
3726,114.24737999097361,92.03331640560484,0.4262982619745165,Medium,RegolithCovered,background_clump,Background,Background,-1,-1.0,-1.0,-1.0,0.0,0.012,1.0,100051,,unreal_rockfield.json,unreal_rockfield.json,nan,nan,nan
3727,110.61680860821215,90.88531095856094,0.26274099796815337,Small,RegolithCovered,background_clump,Background,Background,-1,-1.0,-1.0,-1.0,0.0,0.012,1.0,100051,,unreal_rockfield.json,unreal_rockfield.json,nan,nan,nan
3728,109.54525529937634,88.50700564491704,0.2624374079690199,Small,RegolithCovered,background_clump,Background,Background,-1,-1.0,-1.0,-1.0,0.0,0.012,1.0,100051,,unreal_rockfield.json,unreal_rockfield.json,nan,nan,nan
3729,113.7229769675695,95.06863820220384,0.281235873070375,Small,RegolithCovered,background_clump,Background,Background,-1,-1.0,-1.0,-1.0,0.0,0.012,1.0,100051,,unreal_rockfield.json,unreal_rockfield.json,nan,nan,nan
3730,50.78288766346643,168.67290213180223,0.2610518224981591,Small,RegolithCovered,background_clump,Background,Background,-1,-1.0,-1.0,-1.0,0.0,0.012,1.0,100052,,unreal_rockfield.json,unreal_rockfield.json,nan,nan,nan
3731,53.766576940024024,170.7828339601148,0.31287454067905646,Medium,RegolithCovered,background_clump,Background,Background,-1,-1.0,-1.0,-1.0,0.0,0.012,1.0,100052,,unreal_rockfield.json,unreal_rockfield.json,nan,nan,nan
3732,56.62995613153103,169.01269400669116,0.3117828041438331,Medium,RegolithCovered,background_clump,Background,Background,-1,-1.0,-1.0,-1.0,0.0,0.012,1.0,100052,,unreal_rockfield.json,unreal_rockfield.json,nan,nan,nan
3733,53.402315193678675,167.26107133005237,0.29394803133893865,Small,RegolithCovered,background_clump,Background,Background,-1,-1.0,-1.0,-1.0,0.0,0.012,1.0,100052,,unreal_rockfield.json,unreal_rockfield.json,nan,nan,nan
3734,52.54130605120411,166.92592638523814,0.3483926610660328,Medium,RegolithCovered,background_clump,Background,Background,-1,-1.0,-1.0,-1.0,0.0,0.012,1.0,100052,,unreal_rockfield.json,unreal_rockfield.json,nan,nan,nan
3735,51.20786231653258,169.27067225410707,0.26379623159700516,Small,RegolithCovered,background_clump,Background,Background,-1,-1.0,-1.0,-1.0,0.0,0.012,1.0,100052,,unreal_rockfield.json,unreal_rockfield.json,nan,nan,nan
3736,57.0048147670073,163.88202842180021,0.31394604812770144,Medium,RegolithCovered,background_clump,Background,Background,-1,-1.0,-1.0,-1.0,0.0,0.012,1.0,100052,,unreal_rockfield.json,unreal_rockfield.json,nan,nan,nan
3737,-59.617271697898055,-123.27837368321099,0.33451613843102346,Medium,RegolithCovered,background_clump,Background,Background,-1,-1.0,-1.0,-1.0,0.0,0.012,1.0,100053,,unreal_rockfield.json,unreal_rockfield.json,nan,nan,nan
