instance_id,x_m,y_m,diameter_m,size_class,material_type,source_type,crater_zone,analysis_crater_zone,dominant_crater_index,normalized_crater_radius,analysis_normalized_crater_radius,distance_to_dominant_crater_center_m,local_slope_deg,local_density_per_m2,acceptance_probability,clump_id,mesh_name,source_file,source_files,world_x_cm,world_y_cm,world_z_cm
0,157.51127309766986,-93.01582018069205,0.2703868292150305,Small,MixedBreccia,crater_ejecta_clump,ProximalEjecta,ProximalEjecta,2,2.0552226504962143,2.0552226504962143,4.059328324711873,0.1702268999771281,0.006128593621635774,1.0,0,,unreal_rockfield.json,unreal_rockfield.json,nan,nan,nan
1,-20.202203375957506,-179.1392785751031,0.26353168162081597,Small,MixedBreccia,crater_ejecta_clump,ProximalEjecta,ProximalEjecta,3,1.7075076820690607,1.7075076820690607,3.6181510246361914,0.21731833154053784,0.006130189642758948,1.0,1,,unreal_rockfield.json,unreal_rockfield.json,nan,nan,nan
2,-22.70576054260887,-176.04891207701687,0.28947811915583804,Small,MixedBreccia,crater_ejecta_clump,Rim,Rim,3,0.8514771486919173,0.8514771486919173,1.8042512782495115,0.6964857276445354,0.006130189642758948,1.0,1,,unreal_rockfield.json,unreal_rockfield.json,nan,nan,nan
3,108.71026628324564,-92.50434135581901,0.2650781460715694,Small,MixedBreccia,crater_ejecta_clump,ProximalEjecta,ProximalEjecta,4,2.685213685090837,2.685213685090837,4.326946725919018,0.10143559224745428,0.006145248709347621,1.0,2,,unreal_rockfield.json,unreal_rockfield.json,nan,nan,nan
4,-32.37838250041523,153.40002310122662,0.2666408133672232,Small,MixedBreccia,crater_ejecta_clump,DistalEjecta,DistalEjecta,5,5.369588578023847,5.369588578023847,13.658739545205558,0.1394751673603782,0.006148476060734634,1.0,3,,unreal_rockfield.json,unreal_rockfield.json,nan,nan,nan
5,-32.57692530726522,153.62195427501493,0.2650400141535279,Small,MixedBreccia,crater_ejecta_clump,DistalEjecta,DistalEjecta,5,5.304402335418994,5.304402335418994,13.492923878561328,0.1394751673603782,0.006148476060734634,1.0,3,,unreal_rockfield.json,unreal_rockfield.json,nan,nan,nan
6,-212.23231520847202,-24.452339387441288,0.2653735844336429,Small,MixedBreccia,crater_ejecta_clump,DistalEjecta,DistalEjecta,6,6.529580011701656,6.529580011701656,10.930811510154188,0.0918185723306674,0.00615486024550738,1.0,4,,unreal_rockfield.json,unreal_rockfield.json,nan,nan,nan
7,-196.873285813612,-125.95672831489486,0.2615094517253907,Small,MixedBreccia,crater_ejecta_clump,ProximalEjecta,ProximalEjecta,7,2.5350080989090737,2.5350080989090737,4.07553432502657,0.10923890058051525,0.006171898132636803,1.0,5,,unreal_rockfield.json,unreal_rockfield.json,nan,nan,nan
8,-31.933244419087654,-80.00764354310252,0.26083564759306416,Small,MixedBreccia,crater_ejecta_clump,ProximalEjecta,ProximalEjecta,8,2.2751419812268834,2.2751419812268834,3.571141252777824,0.12161096443168133,0.006198864419270213,1.0,6,,unreal_rockfield.json,unreal_rockfield.json,nan,nan,nan
9,-199.25394716506355,187.6201991674186,0.263698027473543,Small,MixedBreccia,crater_ejecta_clump,DistalEjecta,DistalEjecta,9,5.502283858426378,5.502283858426378,13.349695941331275,0.1334656726027436,0.0062150059330345515,1.0,7,,unreal_rockfield.json,unreal_rockfield.json,nan,nan,nan
10,-199.42814472956283,196.9564476200377,0.267735307218378,Small,MixedBreccia,crater_ejecta_clump,ProximalEjecta,ProximalEjecta,9,2.665879217671625,2.665879217671625,6.467982730067374,0.1547380914127778,0.0062150059330345515,1.0,7,,unreal_rockfield.json,unreal_rockfield.json,nan,nan,nan
11,-184.3255953799588,142.05797203311772,0.262224598511271,Small,MixedBreccia,crater_ejecta_clump,ProximalEjecta,ProximalEjecta,11,2.5733377531094876,2.5733377531094876,5.15110862149082,0.13379524451211344,0.006227893845595152,1.0,8,,unreal_rockfield.json,unreal_rockfield.json,nan,nan,nan
12,39.596281718764736,28.840106423852454,0.33557280353996694,Medium,MixedBreccia,crater_ejecta_single,Rim,Rim,12,0.9907465863165803,0.9907465863165803,3.265456338385112,1.0887075085925317,0.00415396844954704,1.0,-1,,unreal_rockfield.json,unreal_rockfield.json,nan,nan,nan
13,38.14459251876304,26.571134259045543,0.2873419501175153,Small,RegolithCovered,crater_ejecta_clump,CraterFloor,CraterFloor,12,0.20338541690871242,0.20338541690871242,0.6703492174006176,0.30241875238681437,0.006230952674320561,1.0,9,,unreal_rockfield.json,unreal_rockfield.json,nan,nan,nan
14,39.19420546143484,25.16092128287562,0.26649917205170726,Small,RegolithCovered,crater_ejecta_clump,CraterFloor,CraterFloor,12,0.3828220121914933,0.3828220121914933,1.2617641922256433,0.30241875238681437,0.006230952674320561,1.0,9,,unreal_rockfield.json,unreal_rockfield.json,nan,nan,nan
15,39.887336292837254,31.368578386153388,0.26346154593688575,Small,MixedBreccia,crater_ejecta_clump,ProximalEjecta,ProximalEjecta,12,1.7384413658313955,1.7384413658313955,5.729824816323967,0.3344861924613676,0.006230952674320561,1.0,9,,unreal_rockfield.json,unreal_rockfield.json,nan,nan,nan
16,-229.58930017084467,112.82331406757311,0.2626236776207312,Small,MixedBreccia,crater_ejecta_single,ProximalEjecta,ProximalEjecta,15,1.235484466116792,1.235484466116792,3.4622772861179727,0.3659936785005662,0.004164583849446502,1.0,-1,,unreal_rockfield.json,unreal_rockfield.json,nan,nan,nan
17,-228.1416524990725,110.95345468416461,0.2607567037967256,Small,MixedBreccia,crater_ejecta_clump,ProximalEjecta,ProximalEjecta,15,2.070872896078574,2.070872896078574,5.803339812976995,0.24103010589502086,0.006246875774169753,1.0,10,,unreal_rockfield.json,unreal_rockfield.json,nan,nan,nan
18,-228.56999484066068,112.49484996501405,0.2640737051724838,Small,MixedBreccia,crater_ejecta_clump,ProximalEjecta,ProximalEjecta,15,1.5924811304108681,1.5924811304108681,4.462711913912339,0.3061630273652599,0.006246875774169753,1.0,10,,unreal_rockfield.json,unreal_rockfield.json,nan,nan,nan
19,88.47752169944476,-239.5401837347691,0.2655910698692018,Small,MixedBreccia,crater_ejecta_clump,ProximalEjecta,ProximalEjecta,16,1.6753385376027876,1.6753385376027876,2.514462469424379,0.15758337889317164,0.006281606259708384,1.0,11,,unreal_rockfield.json,unreal_rockfield.json,nan,nan,nan
20,8.294212389498105,-32.54262005832339,0.2612059375985087,Small,MixedBreccia,crater_ejecta_clump,DistalEjecta,DistalEjecta,17,3.217867134474215,3.217867134474215,5.409246564766626,0.09286127052233395,0.006301541965616063,1.0,12,,unreal_rockfield.json,unreal_rockfield.json,nan,nan,nan
21,159.8581702189559,122.15048365803192,0.26782321006156307,Small,MixedBreccia,crater_ejecta_clump,ProximalEjecta,ProximalEjecta,19,2.0118777463293562,2.0118777463293562,4.342968061509484,0.19176656813691212,0.006305335406699659,1.0,13,,unreal_rockfield.json,unreal_rockfield.json,nan,nan,nan
22,160.38056526803362,126.51861020674515,0.2709374281700599,Small,MixedBreccia,crater_ejecta_clump,DistalEjecta,DistalEjecta,19,3.7594403065153945,3.7594403065153945,8.115368446286762,0.1192698367150885,0.006305335406699659,1.0,13,,unreal_rockfield.json,unreal_rockfield.json,nan,nan,nan
23,-249.19028239983876,-13.232343860495417,0.2687241299190949,Small,MixedBreccia,crater_ejecta_clump,DistalEjecta,DistalEjecta,20,3.9932910345602366,3.9932910345602366,6.77533443788655,0.0938874581043992,0.006336941663149314,1.0,14,,unreal_rockfield.json,unreal_rockfield.json,nan,nan,nan
24,246.3300155583207,-207.51336133348678,0.27254224432534063,Small,MixedBreccia,crater_ejecta_clump,DistalEjecta,DistalEjecta,23,4.208321716400586,4.208321716400586,7.224928582166162,0.09503821169293028,0.006344871710360625,1.0,15,,unreal_rockfield.json,unreal_rockfield.json,nan,nan,nan
25,131.01866718629302,230.1046115939405,0.26392425607237563,Small,MixedBreccia,crater_ejecta_single,Rim,Rim,24,0.9945535634205066,0.9945535634205066,3.8897658344322608,1.2996231612069766,0.0042362096198162265,1.0,-1,,unreal_rockfield.json,unreal_rockfield.json,nan,nan,nan
26,127.1104931693785,223.97848983372836,0.376124399369752,Medium,MixedBreccia,crater_ejecta_single,Rim,Rim,24,1.0195568304786844,1.0195568304786844,3.98755529246565,1.2996231612069766,0.0042362096198162265,1.0,-1,,unreal_rockfield.json,unreal_rockfield.json,nan,nan,nan
27,125.12941902484624,210.026358209979,0.2628520060552333,Small,MixedBreccia,crater_ejecta_clump,DistalEjecta,DistalEjecta,24,4.622181424780775,4.622181424780775,18.07766222748714,0.21660386020116276,0.006354314429724339,1.0,16,,unreal_rockfield.json,unreal_rockfield.json,nan,nan,nan
28,126.1247632702545,208.37370458915524,0.26043035965819583,Small,MixedBreccia,crater_ejecta_clump,DistalEjecta,DistalEjecta,24,5.012177877928193,5.012177877928193,19.602964568957088,0.21660386020116276,0.006354314429724339,1.0,16,,unreal_rockfield.json,unreal_rockfield.json,nan,nan,nan
29,123.38963084900558,214.01878432675028,0.2671363564077294,Small,MixedBreccia,crater_ejecta_clump,DistalEjecta,DistalEjecta,24,3.7258935127226525,3.7258935127226525,14.572219960357844,0.21660386020116276,0.006354314429724339,1.0,16,,unreal_rockfield.json,unreal_rockfield.json,nan,nan,nan
30,121.36214839766909,209.03150226730574,0.26429551901761994,Small,MixedBreccia,crater_ejecta_clump,DistalEjecta,DistalEjecta,24,5.099365726476676,5.099365726476676,19.943962104871755,0.21660386020116276,0.006354314429724339,1.0,16,,unreal_rockfield.json,unreal_rockfield.json,nan,nan,nan
31,123.3582598379621,212.68357360095797,0.2616274365939283,Small,MixedBreccia,crater_ejecta_clump,DistalEjecta,DistalEjecta,24,4.0547604060276345,4.0547604060276345,15.85844048452355,0.21660386020116276,0.006354314429724339,1.0,16,,unreal_rockfield.json,unreal_rockfield.json,nan,nan,nan
32,-94.204408450109,84.18075896202738,0.2600293480666507,Small,MixedBreccia,crater_ejecta_clump,ProximalEjecta,ProximalEjecta,25,2.2958250038797,2.2958250038797,4.070818326682415,0.13708458102606288,0.006368252013774852,1.0,17,,unreal_rockfield.json,unreal_rockfield.json,nan,nan,nan
33,-179.14705131004638,230.65339756948578,0.2654438817720221,Small,MixedBreccia,crater_ejecta_clump,ProximalEjecta,ProximalEjecta,28,2.032136999618146,2.032136999618146,3.7814444886743517,0.1644283132043299,0.006405103634058468,1.0,18,,unreal_rockfield.json,unreal_rockfield.json,nan,nan,nan
34,-115.3061044057232,-9.880276403285276,0.266060583596816,Small,MixedBreccia,crater_ejecta_clump,DistalEjecta,DistalEjecta,29,3.495721626418703,3.495721626418703,5.986730623209611,0.09510245670487136,0.0064104011466540115,1.0,19,,unreal_rockfield.json,unreal_rockfield.json,nan,nan,nan
35,-150.7539174774765,-244.36801493496557,0.26350791879922064,Small,MixedBreccia,crater_ejecta_clump,ProximalEjecta,ProximalEjecta,32,2.699552705067136,2.699552705067136,4.104845868555403,0.0964417671970126,0.00644927634658063,1.0,20,,unreal_rockfield.json,unreal_rockfield.json,nan,nan,nan
36,203.01289791428104,1.269657924937745,0.2667521269050742,Small,MixedBreccia,crater_ejecta_clump,ProximalEjecta,ProximalEjecta,35,2.484266254820523,2.484266254820523,4.279695138665464,0.12200855787041033,0.006505833116492102,1.0,21,,unreal_rockfield.json,unreal_rockfield.json,nan,nan,nan
37,154.32213487971737,159.30730240672855,0.263907362155228,Small,MixedBreccia,crater_ejecta_clump,DistalEjecta,DistalEjecta,36,6.965099747551393,6.965099747551393,10.715424812707417,0.08583871695048025,0.006510208127615889,1.0,22,,unreal_rockfield.json,unreal_rockfield.json,nan,nan,nan
38,-28.207637364494552,-157.45882448844873,0.27086981687626666,Small,MixedBreccia,crater_ejecta_clump,DistalEjecta,DistalEjecta,38,3.817978674768071,3.817978674768071,7.974421648631834,0.11667070708453053,0.006534309806536254,1.0,23,,unreal_rockfield.json,unreal_rockfield.json,nan,nan,nan
39,-22.950879153435448,-153.48842266005875,0.26281000550990885,Small,MixedBreccia,crater_ejecta_clump,ProximalEjecta,ProximalEjecta,38,1.2542159650254907,1.2542159650254907,2.6196183361779792,0.2739859336065148,0.006534309806536254,1.0,23,,unreal_rockfield.json,unreal_rockfield.json,nan,nan,nan
40,191.10177141290742,0.30589209750121515,0.267482473108716,Small,MixedBreccia,crater_ejecta_clump,ProximalEjecta,ProximalEjecta,39,1.6793638937799147,1.6793638937799147,2.5589468906914865,0.16161991218418617,0.0065360423524329445,1.0,24,,unreal_rockfield.json,unreal_rockfield.json,nan,nan,nan
41,219.11764856681333,232.19138104548674,0.2694091205191604,Small,MixedBreccia,crater_ejecta_clump,DistalEjecta,DistalEjecta,40,4.846883376371808,4.846883376371808,8.939500403260388,0.10303668679151863,0.006536507453617299,1.0,25,,unreal_rockfield.json,unreal_rockfield.json,nan,nan,nan
42,244.24288999574495,-221.27756716631256,0.27135025386524025,Small,MixedBreccia,crater_ejecta_single,ProximalEjecta,ProximalEjecta,41,1.7794710989981088,1.7794710989981088,6.138232985114035,0.3480725299588322,0.004359862344532495,1.0,-1,,unreal_rockfield.json,unreal_rockfield.json,nan,nan,nan
43,243.59637815637228,-223.88088154832266,0.2697640801060378,Small,MixedBreccia,crater_ejecta_clump,Rim,Rim,41,1.117005543305265,1.117005543305265,3.85307762195855,1.1564111397164767,0.006539793516798743,1.0,26,,unreal_rockfield.json,unreal_rockfield.json,nan,nan,nan
44,241.3279087224198,-230.29111932626174,0.320511515185025,Medium,MixedBreccia,crater_ejecta_clump,ProximalEjecta,ProximalEjecta,41,1.2408620959271863,1.2408620959271863,4.280317141136151,0.45564562945961523,0.006539793516798743,1.0,26,,unreal_rockfield.json,unreal_rockfield.json,nan,nan,nan
45,245.6742677393965,-229.0750789417726,0.26578773153894003,Small,MixedBreccia,crater_ejecta_clump,ProximalEjecta,ProximalEjecta,41,1.7430469066085583,1.7430469066085583,6.012588809545485,0.35446973681244043,0.006539793516798743,1.0,26,,unreal_rockfield.json,unreal_rockfield.json,nan,nan,nan
46,238.0768307035273,-227.8648063982325,0.37898278221757015,Medium,MixedBreccia,crater_ejecta_clump,Rim,Rim,41,0.856528130579558,0.856528130579558,2.9545684820403433,1.1564111397164767,0.006539793516798743,1.0,26,,unreal_rockfield.json,unreal_rockfield.json,nan,nan,nan
47,-43.685866573970564,30.14099167010882,0.262361241991267,Small,MixedBreccia,crater_ejecta_clump,ProximalEjecta,ProximalEjecta,44,2.2890214224172647,2.2890214224172647,4.319051878215131,0.14780429368750986,0.006572948346040131,1.0,27,,unreal_rockfield.json,unreal_rockfield.json,nan,nan,nan
48,77.77493755578968,-105.26724096303312,0.2604310490804748,Small,MixedBreccia,crater_ejecta_clump,DistalEjecta,DistalEjecta,47,4.375029291643205,4.375029291643205,8.075006162595747,0.10331570382733182,0.006578687277118349,1.0,28,,unreal_rockfield.json,unreal_rockfield.json,nan,nan,nan
49,47.68874342598108,74.84988670960637,0.2662820449088862,Small,MixedBreccia,crater_ejecta_clump,DistalEjecta,DistalEjecta,50,3.3203670530696274,3.3203670530696274,5.154483391465833,0.08704242206155552,0.006614369168023947,1.0,29,,unreal_rockfield.json,unreal_rockfield.json,nan,nan,nan
50,-79.18857729520282,-90.3367659881575,0.2640007784163933,Small,MixedBreccia,crater_ejecta_clump,DistalEjecta,DistalEjecta,51,3.585984433886924,3.585984433886924,5.422122169146305,0.08483425029315252,0.006628057655872492,1.0,30,,unreal_rockfield.json,unreal_rockfield.json,nan,nan,nan
51,80.48475269254885,238.28874080471138,0.26020690449737066,Small,MixedBreccia,crater_ejecta_single,ProximalEjecta,ProximalEjecta,54,2.919537634829523,2.919537634829523,7.763956251878249,0.15253058079821608,0.004432861716535268,1.0,-1,,unreal_rockfield.json,unreal_rockfield.json,nan,nan,nan
52,74.8286323883507,229.40874049870652,0.26398237882895914,Small,MixedBreccia,crater_ejecta_clump,ProximalEjecta,ProximalEjecta,54,1.6853766697081156,1.6853766697081156,4.481939391856522,0.2827167712875429,0.0066492925748029025,1.0,31,,unreal_rockfield.json,unreal_rockfield.json,nan,nan,nan
53,74.19866228473538,228.2301168728923,0.2638171451764098,Small,MixedBreccia,crater_ejecta_clump,ProximalEjecta,ProximalEjecta,54,2.1078751323127816,2.1078751323127816,5.605493868776285,0.22887965857650996,0.0066492925748029025,1.0,31,,unreal_rockfield.json,unreal_rockfield.json,nan,nan,nan
54,195.59093556274863,53.942336576677256,0.27169454839613566,Small,MixedBreccia,crater_ejecta_clump,DistalEjecta,DistalEjecta,56,4.0993637716863285,4.0993637716863285,8.694082777103043,0.11924732400519458,0.006673964500296434,1.0,32,,unreal_rockfield.json,unreal_rockfield.json,nan,nan,nan
55,192.3012527794534,57.08593658180408,0.26799130576160357,Small,MixedBreccia,crater_ejecta_clump,ProximalEjecta,ProximalEjecta,56,2.2862894538297556,2.2862894538297556,4.848847497092665,0.16714876351903316,0.006673964500296434,1.0,32,,unreal_rockfield.json,unreal_rockfield.json,nan,nan,nan
56,-127.7199002642827,151.6977004992066,0.26011717556577174,Small,MixedBreccia,crater_ejecta_clump,DistalEjecta,DistalEjecta,57,4.470366998685352,4.470366998685352,7.909387637297881,0.09948243181934474,0.006674230413869737,1.0,33,,unreal_rockfield.json,unreal_rockfield.json,nan,nan,nan
57,161.26347104541264,-193.64658651438768,0.26102090341184386,Small,MixedBreccia,crater_ejecta_clump,ProximalEjecta,ProximalEjecta,58,2.0365276617525243,2.0365276617525243,3.0606139836266646,0.1342533723730308,0.006682666772993378,1.0,34,,unreal_rockfield.json,unreal_rockfield.json,nan,nan,nan
58,-95.82658737866515,-204.77790045056622,0.2617931093075534,Small,MixedBreccia,crater_ejecta_clump,DistalEjecta,DistalEjecta,59,5.7451674098782215,5.7451674098782215,14.377155436926428,0.14077825303207792,0.00668503831894474,1.0,35,,unreal_rockfield.json,unreal_rockfield.json,nan,nan,nan
59,-101.5263170672941,-205.79891630186484,0.2614218004724887,Small,MixedBreccia,crater_ejecta_clump,DistalEjecta,DistalEjecta,59,4.833884885786497,4.833884885786497,12.096690907155816,0.14077825303207792,0.00668503831894474,1.0,35,,unreal_rockfield.json,unreal_rockfield.json,nan,nan,nan
60,-78.72554391309228,-43.04111518067902,0.2724519125925075,Small,MixedBreccia,crater_ejecta_clump,ProximalEjecta,ProximalEjecta,61,1.2844544107476117,1.2844544107476117,2.2929353400590977,0.23231285076969052,0.006686749537592865,1.0,36,,unreal_rockfield.json,unreal_rockfield.json,nan,nan,nan
61,235.77788272356804,203.01693389050084,0.2621321950879954,Small,MixedBreccia,crater_ejecta_clump,ProximalEjecta,ProximalEjecta,63,2.4632282955349742,2.4632282955349742,4.637798449588843,0.13608507774819256,0.006715024829885214,1.0,37,,unreal_rockfield.json,unreal_rockfield.json,nan,nan,nan
62,-65.08312246959973,-187.0683343471957,0.2671942519208625,Small,MixedBreccia,crater_ejecta_clump,ProximalEjecta,ProximalEjecta,64,2.2124396986438826,2.2124396986438826,3.3467712485931482,0.1239766316595123,0.006721173610883842,1.0,38,,unreal_rockfield.json,unreal_rockfield.json,nan,nan,nan
63,216.42021416929657,-213.7849280616756,0.2725183820845972,Small,MixedBreccia,crater_ejecta_clump,DistalEjecta,DistalEjecta,66,4.920121977261446,4.920121977261446,8.50634559157234,0.09757894779697329,0.006755709712876484,1.0,39,,unreal_rockfield.json,unreal_rockfield.json,nan,nan,nan
64,166.01837337637699,-173.07509514473048,0.26284615996830557,Small,MixedBreccia,crater_ejecta_clump,ProximalEjecta,ProximalEjecta,67,1.6945571155052892,1.6945571155052892,2.7504835251980113,0.17262351062560113,0.006756235682827982,1.0,40,,unreal_rockfield.json,unreal_rockfield.json,nan,nan,nan
65,40.869748941121735,183.86108400526138,0.26811077675304396,Small,MixedBreccia,crater_ejecta_clump,ProximalEjecta,ProximalEjecta,68,2.108008850752397,2.108008850752397,3.393873709126169,0.13943426643314707,0.006785119080555217,1.0,41,,unreal_rockfield.json,unreal_rockfield.json,nan,nan,nan
66,-215.79812815458956,2.1997093723889147,0.2616352432087372,Small,MixedBreccia,crater_ejecta_single,DistalEjecta,DistalEjecta,69,3.0001873858495878,3.0001873858495878,11.563425291588945,0.2178396580891735,0.004524086298809423,1.0,-1,,unreal_rockfield.json,unreal_rockfield.json,nan,nan,nan
67,-222.39092490502907,0.3911582406531664,0.3328164656971414,Medium,MixedBreccia,crater_ejecta_single,ProximalEjecta,ProximalEjecta,69,1.2331372169913646,1.2331372169913646,4.752799825174811,0.5169881343769518,0.004524086298809423,1.0,-1,,unreal_rockfield.json,unreal_rockfield.json,nan,nan,nan
68,-227.582167289068,-6.630046292180727,0.3186414028702552,Medium,MixedBreccia,crater_ejecta_clump,ProximalEjecta,ProximalEjecta,69,1.3545810472437159,1.3545810472437159,5.220872807839447,0.48652972925843196,0.006786129448214134,1.0,42,,unreal_rockfield.json,unreal_rockfield.json,nan,nan,nan
69,-229.24480739059678,-0.4506077986290007,0.2694949870586105,Small,RegolithCovered,crater_ejecta_clump,CraterFloor,CraterFloor,69,0.6966284774957523,0.6966284774957523,2.6849694100804866,0.3630660968152891,0.006786129448214134,1.0,42,,unreal_rockfield.json,unreal_rockfield.json,nan,nan,nan
70,-231.69298041591108,-1.8179456454949636,0.31886483782313363,Medium,MixedBreccia,crater_ejecta_clump,ProximalEjecta,ProximalEjecta,69,1.282349880166467,1.282349880166467,4.942476962246115,0.5044221878595353,0.006786129448214134,1.0,42,,unreal_rockfield.json,unreal_rockfield.json,nan,nan,nan
71,-233.13912992289565,-3.969875580337515,0.26357627332730804,Small,MixedBreccia,crater_ejecta_clump,ProximalEjecta,ProximalEjecta,69,1.7766754732192405,1.7766754732192405,6.847723645152047,0.39396055702620003,0.006786129448214134,1.0,42,,unreal_rockfield.json,unreal_rockfield.json,nan,nan,nan
72,-231.6250794228602,-1.3595503938806837,0.31870264254624014,Medium,MixedBreccia,crater_ejecta_clump,ProximalEjecta,ProximalEjecta,69,1.2619712873186384,1.2619712873186384,4.863933089601692,0.5095881692170919,0.006786129448214134,1.0,42,,unreal_rockfield.json,unreal_rockfield.json,nan,nan,nan
73,42.61079179601074,183.36162783707283,0.36946202274646883,Medium,MixedBreccia,crater_ejecta_clump,Rim,Rim,71,0.9273505839494587,0.9273505839494587,1.5757574228353277,0.5767525122099642,0.006805829580854947,1.0,43,,unreal_rockfield.json,unreal_rockfield.json,nan,nan,nan
74,-65.29517214662613,-44.60535581058603,0.2705368516488274,Small,MixedBreccia,crater_ejecta_clump,DistalEjecta,DistalEjecta,72,3.8398749693319605,3.8398749693319605,6.795376640081796,0.1001341814295133,0.006810488445345177,1.0,44,,unreal_rockfield.json,unreal_rockfield.json,nan,nan,nan
75,-142.0828659602809,-191.06514308172686,0.26198842565735775,Small,MixedBreccia,crater_ejecta_clump,ProximalEjecta,ProximalEjecta,74,1.330041008347455,1.330041008347455,2.3208322183106813,0.22355072130894701,0.006841085864363567,1.0,45,,unreal_rockfield.json,unreal_rockfield.json,nan,nan,nan
76,5.3061417418559245,-57.527946299056005,0.2711477819250612,Small,MixedBreccia,crater_ejecta_single,Rim,Rim,76,0.990631328235481,0.990631328235481,2.7352321374792608,0.9404054635223426,0.004587073086320365,1.0,-1,,unreal_rockfield.json,unreal_rockfield.json,nan,nan,nan
77,6.655309142809714,-55.9628244575734,0.35153648594350023,Medium,RegolithCovered,crater_ejecta_clump,CraterFloor,CraterFloor,76,0.28496649649403677,0.28496649649403677,0.7868209868788639,0.2612237398673174,0.006880609629480547,1.0,46,,unreal_rockfield.json,unreal_rockfield.json,nan,nan,nan
78,8.102289697546494,-57.984476766843464,0.2671327152767639,Small,RegolithCovered,crater_ejecta_clump,CraterFloor,CraterFloor,76,0.8291309434912858,0.8291309434912858,2.2893134288973114,0.2612237398673174,0.006880609629480547,1.0,46,,unreal_rockfield.json,unreal_rockfield.json,nan,nan,nan
79,223.46886408721986,-44.81426245321347,0.26692649126119244,Small,MixedBreccia,crater_ejecta_clump,DistalEjecta,DistalEjecta,78,3.7364064851155456,3.7364064851155456,6.873676138489272,0.10450455796555197,0.006896675891870459,1.0,47,,unreal_rockfield.json,unreal_rockfield.json,nan,nan,nan
80,159.22953066261096,-87.27103322792661,0.26590035424914377,Small,MixedBreccia,crater_ejecta_clump,DistalEjecta,DistalEjecta,79,3.6790875939768677,3.6790875939768677,6.437400263785072,0.09942976537231651,0.006904035361442783,1.0,48,,unreal_rockfield.json,unreal_rockfield.json,nan,nan,nan
81,-217.16382091524022,-186.8258118896824,0.3509550732944683,Medium,MixedBreccia,crater_ejecta_clump,Rim,Rim,81,1.140442180896467,1.140442180896467,2.2183959440039698,0.6635688562486957,0.006915301890959631,1.0,49,,unreal_rockfield.json,unreal_rockfield.json,nan,nan,nan
82,-212.8052035057408,-188.23728724840853,0.2618901171728069,Small,MixedBreccia,crater_ejecta_clump,ProximalEjecta,ProximalEjecta,81,1.7920257276707656,1.7920257276707656,3.485860723505184,0.19848023942017795,0.006915301890959631,1.0,49,,unreal_rockfield.json,unreal_rockfield.json,nan,nan,nan
83,104.04712090119165,-237.22786713385204,0.36989143627773846,Medium,MixedBreccia,crater_ejecta_clump,Rim,Rim,82,0.9949233616366435,0.9949233616366435,2.260732823142403,0.7751724679987534,0.006916238620920707,1.0,50,,unreal_rockfield.json,unreal_rockfield.json,nan,nan,nan
84,101.92951673267588,-233.11538322625813,0.2727483735999725,Small,MixedBreccia,crater_ejecta_clump,ProximalEjecta,ProximalEjecta,82,2.5864069080018397,2.5864069080018397,5.877010447622259,0.15585901891359358,0.006916238620920707,1.0,50,,unreal_rockfield.json,unreal_rockfield.json,nan,nan,nan
85,-102.75967505036289,-4.0216622977802885,0.2709613163819371,Small,RegolithCovered,crater_ejecta_clump,CraterFloor,CraterFloor,83,0.61842214702233,0.61842214702233,1.1364168034257534,0.17419465335956094,0.006923623542385467,1.0,51,,unreal_rockfield.json,unreal_rockfield.json,nan,nan,nan
86,217.44772067094277,-108.64404938621111,0.265818702244197,Small,MixedBreccia,crater_ejecta_clump,DistalEjecta,DistalEjecta,85,3.616316494801174,3.616316494801174,8.108255557697733,0.12769756892370343,0.006953430064489117,1.0,52,,unreal_rockfield.json,unreal_rockfield.json,nan,nan,nan
87,209.8934198872912,-110.7735261287142,0.4937370970254041,Medium,MixedBreccia,crater_ejecta_clump,Rim,Rim,85,0.937619405695797,0.937619405695797,2.1022655976509537,0.7661854135422206,0.006953430064489117,1.0,52,,unreal_rockfield.json,unreal_rockfield.json,nan,nan,nan
88,-190.67242471983468,192.71505234234328,0.26621588043057204,Small,RegolithCovered,crater_ejecta_clump,CraterFloor,CraterFloor,86,0.5527052125771068,0.5527052125771068,1.0036098440519337,0.1724628181978655,0.006966314520925268,1.0,53,,unreal_rockfield.json,unreal_rockfield.json,nan,nan,nan
89,214.33416320871592,28.409094217988375,0.26866201842234017,Small,MixedBreccia,crater_ejecta_clump,ProximalEjecta,ProximalEjecta,88,1.2771114583536707,1.2771114583536707,2.0794120434252865,0.215420929075242,0.006966620415090366,1.0,54,,unreal_rockfield.json,unreal_rockfield.json,nan,nan,nan
90,-177.6200409774961,221.48782558765797,0.26588424687668444,Small,MixedBreccia,crater_ejecta_clump,DistalEjecta,DistalEjecta,89,3.2893196596936733,3.2893196596936733,5.402852781243897,0.09361421892927754,0.006968824120067392,1.0,55,,unreal_rockfield.json,unreal_rockfield.json,nan,nan,nan
91,-116.92318802942121,49.582988196366685,0.27250508001179025,Small,MixedBreccia,crater_ejecta_clump,ProximalEjecta,ProximalEjecta,90,1.917857991638461,1.917857991638461,3.032488417714385,0.15218086687947005,0.0070143625971998665,1.0,56,,unreal_rockfield.json,unreal_rockfield.json,nan,nan,nan
92,150.73927508256102,-137.0341859470864,0.2610972000030915,Small,MixedBreccia,crater_ejecta_clump,ProximalEjecta,ProximalEjecta,91,1.8975736241307308,1.8975736241307308,2.882310781624909,0.1478743748933197,0.007043425735062496,1.0,57,,unreal_rockfield.json,unreal_rockfield.json,nan,nan,nan
93,-208.04138274244235,234.1002172204364,0.2707247896571194,Small,MixedBreccia,crater_ejecta_clump,DistalEjecta,DistalEjecta,92,4.388046689951106,4.388046689951106,7.7771895964485465,0.10135804364183879,0.007044404120787767,1.0,58,,unreal_rockfield.json,unreal_rockfield.json,nan,nan,nan
94,141.5216877880845,190.60072037870987,0.2656012128357094,Small,MixedBreccia,crater_ejecta_clump,DistalEjecta,DistalEjecta,94,3.7072659927029243,3.7072659927029243,6.284452186414421,0.0971738764866214,0.007097197563537392,1.0,59,,unreal_rockfield.json,unreal_rockfield.json,nan,nan,nan
95,99.75998898955523,230.07163292080304,0.2602034761480486,Small,MixedBreccia,crater_ejecta_single,ProximalEjecta,ProximalEjecta,95,2.5963664735989678,2.5963664735989678,7.6566524175604,0.20310756280686862,0.004745025093456341,1.0,-1,,unreal_rockfield.json,unreal_rockfield.json,nan,nan,nan
96,98.57289373415708,226.63799483363422,0.2626453336908836,Small,MixedBreccia,crater_ejecta_clump,ProximalEjecta,ProximalEjecta,95,1.415145631302914,1.415145631302914,4.173246854515158,0.36662741922206893,0.0071175376401845115,1.0,60,,unreal_rockfield.json,unreal_rockfield.json,nan,nan,nan
97,100.98640012206606,221.07922671009953,0.32802616362802217,Medium,MixedBreccia,crater_ejecta_clump,Rim,Rim,95,0.8721165077883714,0.8721165077883714,2.571860727540565,1.0152083666749918,0.0071175376401845115,1.0,60,,unreal_rockfield.json,unreal_rockfield.json,nan,nan,nan
98,97.40392324434221,227.82629966289926,0.26243714823751946,Small,MixedBreccia,crater_ejecta_clump,ProximalEjecta,ProximalEjecta,95,1.878347130674281,1.878347130674281,5.539222311386344,0.29083188231416623,0.0071175376401845115,1.0,60,,unreal_rockfield.json,unreal_rockfield.json,nan,nan,nan
99,170.32401126653076,191.25060707540402,0.2745103321551322,Small,RegolithCovered,crater_ejecta_clump,CraterFloor,CraterFloor,98,0.45882091728507696,0.45882091728507696,0.8831964870162438,0.18425943714381615,0.007140017716003068,1.0,61,,unreal_rockfield.json,unreal_rockfield.json,nan,nan,nan
100,170.11139635987317,191.6878364705651,0.26971879200985954,Small,RegolithCovered,crater_ejecta_clump,CraterFloor,CraterFloor,98,0.6103083067621365,0.6103083067621365,1.174798559138582,0.18425943714381615,0.007140017716003068,1.0,61,,unreal_rockfield.json,unreal_rockfield.json,nan,nan,nan
101,169.0912916593374,-31.864853942911033,0.2619151191050016,Small,MixedBreccia,crater_ejecta_clump,ProximalEjecta,ProximalEjecta,99,1.8681180543895524,1.8681180543895524,3.9693036232058825,0.2108536046041466,0.007142334450251392,1.0,62,,unreal_rockfield.json,unreal_rockfield.json,nan,nan,nan
102,171.18608484724538,-31.339304857362805,0.27259276555371315,Small,MixedBreccia,crater_ejecta_clump,ProximalEjecta,ProximalEjecta,99,1.351862159915573,1.351862159915573,2.8723834432301194,0.2729509265688059,0.007142334450251392,1.0,62,,unreal_rockfield.json,unreal_rockfield.json,nan,nan,nan
103,-1.3117150562052133,53.80200265576114,0.2653894978669159,Small,MixedBreccia,crater_ejecta_clump,DistalEjecta,DistalEjecta,102,5.067235548614413,5.067235548614413,10.045947573145272,0.11399890235975636,0.007166586283603312,1.0,63,,unreal_rockfield.json,unreal_rockfield.json,nan,nan,nan
104,-3.47476110083005,56.55746783390904,0.2676430816659377,Small,MixedBreccia,crater_ejecta_clump,DistalEjecta,DistalEjecta,102,3.645239228803776,3.645239228803776,7.226796905888575,0.11399890235975636,0.007166586283603312,1.0,63,,unreal_rockfield.json,unreal_rockfield.json,nan,nan,nan
105,54.62691768447172,185.98123050661098,0.26051386333189763,Small,MixedBreccia,crater_ejecta_clump,ProximalEjecta,ProximalEjecta,103,1.2441364984042413,1.2441364984042413,2.0153148850052447,0.2198616811038746,0.007168586340232048,1.0,64,,unreal_rockfield.json,unreal_rockfield.json,nan,nan,nan
106,-186.44291592682765,-42.86932827791697,0.26266897437688974,Small,MixedBreccia,crater_ejecta_clump,ProximalEjecta,ProximalEjecta,106,2.5981484485763695,2.5981484485763695,4.210936109407446,0.11202116761513949,0.007216867888336418,1.0,65,,unreal_rockfield.json,unreal_rockfield.json,nan,nan,nan
107,100.50340212935129,-207.84156238534393,0.265529241036837,Small,RegolithCovered,crater_ejecta_clump,CraterFloor,CraterFloor,107,0.3795215522170033,0.3795215522170033,0.5881425452688633,0.14887270535897845,0.007220506737306277,1.0,66,,unreal_rockfield.json,unreal_rockfield.json,nan,nan,nan
108,-8.854136345675201,-153.9044114931534,0.26341633555499727,Small,MixedBreccia,crater_ejecta_clump,DistalEjecta,DistalEjecta,108,4.263563900862667,4.263563900862667,6.458265796042646,0.08731937372763161,0.007222966746584939,1.0,67,,unreal_rockfield.json,unreal_rockfield.json,nan,nan,nan
109,102.38331077212581,-74.52010269461125,0.27038944901366624,Small,MixedBreccia,crater_ejecta_clump,ProximalEjecta,ProximalEjecta,112,2.500793634359396,2.500793634359396,3.901304382307803,0.11335167178187529,0.007246553317347051,1.0,68,,unreal_rockfield.json,unreal_rockfield.json,nan,nan,nan
110,-61.425657122019125,-159.85180956048063,0.27173192248614453,Small,MixedBreccia,crater_ejecta_clump,DistalEjecta,DistalEjecta,113,4.481395928170067,4.481395928170067,7.273146951145728,0.09367688243403983,0.007251922305615265,1.0,69,,unreal_rockfield.json,unreal_rockfield.json,nan,nan,nan
111,21.005632230885038,134.9288560623471,0.26754084310159726,Small,MixedBreccia,crater_ejecta_clump,ProximalEjecta,ProximalEjecta,117,2.4343479130209347,2.4343479130209347,5.274741003726627,0.16305550076503247,0.007287943579202613,1.0,70,,unreal_rockfield.json,unreal_rockfield.json,nan,nan,nan
112,20.70761756696936,137.13016798092795,0.2631622900192784,Small,MixedBreccia,crater_ejecta_clump,ProximalEjecta,ProximalEjecta,117,1.893488842999898,1.893488842999898,4.102808471561542,0.21368867655663976,0.007287943579202613,1.0,70,,unreal_rockfield.json,unreal_rockfield.json,nan,nan,nan
113,-96.59779744619573,-224.84135630901696,0.27166665151937436,Small,MixedBreccia,crater_ejecta_clump,ProximalEjecta,ProximalEjecta,121,2.9697160892600554,2.9697160892600554,4.792699107151657,0.09322486021012051,0.007361610934834071,1.0,71,,unreal_rockfield.json,unreal_rockfield.json,nan,nan,nan
114,-13.659734301146116,123.84062259313033,0.26737207551814446,Small,MixedBreccia,crater_ejecta_clump,DistalEjecta,DistalEjecta,122,4.157482951738282,4.157482951738282,6.471944216027261,0.09028644036016568,0.007361719018554156,1.0,72,,unreal_rockfield.json,unreal_rockfield.json,nan,nan,nan
115,192.22098355986313,-81.81254201572354,0.34178153022163416,Medium,RegolithCovered,crater_ejecta_clump,CraterFloor,CraterFloor,123,0.25585367915807816,0.25585367915807816,0.534454925772212,0.20194741363347768,0.007364452190966843,1.0,73,,unreal_rockfield.json,unreal_rockfield.json,nan,nan,nan
116,191.43206860274208,-82.0505333877771,0.2854777379692738,Small,RegolithCovered,crater_ejecta_clump,CraterFloor,CraterFloor,123,0.14550490991650109,0.14550490991650109,0.3039464434704051,0.20194741363347768,0.007364452190966843,1.0,73,,unreal_rockfield.json,unreal_rockfield.json,nan,nan,nan
117,167.7760248473142,195.64926321113086,0.2622872762506359,Small,MixedBreccia,crater_ejecta_clump,ProximalEjecta,ProximalEjecta,124,2.801270592220635,2.801270592220635,5.27984535510216,0.11846285669162447,0.00736540789203083,1.0,74,,unreal_rockfield.json,unreal_rockfield.json,nan,nan,nan
118,167.2215604965792,193.75128188447493,0.2687775004983002,Small,MixedBreccia,crater_ejecta_clump,ProximalEjecta,ProximalEjecta,124,2.6547109897523526,2.6547109897523526,5.003609264777034,0.127469773644054,0.00736540789203083,1.0,74,,unreal_rockfield.json,unreal_rockfield.json,nan,nan,nan
119,29.23136405516538,-167.13546630577252,0.2668569005168427,Small,MixedBreccia,crater_ejecta_clump,DistalEjecta,DistalEjecta,127,7.813097591226068,7.813097591226068,13.569140038765909,0.10081090718696828,0.007380707170818444,1.0,75,,unreal_rockfield.json,unreal_rockfield.json,nan,nan,nan
120,-52.04657941170949,129.83887273077877,0.26622815463223665,Small,MixedBreccia,crater_ejecta_clump,ProximalEjecta,ProximalEjecta,128,2.7082498786744145,2.7082498786744145,4.331112274108886,0.10542916345205314,0.007393620533802558,1.0,76,,unreal_rockfield.json,unreal_rockfield.json,nan,nan,nan
121,187.5482481107854,-161.66418510891563,0.2660822829206991,Small,MixedBreccia,crater_ejecta_clump,ProximalEjecta,ProximalEjecta,130,2.1962665229378806,2.1962665229378806,3.847891216287524,0.14928661954400713,0.007407220131591962,1.0,77,,unreal_rockfield.json,unreal_rockfield.json,nan,nan,nan
122,70.51418461411681,57.1673535762596,0.2721115446724729,Small,MixedBreccia,crater_ejecta_single,ProximalEjecta,ProximalEjecta,133,1.937988426966998,1.937988426966998,5.155127626239077,0.2581209295785128,0.004951113038593974,1.0,-1,,unreal_rockfield.json,unreal_rockfield.json,nan,nan,nan
123,67.46564339336263,60.21278906164328,0.2615253760463054,Small,MixedBreccia,crater_ejecta_clump,ProximalEjecta,ProximalEjecta,133,2.700999138962434,2.700999138962434,7.184766991361553,0.17625341870391123,0.007426669557890961,1.0,78,,unreal_rockfield.json,unreal_rockfield.json,nan,nan,nan
124,66.52418845951797,61.33741564946344,0.2669566962146426,Small,MixedBreccia,crater_ejecta_clump,DistalEjecta,DistalEjecta,133,3.082414139850478,3.082414139850478,8.199346325675316,0.15471630582102575,0.007426669557890961,1.0,78,,unreal_rockfield.json,unreal_rockfield.json,nan,nan,nan
125,135.13990918471492,-86.03895433635435,0.2630057594876858,Small,MixedBreccia,crater_ejecta_clump,ProximalEjecta,ProximalEjecta,134,2.1461949632728716,2.1461949632728716,5.068027286292143,0.2069090348687264,0.007473711982053526,1.0,79,,unreal_rockfield.json,unreal_rockfield.json,nan,nan,nan
126,133.07430118304552,-84.31327221579747,0.2700030160820175,Small,MixedBreccia,crater_ejecta_clump,DistalEjecta,DistalEjecta,134,3.279442510010086,3.279442510010086,7.74407936323368,0.13762704858874059,0.007473711982053526,1.0,79,,unreal_rockfield.json,unreal_rockfield.json,nan,nan,nan
127,11.959923001734573,203.07246979188125,0.2610064365177995,Small,MixedBreccia,crater_ejecta_single,Rim,Rim,135,1.019727054301661,1.019727054301661,2.791379922106789,0.9576004890985739,0.004988295558913485,1.0,-1,,unreal_rockfield.json,unreal_rockfield.json,nan,nan,nan
128,15.669410276825028,203.7420264335198,0.2755977946822678,Small,MixedBreccia,crater_ejecta_clump,Rim,Rim,135,0.9636335976356059,0.9636335976356059,2.637830844401461,0.9576004890985739,0.007482443338370228,1.0,80,,unreal_rockfield.json,unreal_rockfield.json,nan,nan,nan
129,17.50368302757204,202.0862708582393,0.3025550160250872,Medium,MixedBreccia,crater_ejecta_clump,ProximalEjecta,ProximalEjecta,135,1.2001006631684452,1.2001006631684452,3.2851309392488153,0.38507961965200593,0.007482443338370228,1.0,80,,unreal_rockfield.json,unreal_rockfield.json,nan,nan,nan
130,-113.90629911215417,249.91098611767447,0.2717035512395676,Small,MixedBreccia,crater_ejecta_clump,DistalEjecta,DistalEjecta,137,3.7412501588473988,3.7412501588473988,6.949242343802486,0.10841948986975508,0.0075084812658406455,1.0,81,,unreal_rockfield.json,unreal_rockfield.json,nan,nan,nan
131,-113.19609494929628,248.57327925540275,0.2698350139648321,Small,MixedBreccia,crater_ejecta_clump,DistalEjecta,DistalEjecta,137,3.0820209728773458,3.0820209728773458,5.724747006975052,0.10841948986975508,0.0075084812658406455,1.0,81,,unreal_rockfield.json,unreal_rockfield.json,nan,nan,nan
132,116.36384342919203,110.79172383905865,0.2606009971630079,Small,MixedBreccia,crater_ejecta_clump,ProximalEjecta,ProximalEjecta,138,2.450258728205317,2.450258728205317,4.509056993011421,0.13873615916184348,0.007512760564167807,1.0,82,,unreal_rockfield.json,unreal_rockfield.json,nan,nan,nan
133,121.37433150171003,118.7706112918036,0.26547460084296315,Small,MixedBreccia,crater_ejecta_clump,ProximalEjecta,ProximalEjecta,138,2.6878338685987258,2.6878338685987258,4.946251578148638,0.1231972123316905,0.007512760564167807,1.0,82,,unreal_rockfield.json,unreal_rockfield.json,nan,nan,nan
134,58.745890084034045,-198.67985828863493,0.2699178529864441,Small,MixedBreccia,crater_ejecta_clump,DistalEjecta,DistalEjecta,139,3.4419880324784304,3.4419880324784304,5.5954812387044415,0.09491083188442259,0.007513873824421294,1.0,83,,unreal_rockfield.json,unreal_rockfield.json,nan,nan,nan
135,-112.68959662528432,85.53453691013885,0.3322899447519134,Medium,MixedBreccia,crater_ejecta_clump,Rim,Rim,140,0.9400646232979123,0.9400646232979123,1.5023246887359913,0.5598992329798073,0.0075173354082447175,1.0,84,,unreal_rockfield.json,unreal_rockfield.json,nan,nan,nan
136,-193.62532795762417,68.8281399800135,0.26354133912441624,Small,MixedBreccia,crater_ejecta_single,ProximalEjecta,ProximalEjecta,141,2.9006901343082307,2.9006901343082307,10.853862728846375,0.2252644072458261,0.0050121959281841716,1.0,-1,,unreal_rockfield.json,unreal_rockfield.json,nan,nan,nan
137,-200.07035477377312,65.63636882441634,0.2707353526192562,Small,MixedBreccia,crater_ejecta_single,ProximalEjecta,ProximalEjecta,141,2.7026825314408316,2.7026825314408316,10.112953758470196,0.24870778597458615,0.0050121959281841716,1.0,-1,,unreal_rockfield.json,unreal_rockfield.json,nan,nan,nan
138,-198.67808484793218,76.7330266023344,0.2932314573728175,Small,MixedBreccia,crater_ejecta_clump,Rim,Rim,141,0.9851150525211406,0.9851150525211406,3.6861240108760183,1.3110061029624067,0.007518293892276257,1.0,85,,unreal_rockfield.json,unreal_rockfield.json,nan,nan,nan
139,-199.99698943291534,73.06448342282191,0.34825099965404005,Medium,MixedBreccia,crater_ejecta_clump,Rim,Rim,141,0.8770951444884718,0.8770951444884718,3.2819328703256665,1.3110061029624067,0.007518293892276257,1.0,85,,unreal_rockfield.json,unreal_rockfield.json,nan,nan,nan
140,-197.63962112406236,71.13635171056005,0.2610100652968419,Small,MixedBreccia,crater_ejecta_clump,ProximalEjecta,ProximalEjecta,141,1.6852787083059293,1.6852787083059293,6.3060109535493005,0.4136336044566087,0.007518293892276257,1.0,85,,unreal_rockfield.json,unreal_rockfield.json,nan,nan,nan
141,-198.21822833322446,75.4858294635976,0.28509982124220046,Small,MixedBreccia,crater_ejecta_clump,Rim,Rim,141,1.0541870527605877,1.0541870527605877,3.9445790592587002,1.3110061029624067,0.007518293892276257,1.0,85,,unreal_rockfield.json,unreal_rockfield.json,nan,nan,nan
142,-200.93609464690653,77.7511490030973,0.27669626945241765,Small,RegolithCovered,crater_ejecta_clump,CraterFloor,CraterFloor,141,0.6779572500681156,0.6779572500681156,2.5367945514871,0.36416836193400187,0.007518293892276257,1.0,85,,unreal_rockfield.json,unreal_rockfield.json,nan,nan,nan
143,17.426045762534145,-234.76363094104468,0.2613731068450516,Small,RegolithCovered,crater_ejecta_clump,CraterFloor,CraterFloor,142,0.5343240305884425,0.5343240305884425,0.8569136246897887,0.15629594316084255,0.007550173796518873,1.0,86,,unreal_rockfield.json,unreal_rockfield.json,nan,nan,nan
144,42.57575838647498,-227.9919295935432,0.26579948988898305,Small,MixedBreccia,crater_ejecta_clump,ProximalEjecta,ProximalEjecta,143,1.8270624367607449,1.8270624367607449,2.77436174943087,0.15679083117996162,0.00758073588116143,1.0,87,,unreal_rockfield.json,unreal_rockfield.json,nan,nan,nan
145,245.80980394764953,-241.20935276625656,0.2610972000030915,Small,MixedBreccia,crater_ejecta_clump,DistalEjecta,DistalEjecta,144,3.1076626040939908,3.1076626040939908,4.69995934161826,0.08855543771749154,0.007581725927699921,1.0,88,,unreal_rockfield.json,unreal_rockfield.json,nan,nan,nan
146,-220.7955834582431,-173.20129885808052,0.2678458313068141,Small,MixedBreccia,crater_ejecta_single,DistalEjecta,DistalEjecta,149,3.607311068562234,3.607311068562234,15.30373246680648,0.249095348977587,0.005097450245965538,1.0,-1,,unreal_rockfield.json,unreal_rockfield.json,nan,nan,nan
147,-231.03612725832804,-180.84233717698558,0.3993665000375624,Medium,MixedBreccia,crater_ejecta_single,Rim,Rim,149,0.8755449683768856,0.8755449683768856,3.7144304175683183,1.494572093865522,0.005097450245965538,1.0,-1,,unreal_rockfield.json,unreal_rockfield.json,nan,nan,nan
148,-239.5160027025218,-177.2925102488214,0.2686823524302406,Small,MixedBreccia,crater_ejecta_clump,ProximalEjecta,ProximalEjecta,149,1.3006677934320068,1.3006677934320068,5.51798044597482,0.5715380767977158,0.007646175368948307,1.0,89,,unreal_rockfield.json,unreal_rockfield.json,nan,nan,nan
149,-235.25885720500244,-179.67269950915846,0.2630595740728838,Small,RegolithCovered,crater_ejecta_clump,CraterFloor,CraterFloor,149,0.15780528507788746,0.15780528507788746,0.6694764656497086,0.415158914962645,0.007646175368948307,1.0,89,,unreal_rockfield.json,unreal_rockfield.json,nan,nan,nan
150,-239.12877777617285,-179.01518166218503,0.27306980680102805,Small,MixedBreccia,crater_ejecta_clump,Rim,Rim,149,1.08302317326844,1.08302317326844,4.5946403246166465,1.494572093865522,0.007646175368948307,1.0,89,,unreal_rockfield.json,unreal_rockfield.json,nan,nan,nan
151,-240.04348315696802,-180.87748865503585,0.272408587318562,Small,MixedBreccia,crater_ejecta_clump,ProximalEjecta,ProximalEjecta,149,1.3073627793975449,1.3073627793975449,5.546383395467739,0.5696280557708371,0.007646175368948307,1.0,89,,unreal_rockfield.json,unreal_rockfield.json,nan,nan,nan
152,-241.03791304632065,-180.60938042862495,0.3015253283385447,Medium,MixedBreccia,crater_ejecta_clump,ProximalEjecta,ProximalEjecta,149,1.5288579229599937,1.5288579229599937,6.48605905840624,0.5099109192471125,0.007646175368948307,1.0,89,,unreal_rockfield.json,unreal_rockfield.json,nan,nan,nan
153,-238.57184719577515,-181.1092261502521,0.3239519221608296,Medium,MixedBreccia,crater_ejecta_clump,Rim,Rim,149,0.9850652166206142,0.9850652166206142,4.179061425807994,1.494572093865522,0.007646175368948307,1.0,89,,unreal_rockfield.json,unreal_rockfield.json,nan,nan,nan
154,-244.08274860432667,-178.70728327339083,0.27282407774957107,Small,MixedBreccia,crater_ejecta_clump,ProximalEjecta,ProximalEjecta,149,2.249582418229882,2.249582418229882,9.543675839506474,0.35562392950053734,0.007646175368948307,1.0,89,,unreal_rockfield.json,unreal_rockfield.json,nan,nan,nan
155,-241.01373016819025,-181.26672678842297,0.2807716333783723,Small,MixedBreccia,crater_ejecta_clump,ProximalEjecta,ProximalEjecta,149,1.550179791970938,1.550179791970938,6.576515404652486,0.5045036667294465,0.007646175368948307,1.0,89,,unreal_rockfield.json,unreal_rockfield.json,nan,nan,nan
156,-248.97021242437654,-237.3375708277949,0.26794756991247526,Small,MixedBreccia,crater_ejecta_clump,DistalEjecta,DistalEjecta,153,6.188252431826644,6.188252431826644,11.052548284085248,0.10515159996355393,0.0077095072688529095,1.0,90,,unreal_rockfield.json,unreal_rockfield.json,nan,nan,nan
157,-138.78790630077032,-146.44770633909167,0.2652419019803261,Small,MixedBreccia,crater_ejecta_single,ProximalEjecta,ProximalEjecta,155,1.2000978401124716,1.2000978401124716,2.8602552618861194,0.3387623615262479,0.005149359566236215,1.0,-1,,unreal_rockfield.json,unreal_rockfield.json,nan,nan,nan
158,-135.34213584561587,-152.27126625451885,0.27242626893731836,Small,MixedBreccia,crater_ejecta_clump,ProximalEjecta,ProximalEjecta,155,2.373401705827665,2.373401705827665,5.656651058572745,0.18841499122995753,0.007724039349354323,1.0,91,,unreal_rockfield.json,unreal_rockfield.json,nan,nan,nan
159,-133.30357653997777,-154.35612843113998,0.2712623803306322,Small,MixedBreccia,crater_ejecta_clump,DistalEjecta,DistalEjecta,155,3.5823593181704525,3.5823593181704525,8.53802227392021,0.1404032346526723,0.007724039349354323,1.0,91,,unreal_rockfield.json,unreal_rockfield.json,nan,nan,nan
160,-189.51103614790816,-137.19525868390198,0.2870581623080643,Small,RegolithCovered,crater_ejecta_clump,CraterFloor,CraterFloor,162,0.38612299657959814,0.38612299657959814,0.7376008258315372,0.18816607969994842,0.007800825204020994,1.0,92,,unreal_rockfield.json,unreal_rockfield.json,nan,nan,nan
161,-180.99906440873474,-138.84251700308292,0.2650958756986096,Small,MixedBreccia,crater_ejecta_clump,DistalEjecta,DistalEjecta,162,4.8812609382333285,4.8812609382333285,9.324547180649239,0.11289964781996904,0.007800825204020994,1.0,92,,unreal_rockfield.json,unreal_rockfield.json,nan,nan,nan
162,229.3010366346167,54.437824264119854,0.267728742341844,Small,MixedBreccia,crater_ejecta_clump,ProximalEjecta,ProximalEjecta,164,2.0998401010796846,2.0998401010796846,3.3257144611522578,0.14414898815933996,0.007821335828966167,1.0,93,,unreal_rockfield.json,unreal_rockfield.json,nan,nan,nan
163,-42.029189215686316,-129.06824811748328,0.2703602036693289,Small,MixedBreccia,crater_ejecta_clump,DistalEjecta,DistalEjecta,165,5.611254531820914,5.611254531820914,8.656963242638408,0.09128581115474481,0.007828260729315953,1.0,94,,unreal_rockfield.json,unreal_rockfield.json,nan,nan,nan
164,150.43965115514624,-60.73030109109903,0.3416313362569099,Medium,MixedBreccia,crater_ejecta_single,ProximalEjecta,ProximalEjecta,166,1.348289739326457,1.348289739326457,6.996035751870454,0.6880814728748079,0.005223771641184562,1.0,-1,,unreal_rockfield.json,unreal_rockfield.json,nan,nan,nan
165,160.79468469529525,-69.10282433263832,0.3624090073368235,Medium,MixedBreccia,crater_ejecta_single,ProximalEjecta,ProximalEjecta,166,1.2232262099087394,1.2232262099087394,6.347103332123253,0.7324821818729917,0.005223771641184562,1.0,-1,,unreal_rockfield.json,unreal_rockfield.json,nan,nan,nan
166,153.85918063437003,-71.97881997626942,0.2617524535760338,Small,MixedBreccia,crater_ejecta_single,ProximalEjecta,ProximalEjecta,166,1.302627678208626,1.302627678208626,6.759103434752906,0.7039717879056158,0.005223771641184562,1.0,-1,,unreal_rockfield.json,unreal_rockfield.json,nan,nan,nan
167,163.66233351655748,-79.05245289275962,0.2690495909426381,Small,MixedBreccia,crater_ejecta_single,DistalEjecta,DistalEjecta,166,3.047069197303638,3.047069197303638,15.81070034205604,0.3071151834003021,0.005223771641184562,1.0,-1,,unreal_rockfield.json,unreal_rockfield.json,nan,nan,nan
168,158.1455191114243,-65.77056299767355,0.3554374249036051,Medium,RegolithCovered,crater_ejecta_clump,CraterFloor,CraterFloor,166,0.4935665151307056,0.4935665151307056,2.5610288983623724,0.5118586390005035,0.007835657461776844,1.0,95,,unreal_rockfield.json,unreal_rockfield.json,nan,nan,nan
169,149.44466853641939,-63.62925514302451,0.27155321860392845,Small,MixedBreccia,crater_ejecta_clump,ProximalEjecta,ProximalEjecta,166,1.237902123435629,1.237902123435629,6.42325403825913,0.7271269316195272,0.007835657461776844,1.0,95,,unreal_rockfield.json,unreal_rockfield.json,nan,nan,nan
170,151.58462895580695,-64.79792481136992,0.2817336947295591,Small,RegolithCovered,crater_ejecta_clump,CraterFloor,CraterFloor,166,0.784862173144139,0.784862173144139,4.072510279838031,0.5118586390005035,0.007835657461776844,1.0,95,,unreal_rockfield.json,unreal_rockfield.json,nan,nan,nan
171,147.26286179108553,-67.02220126642072,0.270340842657529,Small,MixedBreccia,crater_ejecta_clump,ProximalEjecta,ProximalEjecta,166,1.6360057629933955,1.6360057629933955,8.488943047126922,0.595885919771602,0.007835657461776844,1.0,95,,unreal_rockfield.json,unreal_rockfield.json,nan,nan,nan
172,147.78366161160082,-62.800619306530294,0.2926809554523432,Small,MixedBreccia,crater_ejecta_clump,ProximalEjecta,ProximalEjecta,166,1.5913688398209478,1.5913688398209478,8.257329988553963,0.6093346965385643,0.007835657461776844,1.0,95,,unreal_rockfield.json,unreal_rockfield.json,nan,nan,nan
173,150.64535210232447,-63.313754401969476,0.28419601058636723,Small,MixedBreccia,crater_ejecta_clump,Rim,Rim,166,1.0406094916916304,1.0406094916916304,5.399537647781261,1.8426911004018127,0.007835657461776844,1.0,95,,unreal_rockfield.json,unreal_rockfield.json,nan,nan,nan
174,151.35706989053332,-67.56664689618295,0.7185228428036574,Medium,MixedBreccia,crater_ejecta_clump,Rim,Rim,166,0.9147137483321548,0.9147137483321548,4.746287017845302,1.8426911004018127,0.007835657461776844,1.0,95,,unreal_rockfield.json,unreal_rockfield.json,nan,nan,nan
175,148.2781521131737,-65.51910692741825,0.35471113952797956,Medium,MixedBreccia,crater_ejecta_clump,ProximalEjecta,ProximalEjecta,166,1.4120623201382687,1.4120623201382687,7.3269403359039735,0.6664872171682996,0.007835657461776844,1.0,96,,unreal_rockfield.json,unreal_rockfield.json,nan,nan,nan
176,152.3191730682125,-67.958757023412,0.2714485336265265,Small,RegolithCovered,crater_ejecta_clump,CraterFloor,CraterFloor,166,0.7968045602709927,0.7968045602709927,4.134477203463723,0.5118586390005035,0.007835657461776844,1.0,96,,unreal_rockfield.json,unreal_rockfield.json,nan,nan,nan
177,154.80098733851514,-68.02390854082422,0.38757129133058194,Medium,RegolithCovered,crater_ejecta_clump,CraterFloor,CraterFloor,166,0.5198550418165832,0.5198550418165832,2.697435389633511,0.5118586390005035,0.007835657461776844,1.0,96,,unreal_rockfield.json,unreal_rockfield.json,nan,nan,nan
178,152.95722073732242,-67.4559143690499,0.2869541222249547,Small,RegolithCovered,crater_ejecta_clump,CraterFloor,CraterFloor,166,0.6402640492191944,0.6402640492191944,3.322216322147853,0.5118586390005035,0.007835657461776844,1.0,96,,unreal_rockfield.json,unreal_rockfield.json,nan,nan,nan
179,153.00138006150456,-64.87310526588143,0.4053430577365695,Medium,RegolithCovered,crater_ejecta_clump,CraterFloor,CraterFloor,166,0.5138574801773267,0.5138574801773267,2.6663151085630297,0.5118586390005035,0.007835657461776844,1.0,96,,unreal_rockfield.json,unreal_rockfield.json,nan,nan,nan
180,133.9998307450962,177.88767195535732,0.2724679476022452,Small,FreshEjecta,crater_ejecta_clump,ProximalEjecta,ProximalEjecta,168,1.5612579097796495,1.5612579097796495,2.806772658494284,0.21458245941424195,0.007865110190182224,1.0,97,,unreal_rockfield.json,unreal_rockfield.json,nan,nan,nan
181,133.85012909109165,181.93030095867135,0.3103714984552074,Medium,FreshEjecta,crater_ejecta_clump,Rim,Rim,168,1.1285810294197964,1.1285810294197964,2.0289219074111156,0.6392229268040033,0.007865110190182224,1.0,97,,unreal_rockfield.json,unreal_rockfield.json,nan,nan,nan
182,-127.0303464632631,113.22712306157493,0.2726566904966716,Small,FreshEjecta,crater_ejecta_clump,ProximalEjecta,ProximalEjecta,169,2.43003482988564,2.43003482988564,4.184345435524127,0.13313239332855173,0.007868388843070737,1.0,98,,unreal_rockfield.json,unreal_rockfield.json,nan,nan,nan
183,184.4535897348225,132.30415323124086,0.26884525537337767,Small,MixedBreccia,crater_ejecta_clump,DistalEjecta,DistalEjecta,171,3.5318897521835724,3.5318897521835724,6.6060120169923495,0.11106352864213294,0.007913111879746141,1.0,99,,unreal_rockfield.json,unreal_rockfield.json,nan,nan,nan
184,184.83892897667212,130.62826672688752,0.2663121900181943,Small,FreshEjecta,crater_ejecta_clump,ProximalEjecta,ProximalEjecta,171,2.637398370014408,2.637398370014408,4.932964092420986,0.13061217495128244,0.007913111879746141,1.0,99,,unreal_rockfield.json,unreal_rockfield.json,nan,nan,nan
185,219.38486310540262,59.88743387090087,0.27267767174205226,Small,FreshEjecta,crater_ejecta_single,ProximalEjecta,ProximalEjecta,172,1.2573149013993108,1.2573149013993108,3.096451469463076,0.34337771408057005,0.005298240659940386,1.0,-1,,unreal_rockfield.json,unreal_rockfield.json,nan,nan,nan
186,225.68764161258676,62.94048571025289,0.2621307585228069,Small,FreshEjecta,crater_ejecta_clump,ProximalEjecta,ProximalEjecta,172,1.9025057973462156,1.9025057973462156,4.685394935905385,0.2486970777253155,0.00794736098991058,1.0,100,,unreal_rockfield.json,unreal_rockfield.json,nan,nan,nan
187,228.1660976102706,63.65825160819001,0.2630461220087786,Small,FreshEjecta,crater_ejecta_clump,ProximalEjecta,ProximalEjecta,172,2.937901816079108,2.937901816079108,7.23531581898213,0.14819627701261956,0.00794736098991058,1.0,100,,unreal_rockfield.json,unreal_rockfield.json,nan,nan,nan
188,75.72199322179193,173.14068259356367,0.2661359873442806,Small,MixedBreccia,crater_ejecta_clump,DistalEjecta,DistalEjecta,174,4.252583249760926,4.252583249760926,7.252209319616187,0.10145743895524995,0.007958889727111878,1.0,101,,unreal_rockfield.json,unreal_rockfield.json,nan,nan,nan
189,-108.1304398871122,0.23723003562061495,0.3316220063548292,Medium,FreshEjecta,crater_ejecta_clump,Rim,Rim,175,0.940358262196596,0.940358262196596,1.6518743095887807,0.6274396404689416,0.00797390733819319,1.0,102,,unreal_rockfield.json,unreal_rockfield.json,nan,nan,nan
190,162.77747200449025,-161.67114266386506,0.27566625745954726,Small,FreshEjecta,crater_ejecta_clump,ProximalEjecta,ProximalEjecta,178,1.2633123926772405,1.2633123926772405,2.8616541275817644,0.3156504316068732,0.0080056945984944,1.0,103,,unreal_rockfield.json,unreal_rockfield.json,nan,nan,nan
191,160.8879835689564,-160.16198395368147,0.2637118262699692,Small,FreshEjecta,crater_ejecta_clump,ProximalEjecta,ProximalEjecta,178,1.599625360269953,1.599625360269953,3.623469967788472,0.2667945504879371,0.0080056945984944,1.0,103,,unreal_rockfield.json,unreal_rockfield.json,nan,nan,nan
192,-31.798586397204677,-102.36535818345338,0.2631604493997569,Small,MixedBreccia,crater_ejecta_clump,DistalEjecta,DistalEjecta,179,3.6889254414228594,3.6889254414228594,5.82266627411072,0.09410630507672937,0.008010587088269475,1.0,104,,unreal_rockfield.json,unreal_rockfield.json,nan,nan,nan
193,146.3861174961557,180.44235668655858,0.27276175067947134,Small,FreshEjecta,crater_ejecta_clump,ProximalEjecta,ProximalEjecta,181,2.8237686858276456,2.8237686858276456,5.563829504112841,0.125987227037183,0.008035267602658751,1.0,105,,unreal_rockfield.json,unreal_rockfield.json,nan,nan,nan
194,155.0044524112175,184.63082129075238,0.26503385466219326,Small,FreshEjecta,crater_ejecta_clump,ProximalEjecta,ProximalEjecta,181,2.263795116455241,2.263795116455241,4.460482235466301,0.16669525312198713,0.008035267602658751,1.0,105,,unreal_rockfield.json,unreal_rockfield.json,nan,nan,nan
195,50.8227539524175,167.63899536036243,0.2640834885109679,Small,FreshEjecta,crater_ejecta_clump,ProximalEjecta,ProximalEjecta,182,2.02710220591739,2.02710220591739,3.6485335754700188,0.1714085441523471,0.008036049734119973,1.0,106,,unreal_rockfield.json,unreal_rockfield.json,nan,nan,nan
196,51.32131937520189,166.92476980548108,0.2633353016541911,Small,FreshEjecta,crater_ejecta_clump,ProximalEjecta,ProximalEjecta,182,2.483622321638453,2.483622321638453,4.4702133927103915,0.13642701681096375,0.008036049734119973,1.0,106,,unreal_rockfield.json,unreal_rockfield.json,nan,nan,nan
197,-113.86946361444171,-96.36521831044709,0.2626100794248409,Small,MixedBreccia,crater_ejecta_clump,DistalEjecta,DistalEjecta,183,4.173336847159738,4.173336847159738,6.389554539218919,0.09137842687195828,0.008036222304234605,1.0,107,,unreal_rockfield.json,unreal_rockfield.json,nan,nan,nan
198,97.96053476665523,-225.18771198843024,0.2916053088978299,Small,FreshEjecta,crater_ejecta_single,Rim,Rim,185,1.039761171495561,1.039761171495561,2.6792497873357943,0.9247500944711627,0.00539241795720602,1.0,-1,,unreal_rockfield.json,unreal_rockfield.json,nan,nan,nan
199,101.10208017436317,-230.166135470178,0.268873061784339,Small,MixedBreccia,crater_ejecta_clump,DistalEjecta,DistalEjecta,185,3.172877008272227,3.172877008272227,8.175848726326764,0.15412501574519377,0.00808862693580903,1.0,108,,unreal_rockfield.json,unreal_rockfield.json,nan,nan,nan
200,102.15715115727403,-224.8028254875379,0.26635466762998783,Small,FreshEjecta,crater_ejecta_clump,ProximalEjecta,ProximalEjecta,185,1.7704337603834286,1.7704337603834286,4.562042136250006,0.2796045927762472,0.00808862693580903,1.0,108,,unreal_rockfield.json,unreal_rockfield.json,nan,nan,nan
201,82.35135314635524,157.63711019521844,0.2667838126437038,Small,FreshEjecta,crater_ejecta_clump,ProximalEjecta,ProximalEjecta,189,1.390174809767116,1.390174809767116,2.142556405422028,0.2025391595065562,0.0081228250029029,1.0,109,,unreal_rockfield.json,unreal_rockfield.json,nan,nan,nan
202,180.33113433663212,102.47189386042758,0.2707591287811769,Small,MixedBreccia,crater_ejecta_clump,DistalEjecta,DistalEjecta,191,4.367865524758924,4.367865524758924,7.802131414431211,0.10703864628068754,0.008133722912790542,1.0,110,,unreal_rockfield.json,unreal_rockfield.json,nan,nan,nan
203,180.21132626439996,104.79143243922503,0.26231179666754717,Small,MixedBreccia,crater_ejecta_clump,DistalEjecta,DistalEjecta,191,5.665142655926174,5.665142655926174,10.119402081517931,0.10703864628068754,0.008133722912790542,1.0,110,,unreal_rockfield.json,unreal_rockfield.json,nan,nan,nan
204,179.37274706834552,-207.88783897701836,0.26017331893902096,Small,MixedBreccia,crater_ejecta_clump,DistalEjecta,DistalEjecta,192,3.3181143870338694,3.3181143870338694,5.235155576037459,0.09454489621693893,0.008133905451921568,1.0,111,,unreal_rockfield.json,unreal_rockfield.json,nan,nan,nan
205,-144.72514713300814,14.893334556780347,0.27180012468285475,Small,FreshEjecta,crater_ejecta_single,ProximalEjecta,ProximalEjecta,193,1.216916263417748,1.216916263417748,2.7975660339402704,0.3296154756931834,0.005423433600099478,1.0,-1,,unreal_rockfield.json,unreal_rockfield.json,nan,nan,nan
206,-158.69299403846264,17.086096327159755,0.2628556602755791,Small,MixedBreccia,crater_ejecta_clump,DistalEjecta,DistalEjecta,193,6.905156788175454,6.905156788175454,15.874249256376556,0.1377658670345049,0.008135150400149217,1.0,112,,unreal_rockfield.json,unreal_rockfield.json,nan,nan,nan
207,-158.68950163952692,21.114397128251564,0.2662095467534069,Small,MixedBreccia,crater_ejecta_clump,DistalEjecta,DistalEjecta,193,7.138016669658727,7.138016669658727,16.409570309014452,0.1377658670345049,0.008135150400149217,1.0,112,,unreal_rockfield.json,unreal_rockfield.json,nan,nan,nan
208,-99.06338779731344,5.824725105994071,0.2675179753633565,Small,MixedBreccia,crater_ejecta_clump,DistalEjecta,DistalEjecta,194,3.9178970529372465,3.9178970529372465,6.2006699560878955,0.09485415162077446,0.008137894713384865,1.0,113,,unreal_rockfield.json,unreal_rockfield.json,nan,nan,nan
209,35.23979031614955,-186.4758261960399,0.2630222667120046,Small,MixedBreccia,crater_ejecta_clump,DistalEjecta,DistalEjecta,195,5.218429309842935,5.218429309842935,8.25211191785528,0.09478937763127121,0.008141475494849658,1.0,114,,unreal_rockfield.json,unreal_rockfield.json,nan,nan,nan
210,-67.76867338513017,235.92248890749283,0.34789866340976433,Medium,FreshEjecta,crater_ejecta_single,Rim,Rim,196,0.9854385824787307,0.9854385824787307,2.2666172513130767,0.8276202089111147,0.00543504092443212,1.0,-1,,unreal_rockfield.json,unreal_rockfield.json,nan,nan,nan
211,-55.74534803259373,234.44599859741567,0.26552325276304395,Small,MixedBreccia,crater_ejecta_clump,DistalEjecta,DistalEjecta,196,6.17022956911981,6.17022956911981,14.192207444070654,0.13793670148518578,0.00815256138664818,1.0,115,,unreal_rockfield.json,unreal_rockfield.json,nan,nan,nan
212,-53.6578670217715,235.35471553142196,0.27163742415929,Small,MixedBreccia,crater_ejecta_clump,DistalEjecta,DistalEjecta,196,7.069360775986489,7.069360775986489,16.260308227735635,0.13793670148518578,0.00815256138664818,1.0,115,,unreal_rockfield.json,unreal_rockfield.json,nan,nan,nan
213,-107.65903251076685,188.13362686814116,0.2794405056149239,Small,FreshEjecta,crater_ejecta_clump,Rim,Rim,198,1.0722456626914505,1.0722456626914505,2.3937271066045076,0.804311775082908,0.008184246984047312,1.0,116,,unreal_rockfield.json,unreal_rockfield.json,nan,nan,nan
214,-109.49496548310222,188.75319947813227,0.26111051379767586,Small,FreshEjecta,crater_ejecta_clump,ProximalEjecta,ProximalEjecta,198,1.4945249113259003,1.4945249113259003,3.336441373664911,0.2791625704996356,0.008184246984047312,1.0,116,,unreal_rockfield.json,unreal_rockfield.json,nan,nan,nan
215,57.17775233900001,-78.80988012948207,0.2679117070820279,Small,FreshEjecta,crater_ejecta_clump,ProximalEjecta,ProximalEjecta,201,1.4947466256021404,1.4947466256021404,2.3782058910434,0.19901314546598625,0.00819392141836278,1.0,117,,unreal_rockfield.json,unreal_rockfield.json,nan,nan,nan
216,-56.87589098003295,-194.9985266692898,0.2692417287484387,Small,FreshEjecta,crater_ejecta_clump,ProximalEjecta,ProximalEjecta,202,2.9853012534307184,2.9853012534307184,5.285374732820553,0.1051039109061945,0.008193988434401316,1.0,118,,unreal_rockfield.json,unreal_rockfield.json,nan,nan,nan
217,-56.66093218184571,-198.81657373074304,0.2670930876325934,Small,MixedBreccia,crater_ejecta_clump,DistalEjecta,DistalEjecta,202,4.744858394723095,4.744858394723095,8.4006110409999,0.1063537564051627,0.008193988434401316,1.0,118,,unreal_rockfield.json,unreal_rockfield.json,nan,nan,nan
218,-26.690436420858465,-234.431903726317,0.2675367586736502,Small,FreshEjecta,crater_ejecta_single,ProximalEjecta,ProximalEjecta,204,1.4116832180096943,1.4116832180096943,3.294915798972342,0.30471928002348775,0.005483595946838257,1.0,-1,,unreal_rockfield.json,unreal_rockfield.json,nan,nan,nan
219,-28.98627645150815,-242.43173074773043,0.2645295405714978,Small,FreshEjecta,crater_ejecta_clump,ProximalEjecta,ProximalEjecta,204,2.3433688027818964,2.3433688027818964,5.469501083954927,0.19124363039611175,0.008225393920257385,1.0,119,,unreal_rockfield.json,unreal_rockfield.json,nan,nan,nan
220,-28.0771593299268,-239.21921685154348,0.26841804313847095,Small,FreshEjecta,crater_ejecta_clump,Rim,Rim,204,1.0195390609635544,1.0195390609635544,2.379638233834402,0.8423223543655382,0.008225393920257385,1.0,119,,unreal_rockfield.json,unreal_rockfield.json,nan,nan,nan
221,-175.4464579859301,-59.702678873154895,0.2626962687583843,Small,MixedBreccia,crater_ejecta_clump,DistalEjecta,DistalEjecta,205,5.323083507583723,5.323083507583723,8.962536212721817,0.10128785017696189,0.008229345241381277,1.0,120,,unreal_rockfield.json,unreal_rockfield.json,nan,nan,nan
222,-244.00068293590292,-81.00736412411948,0.26478591570292875,Small,MixedBreccia,crater_ejecta_single,DistalEjecta,DistalEjecta,209,6.903973071954608,6.903973071954608,16.72372033677742,0.14602660103025727,0.005520640453972996,1.0,-1,,unreal_rockfield.json,unreal_rockfield.json,nan,nan,nan
223,-235.36642884827378,-59.96120307897553,0.2702177542778954,Small,FreshEjecta,crater_ejecta_clump,ProximalEjecta,ProximalEjecta,209,2.732778897966921,2.732778897966921,6.619699925756905,0.16373161738636796,0.008280960680959494,1.0,121,,unreal_rockfield.json,unreal_rockfield.json,nan,nan,nan
224,-235.26150623191106,-66.44697943815432,0.3287318107977561,Medium,RegolithCovered,crater_ejecta_clump,CraterFloor,CraterFloor,209,0.12919796763513106,0.12919796763513106,0.31296047309150893,0.24337766838376212,0.008280960680959494,1.0,121,,unreal_rockfield.json,unreal_rockfield.json,nan,nan,nan
225,-145.2180202097909,-13.649489494094796,0.26323155623011574,Small,MixedBreccia,crater_ejecta_clump,DistalEjecta,DistalEjecta,211,4.975107675516721,4.975107675516721,8.115365000152885,0.09843531948743209,0.008306448998554237,1.0,122,,unreal_rockfield.json,unreal_rockfield.json,nan,nan,nan
226,-88.82361523214534,-213.05136223490655,0.2652445585583419,Small,FreshEjecta,crater_ejecta_clump,ProximalEjecta,ProximalEjecta,214,1.5644224280872947,1.5644224280872947,2.8724087742227096,0.2228871753799393,0.008314526102692888,1.0,123,,unreal_rockfield.json,unreal_rockfield.json,nan,nan,nan
227,-88.02145451899946,-216.97970264322382,0.2606945589647482,Small,FreshEjecta,crater_ejecta_clump,ProximalEjecta,ProximalEjecta,214,2.4089407829721963,2.4089407829721963,4.423014217491233,0.14611683274589887,0.008314526102692888,1.0,123,,unreal_rockfield.json,unreal_rockfield.json,nan,nan,nan
228,-64.9742601474348,-171.93850486390602,0.2615894889707576,Small,FreshEjecta,crater_ejecta_clump,ProximalEjecta,ProximalEjecta,215,2.49724763107173,2.49724763107173,4.113531282575764,0.12544795257361965,0.00831897603035495,1.0,124,,unreal_rockfield.json,unreal_rockfield.json,nan,nan,nan
229,-186.3542248419841,37.04334881168105,0.2633530490730956,Small,FreshEjecta,crater_ejecta_clump,ProximalEjecta,ProximalEjecta,217,1.2100488282185822,1.2100488282185822,2.0371838661438133,0.244231648835256,0.008339126775020028,1.0,125,,unreal_rockfield.json,unreal_rockfield.json,nan,nan,nan
230,-49.12678777248221,-218.44152288269794,0.26432276069085886,Small,RegolithCovered,crater_ejecta_clump,CraterFloor,CraterFloor,218,0.6449977807285872,0.6449977807285872,1.1474251406642482,0.1791871665664992,0.008343395450991012,1.0,126,,unreal_rockfield.json,unreal_rockfield.json,nan,nan,nan
231,-50.206345298100054,-218.61057415837914,0.3364351080832,Medium,FreshEjecta,crater_ejecta_clump,Rim,Rim,218,1.083594802448454,1.083594802448454,1.9276716227116144,0.6450737996393971,0.008343395450991012,1.0,126,,unreal_rockfield.json,unreal_rockfield.json,nan,nan,nan
232,-219.85074234742726,-197.04969633599566,0.2650400141535279,Small,MixedBreccia,crater_ejecta_clump,DistalEjecta,DistalEjecta,220,3.3331684344339316,3.3331684344339316,5.290045193151896,0.09599279860301754,0.008363125090326152,1.0,127,,unreal_rockfield.json,unreal_rockfield.json,nan,nan,nan
233,198.03818633406604,-119.42088107811311,0.2698608839546058,Small,MixedBreccia,crater_ejecta_clump,DistalEjecta,DistalEjecta,226,4.802755050868757,4.802755050868757,8.401362733341744,0.1060735741116378,0.00842698298250897,1.0,128,,unreal_rockfield.json,unreal_rockfield.json,nan,nan,nan
234,202.9602434842348,-118.11523846447865,0.268970949541071,Small,FreshEjecta,crater_ejecta_clump,ProximalEjecta,ProximalEjecta,226,2.2665690361146558,2.2665690361146558,3.9648635899337576,0.15015643996006037,0.00842698298250897,1.0,128,,unreal_rockfield.json,unreal_rockfield.json,nan,nan,nan
235,172.19370617343094,215.98200350502898,0.284820322947814,Small,RegolithCovered,crater_ejecta_clump,CraterFloor,CraterFloor,228,0.5105814664315841,0.5105814664315841,1.0000113548836966,0.19810933593520108,0.008448222811580006,1.0,129,,unreal_rockfield.json,unreal_rockfield.json,nan,nan,nan
236,171.49696140960242,217.52162060488564,0.2718767712029187,Small,FreshEjecta,crater_ejecta_clump,ProximalEjecta,ProximalEjecta,228,1.336705213107433,1.336705213107433,2.618035473519836,0.26786151253288476,0.008448222811580006,1.0,129,,unreal_rockfield.json,unreal_rockfield.json,nan,nan,nan
237,34.84285037166557,31.83816996215242,0.2660976764722971,Small,FreshEjecta,crater_ejecta_clump,ProximalEjecta,ProximalEjecta,229,1.8897009792881867,1.8897009792881867,2.9357803938475304,0.16125103808301988,0.00846456977598473,1.0,130,,unreal_rockfield.json,unreal_rockfield.json,nan,nan,nan
238,-71.79832401121757,32.63390790396474,0.4291821006722859,Medium,FreshEjecta,crater_ejecta_single,Rim,Rim,230,1.0968713592821921,1.0968713592821921,2.870285168352665,0.953500503625669,0.005643081337672078,1.0,-1,,unreal_rockfield.json,unreal_rockfield.json,nan,nan,nan
239,-72.19210956636681,27.197500906121242,0.2628038003195352,Small,FreshEjecta,crater_ejecta_clump,ProximalEjecta,ProximalEjecta,230,1.4796907270895492,1.4796907270895492,3.872044166139492,0.33340713588619847,0.008464622006508117,1.0,131,,unreal_rockfield.json,unreal_rockfield.json,nan,nan,nan
240,-74.63690361795962,29.68604375203005,0.26895152291246055,Small,FreshEjecta,crater_ejecta_clump,ProximalEjecta,ProximalEjecta,230,1.790524292031297,1.790524292031297,4.685431227191337,0.2854159502963824,0.008464622006508117,1.0,131,,unreal_rockfield.json,unreal_rockfield.json,nan,nan,nan
241,5.682797394734291,220.34704296350967,0.26508623910499535,Small,FreshEjecta,crater_ejecta_clump,ProximalEjecta,ProximalEjecta,231,2.7593625876455943,2.7593625876455943,4.326273794160477,0.10536676306532497,0.008468671844928763,1.0,132,,unreal_rockfield.json,unreal_rockfield.json,nan,nan,nan
242,-198.9326877041837,195.43849597199826,0.26695065350118125,Small,FreshEjecta,crater_ejecta_clump,ProximalEjecta,ProximalEjecta,232,1.8741421801494338,1.8741421801494338,3.0735469671758304,0.17171585239824297,0.008489003059129205,1.0,133,,unreal_rockfield.json,unreal_rockfield.json,nan,nan,nan
243,-139.8202201504436,187.5106817279104,0.2681538519780476,Small,FreshEjecta,crater_ejecta_clump,ProximalEjecta,ProximalEjecta,235,2.2051841172316538,2.2051841172316538,3.330154241925984,0.13423100893946457,0.008532211684216093,1.0,134,,unreal_rockfield.json,unreal_rockfield.json,nan,nan,nan
244,-60.74433293646837,81.34031761125463,0.26429249325666704,Small,MixedBreccia,crater_ejecta_clump,DistalEjecta,DistalEjecta,236,6.422847737259467,6.422847737259467,11.702379187159133,0.11099400904741463,0.008543018274065029,1.0,135,,unreal_rockfield.json,unreal_rockfield.json,nan,nan,nan
245,-65.7038826258648,76.2685290020272,0.2657579583780374,Small,MixedBreccia,crater_ejecta_clump,DistalEjecta,DistalEjecta,236,3.585562536318801,3.585562536318801,6.532867369074234,0.11099400904741463,0.008543018274065029,1.0,135,,unreal_rockfield.json,unreal_rockfield.json,nan,nan,nan
246,-30.76551374722514,82.4121092818123,0.2702381995716362,Small,FreshEjecta,crater_ejecta_clump,ProximalEjecta,ProximalEjecta,237,2.8380663578720937,2.8380663578720937,5.806134713666316,0.13258113228901136,0.008544557158855721,1.0,136,,unreal_rockfield.json,unreal_rockfield.json,nan,nan,nan
247,-28.488806223400164,83.38883250425003,0.27083538924640127,Small,FreshEjecta,crater_ejecta_clump,ProximalEjecta,ProximalEjecta,237,2.17507632878433,2.17507632878433,4.449785376722945,0.1846920404393899,0.008544557158855721,1.0,136,,unreal_rockfield.json,unreal_rockfield.json,nan,nan,nan
248,90.52994494796992,-151.9723701255664,0.27035235010630687,Small,FreshEjecta,crater_ejecta_clump,ProximalEjecta,ProximalEjecta,238,1.5937091368228746,1.5937091368228746,3.3706756514627383,0.25550086984588954,0.008559600858086342,1.0,137,,unreal_rockfield.json,unreal_rockfield.json,nan,nan,nan
249,92.25990478275418,-154.89973804019434,0.264557315206054,Small,FreshEjecta,crater_ejecta_clump,ProximalEjecta,ProximalEjecta,238,2.635366186683253,2.635366186683253,5.573767780393106,0.15177471590420372,0.008559600858086342,1.0,137,,unreal_rockfield.json,unreal_rockfield.json,nan,nan,nan
250,83.1065206848835,-110.06392421081767,0.27222303234051104,Small,FreshEjecta,crater_ejecta_clump,ProximalEjecta,ProximalEjecta,240,1.6770657597355263,1.6770657597355263,2.9904652382891435,0.2069152272438718,0.008595741306056637,1.0,138,,unreal_rockfield.json,unreal_rockfield.json,nan,nan,nan
251,80.97170409682509,-110.00010004980092,0.30070213206337504,Medium,FreshEjecta,crater_ejecta_clump,Rim,Rim,240,1.1435660138915762,1.1435660138915762,2.0391534394995583,0.6531274427528349,0.008595741306056637,1.0,138,,unreal_rockfield.json,unreal_rockfield.json,nan,nan,nan
252,-248.26493827945575,-59.043807079051575,0.28675529723971777,Small,FreshEjecta,crater_ejecta_single,Rim,Rim,241,0.8582987955670812,0.8582987955670812,2.011802572179893,0.8588123220362223,0.005736027997624439,1.0,-1,,unreal_rockfield.json,unreal_rockfield.json,nan,nan,nan
253,-233.22815047418976,-46.0591312452216,0.26321975812386117,Small,MixedBreccia,crater_ejecta_clump,DistalEjecta,DistalEjecta,241,7.660514933373567,7.660514933373567,17.955802486010747,0.14313538700603706,0.008604041996436659,1.0,139,,unreal_rockfield.json,unreal_rockfield.json,nan,nan,nan
254,-242.9198776374086,-44.96775350359491,0.2708389190168171,Small,MixedBreccia,crater_ejecta_clump,DistalEjecta,DistalEjecta,241,5.584038623929795,5.584038623929795,13.088662508668092,0.14313538700603706,0.008604041996436659,1.0,139,,unreal_rockfield.json,unreal_rockfield.json,nan,nan,nan
255,174.73467549052162,-56.012708385258996,0.2984977667317867,Small,FreshEjecta,crater_ejecta_clump,Rim,Rim,246,1.126910733672139,1.126910733672139,2.1131900609588574,0.6899385505803384,0.008710208057440738,1.0,140,,unreal_rockfield.json,unreal_rockfield.json,nan,nan,nan
256,175.6283711818747,-53.93291560293913,0.3202320376272809,Medium,FreshEjecta,crater_ejecta_clump,Rim,Rim,246,1.0390124706909758,1.0390124706909758,1.9483626880736309,0.6899385505803384,0.008710208057440738,1.0,140,,unreal_rockfield.json,unreal_rockfield.json,nan,nan,nan
257,67.05494436215983,182.31546712945345,0.2632234446742037,Small,MixedBreccia,crater_ejecta_clump,DistalEjecta,DistalEjecta,247,3.351149665022704,3.351149665022704,7.0514841520426605,0.12910595611127612,0.008724908808553223,1.0,141,,unreal_rockfield.json,unreal_rockfield.json,nan,nan,nan
258,64.33533295422451,175.6496105676605,0.32663529121319756,Medium,FreshEjecta,crater_ejecta_clump,Rim,Rim,247,0.922117131654829,0.922117131654829,1.9403175000084663,0.7746357366676567,0.008724908808553223,1.0,141,,unreal_rockfield.json,unreal_rockfield.json,nan,nan,nan
259,-96.10784002266675,21.386755533271515,0.2676144300538181,Small,MixedBreccia,crater_ejecta_clump,DistalEjecta,DistalEjecta,249,3.849153525241287,3.849153525241287,6.143819869938704,0.09803700536737313,0.008751897808138454,1.0,142,,unreal_rockfield.json,unreal_rockfield.json,nan,nan,nan
260,-173.3025916386713,-164.975723427594,0.2608690788615143,Small,RegolithCovered,crater_ejecta_clump,CraterFloor,CraterFloor,252,0.5339523938551632,0.5339523938551632,0.9211849002355753,0.1770104886863647,0.008810479332610671,1.0,143,,unreal_rockfield.json,unreal_rockfield.json,nan,nan,nan
261,-173.31207401032472,-164.56065395817956,0.29799338591977886,Small,RegolithCovered,crater_ejecta_clump,CraterFloor,CraterFloor,252,0.3960227928732007,0.3960227928732007,0.6832261099345676,0.1770104886863647,0.008810479332610671,1.0,143,,unreal_rockfield.json,unreal_rockfield.json,nan,nan,nan
262,-198.7477226237257,-92.0083590907609,0.26499037891289173,Small,FreshEjecta,crater_ejecta_clump,ProximalEjecta,ProximalEjecta,253,2.6706515160717776,2.6706515160717776,4.0478889935987565,0.10802491076018328,0.00883514704547705,1.0,144,,unreal_rockfield.json,unreal_rockfield.json,nan,nan,nan
263,-42.57383836355615,-221.24786037528602,0.2614076804952806,Small,FreshEjecta,crater_ejecta_clump,ProximalEjecta,ProximalEjecta,254,1.3054380316731529,1.3054380316731529,1.9665919897342419,0.21253709852984773,0.008841800611514739,1.0,145,,unreal_rockfield.json,unreal_rockfield.json,nan,nan,nan
264,-1.990777931020813,151.73148341867306,0.2692430040685764,Small,FreshEjecta,crater_ejecta_clump,ProximalEjecta,ProximalEjecta,256,2.6641064015749643,2.6641064015749643,4.437911041840847,0.11921640107910188,0.008857477347650477,1.0,146,,unreal_rockfield.json,unreal_rockfield.json,nan,nan,nan
265,-118.30174049949598,24.77659490076724,0.26186405973709787,Small,FreshEjecta,crater_ejecta_clump,ProximalEjecta,ProximalEjecta,257,2.6485750227451907,2.6485750227451907,4.776955628125583,0.1301345290720016,0.008867729630900625,1.0,147,,unreal_rockfield.json,unreal_rockfield.json,nan,nan,nan
266,-116.5638277312922,24.478014257952175,0.2686892859813353,Small,FreshEjecta,crater_ejecta_clump,ProximalEjecta,ProximalEjecta,257,2.4541795124872845,2.4541795124872845,4.426344934135742,0.14341843975216326,0.008867729630900625,1.0,147,,unreal_rockfield.json,unreal_rockfield.json,nan,nan,nan
267,27.179211201788508,42.31159376245082,0.2673208443779324,Small,FreshEjecta,crater_ejecta_single,ProximalEjecta,ProximalEjecta,259,2.5624570540607685,2.5624570540607685,8.568880099490041,0.252295880219673,0.005939237884875086,1.0,-1,,unreal_rockfield.json,unreal_rockfield.json,nan,nan,nan
268,31.41258934795535,53.51005357899053,0.28604554810802146,Small,FreshEjecta,crater_ejecta_single,Rim,Rim,259,1.080266312347663,1.080266312347663,3.6124205443194373,1.239869324855625,0.005939237884875086,1.0,-1,,unreal_rockfield.json,unreal_rockfield.json,nan,nan,nan
269,30.87473890439131,47.16615119318241,0.2642732091592362,Small,RegolithCovered,crater_ejecta_clump,CraterFloor,CraterFloor,259,0.8237699509471135,0.8237699509471135,2.7546943384055673,0.34440814579322915,0.00890885682731263,1.0,148,,unreal_rockfield.json,unreal_rockfield.json,nan,nan,nan
270,31.261826936391923,52.378031881291946,0.271742284894902,Small,RegolithCovered,crater_ejecta_clump,CraterFloor,CraterFloor,259,0.7396012566801735,0.7396012566801735,2.473233445954279,0.34440814579322915,0.00890885682731263,1.0,148,,unreal_rockfield.json,unreal_rockfield.json,nan,nan,nan
271,30.56591195896797,53.91389988767141,0.34088853234288397,Medium,FreshEjecta,crater_ejecta_clump,ProximalEjecta,ProximalEjecta,259,1.2105120759000356,1.2105120759000356,4.047963582817651,0.4959995481311429,0.00890885682731263,1.0,148,,unreal_rockfield.json,unreal_rockfield.json,nan,nan,nan
272,34.002730259901966,51.38009998026187,0.3094789409929256,Medium,FreshEjecta,crater_ejecta_clump,Rim,Rim,259,0.9613804958333532,0.9613804958333532,3.214865273831405,1.239869324855625,0.00890885682731263,1.0,148,,unreal_rockfield.json,unreal_rockfield.json,nan,nan,nan
273,29.869202751645357,55.2297033382376,0.2657004303812774,Small,FreshEjecta,crater_ejecta_clump,ProximalEjecta,ProximalEjecta,259,1.6366294709326794,1.6366294709326794,5.472904094720243,0.40082155095875005,0.00890885682731263,1.0,148,,unreal_rockfield.json,unreal_rockfield.json,nan,nan,nan
274,70.2839736778388,-45.846234253554485,0.26388113802307084,Small,FreshEjecta,crater_ejecta_single,ProximalEjecta,ProximalEjecta,260,1.4878653225565968,1.4878653225565968,4.145069275371988,0.3597154939760691,0.005939383610317179,1.0,-1,,unreal_rockfield.json,unreal_rockfield.json,nan,nan,nan
275,80.46241827924594,-38.79112566955252,0.26806030171009687,Small,MixedBreccia,crater_ejecta_clump,DistalEjecta,DistalEjecta,260,3.2776881071377426,3.2776881071377426,9.131366973324983,0.17215871840872518,0.008909075415475769,1.0,149,,unreal_rockfield.json,unreal_rockfield.json,nan,nan,nan
276,80.76567283174808,-44.69939105771262,0.2695339187165318,Small,FreshEjecta,crater_ejecta_clump,ProximalEjecta,ProximalEjecta,260,2.3012971944315237,2.3012971944315237,6.41122294439053,0.23951055540557628,0.008909075415475769,1.0,149,,unreal_rockfield.json,unreal_rockfield.json,nan,nan,nan
277,78.40653710862827,-39.534014070734266,0.26930426423011444,Small,FreshEjecta,crater_ejecta_clump,ProximalEjecta,ProximalEjecta,260,2.616988353123345,2.616988353123345,7.2907123058009775,0.20453761790639458,0.008909075415475769,1.0,149,,unreal_rockfield.json,unreal_rockfield.json,nan,nan,nan
278,-105.47742568877906,57.50922681877851,0.2915760064261117,Small,RegolithCovered,crater_ejecta_single,CraterFloor,CraterFloor,261,0.2719597030466236,0.2719597030466236,0.6073599772438952,0.23002050316117528,0.005939995142223029,1.0,-1,,unreal_rockfield.json,unreal_rockfield.json,nan,nan,nan
279,-108.96618906979909,59.88730986780567,0.2658983896062765,Small,FreshEjecta,crater_ejecta_clump,ProximalEjecta,ProximalEjecta,261,2.1552951739263535,2.1552951739263535,4.813360263029037,0.2065462775004001,0.008909992713334544,1.0,150,,unreal_rockfield.json,unreal_rockfield.json,nan,nan,nan
280,-105.16968335764005,56.103884806542425,0.3948039508832784,Medium,RegolithCovered,crater_ejecta_clump,CraterFloor,CraterFloor,261,0.4278859363244743,0.4278859363244743,0.9555856608082273,0.23002050316117528,0.008909992713334544,1.0,150,,unreal_rockfield.json,unreal_rockfield.json,nan,nan,nan
281,-63.50186650119307,-71.8796321861563,0.26167891633942414,Small,FreshEjecta,crater_ejecta_clump,ProximalEjecta,ProximalEjecta,262,1.7088553166056486,1.7088553166056486,2.7461678242499055,0.18580829968892026,0.008911451206365342,1.0,151,,unreal_rockfield.json,unreal_rockfield.json,nan,nan,nan
282,222.9244554465424,185.2667659533159,0.2669260886739065,Small,FreshEjecta,crater_ejecta_clump,ProximalEjecta,ProximalEjecta,264,2.7506261327162758,2.7506261327162758,5.262903488736565,0.13157193567283176,0.008944015574388339,1.0,152,,unreal_rockfield.json,unreal_rockfield.json,nan,nan,nan
283,223.53414687567334,182.75581066197407,0.2633926381670735,Small,FreshEjecta,crater_ejecta_clump,ProximalEjecta,ProximalEjecta,264,2.472217888270701,2.472217888270701,4.730211784997569,0.15122334706130178,0.008944015574388339,1.0,152,,unreal_rockfield.json,unreal_rockfield.json,nan,nan,nan
284,24.855473814372548,-215.38134786087755,0.26818577232149426,Small,FreshEjecta,crater_ejecta_clump,ProximalEjecta,ProximalEjecta,265,1.6097253921642043,1.6097253921642043,2.488265055289557,0.18817351000130192,0.008962062660008187,1.0,153,,unreal_rockfield.json,unreal_rockfield.json,nan,nan,nan
285,113.99148878660266,32.69752847114377,0.26118346517033214,Small,FreshEjecta,crater_ejecta_clump,ProximalEjecta,ProximalEjecta,266,2.906795995639933,2.906795995639933,4.440454303878639,0.09736106378383001,0.008998988353452173,1.0,154,,unreal_rockfield.json,unreal_rockfield.json,nan,nan,nan
286,28.33115612777902,-44.03586594868689,0.26144475568781395,Small,FreshEjecta,crater_ejecta_clump,ProximalEjecta,ProximalEjecta,269,1.4615492974564621,1.4615492974564621,2.7377060964892475,0.2461024661270199,0.00901940484281147,1.0,155,,unreal_rockfield.json,unreal_rockfield.json,nan,nan,nan
287,28.698012850292148,-46.184669499717934,0.2631089449563391,Small,RegolithCovered,crater_ejecta_clump,CraterFloor,CraterFloor,269,0.5670997699504994,0.5670997699504994,1.0622648857709027,0.19374037656585533,0.00901940484281147,1.0,155,,unreal_rockfield.json,unreal_rockfield.json,nan,nan,nan
288,14.175165958511991,-74.3488140568675,0.27018384528363504,Small,FreshEjecta,crater_ejecta_clump,ProximalEjecta,ProximalEjecta,270,2.622146437566484,2.622146437566484,5.031445171784808,0.14112550799809684,0.009022273890086861,1.0,156,,unreal_rockfield.json,unreal_rockfield.json,nan,nan,nan
289,14.994282041826201,-69.47936426643139,0.268100428628155,Small,FreshEjecta,crater_ejecta_clump,ProximalEjecta,ProximalEjecta,270,1.9532397544066635,1.9532397544066635,3.747929021373878,0.19717722895597703,0.009022273890086861,1.0,156,,unreal_rockfield.json,unreal_rockfield.json,nan,nan,nan
290,226.53339559078495,-171.6859936906049,0.26930298708082445,Small,RegolithCovered,crater_ejecta_clump,CraterFloor,CraterFloor,272,0.771539843599086,0.771539843599086,1.251131395232307,0.16803419444177925,0.009068118044350412,1.0,157,,unreal_rockfield.json,unreal_rockfield.json,nan,nan,nan
291,-185.98290323394033,-129.80912344107486,0.2663701607430778,Small,RegolithCovered,crater_ejecta_clump,CraterFloor,CraterFloor,273,0.8018960700168413,0.8018960700168413,1.4481944951767096,0.1871400665366649,0.009068412651144823,1.0,158,,unreal_rockfield.json,unreal_rockfield.json,nan,nan,nan
292,-183.27068772400094,-132.76754102730348,0.27190525662580256,Small,FreshEjecta,crater_ejecta_clump,ProximalEjecta,ProximalEjecta,273,1.886923587384625,1.886923587384625,3.4077138599919974,0.1921736116772359,0.009068412651144823,1.0,158,,unreal_rockfield.json,unreal_rockfield.json,nan,nan,nan
293,7.750189062672391,82.73465840790972,0.26491162151011793,Small,MixedBreccia,crater_ejecta_clump,DistalEjecta,DistalEjecta,274,4.029623219908684,4.029623219908684,7.630408213136811,0.11782701610705318,0.009089754455214337,1.0,159,,unreal_rockfield.json,unreal_rockfield.json,nan,nan,nan
294,6.587213987772596,81.04987097656198,0.268094220960835,Small,FreshEjecta,crater_ejecta_clump,ProximalEjecta,ProximalEjecta,274,2.9798586903856754,2.9798586903856754,5.6425965863928145,0.1167596433601484,0.009089754455214337,1.0,159,,unreal_rockfield.json,unreal_rockfield.json,nan,nan,nan
295,-93.06682441423709,221.497159135048,0.2984213662721793,Small,FreshEjecta,crater_ejecta_single,Rim,Rim,275,1.0798683703677163,1.0798683703677163,2.5610404025596574,0.8857819166656996,0.006066644907526568,1.0,-1,,unreal_rockfield.json,unreal_rockfield.json,nan,nan,nan
296,-88.75962807605754,218.52975833215532,0.26266133515086465,Small,FreshEjecta,crater_ejecta_clump,ProximalEjecta,ProximalEjecta,275,2.3947683703697433,2.3947683703697433,5.679487166755705,0.1960081764980875,0.009099967361289853,1.0,160,,unreal_rockfield.json,unreal_rockfield.json,nan,nan,nan
297,-90.62953167328457,216.67704440196795,0.26096918567884897,Small,FreshEjecta,crater_ejecta_clump,ProximalEjecta,ProximalEjecta,275,1.9324880144455714,1.9324880144455714,4.583132554176108,0.24697733052116339,0.009099967361289853,1.0,160,,unreal_rockfield.json,unreal_rockfield.json,nan,nan,nan
298,-207.06898732088055,-36.57376882723041,0.27699398509269446,Small,FreshEjecta,crater_ejecta_single,ProximalEjecta,ProximalEjecta,276,1.7711923767203572,1.7711923767203572,9.450802840151074,0.6023502149946942,0.00606703785089537,1.0,-1,,unreal_rockfield.json,unreal_rockfield.json,nan,nan,nan
299,-197.11581125844023,-17.865110937351144,0.26251573027062614,Small,FreshEjecta,crater_ejecta_single,ProximalEjecta,ProximalEjecta,276,2.314275562547593,2.314275562547593,12.348608963593243,0.4591134906086275,0.00606703785089537,1.0,-1,,unreal_rockfield.json,unreal_rockfield.json,nan,nan,nan
300,-200.09254607167424,-23.030475431211595,0.273287204965113,Small,FreshEjecta,crater_ejecta_single,ProximalEjecta,ProximalEjecta,276,1.2286739870937056,1.2286739870937056,6.556010380050466,0.790051571296569,0.00606703785089537,1.0,-1,,unreal_rockfield.json,unreal_rockfield.json,nan,nan,nan
301,-209.4515715021591,-38.87780170042286,0.27097547862277815,Small,FreshEjecta,crater_ejecta_single,ProximalEjecta,ProximalEjecta,276,2.3147550003278523,2.3147550003278523,12.351167167882561,0.4590034456226731,0.00606703785089537,1.0,-1,,unreal_rockfield.json,unreal_rockfield.json,nan,nan,nan
302,-196.37544173674888,-32.0394844355815,0.30733882644883065,Medium,FreshEjecta,crater_ejecta_single,ProximalEjecta,ProximalEjecta,276,1.8447763051530088,1.8447763051530088,9.843435062918699,0.580591298515738,0.00606703785089537,1.0,-1,,unreal_rockfield.json,unreal_rockfield.json,nan,nan,nan
303,-203.81211031085198,-34.49682135757988,0.2745469242441964,Small,FreshEjecta,crater_ejecta_clump,ProximalEjecta,ProximalEjecta,276,1.3593775892967699,1.3593775892967699,7.25342416251377,0.7400712181799761,0.009100556776343055,1.0,161,,unreal_rockfield.json,unreal_rockfield.json,nan,nan,nan
304,-205.4889992088425,-32.65377844216098,0.39460001386502275,Medium,FreshEjecta,crater_ejecta_clump,Rim,Rim,276,0.9984854806019787,0.9984854806019787,5.327760857573214,1.992938443165714,0.009100556776343055,1.0,161,,unreal_rockfield.json,unreal_rockfield.json,nan,nan,nan
305,-202.64402043375833,-32.5412048708671,0.2732985567177234,Small,FreshEjecta,crater_ejecta_clump,Rim,Rim,276,1.0712481313249307,1.0712481313249307,5.716010872166612,1.992938443165714,0.009100556776343055,1.0,161,,unreal_rockfield.json,unreal_rockfield.json,nan,nan,nan
306,-203.22529421360764,-33.491939183779486,0.39714830224883557,Medium,FreshEjecta,crater_ejecta_clump,ProximalEjecta,ProximalEjecta,276,1.200339052144035,1.200339052144035,6.4048196414172756,0.8013242654489594,0.009100556776343055,1.0,161,,unreal_rockfield.json,unreal_rockfield.json,nan,nan,nan
307,-208.7861466548414,-34.37277577538908,0.27363210214725087,Small,FreshEjecta,crater_ejecta_clump,ProximalEjecta,ProximalEjecta,276,1.493427405102126,1.493427405102126,7.968692812371451,0.6920938130693457,0.009100556776343055,1.0,161,,unreal_rockfield.json,unreal_rockfield.json,nan,nan,nan
308,-204.08889789354046,-32.646717591324865,0.26452068132328194,Small,FreshEjecta,crater_ejecta_clump,Rim,Rim,276,1.0088809682492201,1.0088809682492201,5.383229538148286,1.992938443165714,0.009100556776343055,1.0,161,,unreal_rockfield.json,unreal_rockfield.json,nan,nan,nan
309,-202.7207543948038,-35.79380387203827,0.26633612211750624,Small,FreshEjecta,crater_ejecta_clump,ProximalEjecta,ProximalEjecta,276,1.6411969715877228,1.6411969715877228,8.757167885426975,0.6428019909747047,0.009100556776343055,1.0,161,,unreal_rockfield.json,unreal_rockfield.json,nan,nan,nan
310,-202.66247561935893,-32.874708871225835,0.28746977908640126,Small,FreshEjecta,crater_ejecta_clump,Rim,Rim,276,1.1269919339657029,1.1269919339657029,6.013451000772928,1.992938443165714,0.009100556776343055,1.0,161,,unreal_rockfield.json,unreal_rockfield.json,nan,nan,nan
311,-199.9143487937716,-32.91986244359617,0.27338313940836517,Small,FreshEjecta,crater_ejecta_clump,ProximalEjecta,ProximalEjecta,276,1.417605812839177,1.417605812839177,7.564120768746068,0.7188353339643895,0.009100556776343055,1.0,161,,unreal_rockfield.json,unreal_rockfield.json,nan,nan,nan
312,-206.21073358020018,-33.060274702157095,0.3690940784909952,Medium,FreshEjecta,crater_ejecta_clump,Rim,Rim,276,1.0936243962682144,1.0936243962682144,5.835407088555899,1.992938443165714,0.009100556776343055,1.0,161,,unreal_rockfield.json,unreal_rockfield.json,nan,nan,nan
313,-203.21692781193028,-32.2487949992173,0.2727998573558946,Small,FreshEjecta,crater_ejecta_clump,Rim,Rim,276,0.9795169984362666,0.9795169984362666,5.226548031975461,1.992938443165714,0.009100556776343055,1.0,161,,unreal_rockfield.json,unreal_rockfield.json,nan,nan,nan
314,-201.07493536513573,-35.92708292913909,0.28690296416379973,Small,FreshEjecta,crater_ejecta_clump,ProximalEjecta,ProximalEjecta,276,1.77062530885594,1.77062530885594,9.44777705557,0.6025210259339226,0.009100556776343055,1.0,161,,unreal_rockfield.json,unreal_rockfield.json,nan,nan,nan
315,-201.5932081545911,-28.519943321031707,0.3188998299724121,Medium,RegolithCovered,crater_ejecta_clump,CraterFloor,CraterFloor,276,0.6802564935547051,0.6802564935547051,3.6297412329779055,0.5535940119904761,0.009100556776343055,1.0,161,,unreal_rockfield.json,unreal_rockfield.json,nan,nan,nan
316,-202.6290427524951,-30.703279954116695,0.2961226842828872,Small,RegolithCovered,crater_ejecta_clump,CraterFloor,CraterFloor,276,0.7733010739277679,0.7733010739277679,4.126212421544477,0.5535940119904761,0.009100556776343055,1.0,161,,unreal_rockfield.json,unreal_rockfield.json,nan,nan,nan
317,-203.71225430694892,-33.2458360456049,0.26807351971085924,Small,FreshEjecta,crater_ejecta_clump,Rim,Rim,276,1.1328543150182906,1.1328543150182906,6.0447317403639795,1.992938443165714,0.009100556776343055,1.0,161,,unreal_rockfield.json,unreal_rockfield.json,nan,nan,nan
318,-217.61955283071987,133.76378909605808,0.26925575936349505,Small,FreshEjecta,crater_ejecta_clump,ProximalEjecta,ProximalEjecta,277,1.6000617367117904,1.6000617367117904,2.709614898213673,0.20827729509396684,0.009104467615203797,1.0,162,,unreal_rockfield.json,unreal_rockfield.json,nan,nan,nan
319,-220.34320272801847,133.96849014948506,0.269342596462053,Small,FreshEjecta,crater_ejecta_clump,ProximalEjecta,ProximalEjecta,277,2.371498249372135,2.371498249372135,4.0159994081177315,0.1416206614778289,0.009104467615203797,1.0,162,,unreal_rockfield.json,unreal_rockfield.json,nan,nan,nan
320,-60.98368563313812,244.4229896621902,0.26352091241962505,Small,MixedBreccia,crater_ejecta_clump,DistalEjecta,DistalEjecta,278,3.122861900186944,3.122861900186944,4.831648899310922,0.09633688626217415,0.009107253603137407,1.0,163,,unreal_rockfield.json,unreal_rockfield.json,nan,nan,nan
321,248.29196091256455,-234.75444796336558,0.26795499358555297,Small,FreshEjecta,crater_ejecta_clump,ProximalEjecta,ProximalEjecta,280,1.7385250193513953,1.7385250193513953,3.734119306593031,0.2467827498750573,0.009135051951797937,1.0,164,,unreal_rockfield.json,unreal_rockfield.json,nan,nan,nan
322,249.18886231042703,-234.75740881332896,0.2618005908245887,Small,FreshEjecta,crater_ejecta_clump,ProximalEjecta,ProximalEjecta,280,1.8667395448183737,1.8667395448183737,4.009506965443363,0.2314586249643945,0.009135051951797937,1.0,164,,unreal_rockfield.json,unreal_rockfield.json,nan,nan,nan
323,179.47431221614028,-201.8080202916925,0.26505310606767224,Small,MixedBreccia,crater_ejecta_clump,DistalEjecta,DistalEjecta,281,5.4874548065770234,5.4874548065770234,10.882719370263041,0.12366190455177989,0.009144907453163481,1.0,165,,unreal_rockfield.json,unreal_rockfield.json,nan,nan,nan
324,175.90252677698032,-195.68637865341134,0.26049210852973526,Small,FreshEjecta,crater_ejecta_clump,ProximalEjecta,ProximalEjecta,281,2.797821292472958,2.797821292472958,5.548638676283277,0.13421860782040268,0.009144907453163481,1.0,165,,unreal_rockfield.json,unreal_rockfield.json,nan,nan,nan
325,-175.9679961241872,-246.4134322914966,0.26045760058443296,Small,FreshEjecta,crater_ejecta_clump,ProximalEjecta,ProximalEjecta,283,2.550016388565791,2.550016388565791,4.369427417107569,0.13127345823109696,0.009147279313537674,1.0,166,,unreal_rockfield.json,unreal_rockfield.json,nan,nan,nan
326,-171.76272604515995,-246.71443695613337,0.3281861722193328,Medium,RegolithCovered,crater_ejecta_clump,CraterFloor,CraterFloor,283,0.27502072354317314,0.27502072354317314,0.47124524183868716,0.1780896686514989,0.009147279313537674,1.0,166,,unreal_rockfield.json,unreal_rockfield.json,nan,nan,nan
327,-101.86590354637596,-225.0175973197675,0.2617984531108445,Small,FreshEjecta,crater_ejecta_clump,ProximalEjecta,ProximalEjecta,288,2.9657057076783238,2.9657057076783238,5.376107128476019,0.11297160642122372,0.009183850212045357,1.0,167,,unreal_rockfield.json,unreal_rockfield.json,nan,nan,nan
328,-102.8960986445777,-219.1831169243181,0.2673232825540313,Small,FreshEjecta,crater_ejecta_clump,ProximalEjecta,ProximalEjecta,288,2.842637644680401,2.842637644680401,5.1530144969118385,0.12014154003730333,0.009183850212045357,1.0,167,,unreal_rockfield.json,unreal_rockfield.json,nan,nan,nan
329,46.545101133648615,132.98748013472206,0.26273378218216215,Small,MixedBreccia,crater_ejecta_clump,DistalEjecta,DistalEjecta,289,3.103076121210035,3.103076121210035,5.036674015452518,0.10136792938950964,0.009186346066361357,1.0,168,,unreal_rockfield.json,unreal_rockfield.json,nan,nan,nan
330,40.08807041343756,-207.73228211463805,0.26196373731243666,Small,FreshEjecta,crater_ejecta_clump,ProximalEjecta,ProximalEjecta,290,2.145886981176831,2.145886981176831,3.4642132671669716,0.15160202165315714,0.009187293727748277,1.0,169,,unreal_rockfield.json,unreal_rockfield.json,nan,nan,nan
331,-111.45876636820867,97.33086649007366,0.2624100229809913,Small,FreshEjecta,crater_ejecta_single,ProximalEjecta,ProximalEjecta,291,2.1548188925682767,2.1548188925682767,5.3907817626718755,0.23388912013338858,0.006124918137442563,1.0,-1,,unreal_rockfield.json,unreal_rockfield.json,nan,nan,nan
332,-115.08798738847243,101.90734195192294,0.2680425171534726,Small,RegolithCovered,crater_ejecta_clump,CraterFloor,CraterFloor,291,0.3772809097376885,0.3772809097376885,0.9438561424501445,0.2604088704629248,0.009187377206163843,1.0,170,,unreal_rockfield.json,unreal_rockfield.json,nan,nan,nan
333,-117.73216912096112,106.85909685910362,0.2701312958688603,Small,FreshEjecta,crater_ejecta_clump,ProximalEjecta,ProximalEjecta,291,2.4125111790022262,2.4125111790022262,6.035459087007772,0.20561408010900795,0.009187377206163843,1.0,170,,unreal_rockfield.json,unreal_rockfield.json,nan,nan,nan
334,103.07908631880596,-3.0137300112184637,0.30937309355327625,Medium,RegolithCovered,crater_ejecta_single,CraterFloor,CraterFloor,293,0.2099783501286621,0.2099783501286621,0.4739659651097275,0.2350386256899226,0.006131100073847499,1.0,-1,,unreal_rockfield.json,unreal_rockfield.json,nan,nan,nan
335,104.26087632035636,-2.901220019665982,0.2612362377631988,Small,RegolithCovered,crater_ejecta_clump,CraterFloor,CraterFloor,293,0.39781594809667703,0.39781594809667703,0.8979555257013371,0.2350386256899226,0.009196650110771249,1.0,171,,unreal_rockfield.json,unreal_rockfield.json,nan,nan,nan
336,104.34935120596268,-2.0759412579466527,0.26080050422878387,Small,RegolithCovered,crater_ejecta_clump,CraterFloor,CraterFloor,293,0.6713593899550223,0.6713593899550223,1.515401473535411,0.2350386256899226,0.009196650110771249,1.0,171,,unreal_rockfield.json,unreal_rockfield.json,nan,nan,nan
337,188.58421478071216,174.29776379536563,0.26841530723851664,Small,MixedBreccia,crater_ejecta_clump,DistalEjecta,DistalEjecta,294,3.450316791195468,3.450316791195468,5.623504859295541,0.10184915263212085,0.009202240330631573,1.0,172,,unreal_rockfield.json,unreal_rockfield.json,nan,nan,nan
338,46.71706740211596,207.30991511560057,0.26041381697200877,Small,FreshEjecta,crater_ejecta_clump,ProximalEjecta,ProximalEjecta,301,1.5691189747119398,1.5691189747119398,2.880980770627908,0.23056555196386513,0.009245989173950225,1.0,173,,unreal_rockfield.json,unreal_rockfield.json,nan,nan,nan
339,46.75604599093015,206.6953644844522,0.2711404577134849,Small,FreshEjecta,crater_ejecta_clump,ProximalEjecta,ProximalEjecta,301,1.556356824627192,1.556356824627192,2.8575488259643262,0.23204151215130062,0.009245989173950225,1.0,173,,unreal_rockfield.json,unreal_rockfield.json,nan,nan,nan
340,-178.7667181894746,-21.756253063318745,0.2651359876303279,Small,MixedBreccia,crater_ejecta_clump,DistalEjecta,DistalEjecta,302,3.2733586248241386,3.2733586248241386,5.52440166216563,0.10565575036440003,0.009250752873070357,1.0,174,,unreal_rockfield.json,unreal_rockfield.json,nan,nan,nan
341,-174.95348348044237,-21.49402604569427,0.26590428380925213,Small,FreshEjecta,crater_ejecta_clump,ProximalEjecta,ProximalEjecta,302,2.2484949541351074,2.2484949541351074,3.7947535500062632,0.15092272441224444,0.009250752873070357,1.0,174,,unreal_rockfield.json,unreal_rockfield.json,nan,nan,nan
342,89.28231368059431,127.45034202246778,0.2672924093374517,Small,MixedBreccia,crater_ejecta_clump,DistalEjecta,DistalEjecta,303,7.110584630607181,7.110584630607181,11.389380374575651,0.10063474057872066,0.009346281627210592,1.0,175,,unreal_rockfield.json,unreal_rockfield.json,nan,nan,nan
343,-164.96882013548867,-129.37636425105532,0.261348076574163,Small,FreshEjecta,crater_ejecta_clump,ProximalEjecta,ProximalEjecta,305,1.513610947546886,1.513610947546886,2.5464284748563113,0.2181113244974981,0.00935668438357468,1.0,176,,unreal_rockfield.json,unreal_rockfield.json,nan,nan,nan
344,-168.14268155443625,-134.55218852452788,0.26131672191715033,Small,MixedBreccia,crater_ejecta_clump,DistalEjecta,DistalEjecta,305,3.7108707264230976,3.7108707264230976,6.242995863361904,0.10573984828775848,0.00935668438357468,1.0,176,,unreal_rockfield.json,unreal_rockfield.json,nan,nan,nan
345,-202.6264879982491,247.26719586326072,0.26388301063099223,Small,MixedBreccia,crater_ejecta_clump,DistalEjecta,DistalEjecta,307,3.2842624232251287,3.2842624232251287,5.975815693195324,0.11439792290155223,0.009365178132797034,1.0,177,,unreal_rockfield.json,unreal_rockfield.json,nan,nan,nan
346,-204.6258226558407,243.36101465562575,0.2692455548230281,Small,FreshEjecta,crater_ejecta_clump,ProximalEjecta,ProximalEjecta,307,2.462165973460829,2.462165973460829,4.479986117860287,0.14685257444442204,0.009365178132797034,1.0,177,,unreal_rockfield.json,unreal_rockfield.json,nan,nan,nan
347,196.66713256172352,-128.12497094555982,0.2656019931649898,Small,MixedBreccia,crater_ejecta_clump,DistalEjecta,DistalEjecta,309,6.903632363997998,6.903632363997998,10.443950708966133,0.09523785665562104,0.009400093846487032,1.0,178,,unreal_rockfield.json,unreal_rockfield.json,nan,nan,nan
348,203.8064652524566,-145.5481089641777,0.26711168375127264,Small,FreshEjecta,crater_ejecta_clump,ProximalEjecta,ProximalEjecta,312,1.8155329929561903,1.8155329929561903,2.866774341423553,0.1765752055347811,0.009439840337624315,1.0,179,,unreal_rockfield.json,unreal_rockfield.json,nan,nan,nan
349,-142.2547444637383,-57.28437945557813,0.26935480052418986,Small,FreshEjecta,crater_ejecta_single,ProximalEjecta,ProximalEjecta,313,1.7935877835825722,1.7935877835825722,8.206171059320068,0.5174484439277943,0.006299177742296222,1.0,-1,,unreal_rockfield.json,unreal_rockfield.json,nan,nan,nan
350,-144.99286569690395,-53.159122762780605,0.26169820586089254,Small,FreshEjecta,crater_ejecta_single,Rim,Rim,313,0.9292150543412603,0.9292150543412603,4.251421512020315,1.7313106519233346,0.006299177742296222,1.0,-1,,unreal_rockfield.json,unreal_rockfield.json,nan,nan,nan
351,-143.38153775600807,-43.93869553751741,0.3240200385950769,Medium,FreshEjecta,crater_ejecta_single,Rim,Rim,313,1.1447666462326227,1.1447666462326227,5.237630969600412,1.7313106519233346,0.006299177742296222,1.0,-1,,unreal_rockfield.json,unreal_rockfield.json,nan,nan,nan
352,-148.0968342132621,-46.81859624663852,0.3302489617873223,Medium,FreshEjecta,crater_ejecta_clump,Rim,Rim,313,1.1270895736841888,1.1270895736841888,5.15675336634717,1.7313106519233346,0.009448766613444334,1.0,180,,unreal_rockfield.json,unreal_rockfield.json,nan,nan,nan
353,-148.49411725289855,-52.03495194335368,0.27360979331165597,Small,FreshEjecta,crater_ejecta_clump,ProximalEjecta,ProximalEjecta,313,1.2560183576049662,1.2560183576049662,5.746638993919134,0.677015797974465,0.009448766613444334,1.0,180,,unreal_rockfield.json,unreal_rockfield.json,nan,nan,nan
354,-143.11445230176366,-45.86042585018706,0.2787106159170845,Small,RegolithCovered,crater_ejecta_clump,CraterFloor,CraterFloor,313,0.7295349817119534,0.7295349817119534,3.337828741076847,0.4809196255342596,0.009448766613444334,1.0,180,,unreal_rockfield.json,unreal_rockfield.json,nan,nan,nan
355,-148.7936295380985,-48.09547014459258,0.30008002941197953,Medium,FreshEjecta,crater_ejecta_clump,Rim,Rim,313,1.1787039110073683,1.1787039110073683,5.392903548158418,1.7313106519233346,0.009448766613444334,1.0,180,,unreal_rockfield.json,unreal_rockfield.json,nan,nan,nan
356,-143.54262039474648,-43.87866780805089,0.2854490413222609,Small,FreshEjecta,crater_ejecta_clump,Rim,Rim,313,1.157565381305557,1.157565381305557,5.29618880006335,1.7313106519233346,0.009448766613444334,1.0,180,,unreal_rockfield.json,unreal_rockfield.json,nan,nan,nan
357,-147.17954821304866,-53.62256277437473,0.28581544580471957,Small,FreshEjecta,crater_ejecta_clump,ProximalEjecta,ProximalEjecta,313,1.2603083737062335,1.2603083737062335,5.766267030135972,0.6755651500193844,0.009448766613444334,1.0,180,,unreal_rockfield.json,unreal_rockfield.json,nan,nan,nan
358,-144.20672769742876,-48.746236541196225,0.30722563342475984,Medium,RegolithCovered,crater_ejecta_clump,CraterFloor,CraterFloor,313,0.1788098185079974,0.1788098185079974,0.8181054594560635,0.4809196255342596,0.009448766613444334,1.0,180,,unreal_rockfield.json,unreal_rockfield.json,nan,nan,nan
359,-148.50816926386605,-46.459634731858664,0.29617965823585013,Small,FreshEjecta,crater_ejecta_clump,ProximalEjecta,ProximalEjecta,313,1.2432392373995724,1.2432392373995724,5.68817090701925,0.681355480673327,0.009448766613444334,1.0,180,,unreal_rockfield.json,unreal_rockfield.json,nan,nan,nan
360,-148.23905525769752,-47.88195346157255,0.27344086282399777,Small,FreshEjecta,crater_ejecta_clump,Rim,Rim,313,1.0715723298992155,1.0715723298992155,4.9027462843344525,1.7313106519233346,0.009448766613444334,1.0,180,,unreal_rockfield.json,unreal_rockfield.json,nan,nan,nan
361,-150.75032926435355,-50.631637475588995,0.31151476866231803,Medium,FreshEjecta,crater_ejecta_clump,ProximalEjecta,ProximalEjecta,313,1.6142430534538692,1.6142430534538692,7.385618228008942,0.5659933109255724,0.009448766613444334,1.0,180,,unreal_rockfield.json,unreal_rockfield.json,nan,nan,nan
362,-147.55917488820955,-50.286612650652415,0.2846247655620706,Small,FreshEjecta,crater_ejecta_clump,Rim,Rim,313,0.9178051825727326,0.9178051825727326,4.199218123730933,1.7313106519233346,0.009448766613444334,1.0,180,,unreal_rockfield.json,unreal_rockfield.json,nan,nan,nan
363,-31.5845244287714,-162.05364352200513,0.26999695829264836,Small,FreshEjecta,crater_ejecta_clump,ProximalEjecta,ProximalEjecta,322,1.4469768341111788,1.4469768341111788,2.4094366547675423,0.22468146133961264,0.009536089130309466,1.0,181,,unreal_rockfield.json,unreal_rockfield.json,nan,nan,nan
364,-31.132165779549904,-160.37002390135183,0.26649687001209493,Small,FreshEjecta,crater_ejecta_clump,Rim,Rim,322,0.8982286894615871,0.8982286894615871,1.4956874759380365,0.6321345739898576,0.009536089130309466,1.0,181,,unreal_rockfield.json,unreal_rockfield.json,nan,nan,nan
365,152.35434924117754,-8.98510508762001,0.26947723513747507,Small,FreshEjecta,crater_ejecta_single,Rim,Rim,325,1.0626725278894251,1.0626725278894251,2.7296237362719347,0.9761305526831429,0.00637615888461243,1.0,-1,,unreal_rockfield.json,unreal_rockfield.json,nan,nan,nan
366,154.3261240500727,-5.382835738652188,0.2621810678373438,Small,FreshEjecta,crater_ejecta_clump,ProximalEjecta,ProximalEjecta,325,2.5167498680940597,2.5167498680940597,6.4646257411517905,0.2032204174430746,0.009564238326918644,1.0,182,,unreal_rockfield.json,unreal_rockfield.json,nan,nan,nan
367,152.4532158410934,-15.387557053025752,0.26088963856185055,Small,FreshEjecta,crater_ejecta_clump,ProximalEjecta,ProximalEjecta,325,2.321614007995052,2.321614007995052,5.963391860021935,0.22404773240515274,0.009564238326918644,1.0,182,,unreal_rockfield.json,unreal_rockfield.json,nan,nan,nan
368,147.32478014230233,-7.161546096956062,0.2690762604141549,Small,FreshEjecta,crater_ejecta_clump,ProximalEjecta,ProximalEjecta,325,1.483612760578607,1.483612760578607,3.8108678830292413,0.3406514262150587,0.009564238326918644,1.0,182,,unreal_rockfield.json,unreal_rockfield.json,nan,nan,nan
369,23.52783564498152,2.6202352135236686,0.29766266307565903,Small,FreshEjecta,crater_ejecta_single,Rim,Rim,328,0.9539728744378303,0.9539728744378303,3.483315400737472,1.3881631294127104,0.006383658007130596,1.0,-1,,unreal_rockfield.json,unreal_rockfield.json,nan,nan,nan
370,-7.228885837126985,-3.4796208991328577,0.2648123287095692,Small,MixedBreccia,crater_ejecta_single,DistalEjecta,DistalEjecta,328,7.634909530638675,7.634909530638675,27.877939366969027,0.23136052156878506,0.006383658007130596,1.0,-1,,unreal_rockfield.json,unreal_rockfield.json,nan,nan,nan
371,18.404792653213295,-4.566645941886144,0.27293880915298646,Small,FreshEjecta,crater_ejecta_clump,ProximalEjecta,ProximalEjecta,328,1.8890079605891261,1.8890079605891261,6.897481781243874,0.3955599935300117,0.009575487010695894,1.0,183,,unreal_rockfield.json,unreal_rockfield.json,nan,nan,nan
372,17.51017033797862,-2.457792386914596,0.2614341572692773,Small,FreshEjecta,crater_ejecta_clump,ProximalEjecta,ProximalEjecta,328,1.438784056211582,1.438784056211582,5.253544199871211,0.4954242262363059,0.009575487010695894,1.0,183,,unreal_rockfield.json,unreal_rockfield.json,nan,nan,nan
373,18.255501202981662,-5.979327679581021,0.2697673946730401,Small,FreshEjecta,crater_ejecta_clump,ProximalEjecta,ProximalEjecta,328,2.274892192034984,2.274892192034984,8.306490907514053,0.3261509628223875,0.009575487010695894,1.0,183,,unreal_rockfield.json,unreal_rockfield.json,nan,nan,nan
374,17.869914103862993,-6.059973892149512,0.2663566536092902,Small,FreshEjecta,crater_ejecta_clump,ProximalEjecta,ProximalEjecta,328,2.3217106668957825,2.3217106668957825,8.47744284848802,0.31860468836602845,0.009575487010695894,1.0,183,,unreal_rockfield.json,unreal_rockfield.json,nan,nan,nan
375,20.162316636067473,-3.4747774925677706,0.2881522536074183,Small,FreshEjecta,crater_ejecta_clump,ProximalEjecta,ProximalEjecta,328,1.5335840841174766,1.5335840841174766,5.5996949197116885,0.4724889707253208,0.009575487010695894,1.0,183,,unreal_rockfield.json,unreal_rockfield.json,nan,nan,nan
376,6.647745150998668,-16.202067146849668,0.2605017759176861,Small,MixedBreccia,crater_ejecta_clump,DistalEjecta,DistalEjecta,328,6.2228110361386015,6.2228110361386015,22.721834235417035,0.23136052156878506,0.009575487010695894,1.0,184,,unreal_rockfield.json,unreal_rockfield.json,nan,nan,nan
377,1.780892410794224,-18.332955703629853,0.2716518105377024,Small,MixedBreccia,crater_ejecta_clump,DistalEjecta,DistalEjecta,328,7.516985663120171,7.516985663120171,27.447354771905157,0.23136052156878506,0.009575487010695894,1.0,184,,unreal_rockfield.json,unreal_rockfield.json,nan,nan,nan
378,231.781344825724,-54.14407880073433,0.31615716137457595,Medium,FreshEjecta,crater_ejecta_clump,Rim,Rim,329,1.1397154830078366,1.1397154830078366,1.8444330497019077,0.6152996923852645,0.009577781051224955,1.0,185,,unreal_rockfield.json,unreal_rockfield.json,nan,nan,nan
379,-56.538692695055474,94.97695352785979,0.26501230354186794,Small,FreshEjecta,crater_ejecta_clump,ProximalEjecta,ProximalEjecta,330,1.8945992194815255,1.8945992194815255,2.9738978649420504,0.16959812509051175,0.009579940512038128,1.0,186,,unreal_rockfield.json,unreal_rockfield.json,nan,nan,nan
380,193.80996688270798,168.33837750802812,0.27074311785364863,Small,FreshEjecta,crater_ejecta_single,Rim,Rim,331,1.1336225496294738,1.1336225496294738,2.462125521608227,0.8259485094497054,0.006388999749008215,1.0,-1,,unreal_rockfield.json,unreal_rockfield.json,nan,nan,nan
381,193.76667631248242,154.782103285883,0.2638452001770115,Small,MixedBreccia,crater_ejecta_clump,DistalEjecta,DistalEjecta,331,7.183485370289802,7.183485370289802,15.601879717433969,0.13765808490828424,0.009583499623512322,1.0,187,,unreal_rockfield.json,unreal_rockfield.json,nan,nan,nan
382,193.98601145296203,156.62700161082753,0.27287400407410434,Small,MixedBreccia,crater_ejecta_clump,DistalEjecta,DistalEjecta,331,6.328278884675262,6.328278884675262,13.744448674654635,0.13765808490828424,0.009583499623512322,1.0,187,,unreal_rockfield.json,unreal_rockfield.json,nan,nan,nan
383,46.01424219053937,-132.12146180119828,0.2695870255386914,Small,FreshEjecta,crater_ejecta_clump,ProximalEjecta,ProximalEjecta,333,2.204311856521783,2.204311856521783,4.60017198863153,0.1932616478155979,0.009597892915593613,1.0,188,,unreal_rockfield.json,unreal_rockfield.json,nan,nan,nan
384,45.21696181583778,-134.25116868473597,0.26529139612204394,Small,MixedBreccia,crater_ejecta_clump,DistalEjecta,DistalEjecta,333,3.182435731679665,3.182435731679665,6.641415852833623,0.13233963813242722,0.009597892915593613,1.0,188,,unreal_rockfield.json,unreal_rockfield.json,nan,nan,nan
385,-94.00980070875909,-105.33339327673448,0.30563221315109,Medium,FreshEjecta,crater_ejecta_single,ProximalEjecta,ProximalEjecta,334,1.2179485686578946,1.2179485686578946,2.900955102468549,0.36123832826127034,0.006400736791250995,1.0,-1,,unreal_rockfield.json,unreal_rockfield.json,nan,nan,nan
386,-97.72890396076737,-106.54223424252385,0.26216309324187864,Small,FreshEjecta,crater_ejecta_clump,ProximalEjecta,ProximalEjecta,334,1.5879210464291607,1.5879210464291607,3.7821692807865723,0.300230853592208,0.009601105186876492,1.0,189,,unreal_rockfield.json,unreal_rockfield.json,nan,nan,nan
387,-101.61372707369412,-104.7976077196039,0.2705066300579091,Small,MixedBreccia,crater_ejecta_clump,DistalEjecta,DistalEjecta,334,3.3753101326440764,3.3753101326440764,8.039438941578123,0.1510608840095196,0.009601105186876492,1.0,189,,unreal_rockfield.json,unreal_rockfield.json,nan,nan,nan
388,-134.9882598441673,76.92829446994982,0.28725157897453596,Small,FreshEjecta,crater_ejecta_single,ProximalEjecta,ProximalEjecta,335,1.243252106951785,1.243252106951785,2.9314560479626204,0.3531498829907155,0.006402738549945008,1.0,-1,,unreal_rockfield.json,unreal_rockfield.json,nan,nan,nan
389,-135.44015844342474,83.42904623981397,0.2722467320841756,Small,FreshEjecta,crater_ejecta_clump,ProximalEjecta,ProximalEjecta,335,1.593389607178757,1.593389607178757,3.7570429799449396,0.2964337681046072,0.009604107824917512,1.0,190,,unreal_rockfield.json,unreal_rockfield.json,nan,nan,nan
390,-133.44727665626718,81.50480651289212,0.2978823371082101,Small,FreshEjecta,crater_ejecta_clump,ProximalEjecta,ProximalEjecta,335,1.3009338094503426,1.3009338094503426,3.067463358708921,0.3431102119782591,0.009604107824917512,1.0,190,,unreal_rockfield.json,unreal_rockfield.json,nan,nan,nan
391,92.12772170016156,-29.653966877369363,0.2712187332948263,Small,MixedBreccia,crater_ejecta_clump,DistalEjecta,DistalEjecta,340,4.760881147886869,4.760881147886869,9.945719438404566,0.1328133809298827,0.00966752411776041,1.0,191,,unreal_rockfield.json,unreal_rockfield.json,nan,nan,nan
392,86.61568904517411,-21.54538438341482,0.27243679931269515,Small,FreshEjecta,crater_ejecta_clump,ProximalEjecta,ProximalEjecta,340,1.6563729951640183,1.6563729951640183,3.460246240879826,0.2550826849768259,0.00966752411776041,1.0,191,,unreal_rockfield.json,unreal_rockfield.json,nan,nan,nan
393,188.75061926655536,29.703296799972314,0.26503731926510127,Small,FreshEjecta,crater_ejecta_clump,ProximalEjecta,ProximalEjecta,341,1.6104420800886021,1.6104420800886021,2.4500051446712066,0.1902155853857953,0.009687664465191141,1.0,192,,unreal_rockfield.json,unreal_rockfield.json,nan,nan,nan
394,-222.53596618270154,191.06313798710283,0.4019717427595763,Medium,FreshEjecta,crater_ejecta_single,Rim,Rim,342,1.0005823992618537,1.0005823992618537,3.1885302745559914,1.217262326948911,0.006470436217061538,1.0,-1,,unreal_rockfield.json,unreal_rockfield.json,nan,nan,nan
395,-230.88622217055666,201.95706324656524,0.26798717781646497,Small,MixedBreccia,crater_ejecta_clump,DistalEjecta,DistalEjecta,342,3.3210707195021505,3.3210707195021505,10.583170902152574,0.20287705449148516,0.009705654325592308,1.0,193,,unreal_rockfield.json,unreal_rockfield.json,nan,nan,nan
396,-230.2532806491062,198.45069121675806,0.26186441657794496,Small,FreshEjecta,crater_ejecta_clump,ProximalEjecta,ProximalEjecta,342,2.4155171107488185,2.4155171107488185,7.697466437559249,0.26657905740901516,0.009705654325592308,1.0,193,,unreal_rockfield.json,unreal_rockfield.json,nan,nan,nan
397,-228.293768271895,198.53473552871822,0.26520472957974567,Small,FreshEjecta,crater_ejecta_clump,ProximalEjecta,ProximalEjecta,342,1.9766430360389016,1.9766430360389016,6.298917677394517,0.33199100914433255,0.009705654325592308,1.0,193,,unreal_rockfield.json,unreal_rockfield.json,nan,nan,nan
398,-235.32230773220525,199.9096699356143,0.2667216667840073,Small,MixedBreccia,crater_ejecta_clump,DistalEjecta,DistalEjecta,342,4.007374899791819,4.007374899791819,12.77019883510671,0.20287705449148516,0.009705654325592308,1.0,193,,unreal_rockfield.json,unreal_rockfield.json,nan,nan,nan
399,-229.8233914553772,194.64747854391004,0.2657943942016056,Small,FreshEjecta,crater_ejecta_clump,ProximalEjecta,ProximalEjecta,342,1.8195519354987917,1.8195519354987917,5.798319495470695,0.3591188664235671,0.009705654325592308,1.0,193,,unreal_rockfield.json,unreal_rockfield.json,nan,nan,nan
400,15.592527979186087,126.45954812199352,0.33658879267351205,Medium,FreshEjecta,crater_ejecta_clump,Rim,Rim,347,1.0161004780600134,1.0161004780600134,1.696060793736415,0.6381640848699942,0.009729835261323084,1.0,194,,unreal_rockfield.json,unreal_rockfield.json,nan,nan,nan
401,18.245106129962533,118.96854684731449,0.26136217627777875,Small,MixedBreccia,crater_ejecta_clump,DistalEjecta,DistalEjecta,347,4.647192822002816,4.647192822002816,7.7570296604729485,0.10636068081166569,0.009729835261323084,1.0,194,,unreal_rockfield.json,unreal_rockfield.json,nan,nan,nan
402,107.52784083438002,-14.318250574282509,0.26153741180811024,Small,MixedBreccia,crater_ejecta_clump,DistalEjecta,DistalEjecta,348,6.141634699978873,6.141634699978873,9.609121749667848,0.09971574751975273,0.009735404718370649,1.0,195,,unreal_rockfield.json,unreal_rockfield.json,nan,nan,nan
403,-46.3494992405236,91.09211516821783,0.2694650637211522,Small,FreshEjecta,crater_ejecta_clump,ProximalEjecta,ProximalEjecta,349,2.74722969448198,2.74722969448198,4.814044717852046,0.1243609743835994,0.009744448297050068,1.0,196,,unreal_rockfield.json,unreal_rockfield.json,nan,nan,nan
404,-43.79357552976965,97.2101815227741,0.27380535246649634,Small,FreshEjecta,crater_ejecta_clump,Rim,Rim,349,1.0490701678693442,1.0490701678693442,1.8383139605805185,0.670305436448776,0.009744448297050068,1.0,196,,unreal_rockfield.json,unreal_rockfield.json,nan,nan,nan
405,172.54034135472858,-15.140014055568539,0.2698772763663431,Small,FreshEjecta,crater_ejecta_clump,ProximalEjecta,ProximalEjecta,350,2.532503901038294,2.532503901038294,4.53899182560525,0.14165556040199723,0.009752604497349833,1.0,197,,unreal_rockfield.json,unreal_rockfield.json,nan,nan,nan
406,174.02910132640335,-17.295760787015563,0.26812775312683285,Small,FreshEjecta,crater_ejecta_clump,ProximalEjecta,ProximalEjecta,350,2.1393912951974055,2.1393912951974055,3.8344184175553684,0.17242369364828342,0.009752604497349833,1.0,197,,unreal_rockfield.json,unreal_rockfield.json,nan,nan,nan
407,95.01143312060162,-106.27076014442649,0.30735970708893345,Medium,FreshEjecta,crater_ejecta_single,Rim,Rim,351,1.0861787608883848,1.0861787608883848,5.702327409152574,2.0092805571145753,0.006506142175182246,1.0,-1,,unreal_rockfield.json,unreal_rockfield.json,nan,nan,nan
408,86.76435508328595,-117.8159070718457,0.26910139524995563,Small,FreshEjecta,crater_ejecta_single,ProximalEjecta,ProximalEjecta,351,1.8188237993876815,1.8188237993876815,9.5486389323103,0.5929973257471477,0.006506142175182246,1.0,-1,,unreal_rockfield.json,unreal_rockfield.json,nan,nan,nan
409,89.99944814795667,-110.55765770265177,0.33479585721723765,Medium,FreshEjecta,crater_ejecta_single,Rim,Rim,351,0.8560093015640107,0.8560093015640107,4.49396128755605,2.0092805571145753,0.006506142175182246,1.0,-1,,unreal_rockfield.json,unreal_rockfield.json,nan,nan,nan
410,92.2309511441903,-117.90717312877209,0.4748453173027804,Medium,FreshEjecta,crater_ejecta_single,ProximalEjecta,ProximalEjecta,351,1.2042986922563934,1.2042986922563934,6.322444968490692,0.8062972272688461,0.006506142175182246,1.0,-1,,unreal_rockfield.json,unreal_rockfield.json,nan,nan,nan
411,99.52384711815749,-101.67441499391867,0.27231197347476427,Small,FreshEjecta,crater_ejecta_single,ProximalEjecta,ProximalEjecta,351,2.193352326953896,2.193352326953896,11.51487539830749,0.4917279544732492,0.006506142175182246,1.0,-1,,unreal_rockfield.json,unreal_rockfield.json,nan,nan,nan
412,86.49479693522197,-116.2463090184369,0.2906808275814909,Small,FreshEjecta,crater_ejecta_clump,ProximalEjecta,ProximalEjecta,351,1.6959666673718938,1.6959666673718938,8.903651554053608,0.630566395075781,0.009759213262773368,1.0,198,,unreal_rockfield.json,unreal_rockfield.json,nan,nan,nan
413,85.48244706032575,-115.01921150142023,0.29398386627655276,Small,FreshEjecta,crater_ejecta_clump,ProximalEjecta,ProximalEjecta,351,1.7763256555787035,1.7763256555787035,9.325528023676961,0.6057327978493353,0.009759213262773368,1.0,198,,unreal_rockfield.json,unreal_rockfield.json,nan,nan,nan
414,89.44593969198598,-113.90658445105962,0.27190210715234214,Small,FreshEjecta,crater_ejecta_clump,Rim,Rim,351,0.9950852878490491,0.9950852878490491,5.224095991994081,2.0092805571145753,0.009759213262773368,1.0,198,,unreal_rockfield.json,unreal_rockfield.json,nan,nan,nan
415,87.7167722364924,-111.89325798299387,0.293753875234119,Small,FreshEjecta,crater_ejecta_clump,ProximalEjecta,ProximalEjecta,351,1.2501838661854034,1.2501838661854034,6.563337438856369,0.788009271685829,0.009759213262773368,1.0,198,,unreal_rockfield.json,unreal_rockfield.json,nan,nan,nan
416,85.4011022465829,-111.35120744263423,0.31708496291207566,Medium,FreshEjecta,crater_ejecta_clump,ProximalEjecta,ProximalEjecta,351,1.6947969376566934,1.6947969376566934,8.897510592679229,0.6309352990696196,0.009759213262773368,1.0,198,,unreal_rockfield.json,unreal_rockfield.json,nan,nan,nan
417,84.4953912424294,-115.27844367038053,0.2644745999844934,Small,FreshEjecta,crater_ejecta_clump,ProximalEjecta,ProximalEjecta,351,1.9701376533860464,1.9701376533860464,10.343021190653918,0.549788117056883,0.009759213262773368,1.0,198,,unreal_rockfield.json,unreal_rockfield.json,nan,nan,nan
418,88.06937992521343,-116.31900064177215,0.27887814790733545,Small,FreshEjecta,crater_ejecta_clump,ProximalEjecta,ProximalEjecta,351,1.4490341314824784,1.4490341314824784,7.607280994881481,0.7134302846968706,0.009759213262773368,1.0,198,,unreal_rockfield.json,unreal_rockfield.json,nan,nan,nan
419,86.54570147330672,-111.85093006334539,0.2657875364692917,Small,FreshEjecta,crater_ejecta_clump,ProximalEjecta,ProximalEjecta,351,1.4733031342484217,1.4733031342484217,7.73469077736687,0.7048254770309459,0.009759213262773368,1.0,198,,unreal_rockfield.json,unreal_rockfield.json,nan,nan,nan
420,87.27967676179237,-119.66972599536551,0.2625281561765601,Small,FreshEjecta,crater_ejecta_clump,ProximalEjecta,ProximalEjecta,351,1.988398700432005,1.988398700432005,10.438889820054133,0.5447911110769394,0.009759213262773368,1.0,198,,unreal_rockfield.json,unreal_rockfield.json,nan,nan,nan
421,85.76570251341872,-115.0263380037702,0.2643425452934542,Small,FreshEjecta,crater_ejecta_clump,ProximalEjecta,ProximalEjecta,351,1.725982513751818,1.725982513751818,9.061231677772069,0.6211735628059785,0.009759213262773368,1.0,198,,unreal_rockfield.json,unreal_rockfield.json,nan,nan,nan
422,91.3532792809623,-106.3702881075024,0.3248682565303224,Medium,FreshEjecta,crater_ejecta_clump,Rim,Rim,351,1.1961112935497953,1.1961112935497953,6.27946196262147,2.0092805571145753,0.009759213262773368,1.0,199,,unreal_rockfield.json,unreal_rockfield.json,nan,nan,nan
423,90.7601855245973,-107.73720123272344,0.2882581115828872,Small,FreshEjecta,crater_ejecta_clump,Rim,Rim,351,1.0421742400063905,1.0421742400063905,5.471308174945865,2.0092805571145753,0.009759213262773368,1.0,199,,unreal_rockfield.json,unreal_rockfield.json,nan,nan,nan
424,93.27098526502884,-106.89137287362264,0.364311971179538,Medium,FreshEjecta,crater_ejecta_clump,Rim,Rim,351,0.9780637724053718,0.9780637724053718,5.134734776736651,2.0092805571145753,0.009759213262773368,1.0,199,,unreal_rockfield.json,unreal_rockfield.json,nan,nan,nan
425,87.48367103260215,-109.6253256445436,0.27412766941316896,Small,FreshEjecta,crater_ejecta_clump,ProximalEjecta,ProximalEjecta,351,1.3667315737271577,1.3667315737271577,7.175200983900899,0.743401296679107,0.009759213262773368,1.0,199,,unreal_rockfield.json,unreal_rockfield.json,nan,nan,nan
426,97.37889310455809,-104.47377786779381,0.34168122365606074,Medium,FreshEjecta,crater_ejecta_clump,ProximalEjecta,ProximalEjecta,351,1.5373318477768185,1.5373318477768185,8.07083497505596,0.6826183134610677,0.009759213262773368,1.0,199,,unreal_rockfield.json,unreal_rockfield.json,nan,nan,nan
427,88.42570170059628,-105.42288068822774,0.27533928324654666,Small,FreshEjecta,crater_ejecta_clump,ProximalEjecta,ProximalEjecta,351,1.6667102563419764,1.6667102563419764,8.750058388253827,0.639858245752435,0.009759213262773368,1.0,199,,unreal_rockfield.json,unreal_rockfield.json,nan,nan,nan
428,-167.10276693880127,-227.95540413011963,0.26327029218166265,Small,MixedBreccia,crater_ejecta_single,DistalEjecta,DistalEjecta,352,3.1199304425248844,3.1199304425248844,16.113006490507534,0.329466330511333,0.00650787662257742,1.0,-1,,unreal_rockfield.json,unreal_rockfield.json,nan,nan,nan
429,-174.44346245357693,-210.84064421022222,0.2609296750833971,Small,FreshEjecta,crater_ejecta_single,ProximalEjecta,ProximalEjecta,352,1.9059055454288032,1.9059055454288032,9.843125989352442,0.5585536336168376,0.00650787662257742,1.0,-1,,unreal_rockfield.json,unreal_rockfield.json,nan,nan,nan
430,-169.49134926828768,-221.87791351868725,0.26298779237466413,Small,FreshEjecta,crater_ejecta_single,ProximalEjecta,ProximalEjecta,352,2.1828996858843457,2.1828996858843457,11.273673389435112,0.48631354743885324,0.00650787662257742,1.0,-1,,unreal_rockfield.json,unreal_rockfield.json,nan,nan,nan
431,-166.6910966180604,-222.1044031269587,0.27237777075897746,Small,FreshEjecta,crater_ejecta_single,ProximalEjecta,ProximalEjecta,352,2.7180482889604867,2.7180482889604867,14.037469914262015,0.37214340365129017,0.00650787662257742,1.0,-1,,unreal_rockfield.json,unreal_rockfield.json,nan,nan,nan
432,-176.59069509501018,-213.01404027923556,0.2916397348566515,Small,FreshEjecta,crater_ejecta_single,ProximalEjecta,ProximalEjecta,352,1.3226636235930584,1.3226636235930584,6.83094958183292,0.7476774036164785,0.00650787662257742,1.0,-1,,unreal_rockfield.json,unreal_rockfield.json,nan,nan,nan
433,-181.93253724994366,-224.38223956724224,0.2787438382431861,Small,FreshEjecta,crater_ejecta_clump,Rim,Rim,352,1.136690980565257,1.136690980565257,5.870486372999732,1.976797983067998,0.00976181493386613,1.0,200,,unreal_rockfield.json,unreal_rockfield.json,nan,nan,nan
434,-180.3320463983143,-219.2125322560053,0.2919376649721862,Small,RegolithCovered,crater_ejecta_clump,CraterFloor,CraterFloor,352,0.09194118932203879,0.09194118932203879,0.4748339770972881,0.5491105508522217,0.00976181493386613,1.0,200,,unreal_rockfield.json,unreal_rockfield.json,nan,nan,nan
435,-180.73408481655338,-221.74141367781266,0.3419916115416596,Medium,RegolithCovered,crater_ejecta_clump,CraterFloor,CraterFloor,352,0.5870983891020513,0.5870983891020513,3.032093288115803,0.5491105508522217,0.00976181493386613,1.0,200,,unreal_rockfield.json,unreal_rockfield.json,nan,nan,nan
436,-178.0184182196433,-216.02424913118628,0.2958740030547696,Small,RegolithCovered,crater_ejecta_clump,CraterFloor,CraterFloor,352,0.6888377072042379,0.6888377072042379,3.557530096121585,0.5491105508522217,0.00976181493386613,1.0,200,,unreal_rockfield.json,unreal_rockfield.json,nan,nan,nan
437,-177.63205589986276,-221.4001801733644,0.2609972329697488,Small,RegolithCovered,crater_ejecta_clump,CraterFloor,CraterFloor,352,0.7323899493980162,0.7323899493980162,3.7824574059037195,0.5491105508522217,0.00976181493386613,1.0,200,,unreal_rockfield.json,unreal_rockfield.json,nan,nan,nan
438,-179.66303263803897,-227.2012514462468,0.2806696445223228,Small,FreshEjecta,crater_ejecta_clump,ProximalEjecta,ProximalEjecta,352,1.6436596501166145,1.6436596501166145,8.488746495604962,0.6368114361185178,0.00976181493386613,1.0,200,,unreal_rockfield.json,unreal_rockfield.json,nan,nan,nan
439,-180.9442111839659,-224.88445800709934,0.29493825794137607,Small,FreshEjecta,crater_ejecta_clump,Rim,Rim,352,1.1962929467987138,1.1962929467987138,6.178303129321228,1.976797983067998,0.00976181493386613,1.0,200,,unreal_rockfield.json,unreal_rockfield.json,nan,nan,nan
440,-179.8114989919644,-222.9891874280647,0.28391042798292104,Small,RegolithCovered,crater_ejecta_clump,CraterFloor,CraterFloor,352,0.8290147304851514,0.8290147304851514,4.281479981400917,0.5491105508522217,0.00976181493386613,1.0,200,,unreal_rockfield.json,unreal_rockfield.json,nan,nan,nan
441,-177.58356602904175,-223.67175294884987,0.4005618118640816,Medium,FreshEjecta,crater_ejecta_clump,Rim,Rim,352,1.0923294792809886,1.0923294792809886,5.641379612035021,1.976797983067998,0.00976181493386613,1.0,200,,unreal_rockfield.json,unreal_rockfield.json,nan,nan,nan
442,-180.6043314901145,-221.55069772865446,0.2875254227181898,Small,RegolithCovered,crater_ejecta_clump,CraterFloor,CraterFloor,352,0.5474373584710627,0.5474373584710627,2.8272622972491726,0.5491105508522217,0.00976181493386613,1.0,200,,unreal_rockfield.json,unreal_rockfield.json,nan,nan,nan
443,-181.12755306547882,-220.61528914399503,0.29595752706120015,Small,RegolithCovered,crater_ejecta_clump,CraterFloor,CraterFloor,352,0.39580630773613007,0.39580630773613007,2.044157625634379,0.5491105508522217,0.00976181493386613,1.0,201,,unreal_rockfield.json,unreal_rockfield.json,nan,nan,nan
444,-182.0859370293656,-219.9274203464229,0.2655364037104733,Small,RegolithCovered,crater_ejecta_clump,CraterFloor,CraterFloor,352,0.4124513324589675,0.4124513324589675,2.1301215265400315,0.5491105508522217,0.00976181493386613,1.0,201,,unreal_rockfield.json,unreal_rockfield.json,nan,nan,nan
445,-181.33634517891895,-222.99979109352427,0.2746530043116751,Small,RegolithCovered,crater_ejecta_clump,CraterFloor,CraterFloor,352,0.8484152662549835,0.8484152662549835,4.381674830144291,0.5491105508522217,0.00976181493386613,1.0,201,,unreal_rockfield.json,unreal_rockfield.json,nan,nan,nan
446,-179.20079022145714,-225.0457908393899,0.34696188033928266,Medium,FreshEjecta,crater_ejecta_clump,ProximalEjecta,ProximalEjecta,352,1.2404279185595595,1.2404279185595595,6.4062399694340355,0.7790610861262458,0.00976181493386613,1.0,201,,unreal_rockfield.json,unreal_rockfield.json,nan,nan,nan
447,-182.29799105165338,-220.6673415917174,0.499002918059778,Medium,RegolithCovered,crater_ejecta_clump,CraterFloor,CraterFloor,352,0.5351851206533416,0.5351851206533416,2.7639851213258484,0.5491105508522217,0.00976181493386613,1.0,201,,unreal_rockfield.json,unreal_rockfield.json,nan,nan,nan
448,-6.372067053779186,-101.78642780414151,0.2712298635392465,Small,MixedBreccia,crater_ejecta_clump,DistalEjecta,DistalEjecta,354,3.6771699488159175,3.6771699488159175,5.747870388294785,0.09976637399263247,0.009775286177333604,1.0,202,,unreal_rockfield.json,unreal_rockfield.json,nan,nan,nan
449,207.73015454094448,-50.470650429652984,0.2948891250044218,Small,FreshEjecta,crater_ejecta_single,Rim,Rim,355,0.9261898318612862,0.9261898318612862,2.588321662384254,1.0703486299130351,0.006519611916130611,1.0,-1,,unreal_rockfield.json,unreal_rockfield.json,nan,nan,nan
450,213.16107029604433,-47.85230533386178,0.29105857301053234,Small,FreshEjecta,crater_ejecta_clump,ProximalEjecta,ProximalEjecta,355,1.4415287439343962,1.4415287439343962,4.02848308901944,0.3814749201857802,0.009779417874195917,1.0,203,,unreal_rockfield.json,unreal_rockfield.json,nan,nan,nan
451,214.6022118733358,-52.29736723999573,0.262967267996055,Small,FreshEjecta,crater_ejecta_clump,ProximalEjecta,ProximalEjecta,355,1.639676657858297,1.639676657858297,4.582225443256701,0.3454925747260505,0.009779417874195917,1.0,203,,unreal_rockfield.json,unreal_rockfield.json,nan,nan,nan
452,214.0380329682827,-47.91467113311324,0.2668806209332695,Small,FreshEjecta,crater_ejecta_clump,ProximalEjecta,ProximalEjecta,355,1.6649823966980453,1.6649823966980453,4.652944630369704,0.3411486418535853,0.009779417874195917,1.0,203,,unreal_rockfield.json,unreal_rockfield.json,nan,nan,nan
453,210.26893693248806,-46.721925660932015,0.3018642312605631,Medium,FreshEjecta,crater_ejecta_clump,ProximalEjecta,ProximalEjecta,355,1.4224632997431412,1.4224632997431412,3.975202972454099,0.38512880263953114,0.009779417874195917,1.0,203,,unreal_rockfield.json,unreal_rockfield.json,nan,nan,nan
454,-28.012793756626596,-28.116934081626,0.2604400126165564,Small,RegolithCovered,crater_ejecta_clump,CraterFloor,CraterFloor,356,0.8059088865716048,0.8059088865716048,1.2541483490626375,0.1657822834043911,0.009815828352669947,1.0,204,,unreal_rockfield.json,unreal_rockfield.json,nan,nan,nan
455,143.81317494431664,61.61960247226372,0.27015343694518246,Small,MixedBreccia,crater_ejecta_clump,DistalEjecta,DistalEjecta,360,3.7881377940073158,3.7881377940073158,5.71829513552604,0.0966064788396245,0.009850309292682878,1.0,205,,unreal_rockfield.json,unreal_rockfield.json,nan,nan,nan
456,-247.41508281270922,-11.733177649073443,0.26698893858078065,Small,FreshEjecta,crater_ejecta_clump,ProximalEjecta,ProximalEjecta,361,1.7299904336800571,1.7299904336800571,3.527287959191507,0.2415668939688927,0.009851681335715092,1.0,206,,unreal_rockfield.json,unreal_rockfield.json,nan,nan,nan
457,-242.49159955167897,-10.385280522221503,0.26310637140064924,Small,FreshEjecta,crater_ejecta_clump,ProximalEjecta,ProximalEjecta,361,1.594421792486345,1.594421792486345,3.2508762366657797,0.2585090618880544,0.009851681335715092,1.0,206,,unreal_rockfield.json,unreal_rockfield.json,nan,nan,nan
458,-134.1013186029156,58.06457432486954,0.2712374337494108,Small,FreshEjecta,crater_ejecta_clump,ProximalEjecta,ProximalEjecta,362,2.246469527560052,2.246469527560052,3.4775911177924446,0.14167637160388746,0.009853682947592408,1.0,207,,unreal_rockfield.json,unreal_rockfield.json,nan,nan,nan
459,-162.881340180675,-138.54907097877083,0.27244458428207124,Small,FreshEjecta,crater_ejecta_clump,ProximalEjecta,ProximalEjecta,366,2.747872707428314,2.747872707428314,4.149598591249358,0.10776750258580403,0.00990741390025614,1.0,208,,unreal_rockfield.json,unreal_rockfield.json,nan,nan,nan
460,-33.63733256736387,116.08418259787973,0.26589328196277634,Small,MixedBreccia,crater_ejecta_clump,DistalEjecta,DistalEjecta,369,3.719542666187556,3.719542666187556,5.891125429196964,0.10175812321470434,0.009959268096000572,1.0,209,,unreal_rockfield.json,unreal_rockfield.json,nan,nan,nan
461,-68.08110046374603,191.73471936594186,0.26310710668609244,Small,MixedBreccia,crater_ejecta_clump,DistalEjecta,DistalEjecta,370,4.738897206842592,4.738897206842592,9.497227587985067,0.1288117159995123,0.009970593906932142,1.0,210,,unreal_rockfield.json,unreal_rockfield.json,nan,nan,nan
462,-70.42441476086827,191.21710730838683,0.26293686648683207,Small,MixedBreccia,crater_ejecta_clump,DistalEjecta,DistalEjecta,370,5.557953275049124,5.557953275049124,11.138698493039886,0.1288117159995123,0.009970593906932142,1.0,210,,unreal_rockfield.json,unreal_rockfield.json,nan,nan,nan
463,136.70469333501768,-195.0115314611709,0.26596405820713764,Small,FreshEjecta,crater_ejecta_clump,ProximalEjecta,ProximalEjecta,371,2.8280765402259354,2.8280765402259354,4.391546190455135,0.10670165346170526,0.009970728841740049,1.0,211,,unreal_rockfield.json,unreal_rockfield.json,nan,nan,nan
464,-106.60384808386864,82.3575824351742,0.2680759684362477,Small,RegolithCovered,crater_ejecta_clump,CraterFloor,CraterFloor,373,0.4815546406332613,0.4815546406332613,0.7265996136103751,0.16166951022557347,0.009976664024161992,1.0,212,,unreal_rockfield.json,unreal_rockfield.json,nan,nan,nan
465,-242.17599182412613,35.902401768465936,0.26950375508099367,Small,RegolithCovered,crater_ejecta_single,CraterFloor,CraterFloor,375,0.8364077424680703,0.8364077424680703,4.186774425074882,0.5365312580314886,0.006657786778835115,1.0,-1,,unreal_rockfield.json,unreal_rockfield.json,nan,nan,nan
466,-207.1376020275647,17.708009855140016,0.27036805866986047,Small,MixedBreccia,crater_ejecta_single,DistalEjecta,DistalEjecta,375,7.759556838031331,7.759556838031331,38.84171854210772,0.3219187548188932,0.006657786778835115,1.0,-1,,unreal_rockfield.json,unreal_rockfield.json,nan,nan,nan
467,-232.65187552527397,40.49792560975915,0.283024711303381,Small,FreshEjecta,crater_ejecta_single,ProximalEjecta,ProximalEjecta,375,1.3999542790319301,1.3999542790319301,7.007697889583774,0.702855492933916,0.006657786778835115,1.0,-1,,unreal_rockfield.json,unreal_rockfield.json,nan,nan,nan
468,-241.61656352710364,35.125620338424895,0.2721444362587704,Small,FreshEjecta,crater_ejecta_single,Rim,Rim,375,0.9049649117446568,0.9049649117446568,4.529948439863133,1.931512528913359,0.006657786778835115,1.0,-1,,unreal_rockfield.json,unreal_rockfield.json,nan,nan,nan
469,-234.0088609414665,40.16187967373104,0.34657554294101384,Medium,FreshEjecta,crater_ejecta_single,Rim,Rim,375,1.121085736783708,1.121085736783708,5.611776233959768,1.931512528913359,0.006657786778835115,1.0,-1,,unreal_rockfield.json,unreal_rockfield.json,nan,nan,nan
470,-231.12585458866852,30.04400643122084,0.2629830268872694,Small,FreshEjecta,crater_ejecta_clump,ProximalEjecta,ProximalEjecta,375,2.4744951580155234,2.4744951580155234,12.386486299110894,0.410707332096328,0.009986680168252673,1.0,213,,unreal_rockfield.json,unreal_rockfield.json,nan,nan,nan
471,-234.3208875170708,23.221187741906512,0.2703807169733721,Small,MixedBreccia,crater_ejecta_clump,DistalEjecta,DistalEjecta,375,3.3469563351453155,3.3469563351453155,16.753732030838666,0.3219187548188932,0.009986680168252673,1.0,213,,unreal_rockfield.json,unreal_rockfield.json,nan,nan,nan
472,-226.62943214099434,27.462736348971927,0.2691686739664637,Small,MixedBreccia,crater_ejecta_clump,DistalEjecta,DistalEjecta,375,3.4765722443075617,3.4765722443075617,17.40254545760347,0.3219187548188932,0.009986680168252673,1.0,213,,unreal_rockfield.json,unreal_rockfield.json,nan,nan,nan
473,-233.051323041312,27.499877393172813,0.2705622717686878,Small,FreshEjecta,crater_ejecta_clump,ProximalEjecta,ProximalEjecta,375,2.6620127458616922,2.6620127458616922,13.325135956668365,0.37394999286652314,0.009986680168252673,1.0,213,,unreal_rockfield.json,unreal_rockfield.json,nan,nan,nan
474,-229.8970693802557,26.523975340000913,0.26791129504134115,Small,MixedBreccia,crater_ejecta_clump,DistalEjecta,DistalEjecta,375,3.1716075732984232,3.1716075732984232,15.87599540276442,0.3219187548188932,0.009986680168252673,1.0,213,,unreal_rockfield.json,unreal_rockfield.json,nan,nan,nan
475,-228.05202410196358,25.67149814076897,0.26377304332351237,Small,MixedBreccia,crater_ejecta_clump,DistalEjecta,DistalEjecta,375,3.53568570659573,3.53568570659573,17.698447467495708,0.3219187548188932,0.009986680168252673,1.0,213,,unreal_rockfield.json,unreal_rockfield.json,nan,nan,nan
476,-232.35458966168642,24.678188525608753,0.2724001829673965,Small,MixedBreccia,crater_ejecta_clump,DistalEjecta,DistalEjecta,375,3.225901686376897,3.225901686376897,16.14777337961374,0.3219187548188932,0.009986680168252673,1.0,213,,unreal_rockfield.json,unreal_rockfield.json,nan,nan,nan
477,-231.77345952460723,25.669393618199756,0.2624603090984378,Small,MixedBreccia,crater_ejecta_clump,DistalEjecta,DistalEjecta,375,3.106005258036956,3.106005258036956,15.547612388336628,0.3219187548188932,0.009986680168252673,1.0,213,,unreal_rockfield.json,unreal_rockfield.json,nan,nan,nan
478,-230.7014155872759,27.488337280909306,0.2713788402406587,Small,FreshEjecta,crater_ejecta_clump,ProximalEjecta,ProximalEjecta,375,2.9209931344974143,2.9209931344974143,14.62150423816761,0.3285312245282153,0.009986680168252673,1.0,213,,unreal_rockfield.json,unreal_rockfield.json,nan,nan,nan
479,-227.204634591474,27.4123582483928,0.26983760026079856,Small,MixedBreccia,crater_ejecta_clump,DistalEjecta,DistalEjecta,375,3.39921257703346,3.39921257703346,17.015309113377644,0.3219187548188932,0.009986680168252673,1.0,213,,unreal_rockfield.json,unreal_rockfield.json,nan,nan,nan
480,-234.99794065575526,28.0554174251124,0.261990573162811,Small,FreshEjecta,crater_ejecta_clump,ProximalEjecta,ProximalEjecta,375,2.3931520266461823,2.3931520266461823,11.979310080168055,0.4277557859554956,0.009986680168252673,1.0,213,,unreal_rockfield.json,unreal_rockfield.json,nan,nan,nan
481,-229.38731385272825,27.71294085256323,0.27206748404921344,Small,MixedBreccia,crater_ejecta_clump,DistalEjecta,DistalEjecta,375,3.0528598065037915,3.0528598065037915,15.281584222897205,0.3219187548188932,0.009986680168252673,1.0,213,,unreal_rockfield.json,unreal_rockfield.json,nan,nan,nan
482,-231.59079842787875,24.857974881326395,0.26663201686863003,Small,MixedBreccia,crater_ejecta_clump,DistalEjecta,DistalEjecta,375,3.2650759276382066,3.2650759276382066,16.34386638916742,0.3219187548188932,0.009986680168252673,1.0,213,,unreal_rockfield.json,unreal_rockfield.json,nan,nan,nan
483,-231.204780706351,29.141883836862803,0.26911099802201666,Small,FreshEjecta,crater_ejecta_clump,ProximalEjecta,ProximalEjecta,375,2.599667997358801,2.599667997358801,13.013059220267765,0.38579049143631894,0.009986680168252673,1.0,213,,unreal_rockfield.json,unreal_rockfield.json,nan,nan,nan
484,245.61403697908378,-170.1949178440156,0.26609175521156514,Small,FreshEjecta,crater_ejecta_single,ProximalEjecta,ProximalEjecta,376,2.706060690153236,2.706060690153236,6.630440297069059,0.17911207083138914,0.006663516506701528,1.0,-1,,unreal_rockfield.json,unreal_rockfield.json,nan,nan,nan
485,245.639021764237,-161.6848091648539,0.2641192547501642,Small,FreshEjecta,crater_ejecta_clump,ProximalEjecta,ProximalEjecta,376,1.6211734999970642,1.6211734999970642,3.972229500260148,0.3081095184131889,0.009995274760052292,1.0,214,,unreal_rockfield.json,unreal_rockfield.json,nan,nan,nan
486,247.92222367897122,-162.33552575308198,0.28390535854405285,Small,FreshEjecta,crater_ejecta_clump,Rim,Rim,376,0.8501558616442254,0.8501558616442254,2.083067724366573,0.9457443271584314,0.009995274760052292,1.0,214,,unreal_rockfield.json,unreal_rockfield.json,nan,nan,nan
487,243.2138927430681,-160.83657204663692,0.262820592965399,Small,FreshEjecta,crater_ejecta_clump,ProximalEjecta,ProximalEjecta,376,2.6239724143889824,2.6239724143889824,6.42930607508921,0.18661652480069232,0.009995274760052292,1.0,214,,unreal_rockfield.json,unreal_rockfield.json,nan,nan,nan
488,-68.4817982214829,-108.0287638445454,0.2626791621893591,Small,MixedBreccia,crater_ejecta_clump,DistalEjecta,DistalEjecta,377,4.334711350620461,4.334711350620461,8.504528401692617,0.1262146589412566,0.009995409770210354,1.0,215,,unreal_rockfield.json,unreal_rockfield.json,nan,nan,nan
489,-76.7469138152123,-105.58081697981304,0.2675804824514245,Small,RegolithCovered,crater_ejecta_clump,CraterFloor,CraterFloor,377,0.7402597661796163,0.7402597661796163,1.452359729836163,0.21035776490209435,0.009995409770210354,1.0,215,,unreal_rockfield.json,unreal_rockfield.json,nan,nan,nan
490,228.0503414030114,-86.16128484006708,0.26818286948278053,Small,MixedBreccia,crater_ejecta_clump,DistalEjecta,DistalEjecta,379,3.3643364486794574,3.3643364486794574,6.10195649426649,0.11676301723544263,0.010015858507336165,1.0,216,,unreal_rockfield.json,unreal_rockfield.json,nan,nan,nan
491,231.44693838521806,-84.37276721114952,0.2622732195840943,Small,FreshEjecta,crater_ejecta_clump,ProximalEjecta,ProximalEjecta,379,1.2674959311999234,1.2674959311999234,2.298879778173641,0.2723880419388305,0.010015858507336165,1.0,216,,unreal_rockfield.json,unreal_rockfield.json,nan,nan,nan
492,-69.87581471217457,211.93460276039633,0.27061579083534404,Small,MixedBreccia,crater_ejecta_clump,DistalEjecta,DistalEjecta,384,3.683388164404923,3.683388164404923,7.536692224398518,0.13197788861736048,0.01006987410470738,1.0,217,,unreal_rockfield.json,unreal_rockfield.json,nan,nan,nan
493,-74.44922850722489,214.81940516923945,0.2683215974033594,Small,MixedBreccia,crater_ejecta_clump,DistalEjecta,DistalEjecta,384,4.919993213863667,4.919993213863667,10.066947316971243,0.13197788861736048,0.01006987410470738,1.0,217,,unreal_rockfield.json,unreal_rockfield.json,nan,nan,nan
494,229.52566990812363,-220.72430027073875,0.2846818959472638,Small,FreshEjecta,crater_ejecta_single,Rim,Rim,386,0.9826988703404286,0.9826988703404286,2.891354622364116,1.1391167811790974,0.00672054382898409,1.0,-1,,unreal_rockfield.json,unreal_rockfield.json,nan,nan,nan
495,237.62728845159495,-223.7320393984731,0.26844867602762745,Small,MixedBreccia,crater_ejecta_clump,DistalEjecta,DistalEjecta,386,3.8631431377754595,3.8631431377754595,11.36636777082263,0.1898527968631829,0.010080815743476135,1.0,218,,unreal_rockfield.json,unreal_rockfield.json,nan,nan,nan
496,236.97615022990456,-218.95081858724254,0.2695317786943633,Small,MixedBreccia,crater_ejecta_clump,DistalEjecta,DistalEjecta,386,3.572062084482074,3.572062084482074,10.509931914097885,0.1898527968631829,0.010080815743476135,1.0,218,,unreal_rockfield.json,unreal_rockfield.json,nan,nan,nan
497,236.640377061379,-215.90387149237526,0.2616558313209568,Small,MixedBreccia,crater_ejecta_clump,DistalEjecta,DistalEjecta,386,3.7906533455493783,3.7906533455493783,11.153084025259265,0.1898527968631829,0.010080815743476135,1.0,218,,unreal_rockfield.json,unreal_rockfield.json,nan,nan,nan
498,239.68930826002838,-217.2621436639555,0.2647973975794405,Small,MixedBreccia,crater_ejecta_clump,DistalEjecta,DistalEjecta,386,4.5995054213926645,4.5995054213926645,13.532936347149203,0.1898527968631829,0.010080815743476135,1.0,218,,unreal_rockfield.json,unreal_rockfield.json,nan,nan,nan
499,97.18536960013792,-126.75011374878035,0.2641607064463006,Small,FreshEjecta,crater_ejecta_single,ProximalEjecta,ProximalEjecta,387,2.3078121260726205,2.3078121260726205,5.996004320918663,0.23270435721452415,0.006739041472558946,1.0,-1,,unreal_rockfield.json,unreal_rockfield.json,nan,nan,nan
500,88.39032789044768,-129.71384087848537,0.2600128969927173,Small,FreshEjecta,crater_ejecta_clump,ProximalEjecta,ProximalEjecta,387,1.476184239777506,1.476184239777506,3.8353239330797404,0.3526876206726091,0.01010856220883842,1.0,219,,unreal_rockfield.json,unreal_rockfield.json,nan,nan,nan
501,91.10948682245291,-124.5918862750855,0.26723154120734127,Small,FreshEjecta,crater_ejecta_clump,ProximalEjecta,ProximalEjecta,387,2.1586476864686177,2.1586476864686177,5.608455172403242,0.250723569257194,0.01010856220883842,1.0,219,,unreal_rockfield.json,unreal_rockfield.json,nan,nan,nan
502,91.8041611855133,-125.21907773462863,0.26002286239525463,Small,FreshEjecta,crater_ejecta_clump,ProximalEjecta,ProximalEjecta,387,1.8819109648107035,1.8819109648107035,4.8894561862762815,0.28793057019604495,0.01010856220883842,1.0,219,,unreal_rockfield.json,unreal_rockfield.json,nan,nan,nan
503,230.12287546143313,120.53306585210241,0.26421239001551994,Small,MixedBreccia,crater_ejecta_clump,DistalEjecta,DistalEjecta,391,4.041479983390054,4.041479983390054,7.828850435648227,0.12520210503722284,0.010127609880362078,1.0,220,,unreal_rockfield.json,unreal_rockfield.json,nan,nan,nan
504,228.0521889959438,120.78015196232717,0.26135195351496326,Small,MixedBreccia,crater_ejecta_clump,DistalEjecta,DistalEjecta,391,3.48301054764802,3.48301054764802,6.747025534059133,0.12520210503722284,0.010127609880362078,1.0,220,,unreal_rockfield.json,unreal_rockfield.json,nan,nan,nan
505,159.82961775119526,141.81784116487236,0.27014822625154006,Small,MixedBreccia,crater_ejecta_clump,DistalEjecta,DistalEjecta,392,3.126173508296641,3.126173508296641,4.717787608973264,0.09758504283576712,0.010140925380493798,1.0,221,,unreal_rockfield.json,unreal_rockfield.json,nan,nan,nan
506,-71.64667190225381,17.501027434559887,0.27069355608835294,Small,MixedBreccia,crater_ejecta_clump,DistalEjecta,DistalEjecta,394,3.1309017247914994,3.1309017247914994,5.497127667369599,0.1136151720692321,0.010161324840014502,1.0,222,,unreal_rockfield.json,unreal_rockfield.json,nan,nan,nan
507,-69.39059927805427,21.10507236822787,0.262527330953919,Small,MixedBreccia,crater_ejecta_clump,DistalEjecta,DistalEjecta,394,4.345961150552135,4.345961150552135,7.630486480250196,0.1136151720692321,0.010161324840014502,1.0,222,,unreal_rockfield.json,unreal_rockfield.json,nan,nan,nan
508,171.61680833022666,-1.6481367729144258,0.2669555167643896,Small,FreshEjecta,crater_ejecta_single,Rim,Rim,395,0.8778748630153165,0.8778748630153165,2.1140875630678826,0.9350203256023198,0.006774630982664228,1.0,-1,,unreal_rockfield.json,unreal_rockfield.json,nan,nan,nan
509,169.1335955303676,-6.66102936469926,0.261506621374451,Small,FreshEjecta,crater_ejecta_clump,ProximalEjecta,ProximalEjecta,395,2.811004880644519,2.811004880644519,6.7694277490549775,0.16802883660397516,0.010161946473996342,1.0,223,,unreal_rockfield.json,unreal_rockfield.json,nan,nan,nan
510,169.03094836044045,-4.05516466880619,0.2612765943648471,Small,FreshEjecta,crater_ejecta_clump,ProximalEjecta,ProximalEjecta,395,2.1843567736518943,2.1843567736518943,5.260341402895374,0.22985752595695283,0.010161946473996342,1.0,223,,unreal_rockfield.json,unreal_rockfield.json,nan,nan,nan
511,-178.01066392211686,-39.95177062418708,0.2649250574590306,Small,FreshEjecta,crater_ejecta_clump,ProximalEjecta,ProximalEjecta,397,1.6630381782568475,1.6630381782568475,2.5904028603829627,0.19297889765541956,0.010166754247603245,1.0,224,,unreal_rockfield.json,unreal_rockfield.json,nan,nan,nan
512,226.58301805552753,-239.1431888435852,0.2638927495419457,Small,FreshEjecta,crater_ejecta_clump,ProximalEjecta,ProximalEjecta,398,2.3567876975354385,2.3567876975354385,3.8578732242517995,0.14352294460308473,0.010199183783078217,1.0,225,,unreal_rockfield.json,unreal_rockfield.json,nan,nan,nan
513,228.4082015727527,-234.95551546785566,0.2666940311679348,Small,MixedBreccia,crater_ejecta_clump,DistalEjecta,DistalEjecta,398,4.6803395981745775,4.6803395981745775,7.661342103527177,0.10606578458207291,0.010199183783078217,1.0,225,,unreal_rockfield.json,unreal_rockfield.json,nan,nan,nan
514,202.8231829845027,-104.00160614786637,0.2680102994703,Small,FreshEjecta,crater_ejecta_clump,ProximalEjecta,ProximalEjecta,400,2.004462959303103,2.004462959303103,3.977755908674509,0.20754381394499546,0.01020374406247472,1.0,226,,unreal_rockfield.json,unreal_rockfield.json,nan,nan,nan
515,202.33843678399998,-105.53299141437549,0.2692009385862259,Small,FreshEjecta,crater_ejecta_clump,ProximalEjecta,ProximalEjecta,400,2.756215235388488,2.756215235388488,5.469570483835225,0.14251771829347706,0.01020374406247472,1.0,226,,unreal_rockfield.json,unreal_rockfield.json,nan,nan,nan
516,237.92441844271409,96.97057703785278,0.26947489336600683,Small,FreshEjecta,crater_ejecta_clump,ProximalEjecta,ProximalEjecta,401,2.676866209094477,2.676866209094477,4.04564419800896,0.11294810954558852,0.010207600176852391,1.0,227,,unreal_rockfield.json,unreal_rockfield.json,nan,nan,nan
517,49.09923338676083,102.68694120181715,0.26392197986764343,Small,FreshEjecta,crater_ejecta_clump,ProximalEjecta,ProximalEjecta,402,1.9912569970462268,1.9912569970462268,3.2655416405477222,0.17267408245157903,0.01020780695570949,1.0,228,,unreal_rockfield.json,unreal_rockfield.json,nan,nan,nan
518,51.54271477027199,102.10206825637079,0.26919371938458303,Small,FreshEjecta,crater_ejecta_clump,ProximalEjecta,ProximalEjecta,402,1.285549533841582,1.285549533841582,2.1082238706372984,0.24573645311108092,0.01020780695570949,1.0,228,,unreal_rockfield.json,unreal_rockfield.json,nan,nan,nan
519,-66.51507784662599,-116.33875010958502,0.26698732587972385,Small,MixedBreccia,crater_ejecta_single,DistalEjecta,DistalEjecta,405,4.268866069723862,4.268866069723862,13.239085881867197,0.20116290615123728,0.006819357091920956,1.0,-1,,unreal_rockfield.json,unreal_rockfield.json,nan,nan,nan
520,-82.99006822957938,-111.97480089225506,0.27076089050173385,Small,FreshEjecta,crater_ejecta_clump,ProximalEjecta,ProximalEjecta,405,2.0087915405752406,2.0087915405752406,6.229889457779178,0.32393683428883807,0.010229035637881434,1.0,229,,unreal_rockfield.json,unreal_rockfield.json,nan,nan,nan
521,-80.05611085247052,-110.68986966061794,0.3180752011328299,Medium,FreshEjecta,crater_ejecta_clump,Rim,Rim,405,0.9841388447072851,0.9841388447072851,3.0521216810168323,1.2069774369074235,0.010229035637881434,1.0,229,,unreal_rockfield.json,unreal_rockfield.json,nan,nan,nan
522,-81.77542543123364,-110.23801765271291,0.30218707750783885,Medium,FreshEjecta,crater_ejecta_clump,ProximalEjecta,ProximalEjecta,405,1.4290302685047451,1.4290302685047451,4.431868825002952,0.4328664179918855,0.010229035637881434,1.0,229,,unreal_rockfield.json,unreal_rockfield.json,nan,nan,nan
523,-80.09867568272406,-117.59862717731795,0.27235902661022243,Small,FreshEjecta,crater_ejecta_clump,ProximalEjecta,ProximalEjecta,405,2.8986810707489483,2.8986810707489483,8.989714601721035,0.20759805365713474,0.010229035637881434,1.0,229,,unreal_rockfield.json,unreal_rockfield.json,nan,nan,nan
524,-84.18861471625519,-110.46063603662014,0.26986476580103397,Small,FreshEjecta,crater_ejecta_clump,ProximalEjecta,ProximalEjecta,405,2.200902207812751,2.200902207812751,6.8256845895165235,0.2942686740294948,0.010229035637881434,1.0,229,,unreal_rockfield.json,unreal_rockfield.json,nan,nan,nan
525,107.09089609214728,-60.683795591951004,0.27271642676809466,Small,FreshEjecta,crater_ejecta_single,ProximalEjecta,ProximalEjecta,409,1.203824423503881,1.203824423503881,3.2884977170799017,0.42690516616532087,0.006827500716719224,1.0,-1,,unreal_rockfield.json,unreal_rockfield.json,nan,nan,nan
526,109.85007853584915,-60.929766841944385,0.31347806548845886,Medium,FreshEjecta,crater_ejecta_clump,Rim,Rim,409,0.8953081117462817,0.8953081117462817,2.4457210072140323,1.0635890065510907,0.010241251075078835,1.0,230,,unreal_rockfield.json,unreal_rockfield.json,nan,nan,nan
527,106.69775803867294,-55.398633035785444,0.2696865640413072,Small,FreshEjecta,crater_ejecta_clump,ProximalEjecta,ProximalEjecta,409,1.5434863375167287,1.5434863375167287,4.216355141303889,0.3602257572107447,0.010241251075078835,1.0,230,,unreal_rockfield.json,unreal_rockfield.json,nan,nan,nan
528,106.93980108501987,-56.09943350184879,0.3263439981356185,Medium,FreshEjecta,crater_ejecta_clump,ProximalEjecta,ProximalEjecta,409,1.299201749079321,1.299201749079321,3.549040792375805,0.40702443987997844,0.010241251075078835,1.0,230,,unreal_rockfield.json,unreal_rockfield.json,nan,nan,nan
529,107.56486672861767,-57.62025867807064,0.2669180377314113,Small,RegolithCovered,crater_ejecta_clump,CraterFloor,CraterFloor,409,0.795764746649962,0.795764746649962,2.1737975252855706,0.2954413907086363,0.010241251075078835,1.0,230,,unreal_rockfield.json,unreal_rockfield.json,nan,nan,nan
530,-228.6684388808981,-215.22607268446168,0.26989453831595667,Small,FreshEjecta,crater_ejecta_clump,ProximalEjecta,ProximalEjecta,411,1.6908777797304124,1.6908777797304124,3.1092933886510794,0.22540196732661627,0.010259253753820509,1.0,231,,unreal_rockfield.json,unreal_rockfield.json,nan,nan,nan
531,-228.04983715612462,-213.01005320939188,0.26513946065333516,Small,FreshEjecta,crater_ejecta_clump,ProximalEjecta,ProximalEjecta,411,2.7712495248060227,2.7712495248060227,5.09594952933595,0.13132818996854678,0.010259253753820509,1.0,231,,unreal_rockfield.json,unreal_rockfield.json,nan,nan,nan
532,103.52025691674451,19.301978347314275,0.2690140575351333,Small,MixedBreccia,crater_ejecta_clump,DistalEjecta,DistalEjecta,412,3.304367089115948,3.304367089115948,5.66748277539426,0.11140015531499967,0.010267303877271868,1.0,232,,unreal_rockfield.json,unreal_rockfield.json,nan,nan,nan
533,103.2680614108088,26.08459124421057,0.26123931758377716,Small,FreshEjecta,crater_ejecta_clump,ProximalEjecta,ProximalEjecta,412,2.4937336180590317,2.4937336180590317,4.277125375483743,0.14076490602630296,0.010267303877271868,1.0,232,,unreal_rockfield.json,unreal_rockfield.json,nan,nan,nan
534,-211.90775815061485,195.9120331336595,0.2721365474827444,Small,FreshEjecta,crater_ejecta_clump,ProximalEjecta,ProximalEjecta,415,1.866565078130119,1.866565078130119,3.0315750472109144,0.18248105766001502,0.01028129530310315,1.0,233,,unreal_rockfield.json,unreal_rockfield.json,nan,nan,nan
535,-215.8572188825759,196.82026074397564,0.2676602819131446,Small,FreshEjecta,crater_ejecta_clump,ProximalEjecta,ProximalEjecta,415,1.4514039463462365,1.4514039463462365,2.3572925684297896,0.22457886559076143,0.01028129530310315,1.0,233,,unreal_rockfield.json,unreal_rockfield.json,nan,nan,nan
536,-158.0746020536478,49.15470937621476,0.39671776777317014,Medium,FreshEjecta,crater_ejecta_clump,Rim,Rim,416,1.1494109998417898,1.1494109998417898,1.744619727342616,0.5918781637076281,0.010285224044837435,1.0,234,,unreal_rockfield.json,unreal_rockfield.json,nan,nan,nan
537,-156.23101314488883,3.511500385720214,0.2624154466193583,Small,FreshEjecta,crater_ejecta_single,ProximalEjecta,ProximalEjecta,418,1.669456221942309,1.669456221942309,4.157707586757883,0.3093008763500917,0.006885380293398076,1.0,-1,,unreal_rockfield.json,unreal_rockfield.json,nan,nan,nan
538,-161.2163239407126,4.275979856990672,0.2684875001190373,Small,FreshEjecta,crater_ejecta_clump,ProximalEjecta,ProximalEjecta,418,2.1408411833757137,2.1408411833757137,5.331671183212682,0.24435498688930998,0.010328070440097113,1.0,235,,unreal_rockfield.json,unreal_rockfield.json,nan,nan,nan
539,-158.67933600605184,-0.9638615737715148,0.2952775682108388,Small,RegolithCovered,crater_ejecta_clump,CraterFloor,CraterFloor,418,0.3788802791181394,0.3788802791181394,0.9435847375079405,0.27016665106141835,0.010328070440097113,1.0,235,,unreal_rockfield.json,unreal_rockfield.json,nan,nan,nan
540,-155.50593325447085,5.079041999816419,0.27294205195313676,Small,FreshEjecta,crater_ejecta_clump,ProximalEjecta,ProximalEjecta,418,2.3618569036522516,2.3618569036522516,5.88210115250976,0.218790395244802,0.010328070440097113,1.0,235,,unreal_rockfield.json,unreal_rockfield.json,nan,nan,nan
541,-188.43262284464268,96.17783683951247,0.26108823351354055,Small,FreshEjecta,crater_ejecta_single,Rim,Rim,421,1.1264807580570781,1.1264807580570781,3.898840032800209,1.3532143818144848,0.0069074454375830634,1.0,-1,,unreal_rockfield.json,unreal_rockfield.json,nan,nan,nan
542,-187.35376280919445,89.01901596670075,0.2977990055991839,Small,FreshEjecta,crater_ejecta_single,Rim,Rim,421,1.0655444276812658,1.0655444276812658,3.6879345178840692,1.3532143818144848,0.0069074454375830634,1.0,-1,,unreal_rockfield.json,unreal_rockfield.json,nan,nan,nan
543,-187.07379286389954,92.2865179519182,0.2804686405022363,Small,RegolithCovered,crater_ejecta_clump,CraterFloor,CraterFloor,421,0.5560053722660234,0.5560053722660234,1.9243790791257478,0.37589288383735686,0.010361168156374594,1.0,236,,unreal_rockfield.json,unreal_rockfield.json,nan,nan,nan
544,-190.84589472363155,89.3360193387858,0.2699149109752302,Small,FreshEjecta,crater_ejecta_clump,Rim,Rim,421,1.0141483646044553,1.0141483646044553,3.5100486314018022,1.3532143818144848,0.010361168156374594,1.0,236,,unreal_rockfield.json,unreal_rockfield.json,nan,nan,nan
545,-188.77692471973788,88.16634590050728,0.27405324413874327,Small,FreshEjecta,crater_ejecta_clump,ProximalEjecta,ProximalEjecta,421,1.2018549679104256,1.2018549679104256,4.15971620375565,0.5436906161072884,0.010361168156374594,1.0,236,,unreal_rockfield.json,unreal_rockfield.json,nan,nan,nan
546,-185.3881094580386,95.3351486738863,0.27660343012439914,Small,FreshEjecta,crater_ejecta_clump,ProximalEjecta,ProximalEjecta,421,1.358891750979388,1.358891750979388,4.703233074392166,0.5026338502638468,0.010361168156374594,1.0,237,,unreal_rockfield.json,unreal_rockfield.json,nan,nan,nan
547,-183.88426391391064,92.72487585288152,0.26355222088335,Small,FreshEjecta,crater_ejecta_clump,ProximalEjecta,ProximalEjecta,421,1.4820812092426756,1.4820812092426756,5.129601645768632,0.4726084498153322,0.010361168156374594,1.0,237,,unreal_rockfield.json,unreal_rockfield.json,nan,nan,nan
548,-187.26855874392467,91.54259192478047,0.2618267552100278,Small,RegolithCovered,crater_ejecta_clump,CraterFloor,CraterFloor,421,0.5478352336863629,0.5478352336863629,1.8961015758128223,0.37589288383735686,0.010361168156374594,1.0,237,,unreal_rockfield.json,unreal_rockfield.json,nan,nan,nan
549,130.24677675899838,192.02997780196227,0.32494286265367217,Medium,FreshEjecta,crater_ejecta_clump,Rim,Rim,425,1.0860657498560782,1.0860657498560782,1.687750531772494,0.6079854650291399,0.010380153357878378,1.0,238,,unreal_rockfield.json,unreal_rockfield.json,nan,nan,nan
550,26.958300864592818,195.29143842528515,0.26846244826971744,Small,FreshEjecta,crater_ejecta_clump,ProximalEjecta,ProximalEjecta,426,1.7548993812577638,1.7548993812577638,3.3056799615944055,0.22456578434410784,0.010380204923636688,1.0,239,,unreal_rockfield.json,unreal_rockfield.json,nan,nan,nan
551,23.338703615061245,196.64482124715607,0.26783266839077285,Small,FreshEjecta,crater_ejecta_clump,ProximalEjecta,ProximalEjecta,426,1.8527410453036075,1.8527410453036075,3.4899829659145665,0.2138442311734712,0.010380204923636688,1.0,239,,unreal_rockfield.json,unreal_rockfield.json,nan,nan,nan
552,75.33528914732567,-163.71802153115627,0.26564337129774224,Small,FreshEjecta,crater_ejecta_clump,ProximalEjecta,ProximalEjecta,428,2.4318744522495552,2.4318744522495552,3.8963242867570624,0.13631836206423392,0.010414020473228385,1.0,240,,unreal_rockfield.json,unreal_rockfield.json,nan,nan,nan
553,75.1833239491409,-168.41417277255908,0.27127307614879037,Small,FreshEjecta,crater_ejecta_clump,ProximalEjecta,ProximalEjecta,428,1.8108049442951237,1.8108049442951237,2.901253095738693,0.18595929424404697,0.010414020473228385,1.0,240,,unreal_rockfield.json,unreal_rockfield.json,nan,nan,nan
554,148.01109419495106,-230.05771311271624,0.2745958126882551,Small,FreshEjecta,crater_ejecta_clump,Rim,Rim,429,0.9606969720453431,0.9606969720453431,1.6612455305128977,0.6774556010218907,0.01041953966594102,1.0,241,,unreal_rockfield.json,unreal_rockfield.json,nan,nan,nan
555,151.7897683633284,-232.04356938012936,0.2704064816037449,Small,FreshEjecta,crater_ejecta_clump,ProximalEjecta,ProximalEjecta,429,2.680900658356332,2.680900658356332,4.635836654050928,0.12992579394427187,0.01041953966594102,1.0,241,,unreal_rockfield.json,unreal_rockfield.json,nan,nan,nan
556,-137.19464958978958,30.914456181790378,0.2605760830454805,Small,MixedBreccia,crater_ejecta_clump,DistalEjecta,DistalEjecta,432,3.217779247701991,3.217779247701991,5.740089507511643,0.11659860768699848,0.010449446397982997,1.0,242,,unreal_rockfield.json,unreal_rockfield.json,nan,nan,nan
557,-138.0600050681979,30.44985786136496,0.2628768610670781,Small,MixedBreccia,crater_ejecta_clump,DistalEjecta,DistalEjecta,432,3.648544506427511,3.648544506427511,6.50851734281972,0.11659860768699848,0.010449446397982997,1.0,242,,unreal_rockfield.json,unreal_rockfield.json,nan,nan,nan
558,157.69837795083473,17.83837713403078,0.2670716717781038,Small,FreshEjecta,crater_ejecta_clump,ProximalEjecta,ProximalEjecta,436,2.402716939670749,2.402716939670749,3.8761332451341515,0.13982184313029208,0.01052805849106311,1.0,243,,unreal_rockfield.json,unreal_rockfield.json,nan,nan,nan
559,160.51915139110454,14.313209024427845,0.27204932780248414,Small,RegolithCovered,crater_ejecta_clump,CraterFloor,CraterFloor,436,0.5745480511488809,0.5745480511488809,0.9268777213059436,0.1762183592783539,0.01052805849106311,1.0,243,,unreal_rockfield.json,unreal_rockfield.json,nan,nan,nan
560,213.05005988706398,103.02624495694582,0.26504193917952873,Small,FreshEjecta,crater_ejecta_clump,ProximalEjecta,ProximalEjecta,437,2.183281718517488,2.183281718517488,3.4801236804033993,0.15421984134027447,0.010536554561672386,1.0,244,,unreal_rockfield.json,unreal_rockfield.json,nan,nan,nan
561,210.75947154403934,97.94146931191722,0.26604520355666467,Small,FreshEjecta,crater_ejecta_clump,ProximalEjecta,ProximalEjecta,437,2.9785416141353345,2.9785416141353345,4.747757981254911,0.10362194977583186,0.010536554561672386,1.0,244,,unreal_rockfield.json,unreal_rockfield.json,nan,nan,nan
562,-100.96588780507139,-63.81640819204523,0.2632710444909055,Small,FreshEjecta,crater_ejecta_clump,Rim,Rim,441,0.9320673051015976,0.9320673051015976,1.5055141735731947,0.6359982642385617,0.010565710068566821,1.0,245,,unreal_rockfield.json,unreal_rockfield.json,nan,nan,nan
563,-103.35547781495258,-70.0955313486078,0.26991267085197995,Small,MixedBreccia,crater_ejecta_clump,DistalEjecta,DistalEjecta,441,4.709982120764233,4.709982120764233,7.607760513940522,0.10599971070642694,0.010565710068566821,1.0,245,,unreal_rockfield.json,unreal_rockfield.json,nan,nan,nan
564,-83.6845244053981,-98.30135315985733,0.2703414447637371,Small,MixedBreccia,crater_ejecta_single,DistalEjecta,DistalEjecta,443,3.0000054006127335,3.0000054006127335,6.504144128455009,0.14263924039284648,0.007093394892439593,1.0,-1,,unreal_rockfield.json,unreal_rockfield.json,nan,nan,nan
565,-75.10944844454819,-91.29982057518919,0.2667192629706846,Small,FreshEjecta,crater_ejecta_clump,ProximalEjecta,ProximalEjecta,443,2.2590861917115244,2.2590861917115244,4.897798579460304,0.2026752218235109,0.010640092338659389,1.0,246,,unreal_rockfield.json,unreal_rockfield.json,nan,nan,nan
566,-76.41550313489533,-92.76886985940241,0.2628227838089482,Small,FreshEjecta,crater_ejecta_clump,ProximalEjecta,ProximalEjecta,443,1.4889351760457992,1.4889351760457992,3.2280771831112207,0.2978768997831136,0.010640092338659389,1.0,246,,unreal_rockfield.json,unreal_rockfield.json,nan,nan,nan
567,-220.4834061944782,-140.5217500385039,0.2648912838139462,Small,FreshEjecta,crater_ejecta_clump,ProximalEjecta,ProximalEjecta,444,2.4552110223330716,2.4552110223330716,3.8690570545996623,0.13361948226336512,0.010654210869668314,1.0,247,,unreal_rockfield.json,unreal_rockfield.json,nan,nan,nan
568,-222.77681110401974,-140.77905337355355,0.26354171061139214,Small,FreshEjecta,crater_ejecta_clump,ProximalEjecta,ProximalEjecta,444,1.534865436248843,1.534865436248843,2.418725677736944,0.21169972282072586,0.010654210869668314,1.0,247,,unreal_rockfield.json,unreal_rockfield.json,nan,nan,nan
569,-59.92137711217401,191.29597145683027,0.2657477776451092,Small,FreshEjecta,crater_ejecta_clump,ProximalEjecta,ProximalEjecta,445,1.9988028319327307,1.9988028319327307,3.093727743438513,0.16525791920131283,0.010721220711571885,1.0,248,,unreal_rockfield.json,unreal_rockfield.json,nan,nan,nan
570,-58.47802066571604,190.99991229547572,0.26657767906374225,Small,FreshEjecta,crater_ejecta_clump,ProximalEjecta,ProximalEjecta,445,1.7756513128226963,1.7756513128226963,2.7483359746097618,0.18476470665941452,0.010721220711571885,1.0,248,,unreal_rockfield.json,unreal_rockfield.json,nan,nan,nan
571,226.4164389159228,49.64276294629567,0.2786904570376281,Small,FreshEjecta,crater_ejecta_single,ProximalEjecta,ProximalEjecta,448,1.3886322532844504,1.3886322532844504,3.2106698531117717,0.3352330353008861,0.007165216217787939,1.0,-1,,unreal_rockfield.json,unreal_rockfield.json,nan,nan,nan
572,230.74923792370765,56.75426831264615,0.2690377431879427,Small,FreshEjecta,crater_ejecta_clump,ProximalEjecta,ProximalEjecta,448,2.6089522403284175,2.6089522403284175,6.032183313053857,0.18212002071860864,0.010747824326681909,1.0,249,,unreal_rockfield.json,unreal_rockfield.json,nan,nan,nan
573,226.75318669345208,50.233491853185974,0.2637640085402342,Small,FreshEjecta,crater_ejecta_clump,Rim,Rim,448,1.1696778745018308,1.1696778745018308,2.7044233494017766,0.9160512021087993,0.010747824326681909,1.0,249,,unreal_rockfield.json,unreal_rockfield.json,nan,nan,nan
574,197.675937540138,-10.886897441929637,0.2705977974786758,Small,FreshEjecta,crater_ejecta_clump,ProximalEjecta,ProximalEjecta,450,1.3766329731911349,1.3766329731911349,2.175996126066248,0.23066835382495843,0.010761711599252708,1.0,250,,unreal_rockfield.json,unreal_rockfield.json,nan,nan,nan
575,194.36792327165662,-12.527978655090813,0.2673415733416979,Small,FreshEjecta,crater_ejecta_clump,ProximalEjecta,ProximalEjecta,450,1.2653196976659231,1.2653196976659231,2.0000470815208975,0.24387056639577495,0.010761711599252708,1.0,250,,unreal_rockfield.json,unreal_rockfield.json,nan,nan,nan
576,-181.74399654073233,-186.89904325848838,0.2635588025793749,Small,FreshEjecta,crater_ejecta_single,ProximalEjecta,ProximalEjecta,451,2.368459765489926,2.368459765489926,5.554945464230238,0.20866092681421752,0.00719500018159856,1.0,-1,,unreal_rockfield.json,unreal_rockfield.json,nan,nan,nan
577,-173.93193810032363,-186.949205171928,0.26024806690012714,Small,FreshEjecta,crater_ejecta_clump,ProximalEjecta,ProximalEjecta,451,1.6016150280888408,1.6016150280888408,3.7564007906567576,0.3061676854339712,0.01079250027239784,1.0,251,,unreal_rockfield.json,unreal_rockfield.json,nan,nan,nan
578,-175.48183038832698,-188.50094893770543,0.2642033313563955,Small,RegolithCovered,crater_ejecta_clump,CraterFloor,CraterFloor,451,0.6730527884737706,0.6730527884737706,1.5785666233373816,0.2585106334415279,0.01079250027239784,1.0,251,,unreal_rockfield.json,unreal_rockfield.json,nan,nan,nan
579,-175.56109509932898,-191.70966688017623,0.28163929183151626,Small,FreshEjecta,crater_ejecta_clump,Rim,Rim,451,1.11531866377689,1.11531866377689,2.6158495249916904,0.9306382803895005,0.01079250027239784,1.0,251,,unreal_rockfield.json,unreal_rockfield.json,nan,nan,nan
580,-180.6744991404929,159.90814054774802,0.33271253200533507,Medium,RegolithCovered,crater_ejecta_clump,CraterFloor,CraterFloor,453,0.10714260141558486,0.10714260141558486,0.20163126193901668,0.2075445358774161,0.01080963421239306,1.0,252,,unreal_rockfield.json,unreal_rockfield.json,nan,nan,nan
581,-178.61734218680448,163.9554354776588,0.27048386841368327,Small,FreshEjecta,crater_ejecta_clump,ProximalEjecta,ProximalEjecta,453,2.518647523824907,2.518647523824907,4.739833379988531,0.15540363279331845,0.01080963421239306,1.0,252,,unreal_rockfield.json,unreal_rockfield.json,nan,nan,nan
582,178.37116750702688,-140.09079232176265,0.2635710685117571,Small,MixedBreccia,crater_ejecta_clump,DistalEjecta,DistalEjecta,455,4.027058975150442,4.027058975150442,6.300766520908682,0.10360485883644015,0.010830675114730143,1.0,253,,unreal_rockfield.json,unreal_rockfield.json,nan,nan,nan
583,184.20113353129614,-130.40349617862955,0.26240134662828535,Small,MixedBreccia,crater_ejecta_clump,DistalEjecta,DistalEjecta,455,4.3095586284467275,4.3095586284467275,6.742767586361429,0.10360485883644015,0.010830675114730143,1.0,253,,unreal_rockfield.json,unreal_rockfield.json,nan,nan,nan
584,-185.8081419338908,109.50577020937071,0.260590919679741,Small,FreshEjecta,crater_ejecta_single,Rim,Rim,457,0.864264077197355,0.864264077197355,1.9191057315285742,0.8824529347373211,0.007225609820007637,1.0,-1,,unreal_rockfield.json,unreal_rockfield.json,nan,nan,nan
585,-186.67951201757433,110.49643335172277,0.26150793689449847,Small,FreshEjecta,crater_ejecta_clump,ProximalEjecta,ProximalEjecta,457,1.2111977905048967,1.2111977905048967,2.689474991614063,0.3528970404140371,0.010838414730011455,1.0,254,,unreal_rockfield.json,unreal_rockfield.json,nan,nan,nan
586,-190.04896649784612,113.67174189983194,0.26021856301409974,Small,MixedBreccia,crater_ejecta_clump,DistalEjecta,DistalEjecta,457,3.142983392413766,3.142983392413766,6.979021345003831,0.14707548912288687,0.010838414730011455,1.0,254,,unreal_rockfield.json,unreal_rockfield.json,nan,nan,nan
587,67.0359508521652,-247.83905309663217,0.26178064310502797,Small,FreshEjecta,crater_ejecta_clump,ProximalEjecta,ProximalEjecta,460,1.3952152687156176,1.3952152687156176,2.6293768429559345,0.27332456827875246,0.010854186370165372,1.0,255,,unreal_rockfield.json,unreal_rockfield.json,nan,nan,nan
588,70.68990187627574,-245.63301070622822,0.27162304257941655,Small,FreshEjecta,crater_ejecta_clump,ProximalEjecta,ProximalEjecta,460,2.5451243182950205,2.5451243182950205,4.796457647090848,0.15380805962983576,0.010854186370165372,1.0,255,,unreal_rockfield.json,unreal_rockfield.json,nan,nan,nan
589,-220.39406630294778,-88.29736788879612,0.2719917322653919,Small,FreshEjecta,crater_ejecta_single,ProximalEjecta,ProximalEjecta,463,2.526413923606029,2.526413923606029,12.056797640018733,0.3941432435946302,0.00728630439982283,1.0,-1,,unreal_rockfield.json,unreal_rockfield.json,nan,nan,nan
590,-211.27287627622738,-86.92169031817829,0.42787458909178594,Medium,FreshEjecta,crater_ejecta_single,ProximalEjecta,ProximalEjecta,463,1.3049088472773793,1.3049088472773793,6.22741260380533,0.7259396929499002,0.00728630439982283,1.0,-1,,unreal_rockfield.json,unreal_rockfield.json,nan,nan,nan
591,-210.24505772906298,-86.13632096165908,0.2632737453930413,Small,FreshEjecta,crater_ejecta_single,ProximalEjecta,ProximalEjecta,463,1.4124859003346764,1.4124859003346764,6.740802253578188,0.6879240347872041,0.00728630439982283,1.0,-1,,unreal_rockfield.json,unreal_rockfield.json,nan,nan,nan
592,-204.1058622102132,-94.46418376662051,0.28173316471375437,Small,FreshEjecta,crater_ejecta_single,Rim,Rim,463,1.1248185915382403,1.1248185915382403,5.36796841293147,1.902362062205501,0.00728630439982283,1.0,-1,,unreal_rockfield.json,unreal_rockfield.json,nan,nan,nan
593,-198.48355411572703,-93.06801090021132,0.26383996181665675,Small,FreshEjecta,crater_ejecta_clump,ProximalEjecta,ProximalEjecta,463,2.2480194548175105,2.2480194548175105,10.72821654611279,0.4530088401816072,0.010929456599734245,1.0,256,,unreal_rockfield.json,unreal_rockfield.json,nan,nan,nan
594,-201.70538573638754,-92.2338175470478,0.2764858145209122,Small,FreshEjecta,crater_ejecta_clump,ProximalEjecta,ProximalEjecta,463,1.5766119903438716,1.5766119903438716,7.524060703905254,0.6337251684970896,0.010929456599734245,1.0,256,,unreal_rockfield.json,unreal_rockfield.json,nan,nan,nan
595,-200.87092090728743,-92.74624097531465,0.3278417220685609,Medium,FreshEjecta,crater_ejecta_clump,ProximalEjecta,ProximalEjecta,463,1.7470786606302864,1.7470786606302864,8.337578286597138,0.5819485473079241,0.010929456599734245,1.0,256,,unreal_rockfield.json,unreal_rockfield.json,nan,nan,nan
596,-200.8811843894733,-88.45662114236708,0.2833588812304006,Small,FreshEjecta,crater_ejecta_clump,ProximalEjecta,ProximalEjecta,463,1.9676923183855939,1.9676923183855939,9.390412188170773,0.5211694392955517,0.010929456599734245,1.0,256,,unreal_rockfield.json,unreal_rockfield.json,nan,nan,nan
597,-198.0737554264598,-93.79218696791082,0.26137945494784715,Small,FreshEjecta,crater_ejecta_clump,ProximalEjecta,ProximalEjecta,463,2.3424740324585986,2.3424740324585986,11.178981845556107,0.4321118000705824,0.010929456599734245,1.0,256,,unreal_rockfield.json,unreal_rockfield.json,nan,nan,nan
598,-192.26433728638852,-96.37240546292546,0.26889203109360665,Small,MixedBreccia,crater_ejecta_clump,DistalEjecta,DistalEjecta,463,3.628681030692795,3.628681030692795,17.31714367089597,0.31706034370091685,0.010929456599734245,1.0,256,,unreal_rockfield.json,unreal_rockfield.json,nan,nan,nan
599,-202.32153635474387,-96.54240903359938,0.2899276519319957,Small,FreshEjecta,crater_ejecta_clump,ProximalEjecta,ProximalEjecta,463,1.6426970011324526,1.6426970011324526,7.839438003987228,0.6131274749240394,0.010929456599734245,1.0,256,,unreal_rockfield.json,unreal_rockfield.json,nan,nan,nan
600,-199.08083751332438,-90.6828529644515,0.2682272630721423,Small,FreshEjecta,crater_ejecta_clump,ProximalEjecta,ProximalEjecta,463,2.1678881998795867,2.1678881998795867,10.34580639692856,0.47152742580151213,0.010929456599734245,1.0,256,,unreal_rockfield.json,unreal_rockfield.json,nan,nan,nan
601,-202.94411018068587,-94.84026522781105,0.3218408104090228,Medium,FreshEjecta,crater_ejecta_clump,ProximalEjecta,ProximalEjecta,463,1.380692098211384,1.380692098211384,6.589072786436803,0.6989472806901542,0.010929456599734245,1.0,256,,unreal_rockfield.json,unreal_rockfield.json,nan,nan,nan
602,-204.1343980035581,-99.27408242735582,0.3136070242093023,Medium,FreshEjecta,crater_ejecta_clump,ProximalEjecta,ProximalEjecta,463,1.7240985855463387,1.7240985855463387,8.227910542744567,0.5886737202201207,0.010929456599734245,1.0,257,,unreal_rockfield.json,unreal_rockfield.json,nan,nan,nan
603,-205.7787251227679,-98.41021372215059,0.2733276033102643,Small,FreshEjecta,crater_ejecta_clump,ProximalEjecta,ProximalEjecta,463,1.3783913594157724,1.3783913594157724,6.578092977537699,0.6997517909057852,0.010929456599734245,1.0,257,,unreal_rockfield.json,unreal_rockfield.json,nan,nan,nan
604,-202.91899233666533,-98.5241620236929,0.27489615214126734,Small,FreshEjecta,crater_ejecta_clump,ProximalEjecta,ProximalEjecta,463,1.7824338826664026,1.7824338826664026,8.506303907377028,0.5717514826725827,0.010929456599734245,1.0,257,,unreal_rockfield.json,unreal_rockfield.json,nan,nan,nan
605,-205.06606890344105,-96.84228416200249,0.2736142768483176,Small,FreshEjecta,crater_ejecta_clump,ProximalEjecta,ProximalEjecta,463,1.2132393036699363,1.2132393036699363,5.789938313982596,0.7599872946813483,0.010929456599734245,1.0,257,,unreal_rockfield.json,unreal_rockfield.json,nan,nan,nan
606,-205.13735348001708,-98.64900515089951,0.2830468714331775,Small,FreshEjecta,crater_ejecta_clump,ProximalEjecta,ProximalEjecta,463,1.4937884272343442,1.4937884272343442,7.128802060455579,0.6605198350279536,0.010929456599734245,1.0,257,,unreal_rockfield.json,unreal_rockfield.json,nan,nan,nan
607,138.7074404695612,188.92598751951155,0.26124916102452994,Small,FreshEjecta,crater_ejecta_clump,ProximalEjecta,ProximalEjecta,467,2.276680154252063,2.276680154252063,3.725790501675968,0.15337381955195023,0.010976275246050899,1.0,258,,unreal_rockfield.json,unreal_rockfield.json,nan,nan,nan
608,134.11141008323955,188.94913677752623,0.2618264456562592,Small,FreshEjecta,crater_ejecta_clump,Rim,Rim,467,1.1210885070979097,1.1210885070979097,1.8346630305018385,0.653373211602646,0.010976275246050899,1.0,258,,unreal_rockfield.json,unreal_rockfield.json,nan,nan,nan
609,-139.8267536056062,-157.15638776915407,0.26008195377782634,Small,MixedBreccia,crater_ejecta_clump,DistalEjecta,DistalEjecta,468,4.587607640144094,4.587607640144094,7.2301144754648945,0.10505514327994112,0.011029158294551311,1.0,259,,unreal_rockfield.json,unreal_rockfield.json,nan,nan,nan
610,-138.9423566778756,-164.42687854732023,0.26395798367386264,Small,MixedBreccia,crater_ejecta_clump,DistalEjecta,DistalEjecta,468,3.5852071166131276,3.5852071166131276,5.650321453939803,0.10505514327994112,0.011029158294551311,1.0,259,,unreal_rockfield.json,unreal_rockfield.json,nan,nan,nan
611,-92.07681011090996,-112.35309995019644,0.27076925990758416,Small,FreshEjecta,crater_ejecta_clump,Rim,Rim,469,1.0871903930491598,1.0871903930491598,2.0313860275097815,0.7474538420559463,0.011035245305260438,1.0,260,,unreal_rockfield.json,unreal_rockfield.json,nan,nan,nan
612,-93.41482362896623,-108.34393929364495,0.2649039457521086,Small,MixedBreccia,crater_ejecta_clump,DistalEjecta,DistalEjecta,469,3.2933147021740243,3.2933147021740243,6.153470002090376,0.12457564034265772,0.011035245305260438,1.0,260,,unreal_rockfield.json,unreal_rockfield.json,nan,nan,nan
613,48.12115448366248,196.1074903153762,0.26418182488004527,Small,FreshEjecta,crater_ejecta_clump,ProximalEjecta,ProximalEjecta,473,2.2541023378277116,2.2541023378277116,3.882291208573538,0.16370653418294262,0.011060307497885415,1.0,261,,unreal_rockfield.json,unreal_rockfield.json,nan,nan,nan
614,51.333109017161114,198.26898576139516,0.26078381288448255,Small,FreshEjecta,crater_ejecta_clump,ProximalEjecta,ProximalEjecta,473,2.5676853524435006,2.5676853524435006,4.422382295109609,0.13994981469322015,0.011060307497885415,1.0,261,,unreal_rockfield.json,unreal_rockfield.json,nan,nan,nan
615,195.78898616162533,-48.1755936415455,0.33809610833048365,Medium,FreshEjecta,crater_ejecta_single,Rim,Rim,474,0.921844201003144,0.921844201003144,2.146531405980122,0.9323138487980771,0.00737462574628434,1.0,-1,,unreal_rockfield.json,unreal_rockfield.json,nan,nan,nan
616,192.1093626785258,-54.673159589583356,0.27226223510103537,Small,FreshEjecta,crater_ejecta_clump,ProximalEjecta,ProximalEjecta,474,2.9139341098958274,2.9139341098958274,6.785149893053131,0.15913807704702804,0.01106193861942651,1.0,262,,unreal_rockfield.json,unreal_rockfield.json,nan,nan,nan
617,190.89515456321004,-46.57947838864423,0.2685251055262129,Small,FreshEjecta,crater_ejecta_clump,ProximalEjecta,ProximalEjecta,474,2.9913557504787156,2.9913557504787156,6.9654276263543,0.15309542414162483,0.01106193861942651,1.0,262,,unreal_rockfield.json,unreal_rockfield.json,nan,nan,nan
618,192.65250971722577,-50.43641993454465,0.267727921803579,Small,FreshEjecta,crater_ejecta_clump,ProximalEjecta,ProximalEjecta,474,1.8729016469148803,1.8729016469148803,4.3610863972891405,0.26781286346744043,0.01106193861942651,1.0,262,,unreal_rockfield.json,unreal_rockfield.json,nan,nan,nan
619,-167.25084412212487,181.83951987855426,0.2720202936770481,Small,FreshEjecta,crater_ejecta_clump,ProximalEjecta,ProximalEjecta,477,2.8184536440359444,2.8184536440359444,4.734057656154713,0.120466181144154,0.011076854497966498,1.0,263,,unreal_rockfield.json,unreal_rockfield.json,nan,nan,nan
620,-166.6482505472711,184.79178296927012,0.26512595606241895,Small,MixedBreccia,crater_ejecta_clump,DistalEjecta,DistalEjecta,477,4.473025951550439,4.473025951550439,7.513184684419106,0.1121420788083782,0.011076854497966498,1.0,263,,unreal_rockfield.json,unreal_rockfield.json,nan,nan,nan
621,-146.39145597124525,-96.12965447162806,0.34559345009445497,Medium,RegolithCovered,crater_ejecta_clump,CraterFloor,CraterFloor,478,0.33895846143879677,0.33895846143879677,0.625572960813751,0.20542568234833666,0.011085787820952254,1.0,264,,unreal_rockfield.json,unreal_rockfield.json,nan,nan,nan
622,-147.41509075211198,-100.60465917649003,0.2711511232780281,Small,FreshEjecta,crater_ejecta_clump,ProximalEjecta,ProximalEjecta,478,2.1578695506457826,2.1578695506457826,3.982508175536615,0.18422414201526358,0.011085787820952254,1.0,264,,unreal_rockfield.json,unreal_rockfield.json,nan,nan,nan
623,167.24102995707506,-93.98997603372258,0.2707274301542481,Small,FreshEjecta,crater_ejecta_clump,ProximalEjecta,ProximalEjecta,479,1.6936993969042393,1.6936993969042393,2.725674973899314,0.20280017957481847,0.011115170304123956,1.0,265,,unreal_rockfield.json,unreal_rockfield.json,nan,nan,nan
624,168.38443767748862,-97.48590773169852,0.27209927586006005,Small,FreshEjecta,crater_ejecta_clump,ProximalEjecta,ProximalEjecta,479,2.359150435007531,2.359150435007531,3.796587111099545,0.1454010284240863,0.011115170304123956,1.0,265,,unreal_rockfield.json,unreal_rockfield.json,nan,nan,nan
625,-190.66649693375177,-13.552043967838548,0.2603143559151827,Small,FreshEjecta,crater_ejecta_clump,ProximalEjecta,ProximalEjecta,480,2.1658588939444625,2.1658588939444625,4.114959046113028,0.1891698638722612,0.011130089978213641,1.0,266,,unreal_rockfield.json,unreal_rockfield.json,nan,nan,nan
626,-190.255093104198,-16.551545007233038,0.26000477617033774,Small,FreshEjecta,crater_ejecta_clump,ProximalEjecta,ProximalEjecta,480,1.4949279247535376,1.4949279247535376,2.8402437501587703,0.2645713175881405,0.011130089978213641,1.0,266,,unreal_rockfield.json,unreal_rockfield.json,nan,nan,nan
627,14.300633838530711,-70.41972868203644,0.26488284463969547,Small,MixedBreccia,crater_ejecta_clump,DistalEjecta,DistalEjecta,481,3.203146407490563,3.203146407490563,5.5196105338167225,0.11527796733693085,0.011137324947590278,1.0,267,,unreal_rockfield.json,unreal_rockfield.json,nan,nan,nan
628,14.544405010865356,-72.10735628855645,0.270496998658833,Small,MixedBreccia,crater_ejecta_clump,DistalEjecta,DistalEjecta,481,4.16134986121186,4.16134986121186,7.170771362535482,0.11527796733693085,0.011137324947590278,1.0,267,,unreal_rockfield.json,unreal_rockfield.json,nan,nan,nan
629,163.9192028669021,-2.4919298638447662,0.27249682560986443,Small,MixedBreccia,crater_ejecta_clump,DistalEjecta,DistalEjecta,485,3.849274641183273,3.849274641183273,6.266883074425169,0.10921406758288374,0.011220621313321456,1.0,268,,unreal_rockfield.json,unreal_rockfield.json,nan,nan,nan
630,156.38746587221956,-7.1623498727207275,0.26997576277055696,Small,FreshEjecta,crater_ejecta_clump,ProximalEjecta,ProximalEjecta,485,1.8551311422644945,1.8551311422644945,3.020280712607863,0.1899144221411792,0.011220621313321456,1.0,268,,unreal_rockfield.json,unreal_rockfield.json,nan,nan,nan
631,-10.472904424975141,57.604487727833295,0.26479510095319586,Small,FreshEjecta,crater_ejecta_single,ProximalEjecta,ProximalEjecta,487,2.4643953396284433,2.4643953396284433,7.082210846216947,0.24726790516661687,0.00748621429612613,1.0,-1,,unreal_rockfield.json,unreal_rockfield.json,nan,nan,nan
632,-14.247025341310147,60.46665830481304,0.26717966938061616,Small,FreshEjecta,crater_ejecta_clump,ProximalEjecta,ProximalEjecta,487,1.7555030950738213,1.7555030950738213,5.044987247205937,0.35245343259582795,0.011229321444189196,1.0,269,,unreal_rockfield.json,unreal_rockfield.json,nan,nan,nan
633,-19.284741742398086,63.22979955881988,0.26712260266433935,Small,FreshEjecta,crater_ejecta_clump,ProximalEjecta,ProximalEjecta,487,2.3919269770670613,2.3919269770670613,6.873950339030151,0.2563917546601766,0.011229321444189196,1.0,269,,unreal_rockfield.json,unreal_rockfield.json,nan,nan,nan
634,-13.190530707601878,64.09428941207055,0.26653417922847217,Small,MixedBreccia,crater_ejecta_clump,DistalEjecta,DistalEjecta,487,3.006398256244859,3.006398256244859,8.63982576011333,0.19283613791671045,0.011229321444189196,1.0,269,,unreal_rockfield.json,unreal_rockfield.json,nan,nan,nan
635,-7.666648962452733,62.20136940931507,0.2653689279804605,Small,MixedBreccia,crater_ejecta_clump,DistalEjecta,DistalEjecta,487,3.9334171705155363,3.9334171705155363,11.303904572356949,0.19283613791671045,0.011229321444189196,1.0,269,,unreal_rockfield.json,unreal_rockfield.json,nan,nan,nan
636,-10.444643348058538,64.16243948395257,0.26738062005760244,Small,MixedBreccia,crater_ejecta_clump,DistalEjecta,DistalEjecta,487,3.5958302070678485,3.5958302070678485,10.333742839121756,0.19283613791671045,0.011229321444189196,1.0,269,,unreal_rockfield.json,unreal_rockfield.json,nan,nan,nan
637,34.433793079051725,135.12827383985726,0.27068652067116755,Small,MixedBreccia,crater_ejecta_single,DistalEjecta,DistalEjecta,490,3.003763906272037,3.003763906272037,7.763689188318271,0.17360029579381744,0.007505787217575,1.0,-1,,unreal_rockfield.json,unreal_rockfield.json,nan,nan,nan
638,28.677795393078622,132.9575248587381,0.261180305961815,Small,FreshEjecta,crater_ejecta_clump,ProximalEjecta,ProximalEjecta,490,2.203995333870601,2.203995333870601,5.696564469979156,0.2535566050487312,0.011258680826362501,1.0,270,,unreal_rockfield.json,unreal_rockfield.json,nan,nan,nan
639,29.763441728246296,136.11815347661877,0.26077474362059866,Small,FreshEjecta,crater_ejecta_clump,ProximalEjecta,ProximalEjecta,490,1.2902254329828515,1.2902254329828515,3.3347858077748107,0.40040320128505963,0.011258680826362501,1.0,270,,unreal_rockfield.json,unreal_rockfield.json,nan,nan,nan
640,28.36206454852006,136.27033134093836,0.2891731954083724,Small,FreshEjecta,crater_ejecta_clump,Rim,Rim,490,0.9392591444831723,0.9392591444831723,2.4276595273772004,1.0416017747629047,0.011258680826362501,1.0,270,,unreal_rockfield.json,unreal_rockfield.json,nan,nan,nan
641,26.852326144007485,133.94641216115585,0.2652809402481955,Small,FreshEjecta,crater_ejecta_clump,ProximalEjecta,ProximalEjecta,490,1.7846786259176146,1.7846786259176146,4.612776032006969,0.31270036951635694,0.011258680826362501,1.0,270,,unreal_rockfield.json,unreal_rockfield.json,nan,nan,nan
642,143.0826692280277,58.94009239608764,0.2700822116120461,Small,FreshEjecta,crater_ejecta_single,ProximalEjecta,ProximalEjecta,491,1.8774651797744437,1.8774651797744437,8.115294651976372,0.49962442675355195,0.0075214257332853075,1.0,-1,,unreal_rockfield.json,unreal_rockfield.json,nan,nan,nan
643,142.55195459830944,63.26015163747135,0.26989281180795843,Small,FreshEjecta,crater_ejecta_single,ProximalEjecta,ProximalEjecta,491,2.1435098628353657,2.1435098628353657,9.265265909440886,0.43739397262766533,0.0075214257332853075,1.0,-1,,unreal_rockfield.json,unreal_rockfield.json,nan,nan,nan
644,165.1355347291498,52.78130474564858,0.27043444717570353,Small,MixedBreccia,crater_ejecta_single,DistalEjecta,DistalEjecta,491,3.620997895119754,3.620997895119754,15.651669692544369,0.29054544654532016,0.0075214257332853075,1.0,-1,,unreal_rockfield.json,unreal_rockfield.json,nan,nan,nan
645,150.21836939247385,65.8568068032143,0.26186660306842263,Small,FreshEjecta,crater_ejecta_single,ProximalEjecta,ProximalEjecta,491,1.4153251556526543,1.4153251556526543,6.117706357598323,0.629500521386053,0.0075214257332853075,1.0,-1,,unreal_rockfield.json,unreal_rockfield.json,nan,nan,nan
646,148.25760931209444,64.11105555970768,0.26026808952685515,Small,FreshEjecta,crater_ejecta_clump,Rim,Rim,491,1.199141814141853,1.199141814141853,5.18325945860457,1.743272679271921,0.011282138599927962,1.0,271,,unreal_rockfield.json,unreal_rockfield.json,nan,nan,nan
647,150.02077383407175,65.75155356340166,0.29646039015794695,Small,FreshEjecta,crater_ejecta_clump,ProximalEjecta,ProximalEjecta,491,1.3990841116104493,1.3990841116104493,6.0475048650337335,0.6346332060664489,0.011282138599927962,1.0,271,,unreal_rockfield.json,unreal_rockfield.json,nan,nan,nan
648,143.2370468258778,65.75728807637981,0.2647717590404663,Small,FreshEjecta,crater_ejecta_clump,ProximalEjecta,ProximalEjecta,491,2.290186562737921,2.290186562737921,9.89927214887044,0.40646424957513866,0.011282138599927962,1.0,271,,unreal_rockfield.json,unreal_rockfield.json,nan,nan,nan
649,148.7154825340919,63.47231095251802,0.2904662075419724,Small,FreshEjecta,crater_ejecta_clump,Rim,Rim,491,1.017418384714583,1.017418384714583,4.397764637791381,1.743272679271921,0.011282138599927962,1.0,271,,unreal_rockfield.json,unreal_rockfield.json,nan,nan,nan
650,147.4944875199614,65.44107396112138,0.3019046335057275,Medium,FreshEjecta,crater_ejecta_clump,ProximalEjecta,ProximalEjecta,491,1.553194551148371,1.553194551148371,6.713643251656741,0.5875679999936474,0.011282138599927962,1.0,271,,unreal_rockfield.json,unreal_rockfield.json,nan,nan,nan
651,147.89840839774297,61.67254366600922,0.2606790886090783,Small,FreshEjecta,crater_ejecta_clump,Rim,Rim,491,0.8670796211295034,0.8670796211295034,3.7479292228659706,1.743272679271921,0.011282138599927962,1.0,271,,unreal_rockfield.json,unreal_rockfield.json,nan,nan,nan
652,142.8139325152548,64.28567507298291,0.27006624124562584,Small,FreshEjecta,crater_ejecta_clump,ProximalEjecta,ProximalEjecta,491,2.189092328062862,2.189092328062862,9.462294935741664,0.4275379667451929,0.011282138599927962,1.0,271,,unreal_rockfield.json,unreal_rockfield.json,nan,nan,nan
653,150.6462501839142,64.66755279839936,0.2770052507614725,Small,FreshEjecta,crater_ejecta_clump,Rim,Rim,491,1.1296993170120884,1.1296993170120884,4.883096061888597,1.743272679271921,0.011282138599927962,1.0,271,,unreal_rockfield.json,unreal_rockfield.json,nan,nan,nan
654,144.9545115661056,63.80460530716184,0.30614979183941293,Medium,FreshEjecta,crater_ejecta_clump,ProximalEjecta,ProximalEjecta,491,1.7055617931930678,1.7055617931930678,7.372246712228121,0.5444675599804152,0.011282138599927962,1.0,271,,unreal_rockfield.json,unreal_rockfield.json,nan,nan,nan
655,147.588405916995,66.77620647078298,0.28339573876292157,Small,FreshEjecta,crater_ejecta_clump,ProximalEjecta,ProximalEjecta,491,1.8100353985268385,1.8100353985268385,7.823831167573224,0.5167563879682887,0.011282138599927962,1.0,271,,unreal_rockfield.json,unreal_rockfield.json,nan,nan,nan
656,142.35298519945118,62.32554787336118,0.2606931713188685,Small,FreshEjecta,crater_ejecta_clump,ProximalEjecta,ProximalEjecta,491,2.11696708253951,2.11696708253951,9.150535428522224,0.4432374887097834,0.011282138599927962,1.0,271,,unreal_rockfield.json,unreal_rockfield.json,nan,nan,nan
657,248.69783650604094,-8.886378763644665,0.27795357078041216,Small,FreshEjecta,crater_ejecta_single,Rim,Rim,492,0.9648591045530723,0.9648591045530723,2.210111113944469,0.9239835624805828,0.007525232139594213,1.0,-1,,unreal_rockfield.json,unreal_rockfield.json,nan,nan,nan
658,249.00361761156435,-2.653008655294971,0.2704029871880238,Small,FreshEjecta,crater_ejecta_clump,ProximalEjecta,ProximalEjecta,492,2.0529403448279133,2.0529403448279133,4.702475471245967,0.24257086471819544,0.01128784820939132,1.0,272,,unreal_rockfield.json,unreal_rockfield.json,nan,nan,nan
659,247.15618254098916,-10.140813302518513,0.2863324619632005,Small,FreshEjecta,crater_ejecta_clump,ProximalEjecta,ProximalEjecta,492,1.3405924909713396,1.3405924909713396,3.070767897182952,0.3463562328978306,0.01128784820939132,1.0,272,,unreal_rockfield.json,unreal_rockfield.json,nan,nan,nan
660,246.48642470347642,-5.8512590356867085,0.26755023877695167,Small,RegolithCovered,crater_ejecta_clump,CraterFloor,CraterFloor,492,0.6748200661026431,0.6748200661026431,1.545746234831906,0.25666210068905077,0.01128784820939132,1.0,272,,unreal_rockfield.json,unreal_rockfield.json,nan,nan,nan
661,-204.367252157604,59.88579203031739,0.26986002136983717,Small,FreshEjecta,crater_ejecta_clump,ProximalEjecta,ProximalEjecta,495,2.844132329914592,2.844132329914592,4.399693014527978,0.11044954316263825,0.011330715494312296,1.0,273,,unreal_rockfield.json,unreal_rockfield.json,nan,nan,nan
662,-204.5561163916992,58.05669145470465,0.2639287282248756,Small,MixedBreccia,crater_ejecta_clump,DistalEjecta,DistalEjecta,495,3.416345240685778,3.416345240685778,5.284870233556429,0.10414620254670717,0.011330715494312296,1.0,273,,unreal_rockfield.json,unreal_rockfield.json,nan,nan,nan
663,-86.83031495655811,145.71679698011118,0.3009049676008156,Medium,RegolithCovered,crater_ejecta_clump,CraterFloor,CraterFloor,496,0.21350436292382002,0.21350436292382002,0.34293558597569146,0.18031849660586932,0.011345890066825416,1.0,274,,unreal_rockfield.json,unreal_rockfield.json,nan,nan,nan
664,-88.61042341839592,149.44043338404816,0.26932853731917183,Small,FreshEjecta,crater_ejecta_clump,ProximalEjecta,ProximalEjecta,496,2.4610384129029477,2.4610384129029477,3.952976129760382,0.13896319802756785,0.011345890066825416,1.0,274,,unreal_rockfield.json,unreal_rockfield.json,nan,nan,nan
665,-190.47605785222638,-132.40735836672675,0.26111541995819093,Small,MixedBreccia,crater_ejecta_clump,DistalEjecta,DistalEjecta,498,3.4612907958954056,3.4612907958954056,5.339873354357911,0.10403206780997645,0.011380452231883591,1.0,275,,unreal_rockfield.json,unreal_rockfield.json,nan,nan,nan
666,-195.93754190898863,-127.2348821044574,0.2719269724311556,Small,FreshEjecta,crater_ejecta_clump,ProximalEjecta,ProximalEjecta,498,2.8041825721010682,2.8041825721010682,4.3261259109677574,0.11255445656717698,0.011380452231883591,1.0,275,,unreal_rockfield.json,unreal_rockfield.json,nan,nan,nan
667,100.01077641137415,-99.40504501030351,0.2682355660766872,Small,FreshEjecta,crater_ejecta_clump,ProximalEjecta,ProximalEjecta,503,2.233752820054168,2.233752820054168,3.5991247148085415,0.1565041505745297,0.011410715896110141,1.0,276,,unreal_rockfield.json,unreal_rockfield.json,nan,nan,nan
668,98.88438521620736,-96.42074639323916,0.2696706738429853,Small,RegolithCovered,crater_ejecta_clump,CraterFloor,CraterFloor,503,0.7733688120455878,0.7733688120455878,1.2460872036091704,0.1812641412992843,0.011410715896110141,1.0,276,,unreal_rockfield.json,unreal_rockfield.json,nan,nan,nan
669,239.82837620872394,232.7652146203581,0.3512812377936033,Medium,FreshEjecta,crater_ejecta_single,ProximalEjecta,ProximalEjecta,505,1.3575097181954072,1.3575097181954072,4.194073065540191,0.46586480677195335,0.00764167646529574,1.0,-1,,unreal_rockfield.json,unreal_rockfield.json,nan,nan,nan
670,233.5891432659635,235.75067414653884,0.2855447267628306,Small,FreshEjecta,crater_ejecta_single,Rim,Rim,505,1.1051667313072353,1.1051667313072353,3.4144507096924985,1.2533566523299178,0.00764167646529574,1.0,-1,,unreal_rockfield.json,unreal_rockfield.json,nan,nan,nan
671,227.24216354974277,231.13722957687204,0.26497884422303053,Small,FreshEjecta,crater_ejecta_clump,ProximalEjecta,ProximalEjecta,505,2.786495704706931,2.786495704706931,8.608974525715,0.2280129634455228,0.011462514697943611,1.0,277,,unreal_rockfield.json,unreal_rockfield.json,nan,nan,nan
672,230.33102629205155,232.1728074925737,0.26578773153894003,Small,FreshEjecta,crater_ejecta_clump,ProximalEjecta,ProximalEjecta,505,1.7409398515083994,1.7409398515083994,5.378693678630376,0.3845909920042631,0.011462514697943611,1.0,277,,unreal_rockfield.json,unreal_rockfield.json,nan,nan,nan
673,227.99393136693863,233.17789414368164,0.2612484578441243,Small,FreshEjecta,crater_ejecta_clump,ProximalEjecta,ProximalEjecta,505,2.476051155475645,2.476051155475645,7.649845390340895,0.26630033722950935,0.011462514697943611,1.0,277,,unreal_rockfield.json,unreal_rockfield.json,nan,nan,nan
674,230.9883650281865,235.18964352726707,0.27711089778834175,Small,FreshEjecta,crater_ejecta_clump,ProximalEjecta,ProximalEjecta,505,1.6616478747428185,1.6616478747428185,5.133718383346271,0.4001447671623591,0.011462514697943611,1.0,277,,unreal_rockfield.json,unreal_rockfield.json,nan,nan,nan
675,232.47711178557523,234.53923561408834,0.26049262994519606,Small,FreshEjecta,crater_ejecta_clump,Rim,Rim,505,1.1360212085123664,1.1360212085123664,3.509776680521938,1.2533566523299178,0.011462514697943611,1.0,277,,unreal_rockfield.json,unreal_rockfield.json,nan,nan,nan
676,-194.63506164294364,118.33238578472171,0.2712548057333065,Small,FreshEjecta,crater_ejecta_clump,ProximalEjecta,ProximalEjecta,507,2.834876457210609,2.834876457210609,4.506213426209148,0.11456480898244496,0.011477670937033054,1.0,278,,unreal_rockfield.json,unreal_rockfield.json,nan,nan,nan
677,-199.91833001630485,117.58814914633851,0.27148486465329263,Small,MixedBreccia,crater_ejecta_clump,DistalEjecta,DistalEjecta,507,4.650887416385819,4.650887416385819,7.392876421897615,0.10752782548279717,0.011477670937033054,1.0,278,,unreal_rockfield.json,unreal_rockfield.json,nan,nan,nan
678,-55.885487248444555,240.810650299346,0.261537765853935,Small,FreshEjecta,crater_ejecta_clump,ProximalEjecta,ProximalEjecta,509,2.2341493274631654,2.2341493274631654,3.5694360895207504,0.15553428361537885,0.011486140360220673,1.0,279,,unreal_rockfield.json,unreal_rockfield.json,nan,nan,nan
679,-55.23019893571323,234.82070243008906,0.26475684231341673,Small,FreshEjecta,crater_ejecta_clump,ProximalEjecta,ProximalEjecta,509,2.4913083372722538,2.4913083372722538,3.9802916393600505,0.13676808426664322,0.011486140360220673,1.0,279,,unreal_rockfield.json,unreal_rockfield.json,nan,nan,nan
680,-5.009163620007484,-236.38701049758987,0.26828832797269553,Small,MixedBreccia,crater_ejecta_clump,DistalEjecta,DistalEjecta,511,3.7046600857169607,3.7046600857169607,6.41818341330464,0.11729772905254351,0.011504947827053096,1.0,280,,unreal_rockfield.json,unreal_rockfield.json,nan,nan,nan
681,2.474031643096704,-239.3011596389726,0.268922399535043,Small,FreshEjecta,crater_ejecta_clump,ProximalEjecta,ProximalEjecta,511,1.4713754593225548,1.4713754593225548,2.5491023060864464,0.2471157668820915,0.011504947827053096,1.0,280,,unreal_rockfield.json,unreal_rockfield.json,nan,nan,nan
682,57.65006432940892,-147.79170421918138,0.2677656829703657,Small,FreshEjecta,crater_ejecta_clump,ProximalEjecta,ProximalEjecta,514,2.4581563752822944,2.4581563752822944,4.231118638534259,0.1501369186048933,0.011553672611353559,1.0,281,,unreal_rockfield.json,unreal_rockfield.json,nan,nan,nan
683,50.16863731400662,-149.8252728205194,0.2628067202941441,Small,FreshEjecta,crater_ejecta_clump,ProximalEjecta,ProximalEjecta,514,2.195647263617379,2.195647263617379,3.779273017027393,0.17119482308961514,0.011553672611353559,1.0,281,,unreal_rockfield.json,unreal_rockfield.json,nan,nan,nan
684,174.54934851073526,78.38567542161648,0.26353836734736685,Small,MixedBreccia,crater_ejecta_clump,DistalEjecta,DistalEjecta,518,3.5817005401159943,3.5817005401159943,6.084403219950398,0.11532924300328247,0.011589711176390058,1.0,282,,unreal_rockfield.json,unreal_rockfield.json,nan,nan,nan
685,175.74417728905945,75.52925017947629,0.26309313847591814,Small,MixedBreccia,crater_ejecta_clump,DistalEjecta,DistalEjecta,518,5.402217917503874,5.402217917503874,9.177001740929974,0.11532924300328247,0.011589711176390058,1.0,282,,unreal_rockfield.json,unreal_rockfield.json,nan,nan,nan
686,69.92259790237857,-90.58631612614903,0.2723448595985158,Small,FreshEjecta,crater_ejecta_single,ProximalEjecta,ProximalEjecta,519,2.042387719389069,2.042387719389069,8.780279993044747,0.46217154188318715,0.007726722004026826,1.0,-1,,unreal_rockfield.json,unreal_rockfield.json,nan,nan,nan
687,74.59033234472275,-93.52740974586207,0.33505313751326515,Medium,FreshEjecta,crater_ejecta_single,Rim,Rim,519,1.0521774969392186,1.0521774969392186,4.523339490246616,1.7512064000270566,0.007726722004026826,1.0,-1,,unreal_rockfield.json,unreal_rockfield.json,nan,nan,nan
688,74.36626497847332,-102.29188540902402,0.27571371550017537,Small,FreshEjecta,crater_ejecta_single,Rim,Rim,519,0.9874723380036995,0.9874723380036995,4.245170263583697,1.7512064000270566,0.007726722004026826,1.0,-1,,unreal_rockfield.json,unreal_rockfield.json,nan,nan,nan
689,78.87907469432464,-100.77574193641279,0.27897483552851166,Small,FreshEjecta,crater_ejecta_single,Rim,Rim,519,1.1906301421174883,1.1906301421174883,5.118551152999139,1.7512064000270566,0.007726722004026826,1.0,-1,,unreal_rockfield.json,unreal_rockfield.json,nan,nan,nan
690,75.8225503989241,-99.1301916144829,0.4290309372180879,Medium,RegolithCovered,crater_ejecta_clump,CraterFloor,CraterFloor,519,0.3888454244313657,0.3888454244313657,1.6716569866288546,0.486446222229738,0.011590083006040239,1.0,283,,unreal_rockfield.json,unreal_rockfield.json,nan,nan,nan
691,80.2345800774431,-94.85969739456337,0.2953241592599332,Small,FreshEjecta,crater_ejecta_clump,ProximalEjecta,ProximalEjecta,519,1.5171111715730008,1.5171111715730008,6.522101920477486,0.6009876581807659,0.011590083006040239,1.0,283,,unreal_rockfield.json,unreal_rockfield.json,nan,nan,nan
692,73.019118879859,-96.53447970762133,0.34356356784146014,Medium,RegolithCovered,crater_ejecta_clump,CraterFloor,CraterFloor,519,0.5005592199961899,0.5005592199961899,2.151917612382285,0.486446222229738,0.011590083006040239,1.0,283,,unreal_rockfield.json,unreal_rockfield.json,nan,nan,nan
693,77.7897066626533,-95.16223770894062,0.266126723812818,Small,FreshEjecta,crater_ejecta_clump,Rim,Rim,519,1.0102341348969226,1.0102341348969226,4.343023843474537,1.7512064000270566,0.011590083006040239,1.0,283,,unreal_rockfield.json,unreal_rockfield.json,nan,nan,nan
694,77.90597196059593,-101.13361526673421,0.26484196003122135,Small,FreshEjecta,crater_ejecta_clump,Rim,Rim,519,1.0606817568147784,1.0606817568147784,4.559899533245395,1.7512064000270566,0.011590083006040239,1.0,283,,unreal_rockfield.json,unreal_rockfield.json,nan,nan,nan
695,81.14821250555045,-97.15842390029644,0.31454045378389806,Medium,FreshEjecta,crater_ejecta_clump,ProximalEjecta,ProximalEjecta,519,1.549629915362069,1.549629915362069,6.661900878716185,0.5912949882393668,0.011590083006040239,1.0,283,,unreal_rockfield.json,unreal_rockfield.json,nan,nan,nan
696,83.78064622476353,-96.5315593165693,0.26415467456116476,Small,FreshEjecta,crater_ejecta_clump,ProximalEjecta,ProximalEjecta,519,2.176871177900002,2.176871177900002,9.358428015062916,0.4321161404247301,0.011590083006040239,1.0,283,,unreal_rockfield.json,unreal_rockfield.json,nan,nan,nan
697,83.04967690166706,-98.89857665856654,0.2644050564803534,Small,FreshEjecta,crater_ejecta_clump,ProximalEjecta,ProximalEjecta,519,1.9877859966035716,1.9877859966035716,8.545545711395862,0.4749630380313741,0.011590083006040239,1.0,283,,unreal_rockfield.json,unreal_rockfield.json,nan,nan,nan
698,81.84650237632712,-92.43817795548297,0.26283848822214667,Small,FreshEjecta,crater_ejecta_clump,ProximalEjecta,ProximalEjecta,519,2.141930970536466,2.141930970536466,9.208219119487174,0.43973158178766836,0.011590083006040239,1.0,283,,unreal_rockfield.json,unreal_rockfield.json,nan,nan,nan
699,71.04472023631887,-104.56060886450848,0.26966083550788483,Small,FreshEjecta,crater_ejecta_clump,ProximalEjecta,ProximalEjecta,519,1.7194676071820718,1.7194676071820718,7.392037705037356,0.5431557879280104,0.011590083006040239,1.0,284,,unreal_rockfield.json,unreal_rockfield.json,nan,nan,nan
700,65.3191612925651,-110.54935410132879,0.2645961543915107,Small,MixedBreccia,crater_ejecta_clump,DistalEjecta,DistalEjecta,519,3.6137925588959505,3.6137925588959505,15.535791859040044,0.29186773333784277,0.011590083006040239,1.0,284,,unreal_rockfield.json,unreal_rockfield.json,nan,nan,nan
701,195.65679549890064,-80.63823028284531,0.2711973712887634,Small,MixedBreccia,crater_ejecta_clump,DistalEjecta,DistalEjecta,520,4.610499615098463,4.610499615098463,7.317653025179895,0.10779944931033161,0.011602769397451172,1.0,285,,unreal_rockfield.json,unreal_rockfield.json,nan,nan,nan
702,197.12725904345479,-82.94869521800143,0.26164482606026024,Small,MixedBreccia,crater_ejecta_clump,DistalEjecta,DistalEjecta,520,3.5107828994211854,3.5107828994211854,5.572214130669789,0.10779944931033161,0.011602769397451172,1.0,285,,unreal_rockfield.json,unreal_rockfield.json,nan,nan,nan
703,116.73773257225886,-220.27670908118967,0.27136945824484027,Small,FreshEjecta,crater_ejecta_clump,ProximalEjecta,ProximalEjecta,521,2.995261235037252,2.995261235037252,4.5534010857909974,0.1015755386041474,0.011616553544358033,1.0,286,,unreal_rockfield.json,unreal_rockfield.json,nan,nan,nan
704,117.03221997732054,-228.28613817175886,0.27275575354649634,Small,MixedBreccia,crater_ejecta_clump,DistalEjecta,DistalEjecta,521,6.320158767192711,6.320158767192711,9.607915815913422,0.10329656355206612,0.011616553544358033,1.0,286,,unreal_rockfield.json,unreal_rockfield.json,nan,nan,nan
705,233.26530377095764,228.61164212218608,0.26316818054682567,Small,MixedBreccia,crater_ejecta_clump,DistalEjecta,DistalEjecta,522,3.946515915569643,3.946515915569643,6.744477346809411,0.1162041063675546,0.01163828943971022,1.0,287,,unreal_rockfield.json,unreal_rockfield.json,nan,nan,nan
706,234.7814746118056,230.42730141327695,0.2675580019899837,Small,MixedBreccia,crater_ejecta_clump,DistalEjecta,DistalEjecta,522,4.142285842941877,4.142285842941877,7.07904228170287,0.1162041063675546,0.01163828943971022,1.0,287,,unreal_rockfield.json,unreal_rockfield.json,nan,nan,nan
707,-206.4001529671152,-223.83206570031973,0.2607799887324722,Small,FreshEjecta,crater_ejecta_clump,ProximalEjecta,ProximalEjecta,525,2.838756578786919,2.838756578786919,5.090027431575004,0.12977968033905826,0.011669962692138418,1.0,288,,unreal_rockfield.json,unreal_rockfield.json,nan,nan,nan
708,-207.1631422184479,-226.04983035483602,0.2642369337140901,Small,MixedBreccia,crater_ejecta_clump,DistalEjecta,DistalEjecta,525,3.7572247131743906,3.7572247131743906,6.736885085378319,0.12204468918719244,0.011669962692138418,1.0,288,,unreal_rockfield.json,unreal_rockfield.json,nan,nan,nan
709,-0.4684947468138003,-94.47650595416512,0.2722631472164228,Small,FreshEjecta,crater_ejecta_single,ProximalEjecta,ProximalEjecta,526,1.5816316630447307,1.5816316630447307,3.5508645520187754,0.3046937559865933,0.007781842489263105,1.0,-1,,unreal_rockfield.json,unreal_rockfield.json,nan,nan,nan
710,0.13025046227668502,-95.27626120391952,0.27952133685697267,Small,FreshEjecta,crater_ejecta_clump,ProximalEjecta,ProximalEjecta,526,1.4304839668446194,1.4304839668446194,3.2115282772738136,0.3286130903529437,0.011672763733894656,1.0,289,,unreal_rockfield.json,unreal_rockfield.json,nan,nan,nan
711,-2.950465345824317,-99.24947593264132,0.2637898563478085,Small,MixedBreccia,crater_ejecta_clump,DistalEjecta,DistalEjecta,526,3.5731603538189005,3.5731603538189005,8.021974227949919,0.15282504524324386,0.011672763733894656,1.0,289,,unreal_rockfield.json,unreal_rockfield.json,nan,nan,nan
712,215.5526752011106,126.26997537736334,0.27201485195130637,Small,MixedBreccia,crater_ejecta_clump,DistalEjecta,DistalEjecta,527,3.0461704438748587,3.0461704438748587,5.310117144879061,0.11874239036302917,0.01169368943832556,1.0,290,,unreal_rockfield.json,unreal_rockfield.json,nan,nan,nan
713,217.43400117357285,128.6796374427246,0.26834448522163173,Small,MixedBreccia,crater_ejecta_clump,DistalEjecta,DistalEjecta,527,4.398514728861345,4.398514728861345,7.667538276032602,0.11874239036302917,0.01169368943832556,1.0,290,,unreal_rockfield.json,unreal_rockfield.json,nan,nan,nan
714,-47.75272430438282,-39.516517131752764,0.26550417451660485,Small,FreshEjecta,crater_ejecta_single,ProximalEjecta,ProximalEjecta,529,1.9867837150300658,1.9867837150300658,4.286740259646071,0.23940858942980234,0.0078061861116959135,1.0,-1,,unreal_rockfield.json,unreal_rockfield.json,nan,nan,nan
715,-51.63564706614195,-41.52429833857038,0.2672453303310031,Small,FreshEjecta,crater_ejecta_clump,ProximalEjecta,ProximalEjecta,529,2.8812938158015466,2.8812938158015466,6.216760338142202,0.15307325858565957,0.01170927916754387,1.0,291,,unreal_rockfield.json,unreal_rockfield.json,nan,nan,nan
716,-50.063549639936625,-38.71918968114242,0.26639550976993065,Small,FreshEjecta,crater_ejecta_clump,ProximalEjecta,ProximalEjecta,529,1.4387163314059659,1.4387163314059659,3.1042147030860465,0.314884329446098,0.01170927916754387,1.0,291,,unreal_rockfield.json,unreal_rockfield.json,nan,nan,nan
717,-196.61743069152902,242.09161089666236,0.28885649561320637,Small,FreshEjecta,crater_ejecta_single,Rim,Rim,530,1.1987594413332237,1.1987594413332237,3.536502008775109,1.2065740079595544,0.007810476722247561,1.0,-1,,unreal_rockfield.json,unreal_rockfield.json,nan,nan,nan
718,-199.06426104033508,243.45010093303458,0.28091495840211567,Small,RegolithCovered,crater_ejecta_clump,CraterFloor,CraterFloor,530,0.25872280084657295,0.25872280084657295,0.7632671521587533,0.33515944665543174,0.011715715083371341,1.0,292,,unreal_rockfield.json,unreal_rockfield.json,nan,nan,nan
719,-204.83628864992264,243.38421070558607,0.2726525486112743,Small,FreshEjecta,crater_ejecta_clump,ProximalEjecta,ProximalEjecta,530,1.788098863038248,1.788098863038248,5.275132777257062,0.3616079364716047,0.011715715083371341,1.0,292,,unreal_rockfield.json,unreal_rockfield.json,nan,nan,nan
720,-198.07415386397486,238.21735757492993,0.2704292022429362,Small,FreshEjecta,crater_ejecta_clump,ProximalEjecta,ProximalEjecta,530,2.0259100633766036,2.0259100633766036,5.976707887915175,0.3210686542130333,0.011715715083371341,1.0,292,,unreal_rockfield.json,unreal_rockfield.json,nan,nan,nan
721,-200.14630413103285,239.02839540920613,0.2665649038317845,Small,FreshEjecta,crater_ejecta_clump,ProximalEjecta,ProximalEjecta,530,1.6944090311071813,1.6944090311071813,4.998735138663685,0.3789504631497632,0.011715715083371341,1.0,292,,unreal_rockfield.json,unreal_rockfield.json,nan,nan,nan
722,-205.28498357963372,242.96656427962313,0.26017434666320816,Small,FreshEjecta,crater_ejecta_clump,ProximalEjecta,ProximalEjecta,530,1.9594648630778038,1.9594648630778038,5.780685586669457,0.3319145567025607,0.011715715083371341,1.0,292,,unreal_rockfield.json,unreal_rockfield.json,nan,nan,nan
723,162.6960370045528,181.28483084969903,0.2707824774411713,Small,FreshEjecta,crater_ejecta_single,ProximalEjecta,ProximalEjecta,531,2.089527121260084,2.089527121260084,6.197641709059801,0.313100007401892,0.00783762921473955,1.0,-1,,unreal_rockfield.json,unreal_rockfield.json,nan,nan,nan
724,158.19484872030873,180.13820149087022,0.2603425523838527,Small,FreshEjecta,crater_ejecta_single,ProximalEjecta,ProximalEjecta,531,1.8631229823297972,1.8631229823297972,5.526115735426139,0.35062761046936575,0.00783762921473955,1.0,-1,,unreal_rockfield.json,unreal_rockfield.json,nan,nan,nan
725,157.48401429016772,187.83628585155236,0.2631174020417931,Small,RegolithCovered,crater_ejecta_clump,CraterFloor,CraterFloor,531,0.7837621371745744,0.7837621371745744,2.324677608590072,0.33740452565937085,0.011756443822109323,1.0,293,,unreal_rockfield.json,unreal_rockfield.json,nan,nan,nan
726,159.88674615659684,184.41494435472677,0.2883010288105095,Small,RegolithCovered,crater_ejecta_clump,CraterFloor,CraterFloor,531,0.6781228867013178,0.6781228867013178,2.011346320287843,0.33740452565937085,0.011756443822109323,1.0,293,,unreal_rockfield.json,unreal_rockfield.json,nan,nan,nan
727,160.9928251477467,185.80296913966728,0.4693313869854236,Medium,FreshEjecta,crater_ejecta_clump,Rim,Rim,531,0.9058913409852647,0.9058913409852647,2.6869189213397933,1.2146562923737352,0.011756443822109323,1.0,293,,unreal_rockfield.json,unreal_rockfield.json,nan,nan,nan
728,159.83061681101722,179.23077015885988,0.2710654291110761,Small,FreshEjecta,crater_ejecta_clump,ProximalEjecta,ProximalEjecta,531,2.2284706325838286,2.2284706325838286,6.609755096927175,0.29208676434846537,0.011756443822109323,1.0,293,,unreal_rockfield.json,unreal_rockfield.json,nan,nan,nan
729,155.81430396353474,181.43335286652876,0.2661853378396249,Small,FreshEjecta,crater_ejecta_clump,ProximalEjecta,ProximalEjecta,531,1.6557137285405987,1.6557137285405987,4.910929538965708,0.38894165620962673,0.011756443822109323,1.0,293,,unreal_rockfield.json,unreal_rockfield.json,nan,nan,nan
730,113.74741800536049,188.60040120786033,0.2621436893953858,Small,FreshEjecta,crater_ejecta_clump,ProximalEjecta,ProximalEjecta,532,1.8593125780607191,1.8593125780607191,2.9826319504955925,0.1900178497576514,0.011760216223404832,1.0,294,,unreal_rockfield.json,unreal_rockfield.json,nan,nan,nan
731,119.58632396572281,189.90976284204817,0.27136901153410115,Small,MixedBreccia,crater_ejecta_clump,DistalEjecta,DistalEjecta,532,3.2432052782327143,3.2432052782327143,5.202615094962771,0.10950224483901771,0.011760216223404832,1.0,294,,unreal_rockfield.json,unreal_rockfield.json,nan,nan,nan
732,235.48595749316434,-131.05780078145438,0.260245664633054,Small,RegolithCovered,crater_ejecta_clump,CraterFloor,CraterFloor,533,0.7344286516335157,0.7344286516335157,1.1679278350431967,0.1809593551872683,0.011766748803168102,1.0,295,,unreal_rockfield.json,unreal_rockfield.json,nan,nan,nan
733,234.47741097972238,-131.11908528045393,0.3297871962949436,Medium,RegolithCovered,crater_ejecta_clump,CraterFloor,CraterFloor,533,0.3505075443031049,0.3505075443031049,0.5573958974417974,0.1809593551872683,0.011766748803168102,1.0,295,,unreal_rockfield.json,unreal_rockfield.json,nan,nan,nan
734,95.2007178012404,-136.82981991548098,0.263758477495009,Small,MixedBreccia,crater_ejecta_clump,DistalEjecta,DistalEjecta,536,3.789593314751757,3.789593314751757,6.272647941735166,0.11318710820012602,0.01181559221141228,1.0,296,,unreal_rockfield.json,unreal_rockfield.json,nan,nan,nan
735,93.46727523536163,-137.02225755634834,0.2707124694820588,Small,FreshEjecta,crater_ejecta_clump,ProximalEjecta,ProximalEjecta,536,2.777349051394332,2.777349051394332,4.597151030136326,0.12411356601684724,0.01181559221141228,1.0,296,,unreal_rockfield.json,unreal_rockfield.json,nan,nan,nan
736,-31.848850681249882,66.13000807961426,0.33230642677815003,Medium,FreshEjecta,crater_ejecta_single,Rim,Rim,537,0.9412164658922343,0.9412164658922343,1.8056016678757125,0.787137725324607,0.007878437628478719,1.0,-1,,unreal_rockfield.json,unreal_rockfield.json,nan,nan,nan
737,-25.324228413778414,72.5261978519168,0.2700749094939209,Small,MixedBreccia,crater_ejecta_clump,DistalEjecta,DistalEjecta,537,4.318269592909911,4.318269592909911,8.284039922637577,0.13118962088743452,0.011817656442718079,1.0,297,,unreal_rockfield.json,unreal_rockfield.json,nan,nan,nan
738,-18.854682027017606,71.43606459087307,0.26858994826811666,Small,MixedBreccia,crater_ejecta_clump,DistalEjecta,DistalEjecta,537,7.1950657100169995,7.1950657100169995,13.802800011755771,0.13118962088743452,0.011817656442718079,1.0,297,,unreal_rockfield.json,unreal_rockfield.json,nan,nan,nan
739,186.45013601756497,62.42883582126039,0.3583152537100021,Medium,FreshEjecta,crater_ejecta_single,Rim,Rim,538,0.9529699487395386,0.9529699487395386,2.213831877089004,0.9542311029914873,0.007901237715468856,1.0,-1,,unreal_rockfield.json,unreal_rockfield.json,nan,nan,nan
740,177.2645730803392,56.48474704772006,0.2644463267393492,Small,MixedBreccia,crater_ejecta_clump,DistalEjecta,DistalEjecta,538,4.008524409989474,4.008524409989474,9.312150011300675,0.15903851716524786,0.011851856573203284,1.0,298,,unreal_rockfield.json,unreal_rockfield.json,nan,nan,nan
741,183.48806572403006,56.1317799419699,0.2669470282866926,Small,FreshEjecta,crater_ejecta_clump,ProximalEjecta,ProximalEjecta,538,2.0519330746871143,2.0519330746871143,4.766818572195252,0.2506378666190154,0.011851856573203284,1.0,298,,unreal_rockfield.json,unreal_rockfield.json,nan,nan,nan
742,189.89576131472003,60.459768839162024,0.2641463821357049,Small,FreshEjecta,crater_ejecta_clump,ProximalEjecta,ProximalEjecta,538,1.787311270143912,1.787311270143912,4.152079159850285,0.2860938881365464,0.011851856573203284,1.0,298,,unreal_rockfield.json,unreal_rockfield.json,nan,nan,nan
743,-90.49596074034619,-50.790900398092816,0.2641799388731222,Small,FreshEjecta,crater_ejecta_clump,ProximalEjecta,ProximalEjecta,539,1.7197856890728307,1.7197856890728307,3.2237390402858517,0.2389061183149947,0.011869031089145667,1.0,299,,unreal_rockfield.json,unreal_rockfield.json,nan,nan,nan
744,-93.18782206784928,-52.28843142579126,0.27290953593396433,Small,FreshEjecta,crater_ejecta_clump,Rim,Rim,539,0.8893558094693103,0.8893558094693103,1.6670978610346054,0.7703875694132518,0.011869031089145667,1.0,299,,unreal_rockfield.json,unreal_rockfield.json,nan,nan,nan
745,67.77358592908233,-93.31238205197631,0.26820651264225304,Small,MixedBreccia,crater_ejecta_clump,DistalEjecta,DistalEjecta,541,6.23009757879634,6.23009757879634,9.563355046135545,0.10528427027648765,0.011911067446953034,1.0,300,,unreal_rockfield.json,unreal_rockfield.json,nan,nan,nan
746,72.89335994408503,-95.56757236148559,0.2632931817108303,Small,MixedBreccia,crater_ejecta_clump,DistalEjecta,DistalEjecta,541,5.26878889190908,5.26878889190908,8.087722254616189,0.10528427027648765,0.011911067446953034,1.0,300,,unreal_rockfield.json,unreal_rockfield.json,nan,nan,nan
747,-26.797184063639165,-59.13873535649983,0.272571631317258,Small,FreshEjecta,crater_ejecta_single,ProximalEjecta,ProximalEjecta,546,2.695298874993253,2.695298874993253,10.253282010404966,0.29868250649016187,0.00798303173420158,1.0,-1,,unreal_rockfield.json,unreal_rockfield.json,nan,nan,nan
748,-20.970328895650564,-61.0825655759764,0.37602595616284207,Medium,FreshEjecta,crater_ejecta_single,Rim,Rim,546,1.1110610929611966,1.1110610929611966,4.226626895671608,1.5686345581417172,0.00798303173420158,1.0,-1,,unreal_rockfield.json,unreal_rockfield.json,nan,nan,nan
749,-13.998648814802374,-63.35246118256658,0.26588596763035593,Small,FreshEjecta,crater_ejecta_single,Rim,Rim,546,0.9342480300120338,0.9342480300120338,3.554006054116221,1.5686345581417172,0.00798303173420158,1.0,-1,,unreal_rockfield.json,unreal_rockfield.json,nan,nan,nan
750,-25.978384179078887,-56.615872807785706,0.26851674590115615,Small,FreshEjecta,crater_ejecta_clump,ProximalEjecta,ProximalEjecta,546,2.8715557550800974,2.8715557550800974,10.923787057014708,0.27348662511541605,0.01197454760130237,1.0,301,,unreal_rockfield.json,unreal_rockfield.json,nan,nan,nan
751,-21.55877348931251,-68.12019722337439,0.28795989428969976,Small,FreshEjecta,crater_ejecta_clump,ProximalEjecta,ProximalEjecta,546,1.5965090379504723,1.5965090379504723,6.0733366344418815,0.5173792044527656,0.01197454760130237,1.0,301,,unreal_rockfield.json,unreal_rockfield.json,nan,nan,nan
752,-26.772339836174673,-66.82258952086899,0.2627975960520613,Small,FreshEjecta,crater_ejecta_clump,ProximalEjecta,ProximalEjecta,546,2.5723074455549924,2.5723074455549924,9.7854059530989,0.3176267250586543,0.01197454760130237,1.0,301,,unreal_rockfield.json,unreal_rockfield.json,nan,nan,nan
753,-27.523234089709202,-63.100442450761925,0.2607202388103117,Small,FreshEjecta,crater_ejecta_clump,ProximalEjecta,ProximalEjecta,546,2.625383577460128,2.625383577460128,9.987314748258461,0.30930839052563586,0.01197454760130237,1.0,301,,unreal_rockfield.json,unreal_rockfield.json,nan,nan,nan
754,-25.56684918677452,-61.04250090456235,0.2696144613212841,Small,FreshEjecta,crater_ejecta_clump,ProximalEjecta,ProximalEjecta,546,2.2098063862776525,2.2098063862776525,8.406402821266111,0.38074406438463315,0.01197454760130237,1.0,301,,unreal_rockfield.json,unreal_rockfield.json,nan,nan,nan
755,-30.33105788007082,-59.51735630233052,0.267529816047592,Small,MixedBreccia,crater_ejecta_clump,DistalEjecta,DistalEjecta,546,3.524776888980163,3.524776888980163,13.408728732008225,0.26143909302361956,0.01197454760130237,1.0,301,,unreal_rockfield.json,unreal_rockfield.json,nan,nan,nan
756,-25.053816222616494,-62.28459775676197,0.2722344248256779,Small,FreshEjecta,crater_ejecta_clump,ProximalEjecta,ProximalEjecta,546,2.001766917915784,2.001766917915784,7.614992503768651,0.4224821243040145,0.01197454760130237,1.0,301,,unreal_rockfield.json,unreal_rockfield.json,nan,nan,nan
757,-28.66112449855145,-58.42271035610284,0.2673509250119564,Small,MixedBreccia,crater_ejecta_clump,DistalEjecta,DistalEjecta,546,3.218809234142212,3.218809234142212,12.244786328357865,0.26143909302361956,0.01197454760130237,1.0,301,,unreal_rockfield.json,unreal_rockfield.json,nan,nan,nan
758,-24.2484266598379,-62.18107910059661,0.2683647471788567,Small,FreshEjecta,crater_ejecta_clump,ProximalEjecta,ProximalEjecta,546,1.7986878187449493,1.7986878187449493,6.842452102577417,0.4676343495443906,0.01197454760130237,1.0,301,,unreal_rockfield.json,unreal_rockfield.json,nan,nan,nan
759,-218.80360921930952,5.142676260168862,0.26967110323025606,Small,FreshEjecta,crater_ejecta_clump,ProximalEjecta,ProximalEjecta,549,2.4618308010003886,2.4618308010003886,3.987962088816446,0.1429985805954774,0.011988362797881147,1.0,302,,unreal_rockfield.json,unreal_rockfield.json,nan,nan,nan
760,-216.42504011097807,4.149803735925344,0.2705079435979172,Small,MixedBreccia,crater_ejecta_clump,DistalEjecta,DistalEjecta,549,3.8843294194273232,3.8843294194273232,6.292292085571366,0.11137700098149067,0.011988362797881147,1.0,302,,unreal_rockfield.json,unreal_rockfield.json,nan,nan,nan
761,-191.6830450603498,50.970888767107574,0.2602885832987292,Small,MixedBreccia,crater_ejecta_clump,DistalEjecta,DistalEjecta,551,6.556598436599382,6.556598436599382,9.841489729316367,0.10325094444783614,0.012003728245457167,1.0,303,,unreal_rockfield.json,unreal_rockfield.json,nan,nan,nan
762,-193.6247399861713,49.82081921944955,0.2703706773229013,Small,MixedBreccia,crater_ejecta_clump,DistalEjecta,DistalEjecta,551,5.145063132028876,5.145063132028876,7.7227675997203,0.10325094444783614,0.012003728245457167,1.0,303,,unreal_rockfield.json,unreal_rockfield.json,nan,nan,nan
763,-82.50251704433343,-46.18674855731375,0.3255014708999887,Medium,FreshEjecta,crater_ejecta_single,Rim,Rim,554,0.8762699272843651,0.8762699272843651,1.7828890382674405,0.8402054029325261,0.008014061286344121,1.0,-1,,unreal_rockfield.json,unreal_rockfield.json,nan,nan,nan
764,-84.1796189901588,-46.10039126918559,0.26320722628528825,Small,RegolithCovered,crater_ejecta_clump,CraterFloor,CraterFloor,554,0.6904628359974323,0.6904628359974323,1.4048395172545791,0.23339038970347947,0.012021091929516182,1.0,304,,unreal_rockfield.json,unreal_rockfield.json,nan,nan,nan
765,-85.56430004065562,-51.197754053495025,0.2689717943776542,Small,FreshEjecta,crater_ejecta_clump,ProximalEjecta,ProximalEjecta,554,2.04572594039293,2.04572594039293,4.162304605989629,0.2213739167550631,0.012021091929516182,1.0,304,,unreal_rockfield.json,unreal_rockfield.json,nan,nan,nan
766,-75.32190020691245,217.94581284655092,0.3195724245011778,Medium,FreshEjecta,crater_ejecta_single,Rim,Rim,556,1.07994794302972,1.07994794302972,3.563139110220804,1.363362598410654,0.00802792429077515,1.0,-1,,unreal_rockfield.json,unreal_rockfield.json,nan,nan,nan
767,-76.15055223807035,217.74485289734284,0.2777004842968714,Small,FreshEjecta,crater_ejecta_single,Rim,Rim,556,0.9726772809336139,0.9726772809336139,3.209214373421339,1.363362598410654,0.00802792429077515,1.0,-1,,unreal_rockfield.json,unreal_rockfield.json,nan,nan,nan
768,-82.25658044940752,227.40705486816032,0.2633112806959425,Small,FreshEjecta,crater_ejecta_clump,ProximalEjecta,ProximalEjecta,556,2.491751386267895,2.491751386267895,8.221189618131154,0.2874082033666618,0.012041886436162724,1.0,305,,unreal_rockfield.json,unreal_rockfield.json,nan,nan,nan
769,-78.48126394545417,220.9692462074982,0.33644837906332653,Medium,RegolithCovered,crater_ejecta_clump,CraterFloor,CraterFloor,556,0.24796759693325868,0.24796759693325868,0.8181348447422767,0.3787118328918484,0.012041886436162724,1.0,305,,unreal_rockfield.json,unreal_rockfield.json,nan,nan,nan
770,-83.54195343394235,223.92863200777538,0.2645139491723692,Small,FreshEjecta,crater_ejecta_clump,ProximalEjecta,ProximalEjecta,556,2.0236062869399456,2.0236062869399456,6.676609508099211,0.36320814287249176,0.012041886436162724,1.0,305,,unreal_rockfield.json,unreal_rockfield.json,nan,nan,nan
771,-81.30885731307256,222.13821571340964,0.31400490549711607,Medium,FreshEjecta,crater_ejecta_clump,Rim,Rim,556,1.1695833146940933,1.1695833146940933,3.858878641461997,1.363362598410654,0.012041886436162724,1.0,305,,unreal_rockfield.json,unreal_rockfield.json,nan,nan,nan
772,-84.42530848998692,223.25333460322602,0.266054667533867,Small,FreshEjecta,crater_ejecta_clump,ProximalEjecta,ProximalEjecta,556,2.1701268790463693,2.1701268790463693,7.160033969025045,0.3375507165309194,0.012041886436162724,1.0,305,,unreal_rockfield.json,unreal_rockfield.json,nan,nan,nan
773,-78.63536310847101,225.43888651948018,0.2696392040510955,Small,FreshEjecta,crater_ejecta_clump,ProximalEjecta,ProximalEjecta,556,1.521799378333719,1.521799378333719,5.020966906644082,0.4667900200018768,0.012041886436162724,1.0,305,,unreal_rockfield.json,unreal_rockfield.json,nan,nan,nan
774,-78.82557634585956,222.60278900677883,0.29855671969913894,Small,RegolithCovered,crater_ejecta_clump,CraterFloor,CraterFloor,556,0.7104730360608655,0.7104730360608655,2.3441076747123497,0.3787118328918484,0.012041886436162724,1.0,305,,unreal_rockfield.json,unreal_rockfield.json,nan,nan,nan
775,120.92042420727319,-239.81777381052933,0.2616821137380911,Small,MixedBreccia,crater_ejecta_clump,DistalEjecta,DistalEjecta,561,4.1244483692033,4.1244483692033,7.21978547379747,0.12079757400628915,0.01210609122444515,1.0,306,,unreal_rockfield.json,unreal_rockfield.json,nan,nan,nan
776,113.79587920447311,-232.46166714577794,0.2696805508401094,Small,MixedBreccia,crater_ejecta_clump,DistalEjecta,DistalEjecta,561,4.376039988325637,4.376039988325637,7.660192857881054,0.12079757400628915,0.01210609122444515,1.0,306,,unreal_rockfield.json,unreal_rockfield.json,nan,nan,nan
777,136.66687520429073,114.19878828415936,0.27622175105089464,Small,FreshEjecta,crater_ejecta_clump,ProximalEjecta,ProximalEjecta,563,1.3225664417304182,1.3225664417304182,2.2989583037804184,0.27247148562196244,0.01213447157699209,1.0,307,,unreal_rockfield.json,unreal_rockfield.json,nan,nan,nan
778,134.16981177240754,117.40164281815824,0.2717598616273066,Small,FreshEjecta,crater_ejecta_clump,ProximalEjecta,ProximalEjecta,563,2.2385300724213963,2.2385300724213963,3.891137061909764,0.17235428474326775,0.01213447157699209,1.0,307,,unreal_rockfield.json,unreal_rockfield.json,nan,nan,nan
779,195.15994499880924,-168.83590495547938,0.2666108328086769,Small,FreshEjecta,crater_ejecta_clump,ProximalEjecta,ProximalEjecta,564,1.325744383196192,1.325744383196192,2.211552665730492,0.26109441986323745,0.012137636914840016,1.0,308,,unreal_rockfield.json,unreal_rockfield.json,nan,nan,nan
780,194.4038959618984,-171.153559337096,0.3814553002657246,Medium,RegolithCovered,crater_ejecta_clump,CraterFloor,CraterFloor,564,0.2889165553912247,0.2889165553912247,0.48195880468955965,0.19204902273516328,0.012137636914840016,1.0,308,,unreal_rockfield.json,unreal_rockfield.json,nan,nan,nan
781,29.77004617090958,-194.60790817383548,0.2612055863731277,Small,FreshEjecta,crater_ejecta_clump,ProximalEjecta,ProximalEjecta,567,2.6617329594587615,2.6617329594587615,4.0287500700616174,0.121516217866388,0.012150575969929734,1.0,309,,unreal_rockfield.json,unreal_rockfield.json,nan,nan,nan
782,32.38820841629925,-194.89671936364107,0.2664688140943128,Small,FreshEjecta,crater_ejecta_clump,ProximalEjecta,ProximalEjecta,567,2.753832503233812,2.753832503233812,4.168150246220471,0.11604731111165235,0.012150575969929734,1.0,309,,unreal_rockfield.json,unreal_rockfield.json,nan,nan,nan
783,-210.38794287080262,-96.3205207978163,0.4227359923852857,Medium,FreshEjecta,crater_ejecta_single,Rim,Rim,571,0.9370485526148595,0.9370485526148595,2.0703651692745333,0.9170643642697223,0.008123314194351135,1.0,-1,,unreal_rockfield.json,unreal_rockfield.json,nan,nan,nan
784,-199.65954786105894,-97.09497832513087,0.269905330567633,Small,MixedBreccia,crater_ejecta_clump,DistalEjecta,DistalEjecta,571,4.015025335200082,4.015025335200082,8.871011629607201,0.15284406071162038,0.012184971291526703,1.0,310,,unreal_rockfield.json,unreal_rockfield.json,nan,nan,nan
785,-206.2627217728075,-97.31296636597236,0.2736168428650459,Small,FreshEjecta,crater_ejecta_clump,ProximalEjecta,ProximalEjecta,571,1.2225219742497684,1.2225219742497684,2.7011054092089823,0.3646676739435952,0.012184971291526703,1.0,310,,unreal_rockfield.json,unreal_rockfield.json,nan,nan,nan
786,-205.42468599414866,-97.62251914115829,0.2690225151887775,Small,FreshEjecta,crater_ejecta_clump,ProximalEjecta,ProximalEjecta,571,1.6138380345959353,1.6138380345959353,3.5657000337432585,0.2998638164191274,0.012184971291526703,1.0,310,,unreal_rockfield.json,unreal_rockfield.json,nan,nan,nan
787,-227.0634670471596,70.97592811844999,0.2641249048415307,Small,MixedBreccia,crater_ejecta_clump,DistalEjecta,DistalEjecta,572,3.812181040690855,3.812181040690855,6.480342054814519,0.1175973130284132,0.012185660696181223,1.0,311,,unreal_rockfield.json,unreal_rockfield.json,nan,nan,nan
788,-224.26348694036938,73.65337009082779,0.272482613387027,Small,MixedBreccia,crater_ejecta_clump,DistalEjecta,DistalEjecta,572,5.618230446881181,5.618230446881181,9.550452785412707,0.1175973130284132,0.012185660696181223,1.0,311,,unreal_rockfield.json,unreal_rockfield.json,nan,nan,nan
789,-17.87282425853899,57.33336513127872,0.2627082839486993,Small,FreshEjecta,crater_ejecta_single,ProximalEjecta,ProximalEjecta,573,1.758550335746961,1.758550335746961,4.025408370639658,0.2890977902787095,0.008131952644065165,1.0,-1,,unreal_rockfield.json,unreal_rockfield.json,nan,nan,nan
790,-22.678599527285257,63.52368264034874,0.2666740166264594,Small,FreshEjecta,crater_ejecta_clump,ProximalEjecta,ProximalEjecta,573,1.7870086246995567,1.7870086246995567,4.090550796327008,0.2850133043380993,0.012197928966097747,1.0,312,,unreal_rockfield.json,unreal_rockfield.json,nan,nan,nan
791,-17.756933778776535,63.077765120328884,0.2613346862931055,Small,FreshEjecta,crater_ejecta_clump,ProximalEjecta,ProximalEjecta,573,2.055612327110985,2.055612327110985,4.705397906525023,0.2491945732177665,0.012197928966097747,1.0,312,,unreal_rockfield.json,unreal_rockfield.json,nan,nan,nan
792,-21.282331381562,61.65472173719316,0.2619776897932775,Small,RegolithCovered,crater_ejecta_clump,CraterFloor,CraterFloor,573,0.8342904490841173,0.8342904490841173,1.9097319474005445,0.2640230854398607,0.012197928966097747,1.0,312,,unreal_rockfield.json,unreal_rockfield.json,nan,nan,nan
793,-147.77483904865358,-30.90004955518311,0.2605017759176861,Small,MixedBreccia,crater_ejecta_clump,DistalEjecta,DistalEjecta,577,4.2987593031632025,4.2987593031632025,7.302575121326937,0.11773024521240773,0.012243885628330183,1.0,313,,unreal_rockfield.json,unreal_rockfield.json,nan,nan,nan
794,-143.987435725551,-30.160385369763112,0.2675952033809197,Small,MixedBreccia,crater_ejecta_clump,DistalEjecta,DistalEjecta,577,4.943598604254399,4.943598604254399,8.398004547658706,0.11773024521240773,0.012243885628330183,1.0,313,,unreal_rockfield.json,unreal_rockfield.json,nan,nan,nan
795,13.991634528511042,-159.76085964074454,0.26435115625497907,Small,FreshEjecta,crater_ejecta_single,ProximalEjecta,ProximalEjecta,579,1.4323131495262438,1.4323131495262438,2.7791459564730823,0.28908122789984286,0.008177426290507037,1.0,-1,,unreal_rockfield.json,unreal_rockfield.json,nan,nan,nan
796,14.040860681095385,-163.21109287274925,0.2730485953858008,Small,FreshEjecta,crater_ejecta_clump,ProximalEjecta,ProximalEjecta,579,1.2579555244911096,1.2579555244911096,2.4408363565389277,0.3154141466402461,0.012266139435760555,1.0,314,,unreal_rockfield.json,unreal_rockfield.json,nan,nan,nan
797,11.55695821608475,-162.77797118422603,0.28352689188672775,Small,RegolithCovered,crater_ejecta_clump,CraterFloor,CraterFloor,579,0.5833271617450478,0.5833271617450478,1.13184140172202,0.22427223741783286,0.012266139435760555,1.0,314,,unreal_rockfield.json,unreal_rockfield.json,nan,nan,nan
798,12.376799264196084,-216.35485370541292,0.26763980621777395,Small,MixedBreccia,crater_ejecta_single,DistalEjecta,DistalEjecta,580,5.9645151180054246,5.9645151180054246,19.761694647685943,0.22986298370684394,0.008185722448514395,1.0,-1,,unreal_rockfield.json,unreal_rockfield.json,nan,nan,nan
799,4.443889687764417,-231.55760859012784,0.32105722714919943,Medium,FreshEjecta,crater_ejecta_single,Rim,Rim,580,0.8873113993789425,0.8873113993789425,2.939849524231126,1.3791779022410637,0.008185722448514395,1.0,-1,,unreal_rockfield.json,unreal_rockfield.json,nan,nan,nan
800,7.726554207112778,-242.56127306943822,0.26212285830073756,Small,FreshEjecta,crater_ejecta_clump,ProximalEjecta,ProximalEjecta,580,2.6174911211917773,2.6174911211917773,8.67229929954785,0.2730260196760331,0.012278583672771593,1.0,315,,unreal_rockfield.json,unreal_rockfield.json,nan,nan,nan
801,12.456565849316323,-244.9318105678852,0.26981260593934053,Small,MixedBreccia,crater_ejecta_clump,DistalEjecta,DistalEjecta,580,3.9536542829191204,3.9536542829191204,13.099289235717603,0.22986298370684394,0.012278583672771593,1.0,315,,unreal_rockfield.json,unreal_rockfield.json,nan,nan,nan
802,9.025597237261618,-243.80434567793972,0.2717274178674253,Small,MixedBreccia,crater_ejecta_clump,DistalEjecta,DistalEjecta,580,3.1187724143016107,3.1187724143016107,10.333149787985604,0.22986298370684394,0.012278583672771593,1.0,315,,unreal_rockfield.json,unreal_rockfield.json,nan,nan,nan
803,15.017110961035396,-240.08165097135748,0.2642493998601074,Small,MixedBreccia,crater_ejecta_clump,DistalEjecta,DistalEjecta,580,3.5837522651251286,3.5837522651251286,11.873725953441568,0.22986298370684394,0.012278583672771593,1.0,315,,unreal_rockfield.json,unreal_rockfield.json,nan,nan,nan
804,8.134707238998885,-238.87083941164894,0.2973589483450639,Small,FreshEjecta,crater_ejecta_clump,ProximalEjecta,ProximalEjecta,580,1.7091518742557612,1.7091518742557612,5.662780088125136,0.42997915221006955,0.012278583672771593,1.0,315,,unreal_rockfield.json,unreal_rockfield.json,nan,nan,nan
805,10.989759313396736,-239.79555430006346,0.2704794925574829,Small,FreshEjecta,crater_ejecta_clump,ProximalEjecta,ProximalEjecta,580,2.519714610022098,2.519714610022098,8.348345127377456,0.2867054426232226,0.012278583672771593,1.0,315,,unreal_rockfield.json,unreal_rockfield.json,nan,nan,nan
806,9.237648749201966,-242.37083313751288,0.26749511993347574,Small,FreshEjecta,crater_ejecta_clump,ProximalEjecta,ProximalEjecta,580,2.7677106210135065,2.7677106210135065,9.170008137043068,0.2532703134329454,0.012278583672771593,1.0,315,,unreal_rockfield.json,unreal_rockfield.json,nan,nan,nan
807,-241.3228649561456,33.99875923700595,0.2638003211934183,Small,MixedBreccia,crater_ejecta_single,DistalEjecta,DistalEjecta,583,6.379896991465328,6.379896991465328,13.095543373094449,0.1424306093662634,0.008189383051997044,1.0,-1,,unreal_rockfield.json,unreal_rockfield.json,nan,nan,nan
808,-234.21396025116687,44.29393802321615,0.26254655169231733,Small,RegolithCovered,crater_ejecta_clump,CraterFloor,CraterFloor,583,0.6537577539569429,0.6537577539569429,1.3419202588839292,0.2373843489437723,0.012284074577995565,1.0,316,,unreal_rockfield.json,unreal_rockfield.json,nan,nan,nan
809,-236.34407110938054,50.39140690619413,0.2630061262439911,Small,FreshEjecta,crater_ejecta_clump,ProximalEjecta,ProximalEjecta,583,2.514030655757818,2.514030655757818,5.160365055706636,0.17815765391142105,0.012284074577995565,1.0,316,,unreal_rockfield.json,unreal_rockfield.json,nan,nan,nan
810,-6.699513256961287,-133.97638676056903,0.2614246250445948,Small,FreshEjecta,crater_ejecta_clump,ProximalEjecta,ProximalEjecta,585,1.8038175867774668,1.8038175867774668,2.745188915603795,0.18867123110684403,0.012329774232948157,1.0,317,,unreal_rockfield.json,unreal_rockfield.json,nan,nan,nan
811,-9.932168654752383,-133.78735862859008,0.26811491670765103,Small,FreshEjecta,crater_ejecta_clump,ProximalEjecta,ProximalEjecta,585,1.7383290181100837,1.7383290181100837,2.6455233540069414,0.1949513941496188,0.012329774232948157,1.0,317,,unreal_rockfield.json,unreal_rockfield.json,nan,nan,nan
812,-33.56157546426068,-183.35989965175054,0.26820941709366036,Small,FreshEjecta,crater_ejecta_clump,ProximalEjecta,ProximalEjecta,594,1.3897240065666119,1.3897240065666119,2.3413701240419886,0.2576926309212412,0.012428611551091033,1.0,318,,unreal_rockfield.json,unreal_rockfield.json,nan,nan,nan
813,-32.0533070903878,-179.22802048542593,0.28158598507006183,Small,FreshEjecta,crater_ejecta_clump,ProximalEjecta,ProximalEjecta,594,1.2211040922851089,1.2211040922851089,2.0572837675051887,0.2803608374889002,0.012428611551091033,1.0,318,,unreal_rockfield.json,unreal_rockfield.json,nan,nan,nan
814,2.1480623300787807,-98.28662314774569,0.26203113343922074,Small,RegolithCovered,crater_ejecta_clump,CraterFloor,CraterFloor,595,0.5526865198602966,0.5526865198602966,1.0129105536684122,0.21290638389192112,0.012430756851485527,1.0,319,,unreal_rockfield.json,unreal_rockfield.json,nan,nan,nan
815,9.446590010520978,-98.45691155256009,0.2714571031003351,Small,MixedBreccia,crater_ejecta_clump,DistalEjecta,DistalEjecta,595,3.547570776303699,3.547570776303699,6.501645598506656,0.12774383033515269,0.012430756851485527,1.0,319,,unreal_rockfield.json,unreal_rockfield.json,nan,nan,nan
816,-122.66822716993792,93.95690834712576,0.2608015476612978,Small,FreshEjecta,crater_ejecta_clump,ProximalEjecta,ProximalEjecta,596,2.4374981625156424,2.4374981625156424,3.771155016237706,0.14017160630744058,0.012435451914202159,1.0,320,,unreal_rockfield.json,unreal_rockfield.json,nan,nan,nan
817,-124.15461770850003,96.14419242968815,0.2728153003651448,Small,FreshEjecta,crater_ejecta_clump,ProximalEjecta,ProximalEjecta,596,2.094257532922087,2.094257532922087,3.240113129940482,0.1664155121529631,0.012435451914202159,1.0,320,,unreal_rockfield.json,unreal_rockfield.json,nan,nan,nan
818,87.61929576113998,-67.13145714171729,0.26664277370191714,Small,FreshEjecta,crater_ejecta_single,ProximalEjecta,ProximalEjecta,598,1.396615578918026,1.396615578918026,9.938658687157664,1.0854384783302398,0.008300337155378135,1.0,-1,,unreal_rockfield.json,unreal_rockfield.json,nan,nan,nan
819,67.67558477004823,-89.42220728987047,0.26055948196708534,Small,MixedBreccia,crater_ejecta_single,DistalEjecta,DistalEjecta,598,3.050562273218583,3.050562273218583,21.708548647958956,0.49631849530370553,0.008300337155378135,1.0,-1,,unreal_rockfield.json,unreal_rockfield.json,nan,nan,nan
820,83.33748055829875,-65.9242151906898,0.2643190278088647,Small,FreshEjecta,crater_ejecta_single,Rim,Rim,598,0.9577130503602548,0.9577130503602548,6.815320744983537,2.977910971822233,0.008300337155378135,1.0,-1,,unreal_rockfield.json,unreal_rockfield.json,nan,nan,nan
821,85.61473643210141,-81.91134121015796,0.3966042715373037,Medium,FreshEjecta,crater_ejecta_single,ProximalEjecta,ProximalEjecta,598,1.9118523277915713,1.9118523277915713,13.605209646085145,0.8389246871276568,0.008300337155378135,1.0,-1,,unreal_rockfield.json,unreal_rockfield.json,nan,nan,nan
822,61.32152039429443,-70.28698375529287,0.3054386238502714,Medium,FreshEjecta,crater_ejecta_single,ProximalEjecta,ProximalEjecta,598,2.379990912746085,2.379990912746085,16.9365985296005,0.6638469626106682,0.008300337155378135,1.0,-1,,unreal_rockfield.json,unreal_rockfield.json,nan,nan,nan
823,72.3997527661342,-75.90349810341239,0.31850943324947323,Medium,FreshEjecta,crater_ejecta_single,Rim,Rim,598,1.1229781984857559,1.1229781984857559,7.991388035722475,2.977910971822233,0.008300337155378135,1.0,-1,,unreal_rockfield.json,unreal_rockfield.json,nan,nan,nan
824,89.24616338838895,-52.16372521009397,0.2619379911798149,Small,MixedBreccia,crater_ejecta_single,DistalEjecta,DistalEjecta,598,3.000025711726284,3.000025711726284,21.348918092868317,0.49631849530370553,0.008300337155378135,1.0,-1,,unreal_rockfield.json,unreal_rockfield.json,nan,nan,nan
825,73.10328630864865,-75.4973328563973,0.36163802340094076,Medium,FreshEjecta,crater_ejecta_single,Rim,Rim,598,1.0120075990044692,1.0120075990044692,7.201694057506782,2.977910971822233,0.008300337155378135,1.0,-1,,unreal_rockfield.json,unreal_rockfield.json,nan,nan,nan
826,81.3559880722092,-77.48778602370912,0.2797616082621206,Small,FreshEjecta,crater_ejecta_single,Rim,Rim,598,1.0783844597331553,1.0783844597331553,7.674048063480623,2.977910971822233,0.008300337155378135,1.0,-1,,unreal_rockfield.json,unreal_rockfield.json,nan,nan,nan
827,85.88747321128847,-67.96264555851323,0.3225349311883369,Medium,FreshEjecta,crater_ejecta_single,Rim,Rim,598,1.1285239609956925,1.1285239609956925,8.030853040680391,2.977910971822233,0.008300337155378135,1.0,-1,,unreal_rockfield.json,unreal_rockfield.json,nan,nan,nan
828,80.18437375347973,-77.50582078703496,0.29362093014925733,Small,FreshEjecta,crater_ejecta_single,Rim,Rim,598,1.0254944484491566,1.0254944484491566,7.29766978298141,2.977910971822233,0.008300337155378135,1.0,-1,,unreal_rockfield.json,unreal_rockfield.json,nan,nan,nan
829,69.34851964072006,-70.97427128055853,0.2621591993230668,Small,FreshEjecta,crater_ejecta_single,ProximalEjecta,ProximalEjecta,598,1.2538997810573558,1.2538997810573558,8.923058098410522,1.165723508716485,0.008300337155378135,1.0,-1,,unreal_rockfield.json,unreal_rockfield.json,nan,nan,nan
830,81.86880901585742,-76.57270721023309,1.0063887467620876,Large,FreshEjecta,crater_ejecta_single,Rim,Rim,598,0.9968352910964617,0.9968352910964617,7.093724196601343,2.977910971822233,0.008300337155378135,1.0,-1,,unreal_rockfield.json,unreal_rockfield.json,nan,nan,nan
831,80.84767189479797,-85.3193760486953,0.29816888448442397,Small,FreshEjecta,crater_ejecta_clump,ProximalEjecta,ProximalEjecta,598,2.118585985037202,2.118585985037202,15.076377009192981,0.7565390179039627,0.012450505733067203,1.0,321,,unreal_rockfield.json,unreal_rockfield.json,nan,nan,nan
832,70.16018537528768,-90.0491319576546,0.27082215518798,Small,FreshEjecta,crater_ejecta_clump,ProximalEjecta,ProximalEjecta,598,2.9776806330594674,2.9776806330594674,21.189905037622843,0.49235834001969,0.012450505733067203,1.0,321,,unreal_rockfield.json,unreal_rockfield.json,nan,nan,nan
833,77.56982499799607,-87.36002552801925,0.2680408218478157,Small,FreshEjecta,crater_ejecta_clump,ProximalEjecta,ProximalEjecta,598,2.3758004123112646,2.3758004123112646,16.9067779016634,0.6652393462901203,0.012450505733067203,1.0,321,,unreal_rockfield.json,unreal_rockfield.json,nan,nan,nan
834,69.2389069094481,-88.39260972617836,0.2680288884816252,Small,FreshEjecta,crater_ejecta_clump,ProximalEjecta,ProximalEjecta,598,2.819759331634026,2.819759331634026,20.066098359542437,0.5328113574170064,0.012450505733067203,1.0,321,,unreal_rockfield.json,unreal_rockfield.json,nan,nan,nan
835,73.9631910256967,-96.80920688771343,0.2647507241618432,Small,MixedBreccia,crater_ejecta_clump,DistalEjecta,DistalEjecta,598,3.750526310316453,3.750526310316453,26.689664255583867,0.49631849530370553,0.012450505733067203,1.0,321,,unreal_rockfield.json,unreal_rockfield.json,nan,nan,nan
836,72.12209588151237,-92.55229302286556,0.2720461512440014,Small,MixedBreccia,crater_ejecta_clump,DistalEjecta,DistalEjecta,598,3.2209923448991526,3.2209923448991526,22.92137080033193,0.49631849530370553,0.012450505733067203,1.0,321,,unreal_rockfield.json,unreal_rockfield.json,nan,nan,nan
837,79.46933531856489,-87.58448045373683,0.28306725994282783,Small,FreshEjecta,crater_ejecta_clump,ProximalEjecta,ProximalEjecta,598,2.4114012927057753,2.4114012927057753,17.1601224902133,0.6535025629485056,0.012450505733067203,1.0,321,,unreal_rockfield.json,unreal_rockfield.json,nan,nan,nan
838,77.13785901659134,-88.06866532509949,0.2762694014851216,Small,FreshEjecta,crater_ejecta_clump,ProximalEjecta,ProximalEjecta,598,2.4784128840015183,2.4784128840015183,17.636993394437106,0.631969200320097,0.012450505733067203,1.0,321,,unreal_rockfield.json,unreal_rockfield.json,nan,nan,nan
839,79.16803001582667,-89.55520569955108,0.2700541086419792,Small,FreshEjecta,crater_ejecta_clump,ProximalEjecta,ProximalEjecta,598,2.6853630535873663,2.6853630535873663,19.109701512412258,0.5698456726860429,0.012450505733067203,1.0,321,,unreal_rockfield.json,unreal_rockfield.json,nan,nan,nan
840,76.409248892703,-92.89110096260663,0.2671950622090224,Small,MixedBreccia,crater_ejecta_clump,DistalEjecta,DistalEjecta,598,3.1617641745663443,3.1617641745663443,22.499888626934826,0.49631849530370553,0.012450505733067203,1.0,321,,unreal_rockfield.json,unreal_rockfield.json,nan,nan,nan
841,73.24564025461986,-89.62062500327272,0.268369051289007,Small,FreshEjecta,crater_ejecta_clump,ProximalEjecta,ProximalEjecta,598,2.782110950876584,2.782110950876584,19.798183256689118,0.5429360958736456,0.012450505733067203,1.0,321,,unreal_rockfield.json,unreal_rockfield.json,nan,nan,nan
842,76.64272070591343,-89.08671744730466,0.27261299057428845,Small,FreshEjecta,crater_ejecta_clump,ProximalEjecta,ProximalEjecta,598,2.6262941791368606,2.6262941791368606,18.689352927547585,0.586926742212771,0.012450505733067203,1.0,321,,unreal_rockfield.json,unreal_rockfield.json,nan,nan,nan
843,81.06173975669341,-69.3190720715476,0.2606135622662882,Small,RegolithCovered,crater_ejecta_clump,CraterFloor,CraterFloor,598,0.4258564606542254,0.4258564606542254,3.030498926155654,0.8271974921728426,0.012450505733067203,1.0,322,,unreal_rockfield.json,unreal_rockfield.json,nan,nan,nan
844,82.8139243131252,-70.29931525499049,0.4020704699310052,Medium,RegolithCovered,crater_ejecta_clump,CraterFloor,CraterFloor,598,0.6407672898252869,0.6407672898252869,4.559857048424313,0.8271974921728426,0.012450505733067203,1.0,322,,unreal_rockfield.json,unreal_rockfield.json,nan,nan,nan
845,88.34135038715814,-68.66034662424408,0.2859591436405772,Small,FreshEjecta,crater_ejecta_clump,ProximalEjecta,ProximalEjecta,598,1.4396341454764023,1.4396341454764023,10.244789348084208,1.0623407726693006,0.012450505733067203,1.0,322,,unreal_rockfield.json,unreal_rockfield.json,nan,nan,nan
846,81.10927731730294,-68.17841117490511,0.29013927382583626,Small,RegolithCovered,crater_ejecta_clump,CraterFloor,CraterFloor,598,0.5138868119017116,0.5138868119017116,3.656944476646482,0.8271974921728426,0.012450505733067203,1.0,322,,unreal_rockfield.json,unreal_rockfield.json,nan,nan,nan
847,84.88838222403355,-65.3573422401421,0.26241429707217756,Small,FreshEjecta,crater_ejecta_clump,Rim,Rim,598,1.1764096665280437,1.1764096665280437,8.371619455192581,2.977910971822233,0.012450505733067203,1.0,322,,unreal_rockfield.json,unreal_rockfield.json,nan,nan,nan
848,83.5443970502041,-70.39413995799629,0.26133232618242136,Small,RegolithCovered,crater_ejecta_clump,CraterFloor,CraterFloor,598,0.7430523116280823,0.7430523116280823,5.287742327560334,0.8271974921728426,0.012450505733067203,1.0,322,,unreal_rockfield.json,unreal_rockfield.json,nan,nan,nan
849,88.09990647310237,-68.13231931262469,0.2637328841162034,Small,FreshEjecta,crater_ejecta_clump,ProximalEjecta,ProximalEjecta,598,1.421522249799473,1.421522249799473,10.11590066029665,1.072004968473029,0.012450505733067203,1.0,322,,unreal_rockfield.json,unreal_rockfield.json,nan,nan,nan
850,80.76645601757716,-69.05245716834638,0.31024449964733425,Medium,RegolithCovered,crater_ejecta_clump,CraterFloor,CraterFloor,598,0.4047989377663858,0.4047989377663858,2.8806484333368765,0.8271974921728426,0.012450505733067203,1.0,322,,unreal_rockfield.json,unreal_rockfield.json,nan,nan,nan
851,81.96933709306474,-69.2345663063086,0.27178699594552985,Small,RegolithCovered,crater_ejecta_clump,CraterFloor,CraterFloor,598,0.5496556168000005,0.5496556168000005,3.9114840571135945,0.8271974921728426,0.012450505733067203,1.0,322,,unreal_rockfield.json,unreal_rockfield.json,nan,nan,nan
852,79.65351729967921,-66.25727271218337,0.264142765753033,Small,RegolithCovered,crater_ejecta_clump,CraterFloor,CraterFloor,598,0.6232898545295948,0.6232898545295948,4.435483336178216,0.8271974921728426,0.012450505733067203,1.0,322,,unreal_rockfield.json,unreal_rockfield.json,nan,nan,nan
853,82.11571128747323,-67.76162900007712,0.36464217780240793,Medium,RegolithCovered,crater_ejecta_clump,CraterFloor,CraterFloor,598,0.6622323198991974,0.6622323198991974,4.712607462234993,0.8271974921728426,0.012450505733067203,1.0,322,,unreal_rockfield.json,unreal_rockfield.json,nan,nan,nan
854,85.890577766274,-67.24610116748087,0.28778705888322675,Small,FreshEjecta,crater_ejecta_clump,Rim,Rim,598,1.16426713273556,1.16426713273556,8.285210209311002,2.977910971822233,0.012450505733067203,1.0,322,,unreal_rockfield.json,unreal_rockfield.json,nan,nan,nan
855,85.70292623250555,-65.56618486624103,0.3799245817854302,Medium,FreshEjecta,crater_ejecta_clump,ProximalEjecta,ProximalEjecta,598,1.2526287633244855,1.2526287633244855,8.914013224772413,1.166464571793223,0.012450505733067203,1.0,322,,unreal_rockfield.json,unreal_rockfield.json,nan,nan,nan
856,78.78755407457416,-75.52414444151299,0.38246223213308933,Medium,RegolithCovered,crater_ejecta_clump,CraterFloor,CraterFloor,598,0.7145142557074041,0.7145142557074041,5.084658528645266,0.8271974921728426,0.012450505733067203,1.0,323,,unreal_rockfield.json,unreal_rockfield.json,nan,nan,nan
857,81.80448095911,-87.5252831502196,0.27606929328279567,Small,FreshEjecta,crater_ejecta_clump,ProximalEjecta,ProximalEjecta,598,2.4483413950619295,2.4483413950619295,17.42299731040606,0.6415431228886223,0.012450505733067203,1.0,323,,unreal_rockfield.json,unreal_rockfield.json,nan,nan,nan
858,81.63854834404735,-83.27047292024645,0.35316232614498855,Medium,FreshEjecta,crater_ejecta_clump,ProximalEjecta,ProximalEjecta,598,1.860846680978768,1.860846680978768,13.24224096490883,0.8605947851201472,0.012450505733067203,1.0,323,,unreal_rockfield.json,unreal_rockfield.json,nan,nan,nan
859,78.21408746681442,-79.92683426569772,0.2819174140792947,Small,FreshEjecta,crater_ejecta_clump,ProximalEjecta,ProximalEjecta,598,1.3293116351178216,1.3293116351178216,9.459707330873869,1.1225871813533972,0.012450505733067203,1.0,323,,unreal_rockfield.json,unreal_rockfield.json,nan,nan,nan
860,82.93664570173887,-77.69968984884943,0.29771863272866916,Small,FreshEjecta,crater_ejecta_clump,ProximalEjecta,ProximalEjecta,598,1.2105117649372679,1.2105117649372679,8.614298343872681,1.1912890305784618,0.012450505733067203,1.0,323,,unreal_rockfield.json,unreal_rockfield.json,nan,nan,nan
861,77.43691243476684,-78.55049550641158,0.26351072766072436,Small,FreshEjecta,crater_ejecta_clump,Rim,Rim,598,1.1417230652855814,1.1417230652855814,8.12478110112421,2.977910971822233,0.012450505733067203,1.0,323,,unreal_rockfield.json,unreal_rockfield.json,nan,nan,nan
862,81.49539967689219,-79.89432329940237,0.267508969444523,Small,FreshEjecta,crater_ejecta_clump,ProximalEjecta,ProximalEjecta,598,1.400705988170603,1.400705988170603,9.967767041715511,1.0832208031056407,0.012450505733067203,1.0,323,,unreal_rockfield.json,unreal_rockfield.json,nan,nan,nan
863,78.06603698784045,-84.10585421357092,0.4185546054723652,Medium,FreshEjecta,crater_ejecta_clump,ProximalEjecta,ProximalEjecta,598,1.9167367355072171,1.9167367355072171,13.639968288268074,0.8368783618092092,0.012450505733067203,1.0,323,,unreal_rockfield.json,unreal_rockfield.json,nan,nan,nan
864,81.64265222117584,-80.6305069488121,0.2889853310950397,Small,FreshEjecta,crater_ejecta_clump,ProximalEjecta,ProximalEjecta,598,1.5053335988482444,1.5053335988482444,10.712322757314418,1.0280101318638597,0.012450505733067203,1.0,323,,unreal_rockfield.json,unreal_rockfield.json,nan,nan,nan
865,80.70920830104535,-79.23427389512017,0.28095418391603627,Small,FreshEjecta,crater_ejecta_clump,ProximalEjecta,ProximalEjecta,598,1.2792559313138403,1.2792559313138403,9.10349867692298,1.1510376692904476,0.012450505733067203,1.0,323,,unreal_rockfield.json,unreal_rockfield.json,nan,nan,nan
866,80.04980430936904,-84.64280631840012,0.30627251443575215,Medium,FreshEjecta,crater_ejecta_clump,ProximalEjecta,ProximalEjecta,598,2.007867997450086,2.007867997450086,14.288480679116391,0.7996011993513817,0.012450505733067203,1.0,323,,unreal_rockfield.json,unreal_rockfield.json,nan,nan,nan
867,86.03189300204954,-59.79887047571101,0.41631059303361007,Medium,FreshEjecta,crater_ejecta_clump,ProximalEjecta,ProximalEjecta,598,1.8550186908879118,1.8550186908879118,13.20076755932787,0.8631062114248931,0.012450505733067203,1.0,324,,unreal_rockfield.json,unreal_rockfield.json,nan,nan,nan
868,85.53483060886133,-66.03078373033532,0.26518826099167203,Small,FreshEjecta,crater_ejecta_clump,Rim,Rim,598,1.1977232029917058,1.1977232029917058,8.523291803350643,2.977910971822233,0.012450505733067203,1.0,324,,unreal_rockfield.json,unreal_rockfield.json,nan,nan,nan
869,86.20593731709887,-67.56417160845176,0.2701876076734978,Small,FreshEjecta,crater_ejecta_clump,Rim,Rim,598,1.189154588196257,1.189154588196257,8.462315440807366,2.977910971822233,0.012450505733067203,1.0,324,,unreal_rockfield.json,unreal_rockfield.json,nan,nan,nan
870,84.29003741343313,-67.11437090676088,0.260676168293242,Small,FreshEjecta,crater_ejecta_clump,Rim,Rim,598,0.969889847365675,0.969889847365675,6.901973816284253,2.977910971822233,0.012450505733067203,1.0,324,,unreal_rockfield.json,unreal_rockfield.json,nan,nan,nan
871,82.6500975247258,-65.60991761653914,0.336503077337482,Medium,FreshEjecta,crater_ejecta_clump,Rim,Rim,598,0.9203094807470014,0.9203094807470014,6.549147778220944,2.977910971822233,0.012450505733067203,1.0,324,,unreal_rockfield.json,unreal_rockfield.json,nan,nan,nan
872,-58.143832970503865,-108.37650923278021,0.2679287131315709,Small,FreshEjecta,crater_ejecta_single,Rim,Rim,600,0.8568491173942483,0.8568491173942483,1.6218544128112133,0.7926581170182374,0.008316325024087525,1.0,-1,,unreal_rockfield.json,unreal_rockfield.json,nan,nan,nan
873,-58.424592918131324,-112.50785111753122,0.26030988750975614,Small,FreshEjecta,crater_ejecta_clump,ProximalEjecta,ProximalEjecta,600,2.2302113234740903,2.2302113234740903,4.221371071114413,0.19044360702740118,0.012474487536131288,1.0,325,,unreal_rockfield.json,unreal_rockfield.json,nan,nan,nan
874,-63.16524249027149,-110.09712855161105,0.2708336244698696,Small,MixedBreccia,crater_ejecta_clump,DistalEjecta,DistalEjecta,600,3.5650790388277462,3.5650790388277462,6.748024889991401,0.13210968616970623,0.012474487536131288,1.0,325,,unreal_rockfield.json,unreal_rockfield.json,nan,nan,nan
875,-191.70791927211963,-59.91029042171418,0.26039624761898766,Small,FreshEjecta,crater_ejecta_single,ProximalEjecta,ProximalEjecta,602,2.364871699488816,2.364871699488816,4.834765833910979,0.19235886744769112,0.008322704233375314,1.0,-1,,unreal_rockfield.json,unreal_rockfield.json,nan,nan,nan
876,-187.4464325118014,-74.62407057462397,0.26235726976028967,Small,MixedBreccia,crater_ejecta_clump,DistalEjecta,DistalEjecta,602,5.617612078661067,5.617612078661067,11.484698705619834,0.1427320827046039,0.012484056350062972,1.0,326,,unreal_rockfield.json,unreal_rockfield.json,nan,nan,nan
877,-186.53859264701367,-74.74064693413759,0.26106743462153087,Small,MixedBreccia,crater_ejecta_clump,DistalEjecta,DistalEjecta,602,5.717827242482036,5.717827242482036,11.689579524391585,0.1427320827046039,0.012484056350062972,1.0,326,,unreal_rockfield.json,unreal_rockfield.json,nan,nan,nan
878,-136.85281289768582,-86.26246638777425,0.26414770891242595,Small,FreshEjecta,crater_ejecta_single,Rim,Rim,604,0.8992215150187126,0.8992215150187126,1.8328542803815104,0.854960460640084,0.008351964849010922,1.0,-1,,unreal_rockfield.json,unreal_rockfield.json,nan,nan,nan
879,-136.66979398205925,-87.45210317342283,0.27947289163120914,Small,FreshEjecta,crater_ejecta_clump,ProximalEjecta,ProximalEjecta,604,1.3721064211753455,1.3721064211753455,2.7967203688824798,0.3154725887262317,0.012527947273516384,1.0,327,,unreal_rockfield.json,unreal_rockfield.json,nan,nan,nan
880,-138.97681662026653,-89.05028833215378,0.26742214659247354,Small,FreshEjecta,crater_ejecta_clump,ProximalEjecta,ProximalEjecta,604,1.8986799915846806,1.8986799915846806,3.8700183342235825,0.24244745609266002,0.012527947273516384,1.0,327,,unreal_rockfield.json,unreal_rockfield.json,nan,nan,nan
881,-205.39500424755394,-57.785409232142854,0.2697506140671285,Small,MixedBreccia,crater_ejecta_clump,DistalEjecta,DistalEjecta,611,3.477096803989754,3.477096803989754,6.004451629234912,0.12106093391335004,0.012620199633865698,1.0,328,,unreal_rockfield.json,unreal_rockfield.json,nan,nan,nan
882,-211.26667625358024,-57.340609076299444,0.3032039601118622,Medium,FreshEjecta,crater_ejecta_clump,Rim,Rim,611,0.996086104272901,0.996086104272901,1.7200990276707009,0.7263656034801003,0.012620199633865698,1.0,328,,unreal_rockfield.json,unreal_rockfield.json,nan,nan,nan
883,-83.82227552533024,-115.65940591151302,0.26479816314940946,Small,MixedBreccia,crater_ejecta_single,DistalEjecta,DistalEjecta,613,3.147756543420727,3.147756543420727,7.614331095485045,0.16961258268218682,0.008417530538279353,1.0,-1,,unreal_rockfield.json,unreal_rockfield.json,nan,nan,nan
884,-80.00497654041763,-107.89329342021637,0.3056461067431614,Medium,FreshEjecta,crater_ejecta_clump,ProximalEjecta,ProximalEjecta,613,1.4565847254144555,1.4565847254144555,3.5234358867789455,0.3599819175833193,0.01262629580741903,1.0,329,,unreal_rockfield.json,unreal_rockfield.json,nan,nan,nan
885,-80.85333271119981,-105.74460558934268,0.2624451083311333,Small,FreshEjecta,crater_ejecta_clump,ProximalEjecta,ProximalEjecta,613,2.395493263966057,2.395493263966057,5.794628204956371,0.22511233223081734,0.01262629580741903,1.0,329,,unreal_rockfield.json,unreal_rockfield.json,nan,nan,nan
886,-81.77609568272922,-107.5994669068443,0.26536621195380145,Small,FreshEjecta,crater_ejecta_clump,ProximalEjecta,ProximalEjecta,613,2.0464732452985337,2.0464732452985337,4.9503589787858875,0.26803284830745583,0.01262629580741903,1.0,329,,unreal_rockfield.json,unreal_rockfield.json,nan,nan,nan
887,-83.97790763900423,50.69779532085769,0.26900517880136754,Small,FreshEjecta,crater_ejecta_clump,ProximalEjecta,ProximalEjecta,614,1.397945625073132,1.397945625073132,2.1292932164878913,0.23347920518125326,0.012635416636946749,1.0,330,,unreal_rockfield.json,unreal_rockfield.json,nan,nan,nan
888,-82.25226231965718,48.794309784571865,0.26259446077814114,Small,FreshEjecta,crater_ejecta_clump,ProximalEjecta,ProximalEjecta,614,2.8140317069384264,2.8140317069384264,4.286217229838517,0.11501355318146254,0.012635416636946749,1.0,330,,unreal_rockfield.json,unreal_rockfield.json,nan,nan,nan
889,-244.22617641106797,14.86970179105278,0.2617233466982503,Small,MixedBreccia,crater_ejecta_clump,DistalEjecta,DistalEjecta,618,4.939866142577826,4.939866142577826,7.536243356072237,0.1071711184221714,0.012688187535084279,1.0,331,,unreal_rockfield.json,unreal_rockfield.json,nan,nan,nan
890,-243.02792641443898,17.549874073266746,0.2726479469812475,Small,MixedBreccia,crater_ejecta_clump,DistalEjecta,DistalEjecta,618,5.613728557046904,5.613728557046904,8.564285614176677,0.1071711184221714,0.012688187535084279,1.0,331,,unreal_rockfield.json,unreal_rockfield.json,nan,nan,nan
891,-100.78483893856793,130.7254503948645,0.27246107472720266,Small,MixedBreccia,crater_ejecta_clump,DistalEjecta,DistalEjecta,619,3.0554979696715856,3.0554979696715856,5.064001958987622,0.11643380257456896,0.012690420040349152,1.0,332,,unreal_rockfield.json,unreal_rockfield.json,nan,nan,nan
892,-94.70400910382773,131.5340284538589,0.26774515643503227,Small,RegolithCovered,crater_ejecta_clump,CraterFloor,CraterFloor,619,0.7719471823975141,0.7719471823975141,1.279379689562076,0.1940563376242816,0.012690420040349152,1.0,332,,unreal_rockfield.json,unreal_rockfield.json,nan,nan,nan
893,74.22262895515162,-211.92380266225413,0.2684691273230106,Small,MixedBreccia,crater_ejecta_clump,DistalEjecta,DistalEjecta,620,3.6436347351251883,3.6436347351251883,6.4944317577812125,0.12522102061360796,0.012690703042278486,1.0,333,,unreal_rockfield.json,unreal_rockfield.json,nan,nan,nan
894,69.9114022829355,-209.8253792239531,0.2608826680281951,Small,FreshEjecta,crater_ejecta_clump,ProximalEjecta,ProximalEjecta,620,2.3530312734369736,2.3530312734369736,4.1940540532080535,0.16976140600489206,0.012690703042278486,1.0,333,,unreal_rockfield.json,unreal_rockfield.json,nan,nan,nan
895,-55.0419024295028,-124.69496917007594,0.2724601584263814,Small,FreshEjecta,crater_ejecta_clump,ProximalEjecta,ProximalEjecta,623,1.712991987982384,1.712991987982384,2.6488629116341023,0.20316624230538755,0.012746788082462837,1.0,334,,unreal_rockfield.json,unreal_rockfield.json,nan,nan,nan
896,-54.529915705555716,-124.4613760374493,0.2601572212649999,Small,FreshEjecta,crater_ejecta_clump,ProximalEjecta,ProximalEjecta,623,1.3519643945981221,1.3519643945981221,2.0905925817661477,0.24335915790222146,0.012746788082462837,1.0,334,,unreal_rockfield.json,unreal_rockfield.json,nan,nan,nan
897,-31.351103854443288,201.98586362809954,0.2709002950839563,Small,FreshEjecta,crater_ejecta_single,ProximalEjecta,ProximalEjecta,624,2.0563386424502634,2.0563386424502634,4.0230072354613045,0.2166630569675631,0.008515167172499923,1.0,-1,,unreal_rockfield.json,unreal_rockfield.json,nan,nan,nan
898,-35.20093102996765,199.47142161878506,0.26135900342662655,Small,FreshEjecta,crater_ejecta_clump,ProximalEjecta,ProximalEjecta,624,2.59407593526564,2.59407593526564,5.075032896563454,0.16558336227094042,0.012772750758749885,1.0,335,,unreal_rockfield.json,unreal_rockfield.json,nan,nan,nan
899,-38.18343506818726,199.5846711736705,0.26756167979678197,Small,MixedBreccia,crater_ejecta_clump,DistalEjecta,DistalEjecta,624,4.092956118796533,4.092956118796533,8.007432112798188,0.13778348201760113,0.012772750758749885,1.0,335,,unreal_rockfield.json,unreal_rockfield.json,nan,nan,nan
900,-247.95260348457654,-82.95603203348261,0.2617041469525998,Small,FreshEjecta,crater_ejecta_clump,ProximalEjecta,ProximalEjecta,625,2.3095659607685692,2.3095659607685692,4.011879966573321,0.16969483991607306,0.012811988583317445,1.0,336,,unreal_rockfield.json,unreal_rockfield.json,nan,nan,nan
901,-249.53563368729334,-82.47264388290695,0.2697962382549335,Small,FreshEjecta,crater_ejecta_clump,ProximalEjecta,ProximalEjecta,625,1.9268802402128977,1.9268802402128977,3.347127713608844,0.20547916151225595,0.012811988583317445,1.0,336,,unreal_rockfield.json,unreal_rockfield.json,nan,nan,nan
902,-188.02151383146347,-182.9237110444898,0.2640812306147953,Small,MixedBreccia,crater_ejecta_clump,DistalEjecta,DistalEjecta,627,4.238919700773233,4.238919700773233,6.806272883000207,0.1132381052598901,0.012818725188880185,1.0,337,,unreal_rockfield.json,unreal_rockfield.json,nan,nan,nan
903,-189.66814721197875,-183.17794210257927,0.26946420907617236,Small,MixedBreccia,crater_ejecta_clump,DistalEjecta,DistalEjecta,627,3.2481959945624412,3.2481959945624412,5.2155053355758145,0.1132381052598901,0.012818725188880185,1.0,337,,unreal_rockfield.json,unreal_rockfield.json,nan,nan,nan
904,-248.53644689861378,146.86827746077583,0.26704929641899,Small,FreshEjecta,crater_ejecta_clump,Rim,Rim,628,0.9320921688958759,0.9320921688958759,1.5484541075754665,0.7032509133556349,0.012832688236621495,1.0,338,,unreal_rockfield.json,unreal_rockfield.json,nan,nan,nan
905,-245.63002667992194,149.02747186727592,0.26995933264128297,Small,FreshEjecta,crater_ejecta_clump,ProximalEjecta,ProximalEjecta,628,1.8245659984462126,1.8245659984462126,3.031091569177404,0.20695482457784964,0.012832688236621495,1.0,338,,unreal_rockfield.json,unreal_rockfield.json,nan,nan,nan
906,-91.25783540196598,163.65306354072263,0.2745613984067701,Small,FreshEjecta,crater_ejecta_single,Rim,Rim,629,0.9442963918219519,0.9442963918219519,2.662212236049395,1.19518948207349,0.008587637960649574,1.0,-1,,unreal_rockfield.json,unreal_rockfield.json,nan,nan,nan
907,-88.31894968408658,156.96853493516534,0.26837238337220104,Small,FreshEjecta,crater_ejecta_clump,ProximalEjecta,ProximalEjecta,629,2.653236558820314,2.653236558820314,7.480150187163753,0.23241196741989414,0.01288145694097436,1.0,339,,unreal_rockfield.json,unreal_rockfield.json,nan,nan,nan
908,-87.00947035965206,160.78852333025236,0.2721674800688097,Small,FreshEjecta,crater_ejecta_clump,ProximalEjecta,ProximalEjecta,629,2.3839504511435954,2.3839504511435954,6.720964006782534,0.2659091136562327,0.01288145694097436,1.0,339,,unreal_rockfield.json,unreal_rockfield.json,nan,nan,nan
909,-83.18162334961104,155.87921944440134,0.26338412519807564,Small,MixedBreccia,crater_ejecta_clump,DistalEjecta,DistalEjecta,629,4.32937554693605,4.32937554693605,12.205613253766812,0.19919824701224834,0.01288145694097436,1.0,339,,unreal_rockfield.json,unreal_rockfield.json,nan,nan,nan
910,-86.10564781751202,162.97387422496513,0.26082590188906163,Small,FreshEjecta,crater_ejecta_clump,ProximalEjecta,ProximalEjecta,629,2.653188436976616,2.653188436976616,7.480014519419787,0.23241755953335444,0.01288145694097436,1.0,339,,unreal_rockfield.json,unreal_rockfield.json,nan,nan,nan
911,-86.87579033224145,162.96926312674057,0.2696500683178591,Small,FreshEjecta,crater_ejecta_clump,ProximalEjecta,ProximalEjecta,629,2.3810583353117143,2.3810583353117143,6.712810395032678,0.2662939117880946,0.01288145694097436,1.0,339,,unreal_rockfield.json,unreal_rockfield.json,nan,nan,nan
912,-197.20717625568517,212.59541473569774,0.26774844001455544,Small,MixedBreccia,crater_ejecta_clump,DistalEjecta,DistalEjecta,631,4.788134158440207,4.788134158440207,7.437101044479852,0.10984446392701389,0.012911608971873136,1.0,340,,unreal_rockfield.json,unreal_rockfield.json,nan,nan,nan
913,-193.26783048804617,215.78419315432532,0.26880315894187146,Small,MixedBreccia,crater_ejecta_clump,DistalEjecta,DistalEjecta,631,4.667962894158992,4.667962894158992,7.250446743341092,0.10984446392701389,0.012911608971873136,1.0,340,,unreal_rockfield.json,unreal_rockfield.json,nan,nan,nan
914,48.5437741376646,182.15564457604148,0.2600788775729432,Small,FreshEjecta,crater_ejecta_clump,ProximalEjecta,ProximalEjecta,632,1.688982016837844,1.688982016837844,2.6674553954001072,0.21109216352279245,0.01291943162597432,1.0,341,,unreal_rockfield.json,unreal_rockfield.json,nan,nan,nan
915,47.66057367730825,178.72926708786486,0.2609471902750367,Small,FreshEjecta,crater_ejecta_clump,ProximalEjecta,ProximalEjecta,632,2.052112235950772,2.052112235950772,3.240956861104937,0.17604325334729642,0.01291943162597432,1.0,341,,unreal_rockfield.json,unreal_rockfield.json,nan,nan,nan
916,-74.85561383220352,14.848825656869593,0.2708389190168171,Small,MixedBreccia,crater_ejecta_clump,DistalEjecta,DistalEjecta,633,4.621215564516347,4.621215564516347,7.236405249727596,0.1107785691651278,0.012923098261814873,1.0,342,,unreal_rockfield.json,unreal_rockfield.json,nan,nan,nan
917,-68.03286751298377,17.848015585274094,0.265219419379864,Small,MixedBreccia,crater_ejecta_clump,DistalEjecta,DistalEjecta,633,3.694505192088008,3.694505192088008,5.785260694708489,0.1107785691651278,0.012923098261814873,1.0,342,,unreal_rockfield.json,unreal_rockfield.json,nan,nan,nan
918,75.06482209819279,57.11187745601809,0.26693172524404263,Small,FreshEjecta,crater_ejecta_clump,ProximalEjecta,ProximalEjecta,635,1.6291759887943702,1.6291759887943702,2.900181735594099,0.2454145345478299,0.012954828693393695,1.0,343,,unreal_rockfield.json,unreal_rockfield.json,nan,nan,nan
919,77.47716848163864,51.831489233602625,0.2721283631515402,Small,MixedBreccia,crater_ejecta_clump,DistalEjecta,DistalEjecta,635,3.9080846358781387,3.9080846358781387,6.956986697623283,0.12605363612360526,0.012954828693393695,1.0,343,,unreal_rockfield.json,unreal_rockfield.json,nan,nan,nan
920,-146.8867324398557,174.79922361970756,0.27102153813529806,Small,MixedBreccia,crater_ejecta_clump,DistalEjecta,DistalEjecta,637,4.0714183473724255,4.0714183473724255,7.191840318137264,0.12513089634605137,0.012968193539038995,1.0,344,,unreal_rockfield.json,unreal_rockfield.json,nan,nan,nan
921,-140.72622220521532,172.9685807591397,0.2625320446541545,Small,MixedBreccia,crater_ejecta_clump,DistalEjecta,DistalEjecta,637,3.6124101620048554,3.6124101620048554,6.381038456910707,0.12513089634605137,0.012968193539038995,1.0,344,,unreal_rockfield.json,unreal_rockfield.json,nan,nan,nan
922,-152.4703583450224,81.40636766838972,0.27147590735928484,Small,MixedBreccia,crater_ejecta_clump,DistalEjecta,DistalEjecta,640,3.495709761759154,3.495709761759154,5.692810643699175,0.1154937549345898,0.013006839316356994,1.0,345,,unreal_rockfield.json,unreal_rockfield.json,nan,nan,nan
923,-155.09692863456837,82.45897062629291,0.2632053836848494,Small,MixedBreccia,crater_ejecta_clump,DistalEjecta,DistalEjecta,640,4.94715530669397,4.94715530669397,8.056509351568035,0.1154937549345898,0.013006839316356994,1.0,345,,unreal_rockfield.json,unreal_rockfield.json,nan,nan,nan
924,-90.26493713503201,242.66014499270585,0.2643291953346615,Small,FreshEjecta,crater_ejecta_clump,ProximalEjecta,ProximalEjecta,641,2.1367150502780783,2.1367150502780783,3.4505996621758785,0.17301704726729433,0.013009923133883695,1.0,346,,unreal_rockfield.json,unreal_rockfield.json,nan,nan,nan
925,-90.14989597331162,240.39532100586788,0.27080936613642637,Small,FreshEjecta,crater_ejecta_clump,ProximalEjecta,ProximalEjecta,641,2.8909258145621335,2.8909258145621335,4.668581165188776,0.11866266819359061,0.013009923133883695,1.0,346,,unreal_rockfield.json,unreal_rockfield.json,nan,nan,nan
926,-244.18760652989934,-239.65998552520693,0.26793849829360983,Small,RegolithCovered,crater_ejecta_clump,CraterFloor,CraterFloor,643,0.787981411647741,0.787981411647741,1.3689196883601955,0.20538177661228607,0.013013383003051025,1.0,347,,unreal_rockfield.json,unreal_rockfield.json,nan,nan,nan
927,-244.4184340535759,-241.25156746636875,0.27830131738378533,Small,FreshEjecta,crater_ejecta_clump,ProximalEjecta,ProximalEjecta,643,1.206996685932504,1.206996685932504,2.096853431736976,0.2963010085474397,0.013013383003051025,1.0,347,,unreal_rockfield.json,unreal_rockfield.json,nan,nan,nan
928,-56.88858969008938,-10.973039479063509,0.26229881347149303,Small,FreshEjecta,crater_ejecta_single,ProximalEjecta,ProximalEjecta,644,1.9283036555486768,1.9283036555486768,3.5025998449420497,0.2160436562293971,0.008680008554011315,1.0,-1,,unreal_rockfield.json,unreal_rockfield.json,nan,nan,nan
929,-61.168144433873564,-17.199954988405064,0.260382472958086,Small,FreshEjecta,crater_ejecta_clump,ProximalEjecta,ProximalEjecta,644,2.6621588430692054,2.6621588430692054,4.835585476444133,0.14968796673681395,0.013020012831016973,1.0,348,,unreal_rockfield.json,unreal_rockfield.json,nan,nan,nan
930,-65.4031741706938,-13.326687349266962,0.26173223847527566,Small,FreshEjecta,crater_ejecta_clump,ProximalEjecta,ProximalEjecta,644,2.9865512473341984,2.9865512473341984,5.424816732428889,0.1272758404955943,0.013020012831016973,1.0,348,,unreal_rockfield.json,unreal_rockfield.json,nan,nan,nan
931,-60.561462328388714,210.41304472485012,0.2708689337720597,Small,FreshEjecta,crater_ejecta_single,ProximalEjecta,ProximalEjecta,645,2.535146313397596,2.535146313397596,4.847859961837185,0.16792129118141333,0.008680347135845534,1.0,-1,,unreal_rockfield.json,unreal_rockfield.json,nan,nan,nan
932,-64.73091713096301,208.1656267939957,0.26713150163592075,Small,FreshEjecta,crater_ejecta_clump,ProximalEjecta,ProximalEjecta,645,1.8956821543560214,1.8956821543560214,3.625037958521379,0.23118712424574445,0.013020520703768301,1.0,349,,unreal_rockfield.json,unreal_rockfield.json,nan,nan,nan
933,-54.49493631127664,208.9741796260423,0.26717157013546544,Small,MixedBreccia,crater_ejecta_clump,DistalEjecta,DistalEjecta,645,4.264136581343491,4.264136581343491,8.154139623127293,0.13567187252183374,0.013020520703768301,1.0,349,,unreal_rockfield.json,unreal_rockfield.json,nan,nan,nan
934,-153.56812912951528,-138.78205172753138,0.26097965293837916,Small,FreshEjecta,crater_ejecta_single,ProximalEjecta,ProximalEjecta,647,1.653419584681047,1.653419584681047,5.063642568519494,0.41824467818840466,0.008697355949812288,1.0,-1,,unreal_rockfield.json,unreal_rockfield.json,nan,nan,nan
935,-152.86322015782096,-146.35383393367806,0.27244698118016275,Small,FreshEjecta,crater_ejecta_single,ProximalEjecta,ProximalEjecta,647,1.3825089870830451,1.3825089870830451,4.233971475368053,0.4789144185741805,0.008697355949812288,1.0,-1,,unreal_rockfield.json,unreal_rockfield.json,nan,nan,nan
936,-156.53883036217803,-134.03602478816333,0.2663260798674199,Small,MixedBreccia,crater_ejecta_clump,DistalEjecta,DistalEjecta,647,3.0404584280204867,3.0404584280204867,9.311486852206537,0.21744526313699197,0.013046033924718432,1.0,350,,unreal_rockfield.json,unreal_rockfield.json,nan,nan,nan
937,-152.9151384369672,-132.81057097110528,0.2718614059256951,Small,MixedBreccia,crater_ejecta_clump,DistalEjecta,DistalEjecta,647,3.5597604408056025,3.5597604408056025,10.901863428255027,0.21744526313699197,0.013046033924718432,1.0,350,,unreal_rockfield.json,unreal_rockfield.json,nan,nan,nan
938,-157.2356373828424,-132.99005852718153,0.2608318186500382,Small,MixedBreccia,crater_ejecta_clump,DistalEjecta,DistalEjecta,647,3.4045264372311137,3.4045264372311137,10.426455058918988,0.21744526313699197,0.013046033924718432,1.0,350,,unreal_rockfield.json,unreal_rockfield.json,nan,nan,nan
939,-167.69881826353705,-151.9693939871354,0.2644239365782173,Small,MixedBreccia,crater_ejecta_clump,DistalEjecta,DistalEjecta,647,4.799224269665373,4.799224269665373,14.697755205577351,0.21744526313699197,0.013046033924718432,1.0,351,,unreal_rockfield.json,unreal_rockfield.json,nan,nan,nan
940,-165.55617404627532,-149.29232434149088,0.26890679083171204,Small,MixedBreccia,crater_ejecta_clump,DistalEjecta,DistalEjecta,647,3.730813599960978,3.730813599960978,11.425718392961993,0.21744526313699197,0.013046033924718432,1.0,351,,unreal_rockfield.json,unreal_rockfield.json,nan,nan,nan
941,-170.86729471168636,-146.8526593216345,0.2611518839137952,Small,MixedBreccia,crater_ejecta_clump,DistalEjecta,DistalEjecta,647,5.048269086827864,5.048269086827864,15.46046174984295,0.21744526313699197,0.013046033924718432,1.0,351,,unreal_rockfield.json,unreal_rockfield.json,nan,nan,nan
942,72.36302606117377,-91.81587955889431,0.2638706529655807,Small,MixedBreccia,crater_ejecta_clump,DistalEjecta,DistalEjecta,648,3.48422570542783,3.48422570542783,6.183416419568893,0.12600746220544012,0.0130463510260896,1.0,352,,unreal_rockfield.json,unreal_rockfield.json,nan,nan,nan
943,73.63788082614258,-96.08556535269145,0.26975663711776554,Small,MixedBreccia,crater_ejecta_clump,DistalEjecta,DistalEjecta,648,5.179916169743995,5.179916169743995,9.192739335482429,0.12600746220544012,0.0130463510260896,1.0,352,,unreal_rockfield.json,unreal_rockfield.json,nan,nan,nan
944,133.16484727481006,-104.15960097120995,0.26457596876315576,Small,MixedBreccia,crater_ejecta_clump,DistalEjecta,DistalEjecta,649,4.976297015857176,4.976297015857176,7.694168591287418,0.10984323255742902,0.01306538851821796,1.0,353,,unreal_rockfield.json,unreal_rockfield.json,nan,nan,nan
945,128.77312048293956,-100.80267821747773,0.27040866575804906,Small,MixedBreccia,crater_ejecta_clump,DistalEjecta,DistalEjecta,649,3.0353773020174977,3.0353773020174977,4.693189459043349,0.10984323255742902,0.01306538851821796,1.0,353,,unreal_rockfield.json,unreal_rockfield.json,nan,nan,nan
946,-88.90130463416301,37.31440731874306,0.277944751347798,Small,FreshEjecta,crater_ejecta_single,Rim,Rim,653,0.8823321783469,0.8823321783469,1.6898668616373047,0.8167125498084205,0.008719620696553597,1.0,-1,,unreal_rockfield.json,unreal_rockfield.json,nan,nan,nan
947,-91.23432368757832,40.87893699086423,0.2780142936932774,Small,FreshEjecta,crater_ejecta_clump,ProximalEjecta,ProximalEjecta,653,1.3570939762811538,1.3570939762811538,2.599143718119601,0.3036300417507947,0.013079431044830395,1.0,354,,unreal_rockfield.json,unreal_rockfield.json,nan,nan,nan
948,-90.51732697641727,37.98588575179249,0.3019057463149488,Medium,RegolithCovered,crater_ejecta_clump,CraterFloor,CraterFloor,653,0.4048064766567562,0.4048064766567562,0.7752965006445207,0.2268645971690057,0.013079431044830395,1.0,354,,unreal_rockfield.json,unreal_rockfield.json,nan,nan,nan
949,-222.82694999842508,-128.77054005112126,0.3733827733551031,Medium,FreshEjecta,crater_ejecta_single,Rim,Rim,654,0.9283751353134949,0.9283751353134949,3.1803051355136116,1.4616823442397051,0.008733118177855423,1.0,-1,,unreal_rockfield.json,unreal_rockfield.json,nan,nan,nan
950,-222.0164136001913,-128.36158737456913,0.3019796233526651,Medium,FreshEjecta,crater_ejecta_single,Rim,Rim,654,1.1696452329660278,1.1696452329660278,4.006816425425637,1.4616823442397051,0.008733118177855423,1.0,-1,,unreal_rockfield.json,unreal_rockfield.json,nan,nan,nan
951,-226.36755757315262,-140.14655605056407,0.26559224008695465,Small,MixedBreccia,crater_ejecta_clump,DistalEjecta,DistalEjecta,654,3.3363631917652348,3.3363631917652348,11.429273134428065,0.24361372403995085,0.013099677266783134,1.0,355,,unreal_rockfield.json,unreal_rockfield.json,nan,nan,nan
952,-224.48353699609893,-143.09028569474881,0.26555013269992983,Small,MixedBreccia,crater_ejecta_clump,DistalEjecta,DistalEjecta,654,4.217526469227221,4.217526469227221,14.447846112033771,0.24361372403995085,0.013099677266783134,1.0,355,,unreal_rockfield.json,unreal_rockfield.json,nan,nan,nan
953,-225.47429705979283,-140.94654747399915,0.26441293562142665,Small,MixedBreccia,crater_ejecta_clump,DistalEjecta,DistalEjecta,654,3.571615782724266,3.571615782724266,12.235170443296903,0.24361372403995085,0.013099677266783134,1.0,355,,unreal_rockfield.json,unreal_rockfield.json,nan,nan,nan
954,-226.54907950809127,-138.03917865358466,0.2667084474994429,Small,FreshEjecta,crater_ejecta_clump,ProximalEjecta,ProximalEjecta,654,2.724130574385799,2.724130574385799,9.331967354557882,0.27433441050037155,0.013099677266783134,1.0,355,,unreal_rockfield.json,unreal_rockfield.json,nan,nan,nan
955,-225.7346272897298,-141.33951284520637,0.2614521747028685,Small,MixedBreccia,crater_ejecta_clump,DistalEjecta,DistalEjecta,654,3.683799801159249,3.683799801159249,12.619475662577527,0.24361372403995085,0.013099677266783134,1.0,355,,unreal_rockfield.json,unreal_rockfield.json,nan,nan,nan
956,-222.3353552205604,-141.46981476305257,0.26834781538364366,Small,MixedBreccia,crater_ejecta_clump,DistalEjecta,DistalEjecta,654,3.8722586729704123,3.8722586729704123,13.265073217979257,0.24361372403995085,0.013099677266783134,1.0,355,,unreal_rockfield.json,unreal_rockfield.json,nan,nan,nan
957,-220.8855708965933,-119.05556329497149,0.2621566242876476,Small,MixedBreccia,crater_ejecta_clump,DistalEjecta,DistalEjecta,654,3.1935809409693543,3.1935809409693543,10.94014852499635,0.24361372403995085,0.013099677266783134,1.0,356,,unreal_rockfield.json,unreal_rockfield.json,nan,nan,nan
958,-214.73096928785094,-116.38802674149564,0.27083185976578145,Small,MixedBreccia,crater_ejecta_clump,DistalEjecta,DistalEjecta,654,4.878521987705402,4.878521987705402,16.712197409268565,0.24361372403995085,0.013099677266783134,1.0,356,,unreal_rockfield.json,unreal_rockfield.json,nan,nan,nan
959,133.98954633930015,-93.34402365793511,0.2686779573398834,Small,FreshEjecta,crater_ejecta_single,ProximalEjecta,ProximalEjecta,656,2.073113676715719,2.073113676715719,3.789548590635205,0.202924941798073,0.008757640334871725,1.0,-1,,unreal_rockfield.json,unreal_rockfield.json,nan,nan,nan
960,136.72426004436213,-98.58841516051005,0.27124010590612907,Small,FreshEjecta,crater_ejecta_clump,ProximalEjecta,ProximalEjecta,656,1.8430288225464566,1.8430288225464566,3.368964932036739,0.22766576101369695,0.013136460502307587,1.0,357,,unreal_rockfield.json,unreal_rockfield.json,nan,nan,nan
961,136.52694029321256,-102.32810189002885,0.26565430815380087,Small,MixedBreccia,crater_ejecta_clump,DistalEjecta,DistalEjecta,656,3.886225164784292,3.886225164784292,7.103826124687183,0.13013387798249398,0.013136460502307587,1.0,357,,unreal_rockfield.json,unreal_rockfield.json,nan,nan,nan
962,-80.84580506779194,221.03553542204142,0.262249442186458,Small,MixedBreccia,crater_ejecta_clump,DistalEjecta,DistalEjecta,657,3.081303922411304,3.081303922411304,5.034258926475994,0.11633526235815007,0.013143076362849952,1.0,358,,unreal_rockfield.json,unreal_rockfield.json,nan,nan,nan
963,-84.26614735624726,225.75021680396796,0.2728790923936209,Small,MixedBreccia,crater_ejecta_clump,DistalEjecta,DistalEjecta,657,5.58714686030103,5.58714686030103,9.128325106272417,0.11633526235815007,0.013143076362849952,1.0,358,,unreal_rockfield.json,unreal_rockfield.json,nan,nan,nan
964,-80.28257232940727,-58.176650159762865,0.2712855579621513,Small,MixedBreccia,crater_ejecta_clump,DistalEjecta,DistalEjecta,659,5.298727146746573,5.298727146746573,8.96162516364679,0.12043683787624136,0.013145725207377033,1.0,359,,unreal_rockfield.json,unreal_rockfield.json,nan,nan,nan
965,-81.17546717697178,-59.099469451928606,0.267600520526216,Small,MixedBreccia,crater_ejecta_clump,DistalEjecta,DistalEjecta,659,5.555127435983674,5.555127435983674,9.395269550375469,0.12043683787624136,0.013145725207377033,1.0,359,,unreal_rockfield.json,unreal_rockfield.json,nan,nan,nan
966,-53.99915850626304,85.09306133556689,0.2705307180115805,Small,MixedBreccia,crater_ejecta_clump,DistalEjecta,DistalEjecta,660,3.395482228629187,3.395482228629187,5.966800012028714,0.12517653303171308,0.01315661603425768,1.0,360,,unreal_rockfield.json,unreal_rockfield.json,nan,nan,nan
967,-55.8505466380847,90.45389185495802,0.2696753973398801,Small,FreshEjecta,crater_ejecta_clump,ProximalEjecta,ProximalEjecta,660,1.909912301113072,1.909912301113072,3.3562433769108693,0.21179061207492633,0.01315661603425768,1.0,360,,unreal_rockfield.json,unreal_rockfield.json,nan,nan,nan
968,201.36359011716968,-65.69085776523747,0.26725344367454634,Small,FreshEjecta,crater_ejecta_single,ProximalEjecta,ProximalEjecta,661,1.7466744821202518,1.7466744821202518,3.909852544458668,0.2929815800008827,0.00879090688962826,1.0,-1,,unreal_rockfield.json,unreal_rockfield.json,nan,nan,nan
969,208.33808421436152,-64.12358412436667,0.26487977626898157,Small,FreshEjecta,crater_ejecta_clump,ProximalEjecta,ProximalEjecta,661,2.618879662952302,2.618879662952302,5.86224475060498,0.18942764854299463,0.013186360334442388,1.0,361,,unreal_rockfield.json,unreal_rockfield.json,nan,nan,nan
970,204.81267633092722,-64.4442939818051,0.27483725532121217,Small,FreshEjecta,crater_ejecta_clump,ProximalEjecta,ProximalEjecta,661,1.3762199728303783,1.3762199728303783,3.080606728721446,0.35260096077666425,0.013186360334442388,1.0,361,,unreal_rockfield.json,unreal_rockfield.json,nan,nan,nan
971,203.23487293946235,-60.466370898427776,0.2704064816037449,Small,RegolithCovered,crater_ejecta_clump,CraterFloor,CraterFloor,661,0.7384474182460448,0.7384474182460448,1.652981449453304,0.2659859138594916,0.013186360334442388,1.0,361,,unreal_rockfield.json,unreal_rockfield.json,nan,nan,nan
972,136.04660045518173,-54.43253219883255,0.2648212616306025,Small,FreshEjecta,crater_ejecta_single,ProximalEjecta,ProximalEjecta,662,1.513936930593475,1.513936930593475,3.2001969070348815,0.31098243749662374,0.008803321873505033,1.0,-1,,unreal_rockfield.json,unreal_rockfield.json,nan,nan,nan
973,128.65408191108577,-55.42824080684616,0.2656890905815741,Small,FreshEjecta,crater_ejecta_clump,ProximalEjecta,ProximalEjecta,662,2.053516712724413,2.053516712724413,4.34077384586223,0.23744750048436483,0.013204982810257549,1.0,362,,unreal_rockfield.json,unreal_rockfield.json,nan,nan,nan
974,133.32921078815406,-50.378348077862654,0.2645014042015137,Small,FreshEjecta,crater_ejecta_clump,ProximalEjecta,ProximalEjecta,662,2.3787772354338186,2.3787772354338186,5.028317492972515,0.20180790651200645,0.013204982810257549,1.0,362,,unreal_rockfield.json,unreal_rockfield.json,nan,nan,nan
975,108.94749155701383,246.63314028162944,0.2637200331166965,Small,MixedBreccia,crater_ejecta_clump,DistalEjecta,DistalEjecta,663,3.08721513481934,3.08721513481934,5.034210344669778,0.11634183245597211,0.013210748262370672,1.0,363,,unreal_rockfield.json,unreal_rockfield.json,nan,nan,nan
976,112.15598742453288,241.6596331249676,0.26795293132416415,Small,MixedBreccia,crater_ejecta_clump,DistalEjecta,DistalEjecta,663,5.425725435798557,5.425725435798557,8.847534727389004,0.11634183245597211,0.013210748262370672,1.0,363,,unreal_rockfield.json,unreal_rockfield.json,nan,nan,nan
977,-82.69119813150384,-162.11821092995567,0.2945621179062321,Small,FreshEjecta,crater_ejecta_clump,ProximalEjecta,ProximalEjecta,664,1.302163338944684,1.302163338944684,2.2389114529660796,0.2814490252661461,0.013234546545018561,1.0,364,,unreal_rockfield.json,unreal_rockfield.json,nan,nan,nan
978,-83.59601280130295,-156.83352264139907,0.27145620786408997,Small,FreshEjecta,crater_ejecta_clump,ProximalEjecta,ProximalEjecta,664,1.894617577149963,1.894617577149963,3.2575644434204825,0.20929070730552032,0.013234546545018561,1.0,364,,unreal_rockfield.json,unreal_rockfield.json,nan,nan,nan
979,-57.83024720883125,187.26469957278374,0.2606876212006431,Small,MixedBreccia,crater_ejecta_clump,DistalEjecta,DistalEjecta,665,3.1829942743503743,3.1829942743503743,5.5896781984370705,0.12538300398371463,0.01323566795573644,1.0,365,,unreal_rockfield.json,unreal_rockfield.json,nan,nan,nan
980,-60.15500299264571,191.09069945632902,0.2600153539434949,Small,RegolithCovered,crater_ejecta_clump,CraterFloor,CraterFloor,665,0.6354746840629578,0.6354746840629578,1.1159614755795808,0.20897167330619107,0.01323566795573644,1.0,365,,unreal_rockfield.json,unreal_rockfield.json,nan,nan,nan
981,101.94340794060784,-146.73595880034733,0.2637864932028046,Small,FreshEjecta,crater_ejecta_single,ProximalEjecta,ProximalEjecta,666,2.020083119696536,2.020083119696536,3.732311502839978,0.21135625971598704,0.008837360231975377,1.0,-1,,unreal_rockfield.json,unreal_rockfield.json,nan,nan,nan
982,89.18006757462506,-158.44725219459139,0.26481998775725224,Small,MixedBreccia,crater_ejecta_clump,DistalEjecta,DistalEjecta,666,7.372332915363097,7.372332915363097,13.62114393931919,0.13199412990516962,0.013256040347963065,1.0,366,,unreal_rockfield.json,unreal_rockfield.json,nan,nan,nan
983,92.78347019491308,-154.87016375707532,0.266289975748264,Small,MixedBreccia,crater_ejecta_clump,DistalEjecta,DistalEjecta,666,4.624363784851171,4.624363784851171,8.543988105850532,0.13199412990516962,0.013256040347963065,1.0,366,,unreal_rockfield.json,unreal_rockfield.json,nan,nan,nan
984,-44.19130858204937,-115.1062556773949,0.2864129913922454,Small,FreshEjecta,crater_ejecta_single,Rim,Rim,667,0.8628641651068395,0.8628641651068395,2.7463390092788047,1.3650933015841542,0.008850701228969747,1.0,-1,,unreal_rockfield.json,unreal_rockfield.json,nan,nan,nan
985,-38.94422915168492,-116.95418332077179,0.3804265258736423,Medium,FreshEjecta,crater_ejecta_single,Rim,Rim,667,0.8863917476239369,0.8863917476239369,2.821223006405669,1.3650933015841542,0.008850701228969747,1.0,-1,,unreal_rockfield.json,unreal_rockfield.json,nan,nan,nan
986,-34.659447693099274,-114.7062015509267,0.26314977540564644,Small,FreshEjecta,crater_ejecta_clump,ProximalEjecta,ProximalEjecta,667,2.2381987695597925,2.2381987695597925,7.123777808759486,0.32666933688334626,0.01327605184345462,1.0,367,,unreal_rockfield.json,unreal_rockfield.json,nan,nan,nan
987,-41.938949331872,-113.07786924711942,0.2978972405346284,Small,FreshEjecta,crater_ejecta_clump,Rim,Rim,667,0.9617382815552709,0.9617382815552709,3.0610372595841486,1.3650933015841542,0.01327605184345462,1.0,367,,unreal_rockfield.json,unreal_rockfield.json,nan,nan,nan
988,-43.583377790366576,-112.12992285864462,0.2796892489001798,Small,FreshEjecta,crater_ejecta_clump,ProximalEjecta,ProximalEjecta,667,1.395554920108098,1.395554920108098,4.441796370358338,0.497835838851958,0.01327605184345462,1.0,367,,unreal_rockfield.json,unreal_rockfield.json,nan,nan,nan
989,-37.008771442840924,-120.74409845741731,0.27064125773178854,Small,FreshEjecta,crater_ejecta_clump,ProximalEjecta,ProximalEjecta,667,2.0553800240452036,2.0553800240452036,6.541899139163834,0.3579372994473209,0.01327605184345462,1.0,367,,unreal_rockfield.json,unreal_rockfield.json,nan,nan,nan
990,-43.30856297854522,-115.35269407175748,0.2948484457806029,Small,RegolithCovered,crater_ejecta_clump,CraterFloor,CraterFloor,667,0.5774024260780636,0.5774024260780636,1.837766442176982,0.37919258377337617,0.01327605184345462,1.0,367,,unreal_rockfield.json,unreal_rockfield.json,nan,nan,nan
991,-41.16070322557327,-119.87329615032682,0.4400740867021348,Medium,FreshEjecta,crater_ejecta_clump,Rim,Rim,667,1.1874874725447389,1.1874874725447389,3.779555694581089,1.3650933015841542,0.01327605184345462,1.0,367,,unreal_rockfield.json,unreal_rockfield.json,nan,nan,nan
992,-38.855428324413914,-112.00437174423206,0.2843163653747342,Small,FreshEjecta,crater_ejecta_clump,ProximalEjecta,ProximalEjecta,667,1.5624777494756112,1.5624777494756112,4.973081242728058,0.4579724214552104,0.01327605184345462,1.0,367,,unreal_rockfield.json,unreal_rockfield.json,nan,nan,nan
993,-10.805993936908905,65.36904202261145,0.29167861963663755,Small,FreshEjecta,crater_ejecta_clump,ProximalEjecta,ProximalEjecta,670,1.3058532220186612,1.3058532220186612,2.234251232768276,0.2801707043214247,0.013310230648827207,1.0,368,,unreal_rockfield.json,unreal_rockfield.json,nan,nan,nan
994,-7.074082042929019,62.34747297834891,0.26341448371282333,Small,FreshEjecta,crater_ejecta_clump,ProximalEjecta,ProximalEjecta,670,1.5440078400669381,1.5440078400669381,2.641722179726063,0.24871850791312344,0.013310230648827207,1.0,368,,unreal_rockfield.json,unreal_rockfield.json,nan,nan,nan
995,-180.48392995098988,152.77028357173307,0.3091293647092325,Medium,FreshEjecta,crater_ejecta_single,ProximalEjecta,ProximalEjecta,671,1.3042667585048675,1.3042667585048675,2.4922831147438873,0.3132747086352005,0.008882187854773906,1.0,-1,,unreal_rockfield.json,unreal_rockfield.json,nan,nan,nan
996,-182.4762287351762,140.65407408342912,0.26512209840369966,Small,MixedBreccia,crater_ejecta_clump,DistalEjecta,DistalEjecta,671,7.694276012500599,7.694276012500599,14.702754678894621,0.1367814771719117,0.01332328178216086,1.0,369,,unreal_rockfield.json,unreal_rockfield.json,nan,nan,nan
997,-181.69785094492065,141.2488093085259,0.26355062728863665,Small,MixedBreccia,crater_ejecta_clump,DistalEjecta,DistalEjecta,671,7.345771039314617,7.345771039314617,14.036807276331535,0.1367814771719117,0.01332328178216086,1.0,369,,unreal_rockfield.json,unreal_rockfield.json,nan,nan,nan
998,219.68899460360797,-205.35492365737764,0.26006315832694993,Small,MixedBreccia,crater_ejecta_single,DistalEjecta,DistalEjecta,674,3.872056190584052,3.872056190584052,15.64439142749914,0.28960895820325383,0.008913843071638674,1.0,-1,,unreal_rockfield.json,unreal_rockfield.json,nan,nan,nan
999,208.4667480878716,-217.98912840726553,0.2831237853782849,Small,FreshEjecta,crater_ejecta_single,Rim,Rim,674,0.9132755333793933,0.9132755333793933,3.689936101673707,1.7376537492195232,0.008913843071638674,1.0,-1,,unreal_rockfield.json,unreal_rockfield.json,nan,nan,nan
1000,208.4042405281479,-221.6376220048845,0.2689037761753712,Small,FreshEjecta,crater_ejecta_single,ProximalEjecta,ProximalEjecta,674,1.7783960506202217,1.7783960506202217,7.185309964426085,0.5233041379477301,0.008913843071638674,1.0,-1,,unreal_rockfield.json,unreal_rockfield.json,nan,nan,nan
1001,209.52521542152226,-210.39379097994882,0.5349408582707089,Medium,FreshEjecta,crater_ejecta_single,ProximalEjecta,ProximalEjecta,674,1.203212865916813,1.203212865916813,4.861379101568859,0.6976757219719293,0.008913843071638674,1.0,-1,,unreal_rockfield.json,unreal_rockfield.json,nan,nan,nan
1002,204.1067458475982,-216.47492086774403,0.37186970959247284,Medium,FreshEjecta,crater_ejecta_clump,Rim,Rim,674,0.8672107486411035,0.8672107486411035,3.503819090969746,1.7376537492195232,0.013370764607458011,1.0,370,,unreal_rockfield.json,unreal_rockfield.json,nan,nan,nan
1003,203.30451084972498,-217.75261467913714,0.33064588870711353,Medium,FreshEjecta,crater_ejecta_clump,ProximalEjecta,ProximalEjecta,674,1.2156309701934431,1.2156309701934431,4.911552362112845,0.6933572377593458,0.013370764607458011,1.0,370,,unreal_rockfield.json,unreal_rockfield.json,nan,nan,nan
1004,201.63676486458124,-216.47761436340957,0.3021256919783382,Medium,FreshEjecta,crater_ejecta_clump,ProximalEjecta,ProximalEjecta,674,1.4206793275373553,1.4206793275373553,5.740015743314452,0.6257939617247934,0.013370764607458011,1.0,370,,unreal_rockfield.json,unreal_rockfield.json,nan,nan,nan
1005,204.61381584331372,-214.7180339780674,0.26309592649756786,Small,RegolithCovered,crater_ejecta_clump,CraterFloor,CraterFloor,674,0.6049523068669154,0.6049523068669154,2.444207991250007,0.4826815970054231,0.013370764607458011,1.0,370,,unreal_rockfield.json,unreal_rockfield.json,nan,nan,nan
1006,203.67971621550652,-217.84047921852027,0.27435716762887424,Small,FreshEjecta,crater_ejecta_clump,Rim,Rim,674,1.1613089750714256,1.1613089750714256,4.692073482421444,1.7376537492195232,0.013370764607458011,1.0,370,,unreal_rockfield.json,unreal_rockfield.json,nan,nan,nan
1007,201.49161142768395,-213.12122426533037,0.38673269494422224,Medium,FreshEjecta,crater_ejecta_clump,ProximalEjecta,ProximalEjecta,674,1.4233247493342325,1.4233247493342325,5.750704124898848,0.6249667644234886,0.013370764607458011,1.0,370,,unreal_rockfield.json,unreal_rockfield.json,nan,nan,nan
1008,202.68798143102404,-214.57762918826023,0.2667798330745837,Small,FreshEjecta,crater_ejecta_clump,Rim,Rim,674,1.0806436827259875,1.0806436827259875,4.3661589434913335,1.7376537492195232,0.013370764607458011,1.0,370,,unreal_rockfield.json,unreal_rockfield.json,nan,nan,nan
1009,202.08079011360292,-219.3885632071693,0.3138926689165735,Medium,FreshEjecta,crater_ejecta_clump,ProximalEjecta,ProximalEjecta,674,1.7121453585921849,1.7121453585921849,6.917635192311545,0.540929073016993,0.013370764607458011,1.0,370,,unreal_rockfield.json,unreal_rockfield.json,nan,nan,nan
1010,201.90936148839597,-219.99286828313043,0.26133252792968,Small,FreshEjecta,crater_ejecta_clump,ProximalEjecta,ProximalEjecta,674,1.8482586759147477,1.8482586759147477,7.467578145068225,0.50534001922842,0.013370764607458011,1.0,370,,unreal_rockfield.json,unreal_rockfield.json,nan,nan,nan
1011,205.62464393902565,-215.3146816921069,0.3246622904360492,Medium,RegolithCovered,crater_ejecta_clump,CraterFloor,CraterFloor,674,0.3977655663974381,0.3977655663974381,1.6071048328882303,0.4826815970054231,0.013370764607458011,1.0,370,,unreal_rockfield.json,unreal_rockfield.json,nan,nan,nan
1012,198.70262710373126,-213.05565220159292,0.26979537697112105,Small,FreshEjecta,crater_ejecta_clump,ProximalEjecta,ProximalEjecta,674,2.1011987260758738,2.1011987260758738,8.489539851624722,0.4453059094826175,0.013370764607458011,1.0,370,,unreal_rockfield.json,unreal_rockfield.json,nan,nan,nan
1013,-79.76087504147019,222.35102252003767,0.2610688348661032,Small,MixedBreccia,crater_ejecta_clump,DistalEjecta,DistalEjecta,676,4.796955249817981,4.796955249817981,7.610564713985448,0.11376624315404772,0.013384051090723176,1.0,371,,unreal_rockfield.json,unreal_rockfield.json,nan,nan,nan
1014,-77.92277286854224,220.1419797325044,0.2728393269099849,Small,MixedBreccia,crater_ejecta_clump,DistalEjecta,DistalEjecta,676,3.7652408712026153,3.7652408712026153,5.973707867113786,0.11376624315404772,0.013384051090723176,1.0,371,,unreal_rockfield.json,unreal_rockfield.json,nan,nan,nan
1015,77.18442804515297,-116.15725331570259,0.26425657901918626,Small,FreshEjecta,crater_ejecta_clump,ProximalEjecta,ProximalEjecta,682,2.3987152958247964,2.3987152958247964,3.7835565050152016,0.15013202313420082,0.01344360001431787,1.0,372,,unreal_rockfield.json,unreal_rockfield.json,nan,nan,nan
1016,78.58244602112947,-112.86769960048613,0.2601261317625134,Small,FreshEjecta,crater_ejecta_clump,ProximalEjecta,ProximalEjecta,682,1.2615261864998941,1.2615261864998941,1.9898383178223258,0.2651006634356171,0.01344360001431787,1.0,372,,unreal_rockfield.json,unreal_rockfield.json,nan,nan,nan
1017,173.35363823626273,27.39560953641657,0.28926530139199363,Small,FreshEjecta,crater_ejecta_single,ProximalEjecta,ProximalEjecta,684,1.21496891586096,1.21496891586096,2.179804887655648,0.3088571338298468,0.00897868171109865,1.0,-1,,unreal_rockfield.json,unreal_rockfield.json,nan,nan,nan
1018,175.10347745798805,29.88993566210162,0.2676107476767568,Small,FreshEjecta,crater_ejecta_clump,ProximalEjecta,ProximalEjecta,684,2.1132083513910938,2.1132083513910938,3.791357814066252,0.19710943894923452,0.013468022566647975,1.0,373,,unreal_rockfield.json,unreal_rockfield.json,nan,nan,nan
1019,170.1601735556374,23.322181746422178,0.26324188230659284,Small,MixedBreccia,crater_ejecta_clump,DistalEjecta,DistalEjecta,684,3.161123135375159,3.161123135375159,5.6714468749097575,0.12896409403897283,0.013468022566647975,1.0,373,,unreal_rockfield.json,unreal_rockfield.json,nan,nan,nan
1020,-180.66300572558433,-183.0708669305714,0.29999429887110035,Small,FreshEjecta,crater_ejecta_single,ProximalEjecta,ProximalEjecta,686,1.223931742881347,1.223931742881347,4.48338545424205,0.62797633244726,0.008985894041485426,1.0,-1,,unreal_rockfield.json,unreal_rockfield.json,nan,nan,nan
1021,-174.76309542146873,-189.04454789547253,0.4122131702703171,Medium,FreshEjecta,crater_ejecta_single,Rim,Rim,686,1.0847233187383019,1.0847233187383019,3.973450952141789,1.580345173227308,0.008985894041485426,1.0,-1,,unreal_rockfield.json,unreal_rockfield.json,nan,nan,nan
1022,-182.10489374222405,-186.38317458082346,0.2871501718214208,Small,FreshEjecta,crater_ejecta_single,ProximalEjecta,ProximalEjecta,686,1.3531498467426557,1.3531498467426557,4.956724405246502,0.5886862896941452,0.008985894041485426,1.0,-1,,unreal_rockfield.json,unreal_rockfield.json,nan,nan,nan
1023,-183.24903099955992,-161.80428541817537,0.26654694518540406,Small,MixedBreccia,crater_ejecta_clump,DistalEjecta,DistalEjecta,686,6.780010676573575,6.780010676573575,24.835863130238767,0.2633908622045513,0.013478841062228138,1.0,374,,unreal_rockfield.json,unreal_rockfield.json,nan,nan,nan
1024,-179.10446609775147,-159.68914624290798,0.26973943064898126,Small,MixedBreccia,crater_ejecta_clump,DistalEjecta,DistalEjecta,686,7.1708204365978645,7.1708204365978645,26.267438709236217,0.2633908622045513,0.013478841062228138,1.0,374,,unreal_rockfield.json,unreal_rockfield.json,nan,nan,nan
1025,-178.02162848541195,-161.6597598642048,0.2628805174649471,Small,MixedBreccia,crater_ejecta_clump,DistalEjecta,DistalEjecta,686,6.617504147216934,6.617504147216934,24.24058531824108,0.2633908622045513,0.013478841062228138,1.0,374,,unreal_rockfield.json,unreal_rockfield.json,nan,nan,nan
1026,-179.4075865364691,-162.53807794855246,0.2601907937293959,Small,MixedBreccia,crater_ejecta_clump,DistalEjecta,DistalEjecta,686,6.40279595587451,6.40279595587451,23.454087551866404,0.2633908622045513,0.013478841062228138,1.0,374,,unreal_rockfield.json,unreal_rockfield.json,nan,nan,nan
1027,-179.64966298889263,-159.2294002928518,0.26008229559251905,Small,MixedBreccia,crater_ejecta_clump,DistalEjecta,DistalEjecta,686,7.308256653826312,7.308256653826312,26.77088143861382,0.2633908622045513,0.013478841062228138,1.0,374,,unreal_rockfield.json,unreal_rockfield.json,nan,nan,nan
1028,-178.06307078904274,-162.033606809241,0.2696934373057088,Small,MixedBreccia,crater_ejecta_clump,DistalEjecta,DistalEjecta,686,6.515922121148479,6.515922121148479,23.868480108341398,0.2633908622045513,0.013478841062228138,1.0,374,,unreal_rockfield.json,unreal_rockfield.json,nan,nan,nan
1029,-183.4461389822062,-181.86272974002713,0.26720154507166427,Small,FreshEjecta,crater_ejecta_clump,ProximalEjecta,ProximalEjecta,686,2.034339603215905,2.034339603215905,7.451991207103548,0.4187602449552805,0.013478841062228138,1.0,375,,unreal_rockfield.json,unreal_rockfield.json,nan,nan,nan
1030,-184.7371955824073,-180.58429728848557,0.2602168483199475,Small,FreshEjecta,crater_ejecta_clump,ProximalEjecta,ProximalEjecta,686,2.5215495093473073,2.5215495093473073,9.2366902469126,0.3282231115691224,0.013478841062228138,1.0,375,,unreal_rockfield.json,unreal_rockfield.json,nan,nan,nan
1031,-189.64750985855312,-179.51584951767234,0.26123756007235693,Small,MixedBreccia,crater_ejecta_clump,DistalEjecta,DistalEjecta,686,3.8236563774445957,3.8236563774445957,14.006439071755352,0.2633908622045513,0.013478841062228138,1.0,375,,unreal_rockfield.json,unreal_rockfield.json,nan,nan,nan
1032,67.92981822933257,-195.87896658884966,0.26393585267035585,Small,RegolithCovered,crater_ejecta_clump,CraterFloor,CraterFloor,688,0.705066182114654,0.705066182114654,1.22382082023197,0.20806310428997052,0.01348735441387124,1.0,376,,unreal_rockfield.json,unreal_rockfield.json,nan,nan,nan
1033,69.73408120209555,-200.49903554049956,0.2602315970164011,Small,FreshEjecta,crater_ejecta_clump,ProximalEjecta,ProximalEjecta,688,2.8191517926180514,2.8191517926180514,4.893351499078437,0.13405754561250194,0.01348735441387124,1.0,376,,unreal_rockfield.json,unreal_rockfield.json,nan,nan,nan
1034,25.797946138710664,-0.12157329475655543,0.27292908220864653,Small,FreshEjecta,crater_ejecta_clump,ProximalEjecta,ProximalEjecta,689,2.5175155071397275,2.5175155071397275,4.234628597064593,0.15107780585655423,0.013491726461128334,1.0,377,,unreal_rockfield.json,unreal_rockfield.json,nan,nan,nan
1035,24.401966770267972,-2.097595612415661,0.2639992761063791,Small,MixedBreccia,crater_ejecta_clump,DistalEjecta,DistalEjecta,689,3.907592437683737,3.907592437683737,6.57283048917104,0.12099188475897996,0.013491726461128334,1.0,377,,unreal_rockfield.json,unreal_rockfield.json,nan,nan,nan
1036,-47.939831546627474,-147.62860806994703,0.2680660908879488,Small,FreshEjecta,crater_ejecta_single,ProximalEjecta,ProximalEjecta,690,2.808687064633787,2.808687064633787,7.764270154902136,0.2147092467519336,0.009001044615520452,1.0,-1,,unreal_rockfield.json,unreal_rockfield.json,nan,nan,nan
1037,-40.586285809886185,-149.23243456111973,0.2632928500848413,Small,RegolithCovered,crater_ejecta_clump,CraterFloor,CraterFloor,690,0.7479287581854663,0.7479287581854663,2.0675571188738315,0.3314989609633828,0.013501566923280677,1.0,378,,unreal_rockfield.json,unreal_rockfield.json,nan,nan,nan
1038,-39.416593974958225,-145.77635840698446,0.2615175692054362,Small,RegolithCovered,crater_ejecta_clump,CraterFloor,CraterFloor,690,0.5867971195207833,0.5867971195207833,1.6221285095966371,0.3314989609633828,0.013501566923280677,1.0,378,,unreal_rockfield.json,unreal_rockfield.json,nan,nan,nan
1039,-38.8835490194604,-148.87327093522555,0.26655851766196303,Small,RegolithCovered,crater_ejecta_clump,CraterFloor,CraterFloor,690,0.766247074549738,0.766247074549738,2.118195852831085,0.3314989609633828,0.013501566923280677,1.0,378,,unreal_rockfield.json,unreal_rockfield.json,nan,nan,nan
1040,-34.02050915878841,-145.91484185874543,0.27051801540650366,Small,FreshEjecta,crater_ejecta_clump,ProximalEjecta,ProximalEjecta,690,2.2789745775051413,2.2789745775051413,6.299945094884036,0.2798184544073787,0.013501566923280677,1.0,378,,unreal_rockfield.json,unreal_rockfield.json,nan,nan,nan
1041,-40.27438211236801,-151.9811894838763,0.26841346538875255,Small,FreshEjecta,crater_ejecta_clump,ProximalEjecta,ProximalEjecta,690,1.7284994843620123,1.7284994843620123,4.7782243626153305,0.3684770986973981,0.013501566923280677,1.0,378,,unreal_rockfield.json,unreal_rockfield.json,nan,nan,nan
1042,-31.57367619655138,-238.75799672212094,0.4024756584888239,Medium,RegolithCovered,crater_ejecta_single,CraterFloor,CraterFloor,692,0.20369586114839738,0.20369586114839738,0.4576930823815397,0.26972312751871685,0.009024589488003651,1.0,-1,,unreal_rockfield.json,unreal_rockfield.json,nan,nan,nan
1043,-36.05694270638687,-239.93236426578085,0.2611827631031898,Small,FreshEjecta,crater_ejecta_clump,ProximalEjecta,ProximalEjecta,692,2.2567462796312285,2.2567462796312285,5.070781286640878,0.23021794993914277,0.013536884232005476,1.0,379,,unreal_rockfield.json,unreal_rockfield.json,nan,nan,nan
1044,-33.678290101351635,-237.83339623592872,0.28099489870093464,Small,FreshEjecta,crater_ejecta_clump,ProximalEjecta,ProximalEjecta,692,1.2165149122935623,1.2165149122935623,2.7334402222591807,0.3872777563750338,0.013536884232005476,1.0,379,,unreal_rockfield.json,unreal_rockfield.json,nan,nan,nan
1045,-34.64718377540363,-234.58624004275234,0.27243634141696166,Small,FreshEjecta,crater_ejecta_clump,ProximalEjecta,ProximalEjecta,692,2.4424023807995536,2.4424023807995536,5.487940048373226,0.20980917309930658,0.013536884232005476,1.0,379,,unreal_rockfield.json,unreal_rockfield.json,nan,nan,nan
1046,-31.409433207695916,-128.25072065383222,0.26063631786907676,Small,MixedBreccia,crater_ejecta_clump,DistalEjecta,DistalEjecta,694,3.747549372253127,3.747549372253127,5.646732027983556,0.10855439733477609,0.01354652754674977,1.0,380,,unreal_rockfield.json,unreal_rockfield.json,nan,nan,nan
1047,-34.06245101064381,-128.84615610430723,0.26049279898249345,Small,FreshEjecta,crater_ejecta_clump,ProximalEjecta,ProximalEjecta,694,2.7902183363195316,2.7902183363195316,4.204244875709215,0.11827015893792753,0.01354652754674977,1.0,380,,unreal_rockfield.json,unreal_rockfield.json,nan,nan,nan
1048,179.32656394962885,8.867402397543096,0.2672838825400631,Small,MixedBreccia,crater_ejecta_single,DistalEjecta,DistalEjecta,695,3.029365648171743,3.029365648171743,5.669377480533312,0.13486398523287768,0.009037150735174226,1.0,-1,,unreal_rockfield.json,unreal_rockfield.json,nan,nan,nan
1049,180.36924045668428,11.816270635893238,0.2637622118397619,Small,FreshEjecta,crater_ejecta_clump,ProximalEjecta,ProximalEjecta,695,1.4964033234173229,1.4964033234173229,2.8004791394849855,0.2805899483566345,0.013555726102761338,1.0,381,,unreal_rockfield.json,unreal_rockfield.json,nan,nan,nan
1050,179.89504726927547,16.149203375361495,0.3118464946077115,Medium,FreshEjecta,crater_ejecta_clump,Rim,Rim,695,0.8756646736561288,0.8756646736561288,1.638783216651554,0.8091839113972662,0.013555726102761338,1.0,381,,unreal_rockfield.json,unreal_rockfield.json,nan,nan,nan
1051,-153.0041112905263,-99.29293893051782,0.26693816795679165,Small,FreshEjecta,crater_ejecta_clump,ProximalEjecta,ProximalEjecta,702,1.7477997231238804,1.7477997231238804,2.701213447951281,0.204725407971568,0.013620497821456419,1.0,382,,unreal_rockfield.json,unreal_rockfield.json,nan,nan,nan
1052,-156.22277665875305,-101.5143961572065,0.26640911722964233,Small,RegolithCovered,crater_ejecta_clump,CraterFloor,CraterFloor,702,0.8385844567654955,0.8385844567654955,1.2960269886124267,0.1859663680166294,0.013620497821456419,1.0,382,,unreal_rockfield.json,unreal_rockfield.json,nan,nan,nan
1053,-19.138253947620026,-168.00079629140785,0.39746079824106595,Medium,FreshEjecta,crater_ejecta_single,Rim,Rim,705,1.030882934755493,1.030882934755493,4.214405912883071,1.775349556432135,0.009138805669783999,1.0,-1,,unreal_rockfield.json,unreal_rockfield.json,nan,nan,nan
1054,-6.672987503553625,-178.2478178818932,0.2602539015589753,Small,MixedBreccia,crater_ejecta_single,DistalEjecta,DistalEjecta,705,3.067228111512199,3.067228111512199,12.539294088114985,0.29589159273868915,0.009138805669783999,1.0,-1,,unreal_rockfield.json,unreal_rockfield.json,nan,nan,nan
1055,-11.975368934027514,-165.0124585375145,0.27244647439611513,Small,FreshEjecta,crater_ejecta_single,ProximalEjecta,ProximalEjecta,705,1.205530200459764,1.205530200459764,4.928390444431752,0.7119853243102285,0.009138805669783999,1.0,-1,,unreal_rockfield.json,unreal_rockfield.json,nan,nan,nan
1056,-9.503773101671037,-157.91651989158365,0.26658007484919655,Small,MixedBreccia,crater_ejecta_single,DistalEjecta,DistalEjecta,705,3.0039146229896985,3.0039146229896985,12.280458936810655,0.29589159273868915,0.009138805669783999,1.0,-1,,unreal_rockfield.json,unreal_rockfield.json,nan,nan,nan
1057,-11.235841115960213,-169.4063379071023,0.33737823756748553,Medium,FreshEjecta,crater_ejecta_clump,Rim,Rim,705,0.9338904681097345,0.9338904681097345,3.817885986947977,1.775349556432135,0.013708208504675998,1.0,383,,unreal_rockfield.json,unreal_rockfield.json,nan,nan,nan
1058,-13.945433497917882,-174.79626896739424,0.28017642597290277,Small,FreshEjecta,crater_ejecta_clump,ProximalEjecta,ProximalEjecta,705,1.4686004623271187,1.4686004623271187,6.003861605840051,0.6242320463176403,0.013708208504675998,1.0,383,,unreal_rockfield.json,unreal_rockfield.json,nan,nan,nan
1059,-10.958902725724874,-169.34896026740947,0.34161418387954373,Medium,FreshEjecta,crater_ejecta_clump,Rim,Rim,705,0.9993727167067734,0.9993727167067734,4.085587358628647,1.775349556432135,0.013708208504675998,1.0,383,,unreal_rockfield.json,unreal_rockfield.json,nan,nan,nan
1060,-10.14116022085065,-172.5260517539484,0.2830287889025068,Small,FreshEjecta,crater_ejecta_clump,ProximalEjecta,ProximalEjecta,705,1.4882265377225474,1.4882265377225474,6.084095981058224,0.6181363910777098,0.013708208504675998,1.0,383,,unreal_rockfield.json,unreal_rockfield.json,nan,nan,nan
1061,-11.12920602376091,-173.3001474022026,0.267006132982357,Small,FreshEjecta,crater_ejecta_clump,ProximalEjecta,ProximalEjecta,705,1.4385083023760008,1.4385083023760008,5.880840288332749,0.6336953055602607,0.013708208504675998,1.0,383,,unreal_rockfield.json,unreal_rockfield.json,nan,nan,nan
1062,-13.187207993361934,-169.9711250487293,0.27825609311049354,Small,RegolithCovered,crater_ejecta_clump,CraterFloor,CraterFloor,705,0.5203074105942642,0.5203074105942642,2.1270956709021824,0.493152654564482,0.013708208504675998,1.0,383,,unreal_rockfield.json,unreal_rockfield.json,nan,nan,nan
1063,-9.790404018915602,-174.45041484821348,0.2869391345936066,Small,FreshEjecta,crater_ejecta_clump,ProximalEjecta,ProximalEjecta,705,1.8670862423363725,1.8670862423363725,7.632931959855699,0.5114650621350034,0.013708208504675998,1.0,383,,unreal_rockfield.json,unreal_rockfield.json,nan,nan,nan
1064,-11.56716060416583,-169.2840468722285,0.30127219413825296,Medium,RegolithCovered,crater_ejecta_clump,CraterFloor,CraterFloor,705,0.849745996430375,0.849745996430375,3.4738906146062822,0.493152654564482,0.013708208504675998,1.0,383,,unreal_rockfield.json,unreal_rockfield.json,nan,nan,nan
1065,-24.424332653993,-165.23790271506107,0.27081906782715176,Small,FreshEjecta,crater_ejecta_clump,ProximalEjecta,ProximalEjecta,705,2.4680138323980523,2.4680138323980523,10.089615161592075,0.3787269448571626,0.013708208504675998,1.0,384,,unreal_rockfield.json,unreal_rockfield.json,nan,nan,nan
1066,-28.37019174197995,-164.67443819104815,0.2719545853743521,Small,MixedBreccia,crater_ejecta_clump,DistalEjecta,DistalEjecta,705,3.424794471932563,3.424794471932563,14.001079643776627,0.29589159273868915,0.013708208504675998,1.0,384,,unreal_rockfield.json,unreal_rockfield.json,nan,nan,nan
1067,-27.692748719784497,-169.8365966590702,0.27006624124562584,Small,MixedBreccia,crater_ejecta_clump,DistalEjecta,DistalEjecta,705,3.1088843776250377,3.1088843776250377,12.709591226903319,0.29589159273868915,0.013708208504675998,1.0,384,,unreal_rockfield.json,unreal_rockfield.json,nan,nan,nan
1068,-29.256060208294993,-166.45808145287018,0.26244800328778867,Small,MixedBreccia,crater_ejecta_clump,DistalEjecta,DistalEjecta,705,3.5330355588592193,3.5330355588592193,14.443585636824992,0.29589159273868915,0.013708208504675998,1.0,384,,unreal_rockfield.json,unreal_rockfield.json,nan,nan,nan
1069,193.07293564344346,155.24971689862062,0.27872646587351413,Small,FreshEjecta,crater_ejecta_single,ProximalEjecta,ProximalEjecta,706,1.2248378795497519,1.2248378795497519,2.4315806472043637,0.3424779019494883,0.009142637291912826,1.0,-1,,unreal_rockfield.json,unreal_rockfield.json,nan,nan,nan
1070,196.12750836792853,151.2823886612586,0.26358817248056615,Small,FreshEjecta,crater_ejecta_clump,ProximalEjecta,ProximalEjecta,706,2.6843919312257913,2.6843919312257913,5.329126065140645,0.1650799843244786,0.013713955937869239,1.0,385,,unreal_rockfield.json,unreal_rockfield.json,nan,nan,nan
1071,192.69287076850836,153.96713145800004,0.26567150037513093,Small,FreshEjecta,crater_ejecta_clump,ProximalEjecta,ProximalEjecta,706,1.7835826223174525,1.7835826223174525,3.5408155312043195,0.2590017360004269,0.013713955937869239,1.0,385,,unreal_rockfield.json,unreal_rockfield.json,nan,nan,nan
1072,-28.316919291885576,135.8727870643925,0.26880862912996745,Small,FreshEjecta,crater_ejecta_clump,ProximalEjecta,ProximalEjecta,707,2.251842894425058,2.251842894425058,3.434859727918614,0.15755118298697948,0.013733344302165005,1.0,386,,unreal_rockfield.json,unreal_rockfield.json,nan,nan,nan
1073,-31.276114492673468,140.6301317998715,0.2711395690357334,Small,FreshEjecta,crater_ejecta_clump,ProximalEjecta,ProximalEjecta,707,1.9083026759082413,1.9083026759082413,2.910838951680112,0.18707703540799223,0.013733344302165005,1.0,386,,unreal_rockfield.json,unreal_rockfield.json,nan,nan,nan
1074,184.54005678039323,202.4710005858714,0.2645801574354158,Small,FreshEjecta,crater_ejecta_single,ProximalEjecta,ProximalEjecta,708,2.394207772566935,2.394207772566935,4.514104508663165,0.18146667396005897,0.00916909210521975,1.0,-1,,unreal_rockfield.json,unreal_rockfield.json,nan,nan,nan
1075,176.18661915778668,209.5995408324762,0.2666388140024515,Small,MixedBreccia,crater_ejecta_clump,DistalEjecta,DistalEjecta,708,3.4438501068858742,3.4438501068858742,6.493128738775334,0.13663957990534414,0.013753638157829625,1.0,387,,unreal_rockfield.json,unreal_rockfield.json,nan,nan,nan
1076,176.5772979712995,206.98910257461233,0.26816794372401254,Small,FreshEjecta,crater_ejecta_clump,ProximalEjecta,ProximalEjecta,708,2.6297281648971236,2.6297281648971236,4.958161067614168,0.16130739432347457,0.013753638157829625,1.0,387,,unreal_rockfield.json,unreal_rockfield.json,nan,nan,nan
1077,74.85295871199646,174.78528061049167,0.2652244460147918,Small,FreshEjecta,crater_ejecta_single,ProximalEjecta,ProximalEjecta,714,2.8646091787657113,2.8646091787657113,6.350445896241396,0.16882279534614095,0.009193514390164834,1.0,-1,,unreal_rockfield.json,unreal_rockfield.json,nan,nan,nan
1078,68.53809426024232,175.91692210328705,0.2659593360971639,Small,FreshEjecta,crater_ejecta_clump,ProximalEjecta,ProximalEjecta,714,1.8290022289682424,1.8290022289682424,4.054647239583424,0.28334155880259126,0.013790271585247251,1.0,388,,unreal_rockfield.json,unreal_rockfield.json,nan,nan,nan
1079,69.48131059741803,168.54348602514736,0.2645450038709377,Small,FreshEjecta,crater_ejecta_clump,ProximalEjecta,ProximalEjecta,714,1.5264689584535363,1.5264689584535363,3.383972447204099,0.32961316075727554,0.013790271585247251,1.0,388,,unreal_rockfield.json,unreal_rockfield.json,nan,nan,nan
1080,68.11637794612815,176.04787404663418,0.2708336244698696,Small,FreshEjecta,crater_ejecta_clump,ProximalEjecta,ProximalEjecta,714,1.9260848688323393,1.9260848688323393,4.269866145007332,0.26991626237160227,0.013790271585247251,1.0,388,,unreal_rockfield.json,unreal_rockfield.json,nan,nan,nan
1081,56.1242729208215,67.9476202361979,0.26823099922381227,Small,RegolithCovered,crater_ejecta_clump,CraterFloor,CraterFloor,717,0.8164533280336387,0.8164533280336387,1.2767437779377144,0.18919715020501282,0.013812635003674814,1.0,389,,unreal_rockfield.json,unreal_rockfield.json,nan,nan,nan
1082,47.80463438333681,68.37339706874168,0.26169099669267226,Small,MixedBreccia,crater_ejecta_clump,DistalEjecta,DistalEjecta,717,6.089923387810057,6.089923387810057,9.523228734004876,0.11351829012300768,0.013812635003674814,1.0,389,,unreal_rockfield.json,unreal_rockfield.json,nan,nan,nan
1083,8.685951339948705,159.12645556543274,0.2687262298607854,Small,MixedBreccia,crater_ejecta_clump,DistalEjecta,DistalEjecta,718,6.872804322674261,6.872804322674261,11.54939965635153,0.12200316961004992,0.013816882136179471,1.0,390,,unreal_rockfield.json,unreal_rockfield.json,nan,nan,nan
1084,9.598972403207606,162.49415696426422,0.2658175257261068,Small,MixedBreccia,crater_ejecta_clump,DistalEjecta,DistalEjecta,718,6.166654013057028,6.166654013057028,10.362749817315754,0.12200316961004992,0.013816882136179471,1.0,390,,unreal_rockfield.json,unreal_rockfield.json,nan,nan,nan
1085,-177.03483963483913,205.52796914994428,0.2819535536373218,Small,FreshEjecta,crater_ejecta_single,ProximalEjecta,ProximalEjecta,722,1.6250027515675287,1.6250027515675287,6.132169975761995,0.5348320790333551,0.009225390417493368,1.0,-1,,unreal_rockfield.json,unreal_rockfield.json,nan,nan,nan
1086,-179.93803757082537,204.1767809225122,0.27181425913964785,Small,FreshEjecta,crater_ejecta_single,ProximalEjecta,ProximalEjecta,722,1.4401321638531033,1.4401321638531033,5.434535546349321,0.586626376461533,0.009225390417493368,1.0,-1,,unreal_rockfield.json,unreal_rockfield.json,nan,nan,nan
1087,-175.3531892026225,202.2363623050337,0.32258813999636643,Medium,FreshEjecta,crater_ejecta_single,Rim,Rim,722,0.9169656457817623,0.9169656457817623,3.4602951880813957,1.6448170129152024,0.009225390417493368,1.0,-1,,unreal_rockfield.json,unreal_rockfield.json,nan,nan,nan
1088,-182.55591335864005,213.70891071408263,0.27197813823125333,Small,MixedBreccia,crater_ejecta_clump,DistalEjecta,DistalEjecta,722,4.035014714770055,4.035014714770055,15.226679500574738,0.2741361688192004,0.013838085626240053,1.0,391,,unreal_rockfield.json,unreal_rockfield.json,nan,nan,nan
1089,-180.89470745967736,211.9021816691141,0.2632928124253857,Small,MixedBreccia,crater_ejecta_clump,DistalEjecta,DistalEjecta,722,3.4434680528818733,3.4434680528818733,12.994397323948402,0.2741361688192004,0.013838085626240053,1.0,391,,unreal_rockfield.json,unreal_rockfield.json,nan,nan,nan
1090,-186.18393124960812,212.01656433147363,0.2720234683338111,Small,MixedBreccia,crater_ejecta_clump,DistalEjecta,DistalEjecta,722,4.0821860518214885,4.0821860518214885,15.40468698794934,0.2741361688192004,0.013838085626240053,1.0,391,,unreal_rockfield.json,unreal_rockfield.json,nan,nan,nan
1091,-186.79409499866432,206.74725416347763,0.27015821397064205,Small,MixedBreccia,crater_ejecta_clump,DistalEjecta,DistalEjecta,722,3.1723210527407826,3.1723210527407826,11.971187060655481,0.2741361688192004,0.013838085626240053,1.0,391,,unreal_rockfield.json,unreal_rockfield.json,nan,nan,nan
1092,-179.22612739597366,212.53410884808676,0.26796200602230635,Small,MixedBreccia,crater_ejecta_clump,DistalEjecta,DistalEjecta,722,3.51529779854266,3.51529779854266,13.265456686329669,0.2741361688192004,0.013838085626240053,1.0,391,,unreal_rockfield.json,unreal_rockfield.json,nan,nan,nan
1093,-184.4747687320145,213.27298893623072,0.2627607544199604,Small,MixedBreccia,crater_ejecta_clump,DistalEjecta,DistalEjecta,722,4.133163955509206,4.133163955509206,15.597059074777846,0.2741361688192004,0.013838085626240053,1.0,391,,unreal_rockfield.json,unreal_rockfield.json,nan,nan,nan
1094,-185.63953318046038,212.21862836059458,0.262775341273821,Small,MixedBreccia,crater_ejecta_clump,DistalEjecta,DistalEjecta,722,4.045947202581657,4.045947202581657,15.26793473749912,0.2741361688192004,0.013838085626240053,1.0,391,,unreal_rockfield.json,unreal_rockfield.json,nan,nan,nan
1095,-184.77155516221245,211.5049647257121,0.2697734200846965,Small,MixedBreccia,crater_ejecta_clump,DistalEjecta,DistalEjecta,722,3.7632622497642747,3.7632622497642747,14.201184432864688,0.2741361688192004,0.013838085626240053,1.0,391,,unreal_rockfield.json,unreal_rockfield.json,nan,nan,nan
1096,-182.47360018675082,209.5655696976784,0.2618861896645137,Small,MixedBreccia,crater_ejecta_clump,DistalEjecta,DistalEjecta,722,3.0170273218007413,3.0170273218007413,11.385164942615386,0.2741361688192004,0.013838085626240053,1.0,391,,unreal_rockfield.json,unreal_rockfield.json,nan,nan,nan
1097,-183.80198998400252,211.27162641655977,0.2666388140024515,Small,MixedBreccia,crater_ejecta_clump,DistalEjecta,DistalEjecta,722,3.5809839635869514,3.5809839635869514,13.513332407597833,0.2741361688192004,0.013838085626240053,1.0,391,,unreal_rockfield.json,unreal_rockfield.json,nan,nan,nan
1098,-185.429157576343,49.93438941348508,0.30023613522454146,Medium,FreshEjecta,crater_ejecta_single,Rim,Rim,724,0.9928142596990519,0.9928142596990519,2.8798646895963738,1.264836622660694,0.009234775913723193,1.0,-1,,unreal_rockfield.json,unreal_rockfield.json,nan,nan,nan
1099,-188.1039973932921,54.617670150886994,0.5387334551529172,Medium,FreshEjecta,crater_ejecta_single,Rim,Rim,724,1.0317751950277512,1.0317751950277512,2.992879003029753,1.264836622660694,0.009234775913723193,1.0,-1,,unreal_rockfield.json,unreal_rockfield.json,nan,nan,nan
1100,-181.35979527765255,49.65218650355057,0.2683915479100837,Small,FreshEjecta,crater_ejecta_clump,ProximalEjecta,ProximalEjecta,724,1.8557201113899908,1.8557201113899908,5.38290296534002,0.3664668140244528,0.013852163870584789,1.0,392,,unreal_rockfield.json,unreal_rockfield.json,nan,nan,nan
1101,-188.40053931541271,47.46123548503587,0.2714199664190574,Small,FreshEjecta,crater_ejecta_clump,ProximalEjecta,ProximalEjecta,724,2.0579760884989735,2.0579760884989735,5.969588582559633,0.33121906369098464,0.013852163870584789,1.0,392,,unreal_rockfield.json,unreal_rockfield.json,nan,nan,nan
1102,-184.1119144424992,46.313410673360465,0.2618747662953261,Small,FreshEjecta,crater_ejecta_clump,ProximalEjecta,ProximalEjecta,724,2.3040972906592283,2.3040972906592283,6.68351442773956,0.2928672337608691,0.013852163870584789,1.0,392,,unreal_rockfield.json,unreal_rockfield.json,nan,nan,nan
1103,-184.40565678525587,47.287558704360954,0.2682708719205198,Small,FreshEjecta,crater_ejecta_clump,ProximalEjecta,ProximalEjecta,724,1.953822361441352,1.953822361441352,5.667468988775772,0.3489249457219925,0.013852163870584789,1.0,392,,unreal_rockfield.json,unreal_rockfield.json,nan,nan,nan
1104,-184.54848195506176,46.48456672465438,0.2657853802621355,Small,FreshEjecta,crater_ejecta_clump,ProximalEjecta,ProximalEjecta,724,2.2143914284697064,2.2143914284697064,6.423303877331357,0.3063022349211975,0.013852163870584789,1.0,392,,unreal_rockfield.json,unreal_rockfield.json,nan,nan,nan
1105,-93.05844069138742,97.67445177044705,0.2602690068567427,Small,MixedBreccia,crater_ejecta_clump,DistalEjecta,DistalEjecta,725,3.841477069995381,3.841477069995381,6.474434826626964,0.12267836459042422,0.013908078659571022,1.0,393,,unreal_rockfield.json,unreal_rockfield.json,nan,nan,nan
1106,-94.02926521791451,97.13884631556246,0.2668219471712262,Small,MixedBreccia,crater_ejecta_clump,DistalEjecta,DistalEjecta,725,4.0966977905502,4.0966977905502,6.9045844517655395,0.12267836459042422,0.013908078659571022,1.0,393,,unreal_rockfield.json,unreal_rockfield.json,nan,nan,nan
1107,-245.10463292519265,134.5414110408534,0.31282854941145083,Medium,FreshEjecta,crater_ejecta_single,ProximalEjecta,ProximalEjecta,731,1.4416692505811544,1.4416692505811544,4.437494020659475,0.48022189620372685,0.009329052561805825,1.0,-1,,unreal_rockfield.json,unreal_rockfield.json,nan,nan,nan
1108,-246.3254903077851,143.99431904561365,0.272621994750495,Small,FreshEjecta,crater_ejecta_clump,ProximalEjecta,ProximalEjecta,731,1.7640591682229676,1.7640591682229676,5.4298182526424705,0.40872939944029846,0.013993578842708737,1.0,394,,unreal_rockfield.json,unreal_rockfield.json,nan,nan,nan
1109,-246.79063427979193,142.8499904875722,0.26199357750077107,Small,FreshEjecta,crater_ejecta_clump,ProximalEjecta,ProximalEjecta,731,1.3826258456544638,1.3826258456544638,4.255756943159938,0.4946102028206257,0.013993578842708737,1.0,394,,unreal_rockfield.json,unreal_rockfield.json,nan,nan,nan
1110,-247.60662374354155,147.8119322812786,0.2600416395027052,Small,MixedBreccia,crater_ejecta_clump,DistalEjecta,DistalEjecta,731,3.0027378110738807,3.0027378110738807,9.242502104332974,0.22458486489879947,0.013993578842708737,1.0,394,,unreal_rockfield.json,unreal_rockfield.json,nan,nan,nan
1111,-241.26164440030135,140.35976590214446,0.2651807730106916,Small,FreshEjecta,crater_ejecta_clump,ProximalEjecta,ProximalEjecta,731,1.9218961250623843,1.9218961250623843,5.915644354525172,0.3777130738889167,0.013993578842708737,1.0,394,,unreal_rockfield.json,unreal_rockfield.json,nan,nan,nan
1112,-247.9818675139681,144.01922333673065,0.2638531824717519,Small,FreshEjecta,crater_ejecta_clump,ProximalEjecta,ProximalEjecta,731,1.7961594797655973,1.7961594797655973,5.528623814649362,0.40222159425876447,0.013993578842708737,1.0,394,,unreal_rockfield.json,unreal_rockfield.json,nan,nan,nan
1113,-246.0102240816535,142.71145329786836,0.33265191127134436,Medium,FreshEjecta,crater_ejecta_clump,ProximalEjecta,ProximalEjecta,731,1.3685459703572038,1.3685459703572038,4.2124187347476845,0.49810451324090055,0.013993578842708737,1.0,394,,unreal_rockfield.json,unreal_rockfield.json,nan,nan,nan
1114,1.8545897474447743,213.27894601787506,0.26246899774205473,Small,MixedBreccia,crater_ejecta_clump,DistalEjecta,DistalEjecta,734,6.205118594458553,6.205118594458553,10.704434860603646,0.12592854501127237,0.014010181703250463,1.0,395,,unreal_rockfield.json,unreal_rockfield.json,nan,nan,nan
1115,0.8984803961767751,217.69568505905121,0.2654613772317529,Small,MixedBreccia,crater_ejecta_clump,DistalEjecta,DistalEjecta,734,4.967687898914938,4.967687898914938,8.569746204243822,0.12592854501127237,0.014010181703250463,1.0,395,,unreal_rockfield.json,unreal_rockfield.json,nan,nan,nan
1116,-207.53225851724994,21.104122932427966,0.28125667440678825,Small,FreshEjecta,crater_ejecta_single,Rim,Rim,735,0.8893382761618326,0.8893382761618326,3.3378913397062746,1.644090595600515,0.009343339463867615,1.0,-1,,unreal_rockfield.json,unreal_rockfield.json,nan,nan,nan
1117,-206.21294343365707,25.427068940492063,0.2775656124371816,Small,FreshEjecta,crater_ejecta_single,ProximalEjecta,ProximalEjecta,735,1.260100838769893,1.260100838769893,4.729448613230779,0.6415980679895193,0.009343339463867615,1.0,-1,,unreal_rockfield.json,unreal_rockfield.json,nan,nan,nan
1118,-211.01467281528767,24.25086754348532,0.26770038097441173,Small,FreshEjecta,crater_ejecta_single,ProximalEjecta,ProximalEjecta,735,1.9961172503298736,1.9961172503298736,7.491887689428469,0.4440574027415404,0.009343339463867615,1.0,-1,,unreal_rockfield.json,unreal_rockfield.json,nan,nan,nan
1119,-198.19022802754478,20.37364909432668,0.3027238820874875,Medium,FreshEjecta,crater_ejecta_clump,ProximalEjecta,ProximalEjecta,735,1.6131223413865523,1.6131223413865523,6.054419603346822,0.5377809354174083,0.014015009195801422,1.0,396,,unreal_rockfield.json,unreal_rockfield.json,nan,nan,nan
1120,-198.2596003301371,14.618754625597179,0.27011046764765273,Small,FreshEjecta,crater_ejecta_clump,ProximalEjecta,ProximalEjecta,735,2.3513112731138057,2.3513112731138057,8.825012648001797,0.3718002799098063,0.014015009195801422,1.0,396,,unreal_rockfield.json,unreal_rockfield.json,nan,nan,nan
1121,-199.00875957242155,17.300714209903177,0.2639250112623775,Small,FreshEjecta,crater_ejecta_clump,ProximalEjecta,ProximalEjecta,735,1.7207364194962516,1.7207364194962516,6.458320018949168,0.5096092496747309,0.014015009195801422,1.0,396,,unreal_rockfield.json,unreal_rockfield.json,nan,nan,nan
1122,-198.61706600360586,16.464116229411637,0.2853514625766967,Small,FreshEjecta,crater_ejecta_clump,ProximalEjecta,ProximalEjecta,735,1.9409031366503777,1.9409031366503777,7.284656406551796,0.45648730780301944,0.014015009195801422,1.0,396,,unreal_rockfield.json,unreal_rockfield.json,nan,nan,nan
1123,-191.55327072007051,15.647214320527974,0.26045242687592773,Small,MixedBreccia,crater_ejecta_clump,DistalEjecta,DistalEjecta,735,3.6734006616000685,3.6734006616000685,13.787118562515275,0.2740150992667525,0.014015009195801422,1.0,396,,unreal_rockfield.json,unreal_rockfield.json,nan,nan,nan
1124,-202.20205404144158,21.346186364777967,0.3056618089914056,Medium,RegolithCovered,crater_ejecta_clump,CraterFloor,CraterFloor,735,0.5334798396836011,0.5334798396836011,2.002272683542687,0.4566918321112542,0.014015009195801422,1.0,396,,unreal_rockfield.json,unreal_rockfield.json,nan,nan,nan
1125,-193.30320295977637,20.952054994715844,0.26844200017887393,Small,FreshEjecta,crater_ejecta_clump,ProximalEjecta,ProximalEjecta,735,2.9023730670344943,2.9023730670344943,10.893274454419487,0.28225923767077404,0.014015009195801422,1.0,396,,unreal_rockfield.json,unreal_rockfield.json,nan,nan,nan
1126,-199.19936560494406,17.366938238778484,0.2602831680281342,Small,FreshEjecta,crater_ejecta_clump,ProximalEjecta,ProximalEjecta,735,1.669518750474317,1.669518750474317,6.266088313139681,0.5228282882746302,0.014015009195801422,1.0,397,,unreal_rockfield.json,unreal_rockfield.json,nan,nan,nan
1127,-199.88743416097648,19.985117526223007,0.2621697553101955,Small,FreshEjecta,crater_ejecta_clump,Rim,Rim,735,1.188831072262592,1.188831072262592,4.461956768131872,1.644090595600515,0.014015009195801422,1.0,397,,unreal_rockfield.json,unreal_rockfield.json,nan,nan,nan
1128,-200.43828677262758,16.180444146156816,0.27839963532629414,Small,FreshEjecta,crater_ejecta_clump,ProximalEjecta,ProximalEjecta,735,1.6597525404828726,1.6597525404828726,6.229433478161834,0.525387557205041,0.014015009195801422,1.0,397,,unreal_rockfield.json,unreal_rockfield.json,nan,nan,nan
1129,42.278922838609574,-46.237886810703394,0.269945897605299,Small,FreshEjecta,crater_ejecta_single,ProximalEjecta,ProximalEjecta,737,1.261835913021921,1.261835913021921,4.461818465064892,0.6046460758590443,0.009371371624136583,1.0,-1,,unreal_rockfield.json,unreal_rockfield.json,nan,nan,nan
1130,29.968693667829537,-47.44983419503925,0.2622660128778002,Small,FreshEjecta,crater_ejecta_single,ProximalEjecta,ProximalEjecta,737,2.2975530209269546,2.2975530209269546,8.124086806728423,0.36024513645615125,0.009371371624136583,1.0,-1,,unreal_rockfield.json,unreal_rockfield.json,nan,nan,nan
1131,45.10612768918699,-44.494415639236806,0.2668741869652355,Small,FreshEjecta,crater_ejecta_single,ProximalEjecta,ProximalEjecta,737,2.190090074331579,2.190090074331579,7.7441006655183235,0.3801311054723188,0.009371371624136583,1.0,-1,,unreal_rockfield.json,unreal_rockfield.json,nan,nan,nan
1132,44.26631184597743,-47.08558742408366,0.269455178755849,Small,FreshEjecta,crater_ejecta_clump,ProximalEjecta,ProximalEjecta,737,1.7581904250271712,1.7581904250271712,6.216914911463799,0.47175794812087696,0.014057057436204874,1.0,398,,unreal_rockfield.json,unreal_rockfield.json,nan,nan,nan
1133,40.7640635317683,-43.20910480964221,0.30442803823730025,Medium,FreshEjecta,crater_ejecta_clump,ProximalEjecta,ProximalEjecta,737,1.4945151041196056,1.4945151041196056,5.284565940043417,0.5382395346265653,0.014057057436204874,1.0,398,,unreal_rockfield.json,unreal_rockfield.json,nan,nan,nan
1134,44.654006631617975,-45.31711783286575,0.27286737012600826,Small,FreshEjecta,crater_ejecta_clump,ProximalEjecta,ProximalEjecta,737,1.98214115688764,1.98214115688764,7.0087987850863405,0.42178287454840335,0.014057057436204874,1.0,398,,unreal_rockfield.json,unreal_rockfield.json,nan,nan,nan
1135,47.21155413445017,-42.089356124531804,0.26004232246759745,Small,MixedBreccia,crater_ejecta_clump,DistalEjecta,DistalEjecta,737,3.0390840536575845,3.0390840536575845,10.746120955631811,0.25845768645076755,0.014057057436204874,1.0,398,,unreal_rockfield.json,unreal_rockfield.json,nan,nan,nan
1136,40.13127952563589,-45.95795606089931,0.31826966434422915,Medium,RegolithCovered,crater_ejecta_clump,CraterFloor,CraterFloor,737,0.771741495411021,0.771741495411021,2.7288575471237713,0.43076281075127926,0.014057057436204874,1.0,398,,unreal_rockfield.json,unreal_rockfield.json,nan,nan,nan
1137,45.10429512022819,-43.58146765567208,0.2720026105754224,Small,FreshEjecta,crater_ejecta_clump,ProximalEjecta,ProximalEjecta,737,2.3105736589632064,2.3105736589632064,8.170127438967162,0.3579074435132807,0.014057057436204874,1.0,398,,unreal_rockfield.json,unreal_rockfield.json,nan,nan,nan
1138,42.98992173600235,-42.180659068477304,0.2722763750532856,Small,FreshEjecta,crater_ejecta_clump,ProximalEjecta,ProximalEjecta,737,2.1017236067686094,2.1017236067686094,7.431639169854607,0.39730309044122575,0.014057057436204874,1.0,398,,unreal_rockfield.json,unreal_rockfield.json,nan,nan,nan
1139,43.84464066511142,-42.30463769075871,0.2608175502540288,Small,FreshEjecta,crater_ejecta_clump,ProximalEjecta,ProximalEjecta,737,2.2442212435408733,2.2442212435408733,7.935507050311383,0.3699806189362112,0.014057057436204874,1.0,398,,unreal_rockfield.json,unreal_rockfield.json,nan,nan,nan
1140,40.63690549043524,-45.96827255555211,0.32255193234127016,Medium,FreshEjecta,crater_ejecta_clump,Rim,Rim,737,0.8822855316462779,0.8822855316462779,3.119738339933084,1.5507461187046054,0.014057057436204874,1.0,399,,unreal_rockfield.json,unreal_rockfield.json,nan,nan,nan
1141,-6.046358930392371,245.8536431777879,0.2632455708095761,Small,FreshEjecta,crater_ejecta_single,ProximalEjecta,ProximalEjecta,739,2.533847813703902,2.533847813703902,7.410865718267964,0.26484187203235726,0.009377954811877278,1.0,-1,,unreal_rockfield.json,unreal_rockfield.json,nan,nan,nan
1142,-20.506021290644313,244.6679894653235,0.26170130330038893,Small,FreshEjecta,crater_ejecta_clump,ProximalEjecta,ProximalEjecta,739,2.8040989139224624,2.8040989139224624,8.201282018371758,0.23136750763646952,0.014066932217815917,1.0,400,,unreal_rockfield.json,unreal_rockfield.json,nan,nan,nan
1143,-13.589294768038403,243.81638491866508,0.28923295295613777,Small,FreshEjecta,crater_ejecta_clump,ProximalEjecta,ProximalEjecta,739,1.4966510656311514,1.4966510656311514,4.377326852271339,0.4448474047162404,0.014066932217815917,1.0,400,,unreal_rockfield.json,unreal_rockfield.json,nan,nan,nan
1144,-17.540464248746908,248.25725514373815,0.26863965413567037,Small,FreshEjecta,crater_ejecta_clump,ProximalEjecta,ProximalEjecta,739,1.5228033353944674,1.5228033353944674,4.453815644690386,0.43906838600817477,0.014066932217815917,1.0,400,,unreal_rockfield.json,unreal_rockfield.json,nan,nan,nan
1145,-15.43074566011069,244.57262144821058,0.3071897088216623,Medium,FreshEjecta,crater_ejecta_clump,ProximalEjecta,ProximalEjecta,739,1.4664117427688976,1.4664117427688976,4.2888844604546295,0.45162445108275606,0.014066932217815917,1.0,400,,unreal_rockfield.json,unreal_rockfield.json,nan,nan,nan
1146,-21.142330541672433,248.7977671248652,0.2703877024634742,Small,FreshEjecta,crater_ejecta_clump,ProximalEjecta,ProximalEjecta,739,2.7624776748176054,2.7624776748176054,8.07955039251569,0.23623285870975572,0.014066932217815917,1.0,400,,unreal_rockfield.json,unreal_rockfield.json,nan,nan,nan
1147,-20.480308889443023,249.27309579872303,0.26787710957479155,Small,FreshEjecta,crater_ejecta_clump,ProximalEjecta,ProximalEjecta,739,2.5558808696436346,2.5558808696436346,7.475306849281969,0.2619402464074366,0.014066932217815917,1.0,400,,unreal_rockfield.json,unreal_rockfield.json,nan,nan,nan
1148,-217.25307493859412,-118.66884757463512,0.2839574222096028,Small,FreshEjecta,crater_ejecta_clump,Rim,Rim,740,1.0881004046820697,1.0881004046820697,1.723360987708423,0.6948171603337384,0.014067894545527227,1.0,401,,unreal_rockfield.json,unreal_rockfield.json,nan,nan,nan
1149,-217.43787430683602,-117.02742016341035,0.2683773819857346,Small,FreshEjecta,crater_ejecta_clump,ProximalEjecta,ProximalEjecta,740,2.028091769860789,2.028091769860789,3.212143126343061,0.1846888710419611,0.014067894545527227,1.0,401,,unreal_rockfield.json,unreal_rockfield.json,nan,nan,nan
1150,-247.9806727985718,-151.49761263229522,0.3285843876811184,Medium,FreshEjecta,crater_ejecta_single,Rim,Rim,741,1.0198365096684763,1.0198365096684763,2.1555473498304067,0.9275123456934035,0.009385708447056029,1.0,-1,,unreal_rockfield.json,unreal_rockfield.json,nan,nan,nan
1151,-245.36915149584163,-146.3494491084633,0.2707890878560236,Small,FreshEjecta,crater_ejecta_clump,ProximalEjecta,ProximalEjecta,741,2.3228802813268583,2.3228802813268583,4.909687373337035,0.21275382544542487,0.014078562670584042,1.0,402,,unreal_rockfield.json,unreal_rockfield.json,nan,nan,nan
1152,-247.212922332489,-152.336515038382,0.26644134307052236,Small,RegolithCovered,crater_ejecta_clump,CraterFloor,CraterFloor,741,0.8319920135459192,0.8319920135459192,1.7585153726865141,0.25764231824816763,0.014078562670584042,1.0,402,,unreal_rockfield.json,unreal_rockfield.json,nan,nan,nan
1153,-244.65532765435321,-154.95515485466242,0.2640582822382966,Small,FreshEjecta,crater_ejecta_clump,ProximalEjecta,ProximalEjecta,741,1.8466855482605615,1.8466855482605615,3.903192425241939,0.2699490168716272,0.014078562670584042,1.0,402,,unreal_rockfield.json,unreal_rockfield.json,nan,nan,nan
1154,-217.99617473101407,-131.60104340828514,0.2719595666379207,Small,FreshEjecta,crater_ejecta_single,ProximalEjecta,ProximalEjecta,743,2.429537934882494,2.429537934882494,5.624204833818412,0.22113029199635179,0.00940885935603939,1.0,-1,,unreal_rockfield.json,unreal_rockfield.json,nan,nan,nan
1155,-213.99202585652037,-132.65600674423536,0.28059603037851066,Small,RegolithCovered,crater_ejecta_clump,CraterFloor,CraterFloor,743,0.6446115943035965,0.6446115943035965,1.492229280541375,0.282454484993174,0.014113289034059083,1.0,403,,unreal_rockfield.json,unreal_rockfield.json,nan,nan,nan
1156,-210.92068153291066,-133.31927664264896,0.2654738228685967,Small,RegolithCovered,crater_ejecta_clump,CraterFloor,CraterFloor,743,0.7305667356421578,0.7305667356421578,1.6912092242034866,0.282454484993174,0.014113289034059083,1.0,403,,unreal_rockfield.json,unreal_rockfield.json,nan,nan,nan
1157,-214.14516153241055,-130.18725518715186,0.2737608856598487,Small,FreshEjecta,crater_ejecta_clump,ProximalEjecta,ProximalEjecta,743,1.4669362309160308,1.4669362309160308,3.395851417821282,0.3578281833166402,0.014113289034059083,1.0,403,,unreal_rockfield.json,unreal_rockfield.json,nan,nan,nan
1158,70.80443912556059,239.38882407578905,0.2691839541704154,Small,MixedBreccia,crater_ejecta_clump,DistalEjecta,DistalEjecta,744,3.7137473758101542,3.7137473758101542,5.979155487064748,0.11791337595391235,0.014127607439164438,1.0,404,,unreal_rockfield.json,unreal_rockfield.json,nan,nan,nan
1159,78.13388092634094,238.50950754593296,0.33519600553106244,Medium,FreshEjecta,crater_ejecta_clump,Rim,Rim,744,0.9480802899679933,0.9480802899679933,1.526414937338982,0.7074802557234741,0.014127607439164438,1.0,404,,unreal_rockfield.json,unreal_rockfield.json,nan,nan,nan
1160,-208.0235900822866,230.9881034830566,0.26678702264854753,Small,MixedBreccia,crater_ejecta_clump,DistalEjecta,DistalEjecta,745,4.286864228538894,4.286864228538894,7.091305944018559,0.12116430351914184,0.014131956355377607,1.0,405,,unreal_rockfield.json,unreal_rockfield.json,nan,nan,nan
1161,-210.4248211651,233.21900349785489,0.260856190696357,Small,FreshEjecta,crater_ejecta_clump,ProximalEjecta,ProximalEjecta,745,2.312483989213002,2.312483989213002,3.82529760307876,0.16762590880450745,0.014131956355377607,1.0,405,,unreal_rockfield.json,unreal_rockfield.json,nan,nan,nan
1162,88.27443665994967,119.898262347539,0.27018254162679894,Small,MixedBreccia,crater_ejecta_clump,DistalEjecta,DistalEjecta,747,7.278532424553127,7.278532424553127,11.60118235029206,0.11677948143960908,0.014141872078282805,1.0,406,,unreal_rockfield.json,unreal_rockfield.json,nan,nan,nan
1163,91.22883104725177,124.1805000053783,0.26320980606243577,Small,MixedBreccia,crater_ejecta_clump,DistalEjecta,DistalEjecta,747,5.4288917086182344,5.4288917086182344,8.653057924040997,0.11677948143960908,0.014141872078282805,1.0,406,,unreal_rockfield.json,unreal_rockfield.json,nan,nan,nan
1164,2.289348491303244,118.77943485645466,0.26724816982473404,Small,MixedBreccia,crater_ejecta_clump,DistalEjecta,DistalEjecta,748,3.2546311268610633,3.2546311268610633,5.195513839429176,0.1169897423337688,0.014151215905143098,1.0,407,,unreal_rockfield.json,unreal_rockfield.json,nan,nan,nan
1165,1.40283121375919,127.75757182309957,0.2697136339042491,Small,MixedBreccia,crater_ejecta_clump,DistalEjecta,DistalEjecta,748,3.5928507921196546,3.5928507921196546,5.735429081164381,0.1169897423337688,0.014151215905143098,1.0,407,,unreal_rockfield.json,unreal_rockfield.json,nan,nan,nan
1166,220.42312748374744,216.9478022716075,0.40855906181946444,Medium,FreshEjecta,crater_ejecta_single,Rim,Rim,750,1.1406033727392484,1.1406033727392484,1.994217305405462,0.7693044569520616,0.009450048348933475,1.0,-1,,unreal_rockfield.json,unreal_rockfield.json,nan,nan,nan
1167,223.82568374254254,221.26635006430328,0.2661217648212212,Small,MixedBreccia,crater_ejecta_clump,DistalEjecta,DistalEjecta,750,3.723002148896607,3.723002148896607,6.509252463072098,0.12821740949201027,0.014175072523400212,1.0,408,,unreal_rockfield.json,unreal_rockfield.json,nan,nan,nan
1168,223.1437585583404,213.72042613819576,0.2694569452832493,Small,MixedBreccia,crater_ejecta_clump,DistalEjecta,DistalEjecta,750,3.4238003926154934,3.4238003926154934,5.98613168818736,0.12821740949201027,0.014175072523400212,1.0,408,,unreal_rockfield.json,unreal_rockfield.json,nan,nan,nan
1169,235.52297924502747,15.447122912908725,0.26281949758676826,Small,MixedBreccia,crater_ejecta_clump,DistalEjecta,DistalEjecta,751,5.260422987848975,5.260422987848975,11.851067060208024,0.16529438670667568,0.014192657454405334,1.0,409,,unreal_rockfield.json,unreal_rockfield.json,nan,nan,nan
1170,232.49975949848528,14.392306962760067,0.2600638416479757,Small,MixedBreccia,crater_ejecta_clump,DistalEjecta,DistalEjecta,751,6.673835383774215,6.673835383774215,15.035306260464557,0.16529438670667568,0.014192657454405334,1.0,409,,unreal_rockfield.json,unreal_rockfield.json,nan,nan,nan
1171,230.54520969812756,14.417093240927827,0.26387626963424726,Small,MixedBreccia,crater_ejecta_clump,DistalEjecta,DistalEjecta,751,7.516616538912352,7.516616538912352,16.93398551300614,0.16529438670667568,0.014192657454405334,1.0,409,,unreal_rockfield.json,unreal_rockfield.json,nan,nan,nan
1172,169.6931271056359,7.525600589723946,0.26471403394656323,Small,MixedBreccia,crater_ejecta_single,DistalEjecta,DistalEjecta,752,3.3583638824229345,3.3583638824229345,8.007899702880144,0.17498077624607222,0.009466092736209235,1.0,-1,,unreal_rockfield.json,unreal_rockfield.json,nan,nan,nan
1173,172.51491996118128,6.280218104191474,0.26722829735898856,Small,FreshEjecta,crater_ejecta_clump,ProximalEjecta,ProximalEjecta,752,2.0733122336429815,2.0733122336429815,4.94373957112385,0.27283009916277895,0.014199139104313852,1.0,410,,unreal_rockfield.json,unreal_rockfield.json,nan,nan,nan
1174,176.6573798078474,9.238208899721197,0.2695390552065178,Small,FreshEjecta,crater_ejecta_clump,ProximalEjecta,ProximalEjecta,752,1.811715328069969,1.811715328069969,4.319971017222794,0.31095484441919224,0.014199139104313852,1.0,410,,unreal_rockfield.json,unreal_rockfield.json,nan,nan,nan
1175,175.57671722048806,10.764021525753884,0.26327509056039966,Small,FreshEjecta,crater_ejecta_clump,ProximalEjecta,ProximalEjecta,752,2.535407158736843,2.535407158736843,6.04558854964843,0.216545739171589,0.014199139104313852,1.0,410,,unreal_rockfield.json,unreal_rockfield.json,nan,nan,nan
1176,171.49222980527404,8.80526808081082,0.2703667494032576,Small,FreshEjecta,crater_ejecta_clump,ProximalEjecta,ProximalEjecta,752,2.9133923275825535,2.9133923275825535,6.946880794105541,0.17925497024261033,0.014199139104313852,1.0,410,,unreal_rockfield.json,unreal_rockfield.json,nan,nan,nan
1177,-77.40751524546205,166.0500670391765,0.2656402661980184,Small,FreshEjecta,crater_ejecta_single,ProximalEjecta,ProximalEjecta,755,1.60343934472287,1.60343934472287,4.885631539350787,0.4410854762548228,0.009472817990671544,1.0,-1,,unreal_rockfield.json,unreal_rockfield.json,nan,nan,nan
1178,-75.39681552181943,171.0449691532658,0.2767335053941893,Small,FreshEjecta,crater_ejecta_single,Rim,Rim,755,1.0175300732987484,1.0175300732987484,3.1003835815226823,1.3419627619205174,0.009472817990671544,1.0,-1,,unreal_rockfield.json,unreal_rockfield.json,nan,nan,nan
1179,-66.79891054223367,175.6641105525045,0.26068311227766555,Small,MixedBreccia,crater_ejecta_clump,DistalEjecta,DistalEjecta,755,3.1239518353351285,3.1239518353351285,9.518587444144309,0.22366046032008624,0.014209226986007316,1.0,411,,unreal_rockfield.json,unreal_rockfield.json,nan,nan,nan
1180,-67.57753972061809,171.60640432453408,0.2706522395003122,Small,FreshEjecta,crater_ejecta_clump,ProximalEjecta,ProximalEjecta,755,2.1089029883151675,2.1089029883151675,6.4257640845931,0.34258056577358165,0.014209226986007316,1.0,411,,unreal_rockfield.json,unreal_rockfield.json,nan,nan,nan
1181,-66.1000888471669,172.68949131463575,0.27001816430254855,Small,FreshEjecta,crater_ejecta_clump,ProximalEjecta,ProximalEjecta,755,2.703406858681459,2.703406858681459,8.23719952734112,0.2544883155122135,0.014209226986007316,1.0,411,,unreal_rockfield.json,unreal_rockfield.json,nan,nan,nan
1182,-60.96250720307455,179.0865341863429,0.261654766168268,Small,MixedBreccia,crater_ejecta_clump,DistalEjecta,DistalEjecta,755,5.291955044860964,5.291955044860964,16.1244281282544,0.22366046032008624,0.014209226986007316,1.0,411,,unreal_rockfield.json,unreal_rockfield.json,nan,nan,nan
1183,-63.634171529630926,178.3668861892928,0.2605221538870661,Small,MixedBreccia,crater_ejecta_clump,DistalEjecta,DistalEjecta,755,4.48426762363556,4.48426762363556,13.663428806974958,0.22366046032008624,0.014209226986007316,1.0,411,,unreal_rockfield.json,unreal_rockfield.json,nan,nan,nan
1184,-68.48304618405622,176.53986110820102,0.2610803886894975,Small,MixedBreccia,crater_ejecta_clump,DistalEjecta,DistalEjecta,755,3.0142505261550685,3.0142505261550685,9.184330848906024,0.22366046032008624,0.014209226986007316,1.0,411,,unreal_rockfield.json,unreal_rockfield.json,nan,nan,nan
1185,118.00910072736892,-141.08910490616327,0.262322619091004,Small,FreshEjecta,crater_ejecta_clump,ProximalEjecta,ProximalEjecta,757,1.6968258823117606,1.6968258823117606,2.5949846975375577,0.21129792321931543,0.01421103252646555,1.0,412,,unreal_rockfield.json,unreal_rockfield.json,nan,nan,nan
1186,112.22210176809602,-145.27969586777897,0.2723183660396574,Small,MixedBreccia,crater_ejecta_clump,DistalEjecta,DistalEjecta,757,3.02406735285636,3.02406735285636,4.624757664760413,0.11226394877179745,0.01421103252646555,1.0,412,,unreal_rockfield.json,unreal_rockfield.json,nan,nan,nan
1187,-110.43437317465234,-211.7628777672292,0.2604145061184395,Small,FreshEjecta,crater_ejecta_clump,ProximalEjecta,ProximalEjecta,761,2.46081695305003,2.46081695305003,3.977200186053297,0.15275251453118188,0.014293470411987894,1.0,413,,unreal_rockfield.json,unreal_rockfield.json,nan,nan,nan
1188,-115.18005920447067,-205.8778868990656,0.262249442186458,Small,MixedBreccia,crater_ejecta_clump,DistalEjecta,DistalEjecta,761,3.4570951800309246,3.4570951800309246,5.587396322258437,0.11891373130244715,0.014293470411987894,1.0,413,,unreal_rockfield.json,unreal_rockfield.json,nan,nan,nan
1189,29.94322797949399,-196.6580508381544,0.2717697798676149,Small,MixedBreccia,crater_ejecta_clump,DistalEjecta,DistalEjecta,763,4.100071087109648,4.100071087109648,6.311810442386836,0.11329095489457497,0.014301708564564423,1.0,414,,unreal_rockfield.json,unreal_rockfield.json,nan,nan,nan
1190,37.9369816727802,-199.53994853518708,0.2716401212396397,Small,FreshEjecta,crater_ejecta_clump,ProximalEjecta,ProximalEjecta,763,2.9492577468649945,2.9492577468649945,4.540203193665974,0.11399558404447364,0.014301708564564423,1.0,414,,unreal_rockfield.json,unreal_rockfield.json,nan,nan,nan
1191,-151.73495336923366,-158.1484488368945,0.2941912194628493,Small,FreshEjecta,crater_ejecta_single,ProximalEjecta,ProximalEjecta,764,1.2305378169430996,1.2305378169430996,2.1255469584207316,0.30224121057145276,0.009547664928352075,1.0,-1,,unreal_rockfield.json,unreal_rockfield.json,nan,nan,nan
1192,-154.05905974487595,-152.08210183067132,0.2722020780126659,Small,MixedBreccia,crater_ejecta_clump,DistalEjecta,DistalEjecta,764,3.445564731913436,3.445564731913436,5.951633127500177,0.1271878419949014,0.014321497392528113,1.0,415,,unreal_rockfield.json,unreal_rockfield.json,nan,nan,nan
1193,-153.67135657396472,-155.01566530235337,0.2647167081922051,Small,FreshEjecta,crater_ejecta_clump,ProximalEjecta,ProximalEjecta,764,1.7485754471511967,1.7485754471511967,3.0203697701012895,0.23327233574708808,0.014321497392528113,1.0,415,,unreal_rockfield.json,unreal_rockfield.json,nan,nan,nan
1194,24.072827134764726,132.79670628209124,0.2697889178946122,Small,FreshEjecta,crater_ejecta_clump,ProximalEjecta,ProximalEjecta,765,2.228954320924953,2.228954320924953,3.3655526507654625,0.1603872734509123,0.0143248476779682,1.0,416,,unreal_rockfield.json,unreal_rockfield.json,nan,nan,nan
1195,27.974547345663254,130.1203766006928,0.27221619829088717,Small,FreshEjecta,crater_ejecta_clump,ProximalEjecta,ProximalEjecta,765,1.4757799389567372,1.4757799389567372,2.2283162283205744,0.23373279021118437,0.0143248476779682,1.0,416,,unreal_rockfield.json,unreal_rockfield.json,nan,nan,nan
1196,138.1060049422693,143.56773587324594,0.26246749194155805,Small,FreshEjecta,crater_ejecta_single,Rim,Rim,766,0.8501771625382429,0.8501771625382429,7.92830066586507,4.12177697073213,0.009558393111808986,1.0,-1,,unreal_rockfield.json,unreal_rockfield.json,nan,nan,nan
1197,134.9298585015237,141.0632736067786,0.5230059440625343,Medium,FreshEjecta,crater_ejecta_single,ProximalEjecta,ProximalEjecta,766,1.2409421849489657,1.2409421849489657,11.57236771904982,1.6239850974685026,0.009558393111808986,1.0,-1,,unreal_rockfield.json,unreal_rockfield.json,nan,nan,nan
1198,133.89590288099487,168.1877188481266,0.2698432831520734,Small,FreshEjecta,crater_ejecta_single,ProximalEjecta,ProximalEjecta,766,2.851072377971739,2.851072377971739,26.587586715711225,0.7260168672869171,0.009558393111808986,1.0,-1,,unreal_rockfield.json,unreal_rockfield.json,nan,nan,nan
1199,147.87866951049654,144.39270962903828,0.3347257240387045,Medium,RegolithCovered,crater_ejecta_single,CraterFloor,CraterFloor,766,0.20408123831667835,0.20408123831667835,1.9031532355044867,1.1449380474255917,0.009558393111808986,1.0,-1,,unreal_rockfield.json,unreal_rockfield.json,nan,nan,nan
1200,152.99578709050772,140.42714622746163,0.42144294297198703,Medium,FreshEjecta,crater_ejecta_single,Rim,Rim,766,0.8702524685938567,0.8702524685938567,8.115512307604508,4.12177697073213,0.009558393111808986,1.0,-1,,unreal_rockfield.json,unreal_rockfield.json,nan,nan,nan
1201,150.83200192929596,133.75552288327782,0.2841661415723751,Small,FreshEjecta,crater_ejecta_single,ProximalEjecta,ProximalEjecta,766,1.264671108360783,1.264671108360783,11.793651055718723,1.6048312382660779,0.009558393111808986,1.0,-1,,unreal_rockfield.json,unreal_rockfield.json,nan,nan,nan
1202,155.1614483346171,144.42683873025518,0.31870084554071143,Medium,FreshEjecta,crater_ejecta_single,Rim,Rim,766,0.9847208489808333,0.9847208489808333,9.18298362585665,4.12177697073213,0.009558393111808986,1.0,-1,,unreal_rockfield.json,unreal_rockfield.json,nan,nan,nan
1203,155.52895957198743,145.02307693795584,0.27621119776531394,Small,FreshEjecta,crater_ejecta_single,Rim,Rim,766,1.025604953592268,1.025604953592268,9.56424707081488,4.12177697073213,0.009558393111808986,1.0,-1,,unreal_rockfield.json,unreal_rockfield.json,nan,nan,nan
1204,138.05495399818412,144.94768975009555,0.35786006690203026,Medium,FreshEjecta,crater_ejecta_single,Rim,Rim,766,0.8510276887112993,0.8510276887112993,7.936232221217648,4.12177697073213,0.009558393111808986,1.0,-1,,unreal_rockfield.json,unreal_rockfield.json,nan,nan,nan
1205,133.79237328829427,143.85758810545923,0.2777639875069901,Small,FreshEjecta,crater_ejecta_single,ProximalEjecta,ProximalEjecta,766,1.3086277110574176,1.3086277110574176,12.203566985933133,1.5699445530493634,0.009558393111808986,1.0,-1,,unreal_rockfield.json,unreal_rockfield.json,nan,nan,nan
1206,163.98779907784154,161.88970365676533,0.2604771019526719,Small,FreshEjecta,crater_ejecta_single,ProximalEjecta,ProximalEjecta,766,2.6842083316784406,2.6842083316784406,25.031501245964687,0.7891885541028469,0.009558393111808986,1.0,-1,,unreal_rockfield.json,unreal_rockfield.json,nan,nan,nan
1207,122.69919642927873,142.97321367709844,0.34332473204502706,Medium,FreshEjecta,crater_ejecta_single,ProximalEjecta,ProximalEjecta,766,2.5017392178901616,2.5017392178901616,23.32989120503118,0.8645765312181836,0.009558393111808986,1.0,-1,,unreal_rockfield.json,unreal_rockfield.json,nan,nan,nan
1208,93.3136660813318,181.1678212025213,0.2689996833674224,Small,MixedBreccia,crater_ejecta_single,DistalEjecta,DistalEjecta,766,6.8811880601090145,6.8811880601090145,64.17030506444709,0.6869628284553551,0.009558393111808986,1.0,-1,,unreal_rockfield.json,unreal_rockfield.json,nan,nan,nan
1209,158.5338360349028,155.98974792582885,0.26587914109535815,Small,FreshEjecta,crater_ejecta_single,ProximalEjecta,ProximalEjecta,766,1.8246804700866526,1.8246804700866526,17.016000927134122,1.2128996802313168,0.009558393111808986,1.0,-1,,unreal_rockfield.json,unreal_rockfield.json,nan,nan,nan
1210,154.5702947509536,143.1776060092404,0.32696987708755165,Medium,FreshEjecta,crater_ejecta_single,Rim,Rim,766,0.932214334790566,0.932214334790566,8.693335762140693,4.12177697073213,0.009558393111808986,1.0,-1,,unreal_rockfield.json,unreal_rockfield.json,nan,nan,nan
1211,138.9503321175975,151.2027035349844,0.28879339011760014,Small,FreshEjecta,crater_ejecta_single,Rim,Rim,766,1.041143600055836,1.041143600055836,9.709152234740895,4.12177697073213,0.009558393111808986,1.0,-1,,unreal_rockfield.json,unreal_rockfield.json,nan,nan,nan
1212,140.09232007284837,154.64303313566478,0.27668809560892876,Small,FreshEjecta,crater_ejecta_single,ProximalEjecta,ProximalEjecta,766,1.2571654090845363,1.2571654090845363,11.723656890747316,1.6108652438738853,0.009558393111808986,1.0,-1,,unreal_rockfield.json,unreal_rockfield.json,nan,nan,nan
1213,142.9250480398578,135.87224130012046,0.29641991817628294,Small,FreshEjecta,crater_ejecta_single,Rim,Rim,766,0.9818608485103841,0.9818608485103841,9.156312780492438,4.12177697073213,0.009558393111808986,1.0,-1,,unreal_rockfield.json,unreal_rockfield.json,nan,nan,nan
1214,154.19230114399537,140.16242593723095,0.30155034403112546,Medium,FreshEjecta,crater_ejecta_single,Rim,Rim,766,0.9962522481700903,0.9962522481700903,9.290519330059269,4.12177697073213,0.009558393111808986,1.0,-1,,unreal_rockfield.json,unreal_rockfield.json,nan,nan,nan
1215,139.34456002021875,138.88154111927966,0.35042732240511903,Medium,FreshEjecta,crater_ejecta_single,Rim,Rim,766,0.9325506473039814,0.9325506473039814,8.696472034016166,4.12177697073213,0.009558393111808986,1.0,-1,,unreal_rockfield.json,unreal_rockfield.json,nan,nan,nan
1216,137.81741708297733,137.72589415086796,0.28491706844846937,Small,FreshEjecta,crater_ejecta_single,Rim,Rim,766,1.1376581695360646,1.1376581695360646,10.609195848228728,4.12177697073213,0.009558393111808986,1.0,-1,,unreal_rockfield.json,unreal_rockfield.json,nan,nan,nan
1217,173.35153538687436,139.25553622508036,0.2612027277457014,Small,FreshEjecta,crater_ejecta_single,ProximalEjecta,ProximalEjecta,766,2.9887433740344225,2.9887433740344225,27.87143330422149,0.6777223899236359,0.009558393111808986,1.0,-1,,unreal_rockfield.json,unreal_rockfield.json,nan,nan,nan
1218,138.00711154506766,142.67155939867874,0.2885743515974108,Small,FreshEjecta,crater_ejecta_single,Rim,Rim,766,0.8771301919452555,0.8771301919452555,8.179650302635729,4.12177697073213,0.009558393111808986,1.0,-1,,unreal_rockfield.json,unreal_rockfield.json,nan,nan,nan
1219,134.27654391244724,148.47390477976384,0.31871841412597823,Medium,FreshEjecta,crater_ejecta_single,ProximalEjecta,ProximalEjecta,766,1.3251015909429698,1.3251015909429698,12.357193640024912,1.5570661262799979,0.009558393111808986,1.0,-1,,unreal_rockfield.json,unreal_rockfield.json,nan,nan,nan
1220,137.62750328872428,159.231042122283,0.3555226978327429,Medium,FreshEjecta,crater_ejecta_single,ProximalEjecta,ProximalEjecta,766,1.8154443063060532,1.8154443063060532,16.929869369291364,1.218513903773652,0.009558393111808986,1.0,-1,,unreal_rockfield.json,unreal_rockfield.json,nan,nan,nan
1221,133.21604684081882,146.93511011393755,0.40089208921580416,Medium,FreshEjecta,crater_ejecta_single,ProximalEjecta,ProximalEjecta,766,1.3931918627915512,1.3931918627915512,12.992167350709318,1.5049478197546957,0.009558393111808986,1.0,-1,,unreal_rockfield.json,unreal_rockfield.json,nan,nan,nan
1222,142.78200165594544,126.1700482039303,0.4093491430928737,Medium,FreshEjecta,crater_ejecta_single,ProximalEjecta,ProximalEjecta,766,1.9957044454014903,1.9957044454014903,18.61087968548529,1.1134930153929308,0.009558393111808986,1.0,-1,,unreal_rockfield.json,unreal_rockfield.json,nan,nan,nan
1223,134.4155496576824,145.1935997419654,0.2623039099198833,Small,FreshEjecta,crater_ejecta_single,ProximalEjecta,ProximalEjecta,766,1.242164646470023,1.242164646470023,11.583767745913002,1.6229927711233778,0.009558393111808986,1.0,-1,,unreal_rockfield.json,unreal_rockfield.json,nan,nan,nan
1224,99.88076842641416,146.02082929600172,0.27133953886385015,Small,MixedBreccia,crater_ejecta_single,DistalEjecta,DistalEjecta,766,4.94591337080127,4.94591337080127,46.122961188422614,0.6869628284553551,0.009558393111808986,1.0,-1,,unreal_rockfield.json,unreal_rockfield.json,nan,nan,nan
1225,134.30216761072876,124.58847618862274,0.2960462649017894,Small,FreshEjecta,crater_ejecta_clump,ProximalEjecta,ProximalEjecta,766,2.4756343512284884,2.4756343512284884,23.086451083541505,0.8759353274543299,0.01433758966771348,1.0,417,,unreal_rockfield.json,unreal_rockfield.json,nan,nan,nan
1226,137.3584812079148,128.02870562657216,0.2680792310815631,Small,FreshEjecta,crater_ejecta_clump,ProximalEjecta,ProximalEjecta,766,1.9939481682036255,1.9939481682036255,18.59450157714408,1.114471246037571,0.01433758966771348,1.0,417,,unreal_rockfield.json,unreal_rockfield.json,nan,nan,nan
1227,141.3223427662637,132.26034719085277,0.2825882171979436,Small,FreshEjecta,crater_ejecta_clump,ProximalEjecta,ProximalEjecta,766,1.4047030766554776,1.4047030766554776,13.099514817288883,1.4963108111076697,0.01433758966771348,1.0,417,,unreal_rockfield.json,unreal_rockfield.json,nan,nan,nan
1228,134.6383560216587,130.2979716391061,0.4031330369522436,Medium,FreshEjecta,crater_ejecta_clump,ProximalEjecta,ProximalEjecta,766,1.9492441165251873,1.9492441165251873,18.177615334715654,1.1396624242478066,0.01433758966771348,1.0,417,,unreal_rockfield.json,unreal_rockfield.json,nan,nan,nan
1229,133.74967489425973,131.65825691503485,0.5059615001890874,Medium,FreshEjecta,crater_ejecta_clump,ProximalEjecta,ProximalEjecta,766,1.9019089419637387,1.9019089419637387,17.736192637740434,1.1669572109205324,0.01433758966771348,1.0,417,,unreal_rockfield.json,unreal_rockfield.json,nan,nan,nan
1230,139.30611251399637,130.61513538187302,0.3122227555885703,Medium,FreshEjecta,crater_ejecta_clump,ProximalEjecta,ProximalEjecta,766,1.6523451265416138,1.6523451265416138,15.408893045171036,1.322047398563163,0.01433758966771348,1.0,417,,unreal_rockfield.json,unreal_rockfield.json,nan,nan,nan
1231,136.31577680695878,134.25036441886866,0.28950090136806633,Small,FreshEjecta,crater_ejecta_clump,ProximalEjecta,ProximalEjecta,766,1.5108751846827817,1.5108751846827817,14.089619505888194,1.4189491541917851,0.01433758966771348,1.0,417,,unreal_rockfield.json,unreal_rockfield.json,nan,nan,nan
1232,132.63537423329217,135.92749779778165,0.30942842468589704,Medium,FreshEjecta,crater_ejecta_clump,ProximalEjecta,ProximalEjecta,766,1.7009520115150347,1.7009520115150347,15.862175038008692,1.2903043902571332,0.01433758966771348,1.0,417,,unreal_rockfield.json,unreal_rockfield.json,nan,nan,nan
1233,139.27835545404258,129.61919260350368,0.2606483776851802,Small,FreshEjecta,crater_ejecta_clump,ProximalEjecta,ProximalEjecta,766,1.7504413776123346,1.7504413776123346,16.323686581098176,1.2587680051369812,0.01433758966771348,1.0,417,,unreal_rockfield.json,unreal_rockfield.json,nan,nan,nan
1234,139.31884050201282,128.04059581311424,0.2781045897495911,Small,FreshEjecta,crater_ejecta_clump,ProximalEjecta,ProximalEjecta,766,1.9044360143640422,1.9044360143640422,17.759758772749517,1.1654836493857252,0.01433758966771348,1.0,417,,unreal_rockfield.json,unreal_rockfield.json,nan,nan,nan
1235,135.96817105582448,130.4609521062816,0.2661665079955882,Small,FreshEjecta,crater_ejecta_clump,ProximalEjecta,ProximalEjecta,766,1.8493566858675017,1.8493566858675017,17.246118209304154,1.1980267337991113,0.01433758966771348,1.0,417,,unreal_rockfield.json,unreal_rockfield.json,nan,nan,nan
1236,137.80555403322398,131.186355978021,0.2701110454411625,Small,FreshEjecta,crater_ejecta_clump,ProximalEjecta,ProximalEjecta,766,1.675619325988204,1.675619325988204,15.625935867656375,1.3067517721256707,0.01433758966771348,1.0,417,,unreal_rockfield.json,unreal_rockfield.json,nan,nan,nan
1237,141.13864692076152,157.99287563608678,0.26001491756448236,Small,FreshEjecta,crater_ejecta_clump,ProximalEjecta,ProximalEjecta,766,1.5367243182066723,1.5367243182066723,14.330674795961666,1.4007278559558831,0.01433758966771348,1.0,418,,unreal_rockfield.json,unreal_rockfield.json,nan,nan,nan
1238,143.2013856441827,162.40851442716337,0.26954204488865635,Small,FreshEjecta,crater_ejecta_clump,ProximalEjecta,ProximalEjecta,766,1.9428880070382482,1.9428880070382482,18.11834163354123,1.143290095236339,0.01433758966771348,1.0,418,,unreal_rockfield.json,unreal_rockfield.json,nan,nan,nan
1239,144.29285229597053,161.2919745948245,0.32061240933210045,Medium,FreshEjecta,crater_ejecta_clump,ProximalEjecta,ProximalEjecta,766,1.809249868967021,1.809249868967021,16.872103336699873,1.2222937582818565,0.01433758966771348,1.0,418,,unreal_rockfield.json,unreal_rockfield.json,nan,nan,nan
1240,137.7811377242275,158.44283180100962,0.27370992581221104,Small,FreshEjecta,crater_ejecta_clump,ProximalEjecta,ProximalEjecta,766,1.7340103105976972,1.7340103105976972,16.170459177101467,1.2691520527006077,0.01433758966771348,1.0,418,,unreal_rockfield.json,unreal_rockfield.json,nan,nan,nan
1241,142.78138870496846,158.39952128770918,0.5194459425971638,Medium,FreshEjecta,crater_ejecta_clump,ProximalEjecta,ProximalEjecta,766,1.528967077881621,1.528967077881621,14.258334892769296,1.4061712969560933,0.01433758966771348,1.0,418,,unreal_rockfield.json,unreal_rockfield.json,nan,nan,nan
1242,145.48593119173316,163.0239837773802,0.3737452285725779,Medium,FreshEjecta,crater_ejecta_clump,ProximalEjecta,ProximalEjecta,766,1.9866266275538205,1.9866266275538205,18.526224777711235,1.118558546071787,0.01433758966771348,1.0,418,,unreal_rockfield.json,unreal_rockfield.json,nan,nan,nan
1243,142.53733387429594,159.47552509456213,0.2616294493934136,Small,FreshEjecta,crater_ejecta_clump,ProximalEjecta,ProximalEjecta,766,1.6472806416870274,1.6472806416870274,15.361664349301337,1.3253993853070731,0.01433758966771348,1.0,418,,unreal_rockfield.json,unreal_rockfield.json,nan,nan,nan
1244,145.866386456386,159.31693733050182,0.26260887230185587,Small,FreshEjecta,crater_ejecta_clump,ProximalEjecta,ProximalEjecta,766,1.588450723408615,1.588450723408615,14.813047777589388,1.3649650119425722,0.01433758966771348,1.0,418,,unreal_rockfield.json,unreal_rockfield.json,nan,nan,nan
1245,145.78745742431553,159.17864487784578,0.34953270979173884,Medium,FreshEjecta,crater_ejecta_clump,ProximalEjecta,ProximalEjecta,766,1.573709200088667,1.573709200088667,14.675576160727235,1.3750630129821744,0.01433758966771348,1.0,418,,unreal_rockfield.json,unreal_rockfield.json,nan,nan,nan
1246,151.1617590150505,135.0335469578921,0.26158075148893106,Small,FreshEjecta,crater_ejecta_clump,Rim,Rim,766,1.1577146238006226,1.1577146238006226,10.79623168817749,4.12177697073213,0.01433758966771348,1.0,419,,unreal_rockfield.json,unreal_rockfield.json,nan,nan,nan
1247,145.91390275654243,133.2597132092027,0.29187441882929926,Small,FreshEjecta,crater_ejecta_clump,ProximalEjecta,ProximalEjecta,766,1.2058149789479304,1.2058149789479304,11.244790052888437,1.6527600835092469,0.01433758966771348,1.0,419,,unreal_rockfield.json,unreal_rockfield.json,nan,nan,nan
1248,148.47063256751022,135.65918162939533,0.2972686327738197,Small,FreshEjecta,crater_ejecta_clump,Rim,Rim,766,0.9854124097174091,0.9854124097174091,9.189432753979444,4.12177697073213,0.01433758966771348,1.0,419,,unreal_rockfield.json,unreal_rockfield.json,nan,nan,nan
1249,149.33918558441553,139.747931613944,0.3139023325005333,Medium,RegolithCovered,crater_ejecta_clump,CraterFloor,CraterFloor,766,0.624493692568626,0.624493692568626,5.823696491491745,1.1449380474255917,0.01433758966771348,1.0,419,,unreal_rockfield.json,unreal_rockfield.json,nan,nan,nan
1250,148.82343859438998,137.24434167072303,0.31112972003778244,Medium,RegolithCovered,crater_ejecta_clump,CraterFloor,CraterFloor,766,0.8361388732784509,0.8361388732784509,7.797387036341399,1.1449380474255917,0.01433758966771348,1.0,419,,unreal_rockfield.json,unreal_rockfield.json,nan,nan,nan
1251,151.01451663273878,136.15983374709867,0.31787494895217716,Medium,FreshEjecta,crater_ejecta_clump,Rim,Rim,766,1.0451190869250493,1.0451190869250493,9.746225513795116,4.12177697073213,0.01433758966771348,1.0,419,,unreal_rockfield.json,unreal_rockfield.json,nan,nan,nan
1252,152.3900169989515,132.36592669009926,0.2617785682219273,Small,FreshEjecta,crater_ejecta_clump,ProximalEjecta,ProximalEjecta,766,1.4720441469821526,1.4720441469821526,13.727501872501069,1.446767972758946,0.01433758966771348,1.0,419,,unreal_rockfield.json,unreal_rockfield.json,nan,nan,nan
1253,153.23137613450484,133.76937520962332,0.28173701133190965,Small,FreshEjecta,crater_ejecta_clump,ProximalEjecta,ProximalEjecta,766,1.389234897385616,1.389234897385616,12.955266792984363,1.507928280407649,0.01433758966771348,1.0,419,,unreal_rockfield.json,unreal_rockfield.json,nan,nan,nan
1254,150.0510915103248,137.88634225134922,0.2854772792275881,Small,RegolithCovered,crater_ejecta_clump,CraterFloor,CraterFloor,766,0.8332593726265815,0.8332593726265815,7.770534342642339,1.1449380474255917,0.01433758966771348,1.0,419,,unreal_rockfield.json,unreal_rockfield.json,nan,nan,nan
1255,140.02850431942377,161.1574190015061,0.3934123630413049,Medium,FreshEjecta,crater_ejecta_clump,ProximalEjecta,ProximalEjecta,766,1.8963361112428243,1.8963361112428243,17.68422337831753,1.1702133728210389,0.01433758966771348,1.0,420,,unreal_rockfield.json,unreal_rockfield.json,nan,nan,nan
1256,139.00909126965408,156.13355671866046,0.3303997151357388,Medium,FreshEjecta,crater_ejecta_clump,ProximalEjecta,ProximalEjecta,766,1.4538544582899142,1.4538544582899142,13.557874496790346,1.459986119657659,0.01433758966771348,1.0,420,,unreal_rockfield.json,unreal_rockfield.json,nan,nan,nan
1257,137.06909404735157,156.52196113587436,0.2744933484709303,Small,FreshEjecta,crater_ejecta_clump,ProximalEjecta,ProximalEjecta,766,1.604226456100887,1.604226456100887,14.960163881761408,1.3542407019273361,0.01433758966771348,1.0,420,,unreal_rockfield.json,unreal_rockfield.json,nan,nan,nan
1258,139.26255304098447,155.55225482838102,0.2601047479955456,Small,FreshEjecta,crater_ejecta_clump,ProximalEjecta,ProximalEjecta,766,1.386442153947136,1.386442153947136,12.929223150978284,1.5100353796175474,0.01433758966771348,1.0,420,,unreal_rockfield.json,unreal_rockfield.json,nan,nan,nan
1259,138.9085727152494,157.16547000155813,0.5979012215862326,Medium,FreshEjecta,crater_ejecta_clump,ProximalEjecta,ProximalEjecta,766,1.555039909664633,1.555039909664633,14.50147627399517,1.3879588336676505,0.01433758966771348,1.0,420,,unreal_rockfield.json,unreal_rockfield.json,nan,nan,nan
1260,134.32709972530887,157.7150634240892,0.291115242524541,Small,FreshEjecta,crater_ejecta_clump,ProximalEjecta,ProximalEjecta,766,1.8889055902503948,1.8889055902503948,17.614930286091763,1.1745691066699335,0.01433758966771348,1.0,420,,unreal_rockfield.json,unreal_rockfield.json,nan,nan,nan
1261,139.18765173117674,162.30982998754862,0.2832456144852067,Small,FreshEjecta,crater_ejecta_clump,ProximalEjecta,ProximalEjecta,766,2.043505823018435,2.043505823018435,19.056649944543082,1.0871952841412835,0.01433758966771348,1.0,420,,unreal_rockfield.json,unreal_rockfield.json,nan,nan,nan
1262,135.3772563652748,160.05390456258385,0.3646220767702274,Medium,FreshEjecta,crater_ejecta_clump,ProximalEjecta,ProximalEjecta,766,2.018100176859344,2.018100176859344,18.81973038208566,1.1010938219314652,0.01433758966771348,1.0,420,,unreal_rockfield.json,unreal_rockfield.json,nan,nan,nan
1263,135.6636923275352,158.88853055971256,0.2820065149822931,Small,FreshEjecta,crater_ejecta_clump,ProximalEjecta,ProximalEjecta,766,1.8980790800574525,1.8980790800574525,17.700477379745116,1.1691939943641272,0.01433758966771348,1.0,420,,unreal_rockfield.json,unreal_rockfield.json,nan,nan,nan
1264,137.07115392406388,157.999358133963,0.4112381705535452,Medium,FreshEjecta,crater_ejecta_clump,ProximalEjecta,ProximalEjecta,766,1.7339387538076367,1.7339387538076367,16.1697918764831,1.269197461736429,0.01433758966771348,1.0,420,,unreal_rockfield.json,unreal_rockfield.json,nan,nan,nan
1265,134.60657332605646,155.7116777307342,0.2613259491627511,Small,FreshEjecta,crater_ejecta_clump,ProximalEjecta,ProximalEjecta,766,1.7121497954867422,1.7121497954867422,15.966599623884472,1.2831003016234945,0.01433758966771348,1.0,420,,unreal_rockfield.json,unreal_rockfield.json,nan,nan,nan
1266,136.346491920823,161.98672371006845,0.2778280128442808,Small,FreshEjecta,crater_ejecta_clump,ProximalEjecta,ProximalEjecta,766,2.140413027461615,2.140413027461615,19.960355063156435,1.0357726231296729,0.01433758966771348,1.0,420,,unreal_rockfield.json,unreal_rockfield.json,nan,nan,nan
1267,133.05217200403354,143.3228881462673,0.26218787596602416,Small,FreshEjecta,crater_ejecta_clump,ProximalEjecta,ProximalEjecta,766,1.3919402586862604,1.3919402586862604,12.980495555583994,1.5058899139409143,0.01433758966771348,1.0,421,,unreal_rockfield.json,unreal_rockfield.json,nan,nan,nan
1268,139.59176792305303,136.07833655951885,0.2905939853283876,Small,FreshEjecta,crater_ejecta_clump,Rim,Rim,766,1.1337913366757568,1.1337913366757568,10.573135818752483,4.12177697073213,0.01433758966771348,1.0,421,,unreal_rockfield.json,unreal_rockfield.json,nan,nan,nan
1269,139.79423867291771,136.54748261233166,0.3693295195911492,Medium,FreshEjecta,crater_ejecta_clump,Rim,Rim,766,1.0806633911887014,1.0806633911887014,10.077692816821557,4.12177697073213,0.01433758966771348,1.0,421,,unreal_rockfield.json,unreal_rockfield.json,nan,nan,nan
1270,138.88860140206813,142.15612886265592,0.30343859102212245,Medium,RegolithCovered,crater_ejecta_clump,CraterFloor,CraterFloor,766,0.8009163937579746,0.8009163937579746,7.468920899940035,1.1449380474255917,0.01433758966771348,1.0,421,,unreal_rockfield.json,unreal_rockfield.json,nan,nan,nan
1271,133.04353416457207,141.04668871287996,0.38551120504747544,Medium,FreshEjecta,crater_ejecta_clump,ProximalEjecta,ProximalEjecta,766,1.4357885491007876,1.4357885491007876,13.389401422983017,1.4732338509848757,0.01433758966771348,1.0,421,,unreal_rockfield.json,unreal_rockfield.json,nan,nan,nan
1272,135.84248814839552,138.73154025622344,0.34002128907203355,Medium,FreshEjecta,crater_ejecta_clump,ProximalEjecta,ProximalEjecta,766,1.2508633167496732,1.2508633167496732,11.664886924843175,1.6159491602478904,0.01433758966771348,1.0,421,,unreal_rockfield.json,unreal_rockfield.json,nan,nan,nan
1273,134.68886308042357,142.51877597075497,0.41779571983754726,Medium,FreshEjecta,crater_ejecta_clump,ProximalEjecta,ProximalEjecta,766,1.2292353121648758,1.2292353121648758,11.46319564130053,1.6335188663720364,0.01433758966771348,1.0,421,,unreal_rockfield.json,unreal_rockfield.json,nan,nan,nan
1274,139.93507684351118,137.33403085531722,0.35774280597772906,Medium,FreshEjecta,crater_ejecta_clump,Rim,Rim,766,1.0055907334572685,1.0055907334572685,9.377605083926701,4.12177697073213,0.01433758966771348,1.0,421,,unreal_rockfield.json,unreal_rockfield.json,nan,nan,nan
1275,138.1267795010916,141.1071591824515,0.26507172278889474,Small,FreshEjecta,crater_ejecta_clump,Rim,Rim,766,0.9174224056471149,0.9174224056471149,8.555394087340437,4.12177697073213,0.01433758966771348,1.0,421,,unreal_rockfield.json,unreal_rockfield.json,nan,nan,nan
1276,137.6886016604136,140.18010550478095,0.26234528263819396,Small,FreshEjecta,crater_ejecta_clump,Rim,Rim,766,1.0026508810587436,1.0026508810587436,9.350189581892767,4.12177697073213,0.01433758966771348,1.0,421,,unreal_rockfield.json,unreal_rockfield.json,nan,nan,nan
1277,145.62169468023504,158.18172454620944,0.2810339804255403,Small,FreshEjecta,crater_ejecta_clump,ProximalEjecta,ProximalEjecta,766,1.467172271492069,1.467172271492069,13.68206934926471,1.4502965053701953,0.01433758966771348,1.0,422,,unreal_rockfield.json,unreal_rockfield.json,nan,nan,nan
1278,143.27620656334918,156.20024919172633,0.2752715097379244,Small,FreshEjecta,crater_ejecta_clump,ProximalEjecta,ProximalEjecta,766,1.2872400168501335,1.2872400168501335,12.004116709335863,1.586823389053927,0.01433758966771348,1.0,422,,unreal_rockfield.json,unreal_rockfield.json,nan,nan,nan
1279,141.15250491634075,158.27043455466722,0.26599127487839225,Small,FreshEjecta,crater_ejecta_clump,ProximalEjecta,ProximalEjecta,766,1.5642788648820862,1.5642788648820862,14.587633863295432,1.38156197536106,0.01433758966771348,1.0,422,,unreal_rockfield.json,unreal_rockfield.json,nan,nan,nan
1280,139.05481529485488,155.88227496518573,0.26743646984798497,Small,FreshEjecta,crater_ejecta_clump,ProximalEjecta,ProximalEjecta,766,1.4282538135141558,1.4282538135141558,13.319136480802895,1.4787945327368468,0.01433758966771348,1.0,422,,unreal_rockfield.json,unreal_rockfield.json,nan,nan,nan
1281,137.2102549517212,157.36834146645202,0.30330008307815953,Medium,FreshEjecta,crater_ejecta_clump,ProximalEjecta,ProximalEjecta,766,1.6694334034306495,1.6694334034306495,15.568249239394536,1.3107997616682252,0.01433758966771348,1.0,422,,unreal_rockfield.json,unreal_rockfield.json,nan,nan,nan
1282,142.55460773180582,156.93202287028336,0.26957272528656323,Small,FreshEjecta,crater_ejecta_clump,ProximalEjecta,ProximalEjecta,766,1.3823227782832261,1.3823227782832261,12.890808041447913,1.5131487863370645,0.01433758966771348,1.0,422,,unreal_rockfield.json,unreal_rockfield.json,nan,nan,nan
1283,141.55882498616242,150.79417202801886,0.2866472014178515,Small,RegolithCovered,crater_ejecta_clump,CraterFloor,CraterFloor,766,0.8243604705398233,0.8243604705398233,7.687547908227572,1.1449380474255917,0.01433758966771348,1.0,422,,unreal_rockfield.json,unreal_rockfield.json,nan,nan,nan
1284,139.71160970672346,156.48059320107302,0.2802355497183706,Small,FreshEjecta,crater_ejecta_clump,ProximalEjecta,ProximalEjecta,766,1.4494693475260663,1.4494693475260663,13.516981282857016,1.463190731943011,0.01433758966771348,1.0,422,,unreal_rockfield.json,unreal_rockfield.json,nan,nan,nan
1285,142.48361543938017,157.26285858197735,0.318498256183589,Medium,FreshEjecta,crater_ejecta_clump,ProximalEjecta,ProximalEjecta,766,1.4185485623170462,1.4185485623170462,13.2286304628587,1.4859880084476202,0.01433758966771348,1.0,422,,unreal_rockfield.json,unreal_rockfield.json,nan,nan,nan
1286,146.62170247444172,157.75423788572485,0.35839023768661554,Medium,FreshEjecta,crater_ejecta_clump,ProximalEjecta,ProximalEjecta,766,1.4225033053930085,1.4225033053930085,13.265510296314666,1.4830525612452752,0.01433758966771348,1.0,423,,unreal_rockfield.json,unreal_rockfield.json,nan,nan,nan
1287,145.63071585984733,161.485481186066,0.2639718024498765,Small,FreshEjecta,crater_ejecta_clump,ProximalEjecta,ProximalEjecta,766,1.821327419460074,1.821327419460074,16.98473215788605,1.2149348427717708,0.01433758966771348,1.0,423,,unreal_rockfield.json,unreal_rockfield.json,nan,nan,nan
1288,144.58402922774212,155.11457679484855,0.27862003140795777,Small,FreshEjecta,crater_ejecta_clump,Rim,Rim,766,1.1475607146325282,1.1475607146325282,10.70154172429021,4.12177697073213,0.01433758966771348,1.0,423,,unreal_rockfield.json,unreal_rockfield.json,nan,nan,nan
1289,147.04555168183842,158.0131408428423,0.27843239995014873,Small,FreshEjecta,crater_ejecta_clump,ProximalEjecta,ProximalEjecta,766,1.45310432096782,1.45310432096782,13.550879114542612,1.4605338174024154,0.01433758966771348,1.0,423,,unreal_rockfield.json,unreal_rockfield.json,nan,nan,nan
1290,143.20205283215083,158.45414789918124,0.28839719804879177,Small,FreshEjecta,crater_ejecta_clump,ProximalEjecta,ProximalEjecta,766,1.5252321278964156,1.5252321278964156,14.223504732939704,1.4087997402006054,0.01433758966771348,1.0,423,,unreal_rockfield.json,unreal_rockfield.json,nan,nan,nan
1291,143.27243581708765,160.13947548109607,0.29301388198238804,Small,FreshEjecta,crater_ejecta_clump,ProximalEjecta,ProximalEjecta,766,1.7015399731801688,1.7015399731801688,15.867658056215474,1.2899251212498613,0.01433758966771348,1.0,423,,unreal_rockfield.json,unreal_rockfield.json,nan,nan,nan
1292,145.62805376830858,151.89634694527575,0.2970420221232716,Small,RegolithCovered,crater_ejecta_clump,CraterFloor,CraterFloor,766,0.7935630100662612,0.7935630100662612,7.400347149211051,1.1449380474255917,0.01433758966771348,1.0,423,,unreal_rockfield.json,unreal_rockfield.json,nan,nan,nan
1293,146.39621678399715,162.50667260777496,0.2932765901164705,Small,FreshEjecta,crater_ejecta_clump,ProximalEjecta,ProximalEjecta,766,1.9309694383308307,1.9309694383308307,18.007195392048388,1.1501236272695978,0.01433758966771348,1.0,423,,unreal_rockfield.json,unreal_rockfield.json,nan,nan,nan
1294,146.92286227298683,157.7613455307001,0.29239088954876713,Small,FreshEjecta,crater_ejecta_clump,ProximalEjecta,ProximalEjecta,766,1.4251939652672985,1.4251939652672985,13.290601961220437,1.4810587077324078,0.01433758966771348,1.0,423,,unreal_rockfield.json,unreal_rockfield.json,nan,nan,nan
1295,147.0136526789753,154.92568238054827,0.3547294849623857,Medium,FreshEjecta,crater_ejecta_clump,Rim,Rim,766,1.123012929311035,1.123012929311035,10.47262211637125,4.12177697073213,0.01433758966771348,1.0,423,,unreal_rockfield.json,unreal_rockfield.json,nan,nan,nan
1296,145.13439116409126,158.64791305057236,0.2932776935183619,Small,FreshEjecta,crater_ejecta_clump,ProximalEjecta,ProximalEjecta,766,1.519363901331831,1.519363901331831,14.168780768771411,1.4129393883588814,0.01433758966771348,1.0,423,,unreal_rockfield.json,unreal_rockfield.json,nan,nan,nan
1297,147.36841634324094,154.2264493156161,0.31713670018346307,Medium,FreshEjecta,crater_ejecta_clump,Rim,Rim,766,1.053131343781387,1.053131343781387,9.820943565712119,4.12177697073213,0.01433758966771348,1.0,423,,unreal_rockfield.json,unreal_rockfield.json,nan,nan,nan
1298,147.40576891269026,161.00785088482135,0.34557386261106027,Medium,FreshEjecta,crater_ejecta_clump,ProximalEjecta,ProximalEjecta,766,1.7763301729128478,1.7763301729128478,16.565111735834993,1.2425790159341215,0.01433758966771348,1.0,423,,unreal_rockfield.json,unreal_rockfield.json,nan,nan,nan
1299,147.85380434537262,158.35633496349732,0.28064794873569465,Small,FreshEjecta,crater_ejecta_clump,ProximalEjecta,ProximalEjecta,766,1.4989427556722856,1.4989427556722856,13.978344010570419,1.4274402137720532,0.01433758966771348,1.0,423,,unreal_rockfield.json,unreal_rockfield.json,nan,nan,nan
1300,141.17938554063338,157.0810512987014,0.3127315470003291,Medium,FreshEjecta,crater_ejecta_clump,ProximalEjecta,ProximalEjecta,766,1.4435063119817513,1.4435063119817513,13.461373180499358,1.4675597710617168,0.01433758966771348,1.0,423,,unreal_rockfield.json,unreal_rockfield.json,nan,nan,nan
1301,152.5003642454532,159.2961313492175,0.2712550803562581,Small,FreshEjecta,crater_ejecta_clump,ProximalEjecta,ProximalEjecta,766,1.733496168053148,1.733496168053148,16.16566455680594,1.2694783571734614,0.01433758966771348,1.0,423,,unreal_rockfield.json,unreal_rockfield.json,nan,nan,nan
1302,152.52722139961952,142.5697943769678,0.39043643203002326,Medium,RegolithCovered,crater_ejecta_clump,CraterFloor,CraterFloor,766,0.7322097714953864,0.7322097714953864,6.828199432654897,1.1449380474255917,0.01433758966771348,1.0,424,,unreal_rockfield.json,unreal_rockfield.json,nan,nan,nan
1303,154.00139295782765,145.6946212215846,0.2661004256937748,Small,FreshEjecta,crater_ejecta_clump,Rim,Rim,766,0.8697067156420394,0.8697067156420394,8.110422905439941,4.12177697073213,0.01433758966771348,1.0,424,,unreal_rockfield.json,unreal_rockfield.json,nan,nan,nan
1304,154.31392736103737,149.55119936947324,0.3267392385360845,Medium,FreshEjecta,crater_ejecta_clump,Rim,Rim,766,1.044880351390668,1.044880351390668,9.743999193000342,4.12177697073213,0.01433758966771348,1.0,424,,unreal_rockfield.json,unreal_rockfield.json,nan,nan,nan
1305,154.44550389417665,147.08810840759224,0.3193643349495434,Medium,FreshEjecta,crater_ejecta_clump,Rim,Rim,766,0.949248379802578,0.949248379802578,8.852186218683077,4.12177697073213,0.01433758966771348,1.0,424,,unreal_rockfield.json,unreal_rockfield.json,nan,nan,nan
1306,152.55667866235203,145.8239897320904,0.262300771890498,Small,RegolithCovered,crater_ejecta_clump,CraterFloor,CraterFloor,766,0.7194232893800172,0.7194232893800172,6.70895949169166,1.1449380474255917,0.01433758966771348,1.0,424,,unreal_rockfield.json,unreal_rockfield.json,nan,nan,nan
1307,156.62428500745048,144.88166506934667,0.2938852172765407,Small,FreshEjecta,crater_ejecta_clump,Rim,Rim,766,1.1422674197319203,1.1422674197319203,10.652179267458488,4.12177697073213,0.01433758966771348,1.0,424,,unreal_rockfield.json,unreal_rockfield.json,nan,nan,nan
1308,159.2665086959092,147.28009928549983,0.35216280859896343,Medium,FreshEjecta,crater_ejecta_clump,ProximalEjecta,ProximalEjecta,766,1.455642593556821,1.455642593556821,13.574549696562764,1.4586813766739304,0.01433758966771348,1.0,424,,unreal_rockfield.json,unreal_rockfield.json,nan,nan,nan
1309,154.7693004450366,147.280741768963,0.29704285082679316,Small,FreshEjecta,crater_ejecta_clump,Rim,Rim,766,0.9885342936179156,0.9885342936179156,9.218545785119028,4.12177697073213,0.01433758966771348,1.0,424,,unreal_rockfield.json,unreal_rockfield.json,nan,nan,nan
1310,156.49451773143377,144.47775419755038,0.43910864599055205,Medium,FreshEjecta,crater_ejecta_clump,Rim,Rim,766,1.1276387135457038,1.1276387135457038,10.5157597232653,4.12177697073213,0.01433758966771348,1.0,424,,unreal_rockfield.json,unreal_rockfield.json,nan,nan,nan
1311,152.31980993339326,145.5211306225209,0.3788128964303767,Medium,RegolithCovered,crater_ejecta_clump,CraterFloor,CraterFloor,766,0.6886545559218941,0.6886545559218941,6.422026625563431,1.1449380474255917,0.01433758966771348,1.0,424,,unreal_rockfield.json,unreal_rockfield.json,nan,nan,nan
1312,141.23961711966604,152.91465169770774,0.39030666629615374,Medium,FreshEjecta,crater_ejecta_clump,Rim,Rim,766,1.0351950379000658,1.0351950379000658,9.65367910351758,4.12177697073213,0.01433758966771348,1.0,425,,unreal_rockfield.json,unreal_rockfield.json,nan,nan,nan
1313,173.90431061170972,72.43681451358533,0.26841302677856227,Small,FreshEjecta,crater_ejecta_single,Rim,Rim,768,1.1962522877842903,1.1962522877842903,2.5272128178254403,0.9344378183512171,0.00957609169227692,1.0,-1,,unreal_rockfield.json,unreal_rockfield.json,nan,nan,nan
1314,172.92586867052643,73.58847506703518,0.27562740178060596,Small,FreshEjecta,crater_ejecta_clump,Rim,Rim,768,1.0293400433999553,1.0293400433999553,2.174592582305209,0.9344378183512171,0.01436413753841538,1.0,426,,unreal_rockfield.json,unreal_rockfield.json,nan,nan,nan
1315,173.33185040388554,72.07858972160898,0.2753822455450347,Small,FreshEjecta,crater_ejecta_clump,Rim,Rim,768,0.9099115125816264,0.9099115125816264,1.9222868463160416,0.9344378183512171,0.01436413753841538,1.0,426,,unreal_rockfield.json,unreal_rockfield.json,nan,nan,nan
1316,173.31041676826598,69.8158106079201,0.26497592683706783,Small,FreshEjecta,crater_ejecta_clump,ProximalEjecta,ProximalEjecta,768,1.380810341361477,1.380810341361477,2.917111740816904,0.3433017155776922,0.01436413753841538,1.0,426,,unreal_rockfield.json,unreal_rockfield.json,nan,nan,nan
1317,248.48214585771254,190.72136959872583,0.2884494800683854,Small,FreshEjecta,crater_ejecta_clump,Rim,Rim,770,1.087094076062664,1.087094076062664,2.38511636028266,0.9712549689569812,0.014394229573766713,1.0,427,,unreal_rockfield.json,unreal_rockfield.json,nan,nan,nan
1318,242.24802914966287,190.05297869913335,0.2714150470916121,Small,FreshEjecta,crater_ejecta_clump,ProximalEjecta,ProximalEjecta,770,2.019007982164399,2.019007982164399,4.4297628658257935,0.2593438559717018,0.014394229573766713,1.0,427,,unreal_rockfield.json,unreal_rockfield.json,nan,nan,nan
1319,249.67927263198007,193.70528597006106,0.271359631678583,Small,FreshEjecta,crater_ejecta_clump,ProximalEjecta,ProximalEjecta,770,1.7630587900474355,1.7630587900474355,3.8682028141600258,0.294750550314818,0.014394229573766713,1.0,427,,unreal_rockfield.json,unreal_rockfield.json,nan,nan,nan
1320,-85.82926527251864,-174.45696332147335,0.2627075556567858,Small,MixedBreccia,crater_ejecta_single,DistalEjecta,DistalEjecta,773,4.171415625806198,4.171415625806198,7.273926317146399,0.1287779108754995,0.00961943076870314,1.0,-1,,unreal_rockfield.json,unreal_rockfield.json,nan,nan,nan
1321,-89.08880974911612,-183.69173732884047,0.2649314258792276,Small,FreshEjecta,crater_ejecta_clump,ProximalEjecta,ProximalEjecta,773,1.4488383384835168,1.4488383384835168,2.526418910258819,0.27437598761164195,0.014429146153054708,1.0,428,,unreal_rockfield.json,unreal_rockfield.json,nan,nan,nan
1322,-88.59330838785722,-177.29947555125676,0.26347081639677405,Small,FreshEjecta,crater_ejecta_clump,ProximalEjecta,ProximalEjecta,773,2.351261186700261,2.351261186700261,4.100023147685854,0.17473804368138754,0.014429146153054708,1.0,428,,unreal_rockfield.json,unreal_rockfield.json,nan,nan,nan
1323,-16.334740854350322,-118.39956289810544,0.26277351763808193,Small,FreshEjecta,crater_ejecta_clump,ProximalEjecta,ProximalEjecta,774,1.6577668025860404,1.6577668025860404,2.609328775635045,0.22312648577332608,0.014433622950372479,1.0,429,,unreal_rockfield.json,unreal_rockfield.json,nan,nan,nan
1324,-16.747765844682636,-118.04051160661632,0.2724139104635353,Small,FreshEjecta,crater_ejecta_clump,ProximalEjecta,ProximalEjecta,774,1.4800955878123707,1.4800955878123707,2.329673873276178,0.24385515423159193,0.014433622950372479,1.0,429,,unreal_rockfield.json,unreal_rockfield.json,nan,nan,nan
1325,1.4995263648838595,-54.080412921612364,0.26721370311056364,Small,MixedBreccia,crater_ejecta_single,DistalEjecta,DistalEjecta,777,6.761289632453408,6.761289632453408,38.81099696679123,0.42410428990541293,0.009630148417127863,1.0,-1,,unreal_rockfield.json,unreal_rockfield.json,nan,nan,nan
1326,1.024680803047314,-102.91040684022003,0.2625055823213674,Small,FreshEjecta,crater_ejecta_single,ProximalEjecta,ProximalEjecta,777,2.69265927392838,2.69265927392838,15.45633992832162,0.48516013310463457,0.009630148417127863,1.0,-1,,unreal_rockfield.json,unreal_rockfield.json,nan,nan,nan
1327,12.641817170460723,-97.12525928161462,0.3015442410620215,Medium,FreshEjecta,crater_ejecta_single,Rim,Rim,777,0.9864886557236241,0.9864886557236241,5.662619160890875,2.5446257394324774,0.009630148417127863,1.0,-1,,unreal_rockfield.json,unreal_rockfield.json,nan,nan,nan
1328,-9.89930686416104,-88.5974727624751,0.26770372304970413,Small,MixedBreccia,crater_ejecta_single,DistalEjecta,DistalEjecta,777,3.769006141121004,3.769006141121004,21.634761097756122,0.42410428990541293,0.009630148417127863,1.0,-1,,unreal_rockfield.json,unreal_rockfield.json,nan,nan,nan
1329,12.739371024159896,-100.99573405276523,0.2754236005541198,Small,FreshEjecta,crater_ejecta_single,ProximalEjecta,ProximalEjecta,777,1.6550281938295512,1.6550281938295512,9.500154216491525,0.8150867488164595,0.009630148417127863,1.0,-1,,unreal_rockfield.json,unreal_rockfield.json,nan,nan,nan
1330,7.218826684553575,-88.15282421803059,0.35811541068625724,Medium,FreshEjecta,crater_ejecta_single,Rim,Rim,777,0.9586646786080749,0.9586646786080749,5.502904616752382,2.5446257394324774,0.009630148417127863,1.0,-1,,unreal_rockfield.json,unreal_rockfield.json,nan,nan,nan
1331,8.281155541240732,-95.73515013553596,0.3398082876478359,Medium,FreshEjecta,crater_ejecta_single,Rim,Rim,777,0.919835735893878,0.919835735893878,5.2800196258963465,2.5446257394324774,0.009630148417127863,1.0,-1,,unreal_rockfield.json,unreal_rockfield.json,nan,nan,nan
1332,17.63626369030202,-89.65506541728185,0.26366566605471453,Small,FreshEjecta,crater_ejecta_single,Rim,Rim,777,1.1150303688966459,1.1150303688966459,6.400471303197947,2.5446257394324774,0.009630148417127863,1.0,-1,,unreal_rockfield.json,unreal_rockfield.json,nan,nan,nan
1333,2.3518848279952014,-97.29296053643749,0.3095832467570416,Medium,FreshEjecta,crater_ejecta_single,ProximalEjecta,ProximalEjecta,777,1.884011873373515,1.884011873373515,10.814560990247895,0.7269100251682862,0.009630148417127863,1.0,-1,,unreal_rockfield.json,unreal_rockfield.json,nan,nan,nan
1334,11.373190511333629,-95.93501106254644,0.2999661397600069,Small,RegolithCovered,crater_ejecta_clump,CraterFloor,CraterFloor,777,0.7604186112803438,0.7604186112803438,4.364937167346882,0.7068404831756882,0.014445222625691794,1.0,430,,unreal_rockfield.json,unreal_rockfield.json,nan,nan,nan
1335,15.858405950951038,-97.02611432943186,0.38547862637046243,Medium,FreshEjecta,crater_ejecta_clump,ProximalEjecta,ProximalEjecta,777,1.2129101132804838,1.2129101132804838,6.962318327788874,1.0167368263904029,0.014445222625691794,1.0,430,,unreal_rockfield.json,unreal_rockfield.json,nan,nan,nan
1336,11.891056472443346,-90.89854379990197,0.7697810420013748,Large,RegolithCovered,crater_ejecta_clump,CraterFloor,CraterFloor,777,0.13326733097940452,0.13326733097940452,0.7649780233622722,0.7068404831756882,0.014445222625691794,1.0,430,,unreal_rockfield.json,unreal_rockfield.json,nan,nan,nan
1337,12.18074987015978,-100.52589936063058,0.36587529976590255,Medium,FreshEjecta,crater_ejecta_clump,ProximalEjecta,ProximalEjecta,777,1.563826478596293,1.563826478596293,8.976640258992303,0.8531158947183207,0.014445222625691794,1.0,430,,unreal_rockfield.json,unreal_rockfield.json,nan,nan,nan
1338,12.478449627988812,-98.53164575360778,0.3259555020041429,Medium,FreshEjecta,crater_ejecta_clump,ProximalEjecta,ProximalEjecta,777,1.2235012340676372,1.2235012340676372,7.023113232176955,1.011366866145399,0.014445222625691794,1.0,430,,unreal_rockfield.json,unreal_rockfield.json,nan,nan,nan
1339,15.407223022407493,-98.60730685928681,0.3426074880627106,Medium,FreshEjecta,crater_ejecta_clump,ProximalEjecta,ProximalEjecta,777,1.3993020797375506,1.3993020797375506,8.032241144003821,0.9262624380258205,0.014445222625691794,1.0,430,,unreal_rockfield.json,unreal_rockfield.json,nan,nan,nan
1340,9.481093446674144,-96.90421055557997,0.673635079281939,Medium,FreshEjecta,crater_ejecta_clump,Rim,Rim,777,0.9949932593699641,0.9949932593699641,5.711437088278218,2.5446257394324774,0.014445222625691794,1.0,430,,unreal_rockfield.json,unreal_rockfield.json,nan,nan,nan
1341,14.464435454235979,-94.9231990171977,0.3726371814197232,Medium,RegolithCovered,crater_ejecta_clump,CraterFloor,CraterFloor,777,0.7758976383381423,0.7758976383381423,4.453789517245567,0.7068404831756882,0.014445222625691794,1.0,430,,unreal_rockfield.json,unreal_rockfield.json,nan,nan,nan
1342,11.299703611867017,-85.32163017913095,0.31296087159274705,Medium,FreshEjecta,crater_ejecta_clump,Rim,Rim,777,1.0897735615994135,1.0897735615994135,6.25549276734309,2.5446257394324774,0.014445222625691794,1.0,431,,unreal_rockfield.json,unreal_rockfield.json,nan,nan,nan
1343,16.147655278292724,-85.70210973099447,0.3100444704901397,Medium,FreshEjecta,crater_ejecta_clump,ProximalEjecta,ProximalEjecta,777,1.301225727636694,1.301225727636694,7.469265556383699,0.9728168001351225,0.014445222625691794,1.0,431,,unreal_rockfield.json,unreal_rockfield.json,nan,nan,nan
1344,12.674397322324088,-82.92818433817051,0.35281102067997827,Medium,FreshEjecta,crater_ejecta_clump,ProximalEjecta,ProximalEjecta,777,1.519141148620511,1.519141148620511,8.720138570641936,0.8723913075536431,0.014445222625691794,1.0,431,,unreal_rockfield.json,unreal_rockfield.json,nan,nan,nan
1345,11.737789346991233,-84.91736147823677,0.3299088251439965,Medium,FreshEjecta,crater_ejecta_clump,Rim,Rim,777,1.1600291521424062,1.1600291521424062,6.658772268693901,2.5446257394324774,0.014445222625691794,1.0,431,,unreal_rockfield.json,unreal_rockfield.json,nan,nan,nan
1346,15.261882040342513,-86.95028237334772,0.346617844461797,Medium,FreshEjecta,crater_ejecta_clump,Rim,Rim,777,1.03499839846953,1.03499839846953,5.941073654177838,2.5446257394324774,0.014445222625691794,1.0,431,,unreal_rockfield.json,unreal_rockfield.json,nan,nan,nan
1347,19.27558709003626,-88.09605711005794,0.35292944362027545,Medium,FreshEjecta,crater_ejecta_clump,ProximalEjecta,ProximalEjecta,777,1.479092825337409,1.479092825337409,8.490254119899726,0.8900362854718246,0.014445222625691794,1.0,431,,unreal_rockfield.json,unreal_rockfield.json,nan,nan,nan
1348,10.425240627989599,-97.33483594144104,0.3314850593250908,Medium,FreshEjecta,crater_ejecta_clump,Rim,Rim,777,1.0220729292718937,1.0220729292718937,5.866879177518245,2.5446257394324774,0.014445222625691794,1.0,432,,unreal_rockfield.json,unreal_rockfield.json,nan,nan,nan
1349,9.028612316999354,-98.92449535046859,0.2972091932576106,Small,FreshEjecta,crater_ejecta_clump,ProximalEjecta,ProximalEjecta,777,1.3528269419214798,1.3528269419214798,7.765465642455572,0.9480385574050595,0.014445222625691794,1.0,432,,unreal_rockfield.json,unreal_rockfield.json,nan,nan,nan
1350,11.287788466581324,-99.14918466294974,0.2990553649115235,Small,FreshEjecta,crater_ejecta_clump,ProximalEjecta,ProximalEjecta,777,1.3205454899403783,1.3205454899403783,7.5801644051134405,0.9634647480416364,0.014445222625691794,1.0,432,,unreal_rockfield.json,unreal_rockfield.json,nan,nan,nan
1351,11.69200144575202,-98.64733065162112,0.3557011593532008,Medium,FreshEjecta,crater_ejecta_clump,ProximalEjecta,ProximalEjecta,777,1.2327671477205648,1.2327671477205648,7.076301213498181,1.006692084511309,0.014445222625691794,1.0,432,,unreal_rockfield.json,unreal_rockfield.json,nan,nan,nan
1352,4.3769791536752205,-97.9598936229981,0.2648664029105693,Small,FreshEjecta,crater_ejecta_clump,ProximalEjecta,ProximalEjecta,777,1.6705863739830722,1.6705863739830722,9.589460919143159,0.808770713930004,0.014445222625691794,1.0,432,,unreal_rockfield.json,unreal_rockfield.json,nan,nan,nan
1353,4.355426666673041,-98.78875547551856,0.31451863715852135,Medium,FreshEjecta,crater_ejecta_clump,ProximalEjecta,ProximalEjecta,777,1.7726862366601601,1.7726862366601601,10.175532168280343,0.7685191846493513,0.014445222625691794,1.0,432,,unreal_rockfield.json,unreal_rockfield.json,nan,nan,nan
1354,7.159316875635984,-103.1864561648086,0.2753590884769729,Small,FreshEjecta,crater_ejecta_clump,ProximalEjecta,ProximalEjecta,777,2.1617343838414325,2.1617343838414325,12.40873726390485,0.6326652509718079,0.014445222625691794,1.0,432,,unreal_rockfield.json,unreal_rockfield.json,nan,nan,nan
1355,8.58014171995995,-95.69784773191327,0.3092471229110973,Medium,FreshEjecta,crater_ejecta_clump,Rim,Rim,777,0.8834425856190288,0.8834425856190288,5.07111651395901,2.5446257394324774,0.014445222625691794,1.0,432,,unreal_rockfield.json,unreal_rockfield.json,nan,nan,nan
1356,9.207265039027781,-103.09847717819173,0.32703329883507,Medium,FreshEjecta,crater_ejecta_clump,ProximalEjecta,ProximalEjecta,777,2.0482443946270568,2.0482443946270568,11.757284676218259,0.66960396958007,0.014445222625691794,1.0,432,,unreal_rockfield.json,unreal_rockfield.json,nan,nan,nan
1357,9.588042977431646,-99.26731198349081,0.3034205212509902,Medium,FreshEjecta,crater_ejecta_clump,ProximalEjecta,ProximalEjecta,777,1.3824786459719232,1.3824786459719232,7.935671662093925,0.9340867572573874,0.014445222625691794,1.0,432,,unreal_rockfield.json,unreal_rockfield.json,nan,nan,nan
1358,8.346555629817395,-99.1502534876007,0.2910401728762753,Small,FreshEjecta,crater_ejecta_clump,ProximalEjecta,ProximalEjecta,777,1.431816683962757,1.431816683962757,8.218880716416725,0.9113256546165619,0.014445222625691794,1.0,432,,unreal_rockfield.json,unreal_rockfield.json,nan,nan,nan
1359,11.655428381118515,-99.18130714690916,0.2770356003203097,Small,FreshEjecta,crater_ejecta_clump,ProximalEjecta,ProximalEjecta,777,1.3256484102191974,1.3256484102191974,7.609456069016198,0.9610096395289217,0.014445222625691794,1.0,432,,unreal_rockfield.json,unreal_rockfield.json,nan,nan,nan
1360,-15.703474449134758,-86.78545884648557,0.27114978993791017,Small,MixedBreccia,crater_ejecta_clump,DistalEjecta,DistalEjecta,777,4.817089493679603,4.817089493679603,27.65094470004562,0.42410428990541293,0.014445222625691794,1.0,433,,unreal_rockfield.json,unreal_rockfield.json,nan,nan,nan
1361,-14.89924130494019,-82.51443653250011,0.2600553009480512,Small,MixedBreccia,crater_ejecta_clump,DistalEjecta,DistalEjecta,777,4.867165627574143,4.867165627574143,27.938390555250674,0.42410428990541293,0.014445222625691794,1.0,433,,unreal_rockfield.json,unreal_rockfield.json,nan,nan,nan
1362,-9.692707269403623,-85.03391086596608,0.2692323775634517,Small,MixedBreccia,crater_ejecta_clump,DistalEjecta,DistalEjecta,777,3.8687171311014725,3.8687171311014725,22.207119795586895,0.42410428990541293,0.014445222625691794,1.0,433,,unreal_rockfield.json,unreal_rockfield.json,nan,nan,nan
1363,-172.25530513315553,27.60031834202523,0.2659176470508091,Small,FreshEjecta,crater_ejecta_single,ProximalEjecta,ProximalEjecta,781,2.466678166933982,2.466678166933982,7.3395791411970315,0.28197899033909796,0.009665310440495222,1.0,-1,,unreal_rockfield.json,unreal_rockfield.json,nan,nan,nan
1364,-172.92631829545076,23.035516581251677,0.2735960985561081,Small,FreshEjecta,crater_ejecta_single,Rim,Rim,781,0.9194491892300061,0.9194491892300061,2.735812957330842,1.3209439392442315,0.009665310440495222,1.0,-1,,unreal_rockfield.json,unreal_rockfield.json,nan,nan,nan
1365,-175.99972271973104,17.90960096911542,0.280176155435622,Small,FreshEjecta,crater_ejecta_clump,ProximalEjecta,ProximalEjecta,781,1.2818269008570478,1.2818269008570478,3.8140646438078356,0.5099222172330967,0.014497965660742834,1.0,434,,unreal_rockfield.json,unreal_rockfield.json,nan,nan,nan
1366,-175.03440527535656,21.819571497055733,0.27013867495741173,Small,RegolithCovered,crater_ejecta_clump,CraterFloor,CraterFloor,781,0.8452806930783439,0.8452806930783439,2.515125250849324,0.3669288720122865,0.014497965660742834,1.0,434,,unreal_rockfield.json,unreal_rockfield.json,nan,nan,nan
1367,-176.5136350552833,19.46789114411748,0.2740839439305747,Small,FreshEjecta,crater_ejecta_clump,ProximalEjecta,ProximalEjecta,781,1.2041718272210704,1.2041718272210704,3.583002656756975,0.5301106379848337,0.014497965660742834,1.0,434,,unreal_rockfield.json,unreal_rockfield.json,nan,nan,nan
1368,-177.35556552093115,12.916328297875324,0.27283516751551073,Small,FreshEjecta,crater_ejecta_clump,ProximalEjecta,ProximalEjecta,781,2.8766080412974917,2.8766080412974917,8.559321868709672,0.22972148230551917,0.014497965660742834,1.0,434,,unreal_rockfield.json,unreal_rockfield.json,nan,nan,nan
1369,-179.29754765395242,19.281720725735934,0.2635874286843333,Small,FreshEjecta,crater_ejecta_clump,ProximalEjecta,ProximalEjecta,781,2.1344347018481233,2.1344347018481233,6.350991639660817,0.3329373380874603,0.014497965660742834,1.0,434,,unreal_rockfield.json,unreal_rockfield.json,nan,nan,nan
1370,-181.5487976440602,19.82899616179768,0.26779936796300513,Small,FreshEjecta,crater_ejecta_clump,ProximalEjecta,ProximalEjecta,781,2.867732332168752,2.867732332168752,8.53291227443917,0.23074321831532427,0.014497965660742834,1.0,434,,unreal_rockfield.json,unreal_rockfield.json,nan,nan,nan
1371,114.92580171416792,155.22746729593138,0.26822228204653076,Small,FreshEjecta,crater_ejecta_single,ProximalEjecta,ProximalEjecta,784,2.4159655217363927,2.4159655217363927,4.664616722525189,0.18778692971579508,0.009680475622903514,1.0,-1,,unreal_rockfield.json,unreal_rockfield.json,nan,nan,nan
1372,109.07758956554727,160.52078970839295,0.26247877463255803,Small,FreshEjecta,crater_ejecta_clump,ProximalEjecta,ProximalEjecta,784,1.8651346839596363,1.8651346839596363,3.6011020680075534,0.24732997751611166,0.014520713434355272,1.0,435,,unreal_rockfield.json,unreal_rockfield.json,nan,nan,nan
1373,110.0865941901269,155.5665178546299,0.2838416663348837,Small,FreshEjecta,crater_ejecta_clump,Rim,Rim,784,0.9842598095769003,0.9842598095769003,1.9003560794866445,0.8576713160864774,0.014520713434355272,1.0,435,,unreal_rockfield.json,unreal_rockfield.json,nan,nan,nan
1374,129.00750331980558,100.44402213997027,0.27180406043549776,Small,FreshEjecta,crater_ejecta_single,ProximalEjecta,ProximalEjecta,785,2.7920762120563665,2.7920762120563665,14.370922285557409,0.41481049250312496,0.009681804059335858,1.0,-1,,unreal_rockfield.json,unreal_rockfield.json,nan,nan,nan
1375,109.42711374130286,85.52233192305343,0.270006045297827,Small,FreshEjecta,crater_ejecta_single,ProximalEjecta,ProximalEjecta,785,2.7735854400964417,2.7735854400964417,14.275749580138896,0.418663358788523,0.009681804059335858,1.0,-1,,unreal_rockfield.json,unreal_rockfield.json,nan,nan,nan
1376,111.60941052895377,107.43229691397127,0.26909474853582693,Small,FreshEjecta,crater_ejecta_single,ProximalEjecta,ProximalEjecta,785,1.7881635532017839,1.7881635532017839,9.203745709363272,0.6852461390454228,0.009681804059335858,1.0,-1,,unreal_rockfield.json,unreal_rockfield.json,nan,nan,nan
1377,109.84606481530871,100.48658448572614,0.27644534225799283,Small,FreshEjecta,crater_ejecta_single,Rim,Rim,785,1.0061582811252998,1.0061582811252998,5.178734879293398,2.2865286969267604,0.009681804059335858,1.0,-1,,unreal_rockfield.json,unreal_rockfield.json,nan,nan,nan
1378,114.9914192428493,103.16385966783425,0.3051871343762864,Medium,FreshEjecta,crater_ejecta_single,Rim,Rim,785,0.8541438649709204,0.8541438649709204,4.3963109069799735,2.2865286969267604,0.009681804059335858,1.0,-1,,unreal_rockfield.json,unreal_rockfield.json,nan,nan,nan
1379,121.25847355876333,90.16831509883517,0.28207263963832163,Small,FreshEjecta,crater_ejecta_single,ProximalEjecta,ProximalEjecta,785,2.098365512399245,2.098365512399245,10.800366972495308,0.5867959363805098,0.009681804059335858,1.0,-1,,unreal_rockfield.json,unreal_rockfield.json,nan,nan,nan
1380,119.25136056481256,98.0890234286882,0.41541599817426744,Medium,FreshEjecta,crater_ejecta_single,Rim,Rim,785,0.8877618020757337,0.8877618020757337,4.5693437058154345,2.2865286969267604,0.009681804059335858,1.0,-1,,unreal_rockfield.json,unreal_rockfield.json,nan,nan,nan
1381,111.99680288256334,110.4924472058748,0.26148413695924444,Small,FreshEjecta,crater_ejecta_clump,ProximalEjecta,ProximalEjecta,785,2.3378036890003115,2.3378036890003115,12.03276435952624,0.5205875267470972,0.014522706089003787,1.0,436,,unreal_rockfield.json,unreal_rockfield.json,nan,nan,nan
1382,117.03336364575681,107.7994155650139,0.30049665242245416,Medium,FreshEjecta,crater_ejecta_clump,ProximalEjecta,ProximalEjecta,785,1.8093294118608185,1.8093294118608185,9.312687187601803,0.6780324658061545,0.014522706089003787,1.0,436,,unreal_rockfield.json,unreal_rockfield.json,nan,nan,nan
1383,116.04656378303973,101.94680309118705,0.34560790198243607,Medium,RegolithCovered,crater_ejecta_clump,CraterFloor,CraterFloor,785,0.6669148149053369,0.6669148149053369,3.4326358767380265,0.6351468602574334,0.014522706089003787,1.0,436,,unreal_rockfield.json,unreal_rockfield.json,nan,nan,nan
1384,115.96047420813544,104.80829098287019,0.26155957457790713,Small,FreshEjecta,crater_ejecta_clump,Rim,Rim,785,1.1961494627019564,1.1961494627019564,6.156626705307866,2.2865286969267604,0.014522706089003787,1.0,436,,unreal_rockfield.json,unreal_rockfield.json,nan,nan,nan
1385,117.40106641616269,103.40498157602391,0.30138380213677674,Medium,FreshEjecta,crater_ejecta_clump,Rim,Rim,785,1.0381155163278026,1.0381155163278026,5.343219982376673,2.2865286969267604,0.014522706089003787,1.0,436,,unreal_rockfield.json,unreal_rockfield.json,nan,nan,nan
1386,117.70824594613774,103.3002173433158,0.2965913487764499,Small,FreshEjecta,crater_ejecta_clump,Rim,Rim,785,1.0520913060392658,1.0520913060392658,5.415153902717195,2.2865286969267604,0.014522706089003787,1.0,436,,unreal_rockfield.json,unreal_rockfield.json,nan,nan,nan
1387,113.57080246605514,103.47436081114559,0.2623292297863266,Small,FreshEjecta,crater_ejecta_clump,Rim,Rim,785,0.9405480260974016,0.9405480260974016,4.841036405279649,2.2865286969267604,0.014522706089003787,1.0,436,,unreal_rockfield.json,unreal_rockfield.json,nan,nan,nan
1388,114.48952445964868,105.26316298865196,0.3253464502117407,Medium,FreshEjecta,crater_ejecta_clump,ProximalEjecta,ProximalEjecta,785,1.2614358360913,1.2614358360913,6.492658148229381,0.8917108843418621,0.014522706089003787,1.0,436,,unreal_rockfield.json,unreal_rockfield.json,nan,nan,nan
1389,115.87740721584782,105.53862783084487,0.26170554993829853,Small,FreshEjecta,crater_ejecta_clump,ProximalEjecta,ProximalEjecta,785,1.332712996083666,1.332712996083666,6.859524397281773,0.8604911917096103,0.014522706089003787,1.0,436,,unreal_rockfield.json,unreal_rockfield.json,nan,nan,nan
1390,114.55659629378567,103.69116392751407,0.32639825479001927,Medium,FreshEjecta,crater_ejecta_clump,Rim,Rim,785,0.9557448225694319,0.9557448225694319,4.919254893781485,2.2865286969267604,0.014522706089003787,1.0,436,,unreal_rockfield.json,unreal_rockfield.json,nan,nan,nan
1391,86.2774167371228,82.17528545477548,0.26391185936963923,Small,MixedBreccia,crater_ejecta_clump,DistalEjecta,DistalEjecta,785,6.400614352529346,6.400614352529346,32.94420511977256,0.38108811615446003,0.014522706089003787,1.0,437,,unreal_rockfield.json,unreal_rockfield.json,nan,nan,nan
1392,84.16336727540474,85.5685088312841,0.2726884581266965,Small,MixedBreccia,crater_ejecta_clump,DistalEjecta,DistalEjecta,785,6.4699637277651,6.4699637277651,33.30114898747987,0.38108811615446003,0.014522706089003787,1.0,437,,unreal_rockfield.json,unreal_rockfield.json,nan,nan,nan
1393,84.75259937055168,82.20286776747069,0.2613012294891552,Small,MixedBreccia,crater_ejecta_clump,DistalEjecta,DistalEjecta,785,6.65558855594097,6.65558855594097,34.256567026739155,0.38108811615446003,0.014522706089003787,1.0,437,,unreal_rockfield.json,unreal_rockfield.json,nan,nan,nan
1394,83.20622435473635,87.56568723221261,0.2700263898649207,Small,MixedBreccia,crater_ejecta_clump,DistalEjecta,DistalEjecta,785,6.501025208516987,6.501025208516987,33.46102360839179,0.38108811615446003,0.014522706089003787,1.0,437,,unreal_rockfield.json,unreal_rockfield.json,nan,nan,nan
1395,83.85956636944812,84.65273080747305,0.2656898725388435,Small,MixedBreccia,crater_ejecta_clump,DistalEjecta,DistalEjecta,785,6.596193379647553,6.596193379647553,33.95085779897383,0.38108811615446003,0.014522706089003787,1.0,437,,unreal_rockfield.json,unreal_rockfield.json,nan,nan,nan
1396,86.42245460081227,81.52987647301407,0.2613142568255962,Small,MixedBreccia,crater_ejecta_clump,DistalEjecta,DistalEjecta,785,6.440622634790178,6.440622634790178,33.150129267783406,0.38108811615446003,0.014522706089003787,1.0,437,,unreal_rockfield.json,unreal_rockfield.json,nan,nan,nan
1397,84.95490935387404,89.42405199513304,0.26610083481747143,Small,MixedBreccia,crater_ejecta_clump,DistalEjecta,DistalEjecta,785,6.064184048965451,6.064184048965451,31.21258557223078,0.38108811615446003,0.014522706089003787,1.0,437,,unreal_rockfield.json,unreal_rockfield.json,nan,nan,nan
1398,85.15436177338002,84.64085358561832,0.2693362053694035,Small,MixedBreccia,crater_ejecta_clump,DistalEjecta,DistalEjecta,785,6.369282773670735,6.369282773670735,32.78294029364903,0.38108811615446003,0.014522706089003787,1.0,437,,unreal_rockfield.json,unreal_rockfield.json,nan,nan,nan
1399,81.48496131304132,84.25084409857162,0.263886381536236,Small,MixedBreccia,crater_ejecta_clump,DistalEjecta,DistalEjecta,785,7.049255387386878,7.049255387386878,36.28278515670349,0.38108811615446003,0.014522706089003787,1.0,437,,unreal_rockfield.json,unreal_rockfield.json,nan,nan,nan
1400,82.68404905195945,85.79481278154664,0.2699502555349511,Small,MixedBreccia,crater_ejecta_clump,DistalEjecta,DistalEjecta,785,6.718143924114138,6.718143924114138,34.578541882109924,0.38108811615446003,0.014522706089003787,1.0,437,,unreal_rockfield.json,unreal_rockfield.json,nan,nan,nan
1401,83.87209297447124,86.4295361853663,0.2711315717616194,Small,MixedBreccia,crater_ejecta_clump,DistalEjecta,DistalEjecta,785,6.457970581104251,6.457970581104251,33.23941980620677,0.38108811615446003,0.014522706089003787,1.0,437,,unreal_rockfield.json,unreal_rockfield.json,nan,nan,nan
1402,82.26435557467606,86.02251892769071,0.27186321332143365,Small,MixedBreccia,crater_ejecta_clump,DistalEjecta,DistalEjecta,785,6.777492733907081,6.777492733907081,34.88401245973666,0.38108811615446003,0.014522706089003787,1.0,437,,unreal_rockfield.json,unreal_rockfield.json,nan,nan,nan
1403,-217.36601882999472,244.12955822305622,0.27414962672135373,Small,FreshEjecta,crater_ejecta_single,Rim,Rim,786,0.9848233156090941,0.9848233156090941,3.5243270670586346,1.5902083219540166,0.009688375099343753,1.0,-1,,unreal_rockfield.json,unreal_rockfield.json,nan,nan,nan
1404,-217.30689812148512,244.29844748444302,0.4745388926255356,Medium,FreshEjecta,crater_ejecta_single,Rim,Rim,786,0.9931616389462063,0.9931616389462063,3.5541669156539184,1.5902083219540166,0.009688375099343753,1.0,-1,,unreal_rockfield.json,unreal_rockfield.json,nan,nan,nan
1405,-240.37647349073953,236.95766968087597,0.26443949457658056,Small,MixedBreccia,crater_ejecta_single,DistalEjecta,DistalEjecta,786,7.4664470585070255,7.4664470585070255,26.7197181930871,0.26503472032566944,0.009688375099343753,1.0,-1,,unreal_rockfield.json,unreal_rockfield.json,nan,nan,nan
1406,-208.97653494621406,238.87981919104945,0.2729102652898012,Small,FreshEjecta,crater_ejecta_clump,ProximalEjecta,ProximalEjecta,786,1.7855157624629523,1.7855157624629523,6.389716236984183,0.47719833889698404,0.014532562649015628,1.0,438,,unreal_rockfield.json,unreal_rockfield.json,nan,nan,nan
1407,-211.95723635646831,243.41487899747375,0.28894672722847864,Small,RegolithCovered,crater_ejecta_clump,CraterFloor,CraterFloor,786,0.6864484514443788,0.6864484514443788,2.4565511591991926,0.44172453387611577,0.014532562649015628,1.0,438,,unreal_rockfield.json,unreal_rockfield.json,nan,nan,nan
1408,-206.78147901692262,241.36918124735053,0.2624342540351064,Small,FreshEjecta,crater_ejecta_clump,ProximalEjecta,ProximalEjecta,786,2.1078464658852294,2.1078464658852294,7.543221444070581,0.40616799612247323,0.014532562649015628,1.0,438,,unreal_rockfield.json,unreal_rockfield.json,nan,nan,nan
1409,-212.2219752109505,241.3471910869635,0.411541796786581,Medium,RegolithCovered,crater_ejecta_clump,CraterFloor,CraterFloor,786,0.6497433594217307,0.6497433594217307,2.325196887560843,0.44172453387611577,0.014532562649015628,1.0,438,,unreal_rockfield.json,unreal_rockfield.json,nan,nan,nan
1410,-210.930715264327,243.58329020279308,0.4280610024745491,Medium,FreshEjecta,crater_ejecta_clump,Rim,Rim,786,0.972324064673281,0.972324064673281,3.4795967609287537,1.5902083219540166,0.014532562649015628,1.0,438,,unreal_rockfield.json,unreal_rockfield.json,nan,nan,nan
1411,-217.1312561447587,243.6203202539681,0.32750126228078497,Medium,FreshEjecta,crater_ejecta_clump,Rim,Rim,786,0.8663299029861062,0.8663299029861062,3.100281926416269,1.5902083219540166,0.014532562649015628,1.0,439,,unreal_rockfield.json,unreal_rockfield.json,nan,nan,nan
1412,-219.47068971926228,242.56327502833042,0.29884027331312774,Small,FreshEjecta,crater_ejecta_clump,ProximalEjecta,ProximalEjecta,786,1.4620702627581792,1.4620702627581792,5.232221576510171,0.560963005295419,0.014532562649015628,1.0,439,,unreal_rockfield.json,unreal_rockfield.json,nan,nan,nan
1413,-218.38130704468924,241.01662907378116,0.2868992402754816,Small,FreshEjecta,crater_ejecta_clump,ProximalEjecta,ProximalEjecta,786,1.2299494934450201,1.2299494934450201,4.401545152474779,0.6299971803810456,0.014532562649015628,1.0,439,,unreal_rockfield.json,unreal_rockfield.json,nan,nan,nan
1414,-219.5136597411128,241.10429746220962,0.3445571829813909,Medium,FreshEjecta,crater_ejecta_clump,ProximalEjecta,ProximalEjecta,786,1.5250188676691945,1.5250188676691945,5.4574919053145425,0.5435820475807457,0.014532562649015628,1.0,439,,unreal_rockfield.json,unreal_rockfield.json,nan,nan,nan
1415,226.6004649508537,-134.7898094545402,0.2716610195298984,Small,FreshEjecta,crater_ejecta_single,Rim,Rim,787,0.9602739437511911,0.9602739437511911,2.888978772935888,1.3369987823657203,0.009690943972035918,1.0,-1,,unreal_rockfield.json,unreal_rockfield.json,nan,nan,nan
1416,222.36976955197477,-130.034234229138,0.27638506311487065,Small,FreshEjecta,crater_ejecta_single,ProximalEjecta,ProximalEjecta,787,1.3883783469791007,1.3883783469791007,4.1769284685138715,0.4893428050432442,0.009690943972035918,1.0,-1,,unreal_rockfield.json,unreal_rockfield.json,nan,nan,nan
1417,225.58674462274504,-130.67443568240182,0.27315505605309104,Small,RegolithCovered,crater_ejecta_clump,CraterFloor,CraterFloor,787,0.4541657892032907,0.4541657892032907,1.3663552290886114,0.37138855065714454,0.014536415958053876,1.0,440,,unreal_rockfield.json,unreal_rockfield.json,nan,nan,nan
1418,224.27350440208357,-127.9764618303092,0.277551517898739,Small,FreshEjecta,crater_ejecta_clump,ProximalEjecta,ProximalEjecta,787,1.4505078770550084,1.4505078770550084,4.3638448112198125,0.4743751724289752,0.014536415958053876,1.0,440,,unreal_rockfield.json,unreal_rockfield.json,nan,nan,nan
1419,221.5469022247783,-132.52534385134294,0.29705916258188014,Small,FreshEjecta,crater_ejecta_clump,ProximalEjecta,ProximalEjecta,787,1.5198387991537539,1.5198387991537539,4.572426501428877,0.45821250012662523,0.014536415958053876,1.0,440,,unreal_rockfield.json,unreal_rockfield.json,nan,nan,nan
1420,223.49290786899587,-130.99702757684886,0.2856263771266706,Small,FreshEjecta,crater_ejecta_clump,Rim,Rim,787,0.9169772655070065,0.9169772655070065,2.7587209593192235,1.3369987823657203,0.014536415958053876,1.0,440,,unreal_rockfield.json,unreal_rockfield.json,nan,nan,nan
1421,226.95026044945337,-131.1631036568561,0.28840663833850155,Small,RegolithCovered,crater_ejecta_clump,CraterFloor,CraterFloor,787,0.38879089856300086,0.38879089856300086,1.1696752373301988,0.37138855065714454,0.014536415958053876,1.0,440,,unreal_rockfield.json,unreal_rockfield.json,nan,nan,nan
1422,225.5163117851966,-126.41527878887614,0.2620714891917654,Small,FreshEjecta,crater_ejecta_clump,ProximalEjecta,ProximalEjecta,787,1.848514758222223,1.848514758222223,5.561246280515979,0.38877278435638496,0.014536415958053876,1.0,440,,unreal_rockfield.json,unreal_rockfield.json,nan,nan,nan
1423,104.0198240385314,-121.68771248140577,0.2681646275993462,Small,MixedBreccia,crater_ejecta_clump,DistalEjecta,DistalEjecta,790,6.5678742501557315,6.5678742501557315,10.804549699206127,0.12191531285066426,0.014557173944449948,1.0,441,,unreal_rockfield.json,unreal_rockfield.json,nan,nan,nan
1424,107.3542736981536,-120.18485676993346,0.26914321909776234,Small,MixedBreccia,crater_ejecta_clump,DistalEjecta,DistalEjecta,790,4.508150881126299,4.508150881126299,7.4161803943633755,0.12191531285066426,0.014557173944449948,1.0,441,,unreal_rockfield.json,unreal_rockfield.json,nan,nan,nan
1425,243.5813188725359,-116.68574844150264,0.2621623744195233,Small,MixedBreccia,crater_ejecta_clump,DistalEjecta,DistalEjecta,791,3.425109230783655,3.425109230783655,5.452990168640072,0.11801315139063563,0.01456509111040806,1.0,442,,unreal_rockfield.json,unreal_rockfield.json,nan,nan,nan
1426,242.7078272607962,-115.3210856705466,0.26139250687691223,Small,MixedBreccia,crater_ejecta_clump,DistalEjecta,DistalEjecta,791,4.376908233898894,4.376908233898894,6.9683142814775865,0.11801315139063563,0.01456509111040806,1.0,442,,unreal_rockfield.json,unreal_rockfield.json,nan,nan,nan
1427,243.02819170369514,199.4456683632299,0.3083091374437503,Medium,FreshEjecta,crater_ejecta_single,Rim,Rim,792,1.068963336140328,1.068963336140328,2.0768030724402795,0.864111544969101,0.00971095824520364,1.0,-1,,unreal_rockfield.json,unreal_rockfield.json,nan,nan,nan
1428,238.51739349052173,200.40177209605844,0.26479854593962315,Small,FreshEjecta,crater_ejecta_clump,ProximalEjecta,ProximalEjecta,792,1.9615790516763174,1.9615790516763174,3.8109945061961445,0.23745594734093944,0.014566437367805461,1.0,443,,unreal_rockfield.json,unreal_rockfield.json,nan,nan,nan
1429,239.98327107092902,205.47285815473896,0.26238255406218275,Small,MixedBreccia,crater_ejecta_clump,DistalEjecta,DistalEjecta,792,3.907711558181182,3.907711558181182,7.591979159494538,0.1440185908281835,0.014566437367805461,1.0,443,,unreal_rockfield.json,unreal_rockfield.json,nan,nan,nan
1430,126.74906051914456,182.0422201173037,0.27250108462621175,Small,FreshEjecta,crater_ejecta_single,ProximalEjecta,ProximalEjecta,793,1.619189943731508,1.619189943731508,4.099680403754601,0.36744601563175583,0.00972459695032391,1.0,-1,,unreal_rockfield.json,unreal_rockfield.json,nan,nan,nan
1431,126.88237325773508,181.51871110182924,0.26779772417315795,Small,FreshEjecta,crater_ejecta_clump,ProximalEjecta,ProximalEjecta,793,1.814510007708193,1.814510007708193,4.5942177135034035,0.3332578049981175,0.014586895425485864,1.0,444,,unreal_rockfield.json,unreal_rockfield.json,nan,nan,nan
1432,130.28310773649807,174.37340817501828,0.261768892681474,Small,MixedBreccia,crater_ejecta_clump,DistalEjecta,DistalEjecta,793,4.918106081352279,4.918106081352279,12.452314938938116,0.18779334518120877,0.014586895425485864,1.0,444,,unreal_rockfield.json,unreal_rockfield.json,nan,nan,nan
1433,133.07174292860722,180.7190054306817,0.26940101269294164,Small,MixedBreccia,crater_ejecta_clump,DistalEjecta,DistalEjecta,793,3.947153353812062,3.947153353812062,9.993927715450793,0.18779334518120877,0.014586895425485864,1.0,444,,unreal_rockfield.json,unreal_rockfield.json,nan,nan,nan
1434,131.3132105280424,174.56751480092606,0.2684461724617749,Small,MixedBreccia,crater_ejecta_clump,DistalEjecta,DistalEjecta,793,5.067234304575436,5.067234304575436,12.829897604123008,0.18779334518120877,0.014586895425485864,1.0,444,,unreal_rockfield.json,unreal_rockfield.json,nan,nan,nan
1435,127.66002585335478,179.71075870058496,0.2612087475086721,Small,FreshEjecta,crater_ejecta_clump,ProximalEjecta,ProximalEjecta,793,2.5770762802580336,2.5770762802580336,6.524984401031177,0.22760991017170681,0.014586895425485864,1.0,444,,unreal_rockfield.json,unreal_rockfield.json,nan,nan,nan
1436,-13.97664095789668,164.67168630327163,0.2612266651638854,Small,FreshEjecta,crater_ejecta_single,ProximalEjecta,ProximalEjecta,794,2.9357521757226728,2.9357521757226728,6.945949634580361,0.17780997355943906,0.009729696307552488,1.0,-1,,unreal_rockfield.json,unreal_rockfield.json,nan,nan,nan
1437,-3.877108047712273,159.81315012063703,0.2653549617086857,Small,FreshEjecta,crater_ejecta_clump,ProximalEjecta,ProximalEjecta,794,2.3668383480392046,2.3668383480392046,5.599907272359185,0.2363165759430424,0.014594544461328733,1.0,445,,unreal_rockfield.json,unreal_rockfield.json,nan,nan,nan
1438,-7.186739963178892,162.039977303402,0.3181232799235407,Medium,FreshEjecta,crater_ejecta_clump,Rim,Rim,794,1.0155691598774883,1.0155691598774883,2.4028227904508555,1.0531297457116513,0.014594544461328733,1.0,445,,unreal_rockfield.json,unreal_rockfield.json,nan,nan,nan
1439,-7.257749196824435,170.4532394588411,0.27004327886118557,Small,FreshEjecta,crater_ejecta_clump,ProximalEjecta,ProximalEjecta,794,2.5441380689355553,2.5441380689355553,6.019395995472557,0.2162688844985677,0.014594544461328733,1.0,445,,unreal_rockfield.json,unreal_rockfield.json,nan,nan,nan
1440,-2.968037299150005,164.83238078778777,0.2620392797203533,Small,FreshEjecta,crater_ejecta_clump,ProximalEjecta,ProximalEjecta,794,1.7268348204418924,1.7268348204418924,4.08566764906728,0.3254386919117916,0.014594544461328733,1.0,445,,unreal_rockfield.json,unreal_rockfield.json,nan,nan,nan
1441,138.16604734340254,-145.53831161221967,0.2715216090362932,Small,FreshEjecta,crater_ejecta_single,ProximalEjecta,ProximalEjecta,795,2.492080625898425,2.492080625898425,9.047026618474375,0.3408095606106953,0.009745620016935255,1.0,-1,,unreal_rockfield.json,unreal_rockfield.json,nan,nan,nan
1442,151.44154226198884,-149.1040895030578,0.2672849518133073,Small,FreshEjecta,crater_ejecta_single,ProximalEjecta,ProximalEjecta,795,2.0097238317566695,2.0097238317566695,7.295921653871081,0.4337647103630614,0.009745620016935255,1.0,-1,,unreal_rockfield.json,unreal_rockfield.json,nan,nan,nan
1443,139.15493513411715,-148.58172670043115,0.2700480874074076,Small,FreshEjecta,crater_ejecta_single,ProximalEjecta,ProximalEjecta,795,1.7628486739215574,1.7628486739215574,6.399688160795742,0.49075244925528294,0.009745620016935255,1.0,-1,,unreal_rockfield.json,unreal_rockfield.json,nan,nan,nan
1444,147.99965784012636,-153.28122259271208,0.5360726810978622,Medium,FreshEjecta,crater_ejecta_clump,Rim,Rim,795,1.0005759584442955,1.0005759584442955,3.632401470392885,1.6169458598417157,0.014618430025402883,1.0,446,,unreal_rockfield.json,unreal_rockfield.json,nan,nan,nan
1445,145.00215674930536,-150.75465735514584,0.27994698920413424,Small,RegolithCovered,crater_ejecta_clump,CraterFloor,CraterFloor,795,0.30853507038970573,0.30853507038970573,1.1200781248970342,0.4491516277338099,0.014618430025402883,1.0,446,,unreal_rockfield.json,unreal_rockfield.json,nan,nan,nan
1446,149.82248842976088,-149.16886764488237,0.26744597754146543,Small,FreshEjecta,crater_ejecta_clump,ProximalEjecta,ProximalEjecta,795,1.596301429798546,1.596301429798546,5.795069941322516,0.5333689753172934,0.014618430025402883,1.0,446,,unreal_rockfield.json,unreal_rockfield.json,nan,nan,nan
1447,146.18109811809907,-145.2008810122849,0.2943786279203099,Small,FreshEjecta,crater_ejecta_clump,ProximalEjecta,ProximalEjecta,795,1.8714137203735541,1.8714137203735541,6.793812995634517,0.4648232848421981,0.014618430025402883,1.0,446,,unreal_rockfield.json,unreal_rockfield.json,nan,nan,nan
1448,148.8129261635845,-150.03311245425095,0.3046163509439785,Medium,FreshEjecta,crater_ejecta_clump,ProximalEjecta,ProximalEjecta,795,1.2428758949654826,1.2428758949654826,4.512025489207106,0.6364629538921301,0.014618430025402883,1.0,446,,unreal_rockfield.json,unreal_rockfield.json,nan,nan,nan
1449,147.77423964194227,-150.8599694289122,0.26504675153406676,Small,FreshEjecta,crater_ejecta_clump,Rim,Rim,795,0.8949388665688947,0.8949388665688947,3.248906019979665,1.6169458598417157,0.014618430025402883,1.0,446,,unreal_rockfield.json,unreal_rockfield.json,nan,nan,nan
1450,147.65659815739662,-147.370232443251,0.3148896846988005,Medium,FreshEjecta,crater_ejecta_clump,ProximalEjecta,ProximalEjecta,795,1.4770506050279886,1.4770506050279886,5.362152412586737,0.5661385625675226,0.014618430025402883,1.0,446,,unreal_rockfield.json,unreal_rockfield.json,nan,nan,nan
1451,146.72644769164154,-148.9751763899647,0.2678223432754817,Small,FreshEjecta,crater_ejecta_clump,Rim,Rim,795,0.9677261837846483,0.9677261837846483,3.5131465864745235,1.6169458598417157,0.014618430025402883,1.0,446,,unreal_rockfield.json,unreal_rockfield.json,nan,nan,nan
1452,146.7339361143956,-150.4435278868037,0.30378890177439416,Medium,RegolithCovered,crater_ejecta_clump,CraterFloor,CraterFloor,795,0.6836769736305457,0.6836769736305457,2.4819597386194925,0.4491516277338099,0.014618430025402883,1.0,446,,unreal_rockfield.json,unreal_rockfield.json,nan,nan,nan
1453,151.43574049450194,-146.24819718025716,0.260303013983321,Small,FreshEjecta,crater_ejecta_clump,ProximalEjecta,ProximalEjecta,795,2.414768818592772,2.414768818592772,8.766360747816828,0.3542418073829166,0.014618430025402883,1.0,446,,unreal_rockfield.json,unreal_rockfield.json,nan,nan,nan
1454,40.27911771933525,54.108354485655994,0.3714558205469869,Medium,FreshEjecta,crater_ejecta_single,Rim,Rim,801,0.9896527249451172,0.9896527249451172,1.817236719270839,0.8189474751402797,0.00977817876669472,1.0,-1,,unreal_rockfield.json,unreal_rockfield.json,nan,nan,nan
1455,41.20916234308823,53.00712817470981,0.3029664569776108,Medium,FreshEjecta,crater_ejecta_clump,ProximalEjecta,ProximalEjecta,801,1.224811390984403,1.224811390984403,2.249043707732411,0.3252792477225766,0.01466726815004208,1.0,447,,unreal_rockfield.json,unreal_rockfield.json,nan,nan,nan
1456,42.62473098373809,51.58519840935679,0.2625338577577672,Small,FreshEjecta,crater_ejecta_clump,ProximalEjecta,ProximalEjecta,801,2.108999342055314,2.108999342055314,3.8726221316810894,0.20905347105990735,0.01466726815004208,1.0,447,,unreal_rockfield.json,unreal_rockfield.json,nan,nan,nan
1457,137.6279436528389,-14.652207195682458,0.2944169062935091,Small,FreshEjecta,crater_ejecta_single,ProximalEjecta,ProximalEjecta,803,1.2181531578013254,1.2181531578013254,5.366653659604895,0.7841842554167172,0.0098146366516595,1.0,-1,,unreal_rockfield.json,unreal_rockfield.json,nan,nan,nan
1458,142.1624968311759,-12.682936298995429,0.29554206994245963,Small,FreshEjecta,crater_ejecta_single,ProximalEjecta,ProximalEjecta,803,1.6933345973822513,1.6933345973822513,7.46009666828706,0.6183491667264868,0.0098146366516595,1.0,-1,,unreal_rockfield.json,unreal_rockfield.json,nan,nan,nan
1459,140.55771265622573,-8.540446086290391,0.2745452712316606,Small,FreshEjecta,crater_ejecta_single,ProximalEjecta,ProximalEjecta,803,1.235813220185017,1.235813220185017,5.444456223111242,0.7772903654058245,0.0098146366516595,1.0,-1,,unreal_rockfield.json,unreal_rockfield.json,nan,nan,nan
1460,148.44959374748257,-0.25043302630043485,0.26685810631923573,Small,MixedBreccia,crater_ejecta_single,DistalEjecta,DistalEjecta,803,3.6988401326672564,3.6988401326672564,16.29548288500983,0.32795989786105617,0.0098146366516595,1.0,-1,,unreal_rockfield.json,unreal_rockfield.json,nan,nan,nan
1461,139.02849660261302,-5.974069541273693,0.30201279333081005,Medium,FreshEjecta,crater_ejecta_single,ProximalEjecta,ProximalEjecta,803,1.2227705250093506,1.2227705250093506,5.386995773784864,0.7823759103352413,0.0098146366516595,1.0,-1,,unreal_rockfield.json,unreal_rockfield.json,nan,nan,nan
1462,132.7734907972424,-8.594571290184486,0.35604023773496996,Medium,RegolithCovered,crater_ejecta_clump,CraterFloor,CraterFloor,803,0.6321867186848655,0.6321867186848655,2.785140066875794,0.546599829768427,0.014721954977489252,1.0,448,,unreal_rockfield.json,unreal_rockfield.json,nan,nan,nan
1463,136.7744882274352,-7.482256940959387,0.29486686388729233,Small,RegolithCovered,crater_ejecta_clump,CraterFloor,CraterFloor,803,0.6334745982691145,0.6334745982691145,2.790813904881858,0.546599829768427,0.014721954977489252,1.0,448,,unreal_rockfield.json,unreal_rockfield.json,nan,nan,nan
1464,132.85997678078087,-6.671225206074934,0.3552288686558923,Medium,FreshEjecta,crater_ejecta_clump,Rim,Rim,803,0.9020220306731347,0.9020220306731347,3.9739172377088994,1.9677593871663372,0.014721954977489252,1.0,448,,unreal_rockfield.json,unreal_rockfield.json,nan,nan,nan
1465,133.10632178973404,-4.189892013746935,0.2769945180961917,Small,FreshEjecta,crater_ejecta_clump,ProximalEjecta,ProximalEjecta,803,1.3715017338628614,1.3715017338628614,6.042240872629271,0.7263047730841746,0.014721954977489252,1.0,448,,unreal_rockfield.json,unreal_rockfield.json,nan,nan,nan
1466,136.11949188813352,-6.006899991137394,0.2986616185054686,Small,FreshEjecta,crater_ejecta_clump,Rim,Rim,803,0.8894542779215588,0.8894542779215588,3.9185491783927864,1.9677593871663372,0.014721954977489252,1.0,448,,unreal_rockfield.json,unreal_rockfield.json,nan,nan,nan
1467,135.3654595218016,-8.224603535948129,0.2729128626361845,Small,RegolithCovered,crater_ejecta_clump,CraterFloor,CraterFloor,803,0.36550862187477273,0.36550862187477273,1.610272214654728,0.546599829768427,0.014721954977489252,1.0,448,,unreal_rockfield.json,unreal_rockfield.json,nan,nan,nan
1468,130.06199730493228,-3.0438686050712143,0.3246608421703672,Medium,FreshEjecta,crater_ejecta_clump,ProximalEjecta,ProximalEjecta,803,1.941855753689954,1.941855753689954,8.55497292784974,0.5460948695780857,0.014721954977489252,1.0,448,,unreal_rockfield.json,unreal_rockfield.json,nan,nan,nan
1469,132.665243646846,-4.046398173057121,0.38497367722429543,Medium,FreshEjecta,crater_ejecta_clump,ProximalEjecta,ProximalEjecta,803,1.4400719163388296,1.4400719163388296,6.3443313104102055,0.7018253845537961,0.014721954977489252,1.0,448,,unreal_rockfield.json,unreal_rockfield.json,nan,nan,nan
1470,131.7691809673734,-5.579057388925371,0.38413403214489505,Medium,FreshEjecta,crater_ejecta_clump,ProximalEjecta,ProximalEjecta,803,1.2501439176398257,1.2501439176398257,5.5075910509840735,0.7717407152089888,0.014721954977489252,1.0,448,,unreal_rockfield.json,unreal_rockfield.json,nan,nan,nan
1471,132.000077651501,-7.485291226126678,0.2998359505421004,Small,FreshEjecta,crater_ejecta_clump,Rim,Rim,803,0.9133314500139031,0.9133314500139031,4.023741626624567,1.9677593871663372,0.014721954977489252,1.0,448,,unreal_rockfield.json,unreal_rockfield.json,nan,nan,nan
1472,134.51731521439888,-2.3371362353320917,0.26451554248992426,Small,FreshEjecta,crater_ejecta_clump,ProximalEjecta,ProximalEjecta,803,1.709744981710386,1.709744981710386,7.532393693128398,0.6132962514085947,0.014721954977489252,1.0,448,,unreal_rockfield.json,unreal_rockfield.json,nan,nan,nan
1473,130.48771197583886,-4.585270878777003,0.29980758987059,Small,FreshEjecta,crater_ejecta_clump,ProximalEjecta,ProximalEjecta,803,1.6112020157306093,1.6112020157306093,7.098256191110001,0.6442710891632514,0.014721954977489252,1.0,448,,unreal_rockfield.json,unreal_rockfield.json,nan,nan,nan
1474,136.7886321932269,-8.030619201534833,0.37705427997412555,Medium,RegolithCovered,crater_ejecta_clump,CraterFloor,CraterFloor,803,0.5349911380165643,0.5349911380165643,2.3569385592489227,0.546599829768427,0.014721954977489252,1.0,448,,unreal_rockfield.json,unreal_rockfield.json,nan,nan,nan
1475,132.68567941658424,-9.006282948000942,0.27735073942987076,Small,RegolithCovered,crater_ejecta_clump,CraterFloor,CraterFloor,803,0.6155259346241768,0.6155259346241768,2.711739889583995,0.546599829768427,0.014721954977489252,1.0,448,,unreal_rockfield.json,unreal_rockfield.json,nan,nan,nan
1476,127.73936631832278,-4.593102318276091,0.26934952066134454,Small,FreshEjecta,crater_ejecta_clump,ProximalEjecta,ProximalEjecta,803,2.082039901100622,2.082039901100622,9.172563386735824,0.5091286019619256,0.014721954977489252,1.0,448,,unreal_rockfield.json,unreal_rockfield.json,nan,nan,nan
1477,130.42668346142148,-9.123224165752879,0.35093742842092757,Medium,FreshEjecta,crater_ejecta_clump,Rim,Rim,803,1.110770289148052,1.110770289148052,4.893571386373246,1.9677593871663372,0.014721954977489252,1.0,448,,unreal_rockfield.json,unreal_rockfield.json,nan,nan,nan
1478,128.87858692899718,-97.36149145548494,0.26020653051298437,Small,FreshEjecta,crater_ejecta_single,ProximalEjecta,ProximalEjecta,804,1.2022040185396494,1.2022040185396494,2.4009340379507957,0.35851339434751317,0.009827337577172477,1.0,-1,,unreal_rockfield.json,unreal_rockfield.json,nan,nan,nan
1479,119.56863276639668,-105.52657577682155,0.2626129858653647,Small,MixedBreccia,crater_ejecta_clump,DistalEjecta,DistalEjecta,804,6.321360196287685,6.321360196287685,12.624453609671468,0.1487457953983279,0.014741006365758716,1.0,449,,unreal_rockfield.json,unreal_rockfield.json,nan,nan,nan
1480,120.4207719699519,-100.74937514064958,0.2672092447582956,Small,MixedBreccia,crater_ejecta_clump,DistalEjecta,DistalEjecta,804,5.094387702824303,5.094387702824303,10.174054195132799,0.1487457953983279,0.014741006365758716,1.0,449,,unreal_rockfield.json,unreal_rockfield.json,nan,nan,nan
1481,-44.255837085466226,-25.5428740048965,0.2667866213846349,Small,FreshEjecta,crater_ejecta_clump,ProximalEjecta,ProximalEjecta,805,2.5990320549059946,2.5990320549059946,4.121548573291365,0.14165030229337203,0.014756591482228625,1.0,450,,unreal_rockfield.json,unreal_rockfield.json,nan,nan,nan
1482,-42.36876344103778,-19.63058052553705,0.2707085101758417,Small,FreshEjecta,crater_ejecta_clump,ProximalEjecta,ProximalEjecta,805,2.391842772650226,2.391842772650226,3.7929875272393914,0.15711154039714392,0.014756591482228625,1.0,450,,unreal_rockfield.json,unreal_rockfield.json,nan,nan,nan
1483,-9.123927240109905,-97.15306122160834,0.26907202605262504,Small,FreshEjecta,crater_ejecta_single,ProximalEjecta,ProximalEjecta,806,2.448466818688652,2.448466818688652,4.698987873404823,0.18514539442333447,0.009879842180612294,1.0,-1,,unreal_rockfield.json,unreal_rockfield.json,nan,nan,nan
1484,-6.694182732033067,-100.50506956388685,0.3420296038629827,Medium,FreshEjecta,crater_ejecta_clump,Rim,Rim,806,1.063143529325095,1.063143529325095,2.0403374527505393,0.8594606641187631,0.01481976327091844,1.0,451,,unreal_rockfield.json,unreal_rockfield.json,nan,nan,nan
1485,-2.725103256114588,-103.09425187188062,0.2709524673489143,Small,FreshEjecta,crater_ejecta_clump,ProximalEjecta,ProximalEjecta,806,2.9793821182161953,2.9793821182161953,5.717896741290215,0.1419796563853909,0.01481976327091844,1.0,451,,unreal_rockfield.json,unreal_rockfield.json,nan,nan,nan
1486,215.4373156282163,98.80403457775878,0.2647220571941441,Small,FreshEjecta,crater_ejecta_clump,ProximalEjecta,ProximalEjecta,808,1.5201873675161266,1.5201873675161266,2.4786340884292306,0.2506674534859078,0.01488890721327911,1.0,452,,unreal_rockfield.json,unreal_rockfield.json,nan,nan,nan
1487,218.70195373265915,95.66058230801391,0.2678569406880125,Small,FreshEjecta,crater_ejecta_clump,ProximalEjecta,ProximalEjecta,808,2.91541923403066,2.91541923403066,4.753530814650697,0.12477489089309575,0.01488890721327911,1.0,452,,unreal_rockfield.json,unreal_rockfield.json,nan,nan,nan
1488,-148.30354757922063,141.86977610150595,0.2973451380099519,Small,FreshEjecta,crater_ejecta_single,Rim,Rim,809,0.9035252729592985,0.9035252729592985,1.6898052928878327,0.8391227190743625,0.009926321655422067,1.0,-1,,unreal_rockfield.json,unreal_rockfield.json,nan,nan,nan
1489,-146.13844336257168,147.48310920969882,0.2637767789677272,Small,MixedBreccia,crater_ejecta_clump,DistalEjecta,DistalEjecta,809,3.9207054038182427,3.9207054038182427,7.332643525871148,0.13985378651239377,0.014889482483133102,1.0,453,,unreal_rockfield.json,unreal_rockfield.json,nan,nan,nan
1490,-146.2087346367038,141.94082180704484,0.30680133297965034,Medium,FreshEjecta,crater_ejecta_clump,Rim,Rim,809,1.1660466705601638,1.1660466705601638,2.180782203483036,0.8391227190743625,0.014889482483133102,1.0,453,,unreal_rockfield.json,unreal_rockfield.json,nan,nan,nan
1491,-185.6091828102775,131.03609765367287,0.27100160248513466,Small,MixedBreccia,crater_ejecta_clump,DistalEjecta,DistalEjecta,810,4.37721885611335,4.37721885611335,6.619005421854677,0.11308836809684378,0.014893398441053222,1.0,454,,unreal_rockfield.json,unreal_rockfield.json,nan,nan,nan
1492,-186.57271200562724,133.51440217242535,0.26498999437226245,Small,FreshEjecta,crater_ejecta_clump,ProximalEjecta,ProximalEjecta,810,2.8063418506667643,2.8063418506667643,4.243605936952034,0.12222063064006643,0.014893398441053222,1.0,454,,unreal_rockfield.json,unreal_rockfield.json,nan,nan,nan
1493,-14.707986448691184,242.04268589439909,0.284936312588293,Small,FreshEjecta,crater_ejecta_clump,ProximalEjecta,ProximalEjecta,811,1.3973653751773345,1.3973653751773345,2.6525333664872557,0.3104042313108552,0.014899528601731566,1.0,455,,unreal_rockfield.json,unreal_rockfield.json,nan,nan,nan
1494,-13.486216723047455,239.04498481219872,0.2705445694627852,Small,FreshEjecta,crater_ejecta_clump,Rim,Rim,811,0.8840586158468936,0.8840586158468936,1.67815448852583,0.8519163351455493,0.014899528601731566,1.0,455,,unreal_rockfield.json,unreal_rockfield.json,nan,nan,nan
1495,112.2530085642586,33.12294660786887,0.26078361389609056,Small,RegolithCovered,crater_ejecta_single,CraterFloor,CraterFloor,813,0.5866064612124176,0.5866064612124176,1.0998102516799315,0.2338376032805807,0.009944472382854288,1.0,-1,,unreal_rockfield.json,unreal_rockfield.json,nan,nan,nan
1496,111.45598433317983,31.644345024573724,0.28675311718756585,Small,FreshEjecta,crater_ejecta_clump,Rim,Rim,813,1.01235606246644,1.01235606246644,1.8980349680255995,0.8418153718100905,0.014916708574281432,1.0,456,,unreal_rockfield.json,unreal_rockfield.json,nan,nan,nan
1497,108.72476603047737,36.29692663108059,0.26971320409016575,Small,FreshEjecta,crater_ejecta_clump,ProximalEjecta,ProximalEjecta,813,1.991564796359492,1.991564796359492,3.7339230382733137,0.22788659216365234,0.014916708574281432,1.0,456,,unreal_rockfield.json,unreal_rockfield.json,nan,nan,nan
1498,-28.339938461944623,98.3845231724448,0.2617845606514126,Small,FreshEjecta,crater_ejecta_single,ProximalEjecta,ProximalEjecta,816,2.2444871328804625,2.2444871328804625,8.026693258530553,0.38334434768967174,0.009964153880601982,1.0,-1,,unreal_rockfield.json,unreal_rockfield.json,nan,nan,nan
1499,-48.35378009409958,88.5814167154687,0.26525771426434036,Small,MixedBreccia,crater_ejecta_single,DistalEjecta,DistalEjecta,816,7.177877548345603,7.177877548345603,25.669392568057948,0.26782880224739325,0.009964153880601982,1.0,-1,,unreal_rockfield.json,unreal_rockfield.json,nan,nan,nan
1500,-37.60364727976957,84.51162638392482,0.2693771248808295,Small,MixedBreccia,crater_ejecta_single,DistalEjecta,DistalEjecta,816,6.470650703797947,6.470650703797947,23.140221042758395,0.26782880224739325,0.009964153880601982,1.0,-1,,unreal_rockfield.json,unreal_rockfield.json,nan,nan,nan
1501,-28.831353475794007,104.04862233729726,0.2893886667529597,Small,RegolithCovered,crater_ejecta_clump,CraterFloor,CraterFloor,816,0.6773214201383391,0.6773214201383391,2.4222243011505333,0.44638133707898875,0.014946230820902972,1.0,457,,unreal_rockfield.json,unreal_rockfield.json,nan,nan,nan
1502,-25.647932544943757,106.62829561501489,0.29177968964539475,Small,FreshEjecta,crater_ejecta_clump,Rim,Rim,816,1.1552456053780027,1.1552456053780027,4.131367908861391,1.6069728134843595,0.014946230820902972,1.0,457,,unreal_rockfield.json,unreal_rockfield.json,nan,nan,nan
1503,-28.975073610759296,100.77987907536384,0.3277163589189283,Medium,FreshEjecta,crater_ejecta_clump,ProximalEjecta,ProximalEjecta,816,1.554793153606602,1.554793153606602,5.560222440860041,0.541195539837744,0.014946230820902972,1.0,457,,unreal_rockfield.json,unreal_rockfield.json,nan,nan,nan
1504,-28.428911170712496,101.81567387674681,0.3696907085078,Medium,FreshEjecta,crater_ejecta_clump,ProximalEjecta,ProximalEjecta,816,1.3040464852445586,1.3040464852445586,4.663506855791103,0.6134838805280283,0.014946230820902972,1.0,457,,unreal_rockfield.json,unreal_rockfield.json,nan,nan,nan
1505,-25.29608793715547,105.7376845598963,0.2719428297040744,Small,FreshEjecta,crater_ejecta_clump,ProximalEjecta,ProximalEjecta,816,1.2588995462719597,1.2588995462719597,4.502053209928768,0.6274898268505373,0.014946230820902972,1.0,457,,unreal_rockfield.json,unreal_rockfield.json,nan,nan,nan
1506,-30.881665332805657,101.70743547084837,0.32362029559862926,Medium,FreshEjecta,crater_ejecta_clump,ProximalEjecta,ProximalEjecta,816,1.317207876719207,1.317207876719207,4.71057437989264,0.6094599843102758,0.014946230820902972,1.0,457,,unreal_rockfield.json,unreal_rockfield.json,nan,nan,nan
1507,-25.255756790686046,103.43280587562616,0.2603715012014413,Small,FreshEjecta,crater_ejecta_clump,ProximalEjecta,ProximalEjecta,816,1.4917595315700911,1.4917595315700911,5.33480277074952,0.5585239308558558,0.014946230820902972,1.0,457,,unreal_rockfield.json,unreal_rockfield.json,nan,nan,nan
1508,-27.11008836375397,100.23742191561507,0.27913467877034637,Small,FreshEjecta,crater_ejecta_clump,ProximalEjecta,ProximalEjecta,816,1.8465127731157969,1.8465127731157969,6.60346473394039,0.46774386321078515,0.014946230820902972,1.0,457,,unreal_rockfield.json,unreal_rockfield.json,nan,nan,nan
1509,-25.827330281040883,107.27058980120147,0.27346567998346605,Small,FreshEjecta,crater_ejecta_clump,Rim,Rim,816,1.1351106048578972,1.1351106048578972,4.059361493423478,1.6069728134843595,0.014946230820902972,1.0,457,,unreal_rockfield.json,unreal_rockfield.json,nan,nan,nan
1510,-26.70589992004262,104.98398256841051,0.3152005816822268,Medium,FreshEjecta,crater_ejecta_clump,Rim,Rim,816,0.9293926337097593,0.9293926337097593,3.3236767002323373,1.6069728134843595,0.014946230820902972,1.0,457,,unreal_rockfield.json,unreal_rockfield.json,nan,nan,nan
1511,-79.81359922984598,-97.96524092991247,0.38025813808447984,Medium,FreshEjecta,crater_ejecta_clump,Rim,Rim,818,1.0702355442742182,1.0702355442742182,1.7528256633756913,0.7361643307593697,0.01495712232393576,1.0,458,,unreal_rockfield.json,unreal_rockfield.json,nan,nan,nan
1512,-77.69208881074546,-96.24688189163555,0.26189904470826286,Small,FreshEjecta,crater_ejecta_clump,ProximalEjecta,ProximalEjecta,818,1.8613989641837434,1.8613989641837434,3.0485885949665454,0.21268744017645164,0.01495712232393576,1.0,458,,unreal_rockfield.json,unreal_rockfield.json,nan,nan,nan
1513,66.27273903898002,154.8589761093079,0.2654948332194599,Small,FreshEjecta,crater_ejecta_clump,ProximalEjecta,ProximalEjecta,819,2.798142237641448,2.798142237641448,4.686525165153267,0.13631490714776226,0.014999466030821446,1.0,459,,unreal_rockfield.json,unreal_rockfield.json,nan,nan,nan
1514,71.95365312021069,153.02837470627347,0.2614401636287888,Small,FreshEjecta,crater_ejecta_clump,ProximalEjecta,ProximalEjecta,819,2.095437679864658,2.095437679864658,3.5095862128058344,0.19370182298134686,0.014999466030821446,1.0,459,,unreal_rockfield.json,unreal_rockfield.json,nan,nan,nan
1515,-218.53541673024688,-121.19663075655384,0.26984699840952026,Small,RegolithCovered,background_regolith,Background,Background,-1,-1.0,-1.0,-1.0,0.0,0.007,1.0,-1,,unreal_rockfield.json,unreal_rockfield.json,nan,nan,nan
1516,-5.027924436170537,-27.199621570482492,0.28776798101617684,Small,RegolithCovered,background_regolith,Background,Background,-1,-1.0,-1.0,-1.0,0.0,0.007,1.0,-1,,unreal_rockfield.json,unreal_rockfield.json,nan,nan,nan
1517,125.2861110263375,80.21027253028961,0.29460657463863077,Small,RegolithCovered,background_regolith,Background,Background,-1,-1.0,-1.0,-1.0,0.0,0.007,1.0,-1,,unreal_rockfield.json,unreal_rockfield.json,nan,nan,nan
1518,220.5038605914487,-100.94759971922971,0.2733716751419122,Small,RegolithCovered,background_regolith,Background,Background,-1,-1.0,-1.0,-1.0,0.0,0.007,1.0,-1,,unreal_rockfield.json,unreal_rockfield.json,nan,nan,nan
1519,-248.8860744041261,-156.75069429609056,0.269518332754993,Small,RegolithCovered,background_regolith,Background,Background,-1,-1.0,-1.0,-1.0,0.0,0.007,1.0,-1,,unreal_rockfield.json,unreal_rockfield.json,nan,nan,nan
1520,-183.05764946440016,-112.52937406537063,0.30640361886487133,Medium,RegolithCovered,background_regolith,Background,Background,-1,-1.0,-1.0,-1.0,0.0,0.007,1.0,-1,,unreal_rockfield.json,unreal_rockfield.json,nan,nan,nan
1521,-137.46299630726037,155.72832422864468,0.29304335375173585,Small,RegolithCovered,background_regolith,Background,Background,-1,-1.0,-1.0,-1.0,0.0,0.007,1.0,-1,,unreal_rockfield.json,unreal_rockfield.json,nan,nan,nan
1522,-162.961210974456,-162.86965544602802,0.3199498030667236,Medium,RegolithCovered,background_regolith,Background,Background,-1,-1.0,-1.0,-1.0,0.0,0.007,1.0,-1,,unreal_rockfield.json,unreal_rockfield.json,nan,nan,nan
1523,28.83236182744838,-180.09735404522843,0.26376857983841634,Small,RegolithCovered,background_regolith,Background,Background,-1,-1.0,-1.0,-1.0,0.0,0.007,1.0,-1,,unreal_rockfield.json,unreal_rockfield.json,nan,nan,nan
1524,-197.7980895413068,-132.7326273384808,0.2922638493269117,Small,RegolithCovered,background_regolith,Background,Background,-1,-1.0,-1.0,-1.0,0.0,0.007,1.0,-1,,unreal_rockfield.json,unreal_rockfield.json,nan,nan,nan
1525,-197.69127475814082,-210.17334513382366,0.4191888709293474,Medium,RegolithCovered,background_regolith,Background,Background,-1,-1.0,-1.0,-1.0,0.0,0.007,1.0,-1,,unreal_rockfield.json,unreal_rockfield.json,nan,nan,nan
1526,-55.124057741019925,4.707480086672547,0.3138899290289961,Medium,RegolithCovered,background_regolith,Background,Background,-1,-1.0,-1.0,-1.0,0.0,0.007,1.0,-1,,unreal_rockfield.json,unreal_rockfield.json,nan,nan,nan
1527,-79.88982818079165,166.1503952146977,0.431862498904774,Medium,RegolithCovered,background_regolith,Background,Background,-1,-1.0,-1.0,-1.0,0.0,0.007,1.0,-1,,unreal_rockfield.json,unreal_rockfield.json,nan,nan,nan
1528,-134.57899716177863,89.04538102359083,0.28560121019660883,Small,RegolithCovered,background_regolith,Background,Background,-1,-1.0,-1.0,-1.0,0.0,0.007,1.0,-1,,unreal_rockfield.json,unreal_rockfield.json,nan,nan,nan
1529,236.20563371684926,-70.71901608325447,0.4433433456698561,Medium,RegolithCovered,background_regolith,Background,Background,-1,-1.0,-1.0,-1.0,0.0,0.007,1.0,-1,,unreal_rockfield.json,unreal_rockfield.json,nan,nan,nan
1530,-177.86950285348064,-168.07306131168554,0.27662671980350845,Small,RegolithCovered,background_regolith,Background,Background,-1,-1.0,-1.0,-1.0,0.0,0.007,1.0,-1,,unreal_rockfield.json,unreal_rockfield.json,nan,nan,nan
1531,-15.327921384319609,162.36610003967405,0.27620988313311695,Small,RegolithCovered,background_regolith,Background,Background,-1,-1.0,-1.0,-1.0,0.0,0.007,1.0,-1,,unreal_rockfield.json,unreal_rockfield.json,nan,nan,nan
1532,-74.12182988982818,-186.53675954466382,0.3119631800123031,Medium,RegolithCovered,background_regolith,Background,Background,-1,-1.0,-1.0,-1.0,0.0,0.007,1.0,-1,,unreal_rockfield.json,unreal_rockfield.json,nan,nan,nan
1533,-200.68208868678855,146.75588244270148,0.27760297622955227,Small,RegolithCovered,background_regolith,Background,Background,-1,-1.0,-1.0,-1.0,0.0,0.007,1.0,-1,,unreal_rockfield.json,unreal_rockfield.json,nan,nan,nan
1534,-161.43528550065616,37.88109988708152,0.28202182704255024,Small,RegolithCovered,background_regolith,Background,Background,-1,-1.0,-1.0,-1.0,0.0,0.007,1.0,-1,,unreal_rockfield.json,unreal_rockfield.json,nan,nan,nan
1535,-208.03704947050386,243.89629810480056,0.29849306891718463,Small,RegolithCovered,background_regolith,Background,Background,-1,-1.0,-1.0,-1.0,0.0,0.007,1.0,-1,,unreal_rockfield.json,unreal_rockfield.json,nan,nan,nan
1536,112.4683370464187,188.5509811700797,0.3689902268149357,Medium,RegolithCovered,background_regolith,Background,Background,-1,-1.0,-1.0,-1.0,0.0,0.007,1.0,-1,,unreal_rockfield.json,unreal_rockfield.json,nan,nan,nan
1537,112.14789269692068,-156.94906460768453,0.3243995999042107,Medium,RegolithCovered,background_regolith,Background,Background,-1,-1.0,-1.0,-1.0,0.0,0.007,1.0,-1,,unreal_rockfield.json,unreal_rockfield.json,nan,nan,nan
1538,-5.973998229926451,109.26389355143897,0.27718575196496403,Small,RegolithCovered,background_regolith,Background,Background,-1,-1.0,-1.0,-1.0,0.0,0.007,1.0,-1,,unreal_rockfield.json,unreal_rockfield.json,nan,nan,nan
1539,-38.99502548295541,-205.6718649861141,0.5622381105567867,Medium,RegolithCovered,background_regolith,Background,Background,-1,-1.0,-1.0,-1.0,0.0,0.007,1.0,-1,,unreal_rockfield.json,unreal_rockfield.json,nan,nan,nan
1540,-211.9281594286935,-22.28614154484694,0.3460947589420176,Medium,RegolithCovered,background_regolith,Background,Background,-1,-1.0,-1.0,-1.0,0.0,0.007,1.0,-1,,unreal_rockfield.json,unreal_rockfield.json,nan,nan,nan
1541,198.62208929715877,96.64448988311409,0.3354455858313488,Medium,RegolithCovered,background_regolith,Background,Background,-1,-1.0,-1.0,-1.0,0.0,0.007,1.0,-1,,unreal_rockfield.json,unreal_rockfield.json,nan,nan,nan
1542,174.7871333964049,-178.90713217566451,0.35428532935517654,Medium,RegolithCovered,background_regolith,Background,Background,-1,-1.0,-1.0,-1.0,0.0,0.007,1.0,-1,,unreal_rockfield.json,unreal_rockfield.json,nan,nan,nan
1543,156.09454634235664,109.8895229956969,0.48071532780981174,Medium,RegolithCovered,background_regolith,Background,Background,-1,-1.0,-1.0,-1.0,0.0,0.007,1.0,-1,,unreal_rockfield.json,unreal_rockfield.json,nan,nan,nan
1544,127.63603625598921,134.85366374706257,0.2933486414993257,Small,RegolithCovered,background_regolith,Background,Background,-1,-1.0,-1.0,-1.0,0.0,0.007,1.0,-1,,unreal_rockfield.json,unreal_rockfield.json,nan,nan,nan
1545,227.55363628040408,144.97054963835564,0.3642223171479551,Medium,RegolithCovered,background_regolith,Background,Background,-1,-1.0,-1.0,-1.0,0.0,0.007,1.0,-1,,unreal_rockfield.json,unreal_rockfield.json,nan,nan,nan
1546,236.98385570848717,96.27826776940213,0.28510260965219375,Small,RegolithCovered,background_regolith,Background,Background,-1,-1.0,-1.0,-1.0,0.0,0.007,1.0,-1,,unreal_rockfield.json,unreal_rockfield.json,nan,nan,nan
1547,-39.483321634571354,-106.07470931119724,0.2611679234817629,Small,RegolithCovered,background_regolith,Background,Background,-1,-1.0,-1.0,-1.0,0.0,0.007,1.0,-1,,unreal_rockfield.json,unreal_rockfield.json,nan,nan,nan
1548,234.20667134617145,-102.3819696646016,0.30480981701297477,Medium,RegolithCovered,background_regolith,Background,Background,-1,-1.0,-1.0,-1.0,0.0,0.007,1.0,-1,,unreal_rockfield.json,unreal_rockfield.json,nan,nan,nan
1549,-125.83544419690543,232.11615344706564,0.37752519147893393,Medium,RegolithCovered,background_regolith,Background,Background,-1,-1.0,-1.0,-1.0,0.0,0.007,1.0,-1,,unreal_rockfield.json,unreal_rockfield.json,nan,nan,nan
1550,-223.49467452009645,-249.16074098941007,0.3146184996356404,Medium,RegolithCovered,background_regolith,Background,Background,-1,-1.0,-1.0,-1.0,0.0,0.007,1.0,-1,,unreal_rockfield.json,unreal_rockfield.json,nan,nan,nan
1551,-199.84282967619862,-108.79085665456097,0.26569696425803435,Small,RegolithCovered,background_regolith,Background,Background,-1,-1.0,-1.0,-1.0,0.0,0.007,1.0,-1,,unreal_rockfield.json,unreal_rockfield.json,nan,nan,nan
1552,27.718436231574458,-178.61720633564255,0.2781381072451736,Small,RegolithCovered,background_regolith,Background,Background,-1,-1.0,-1.0,-1.0,0.0,0.007,1.0,-1,,unreal_rockfield.json,unreal_rockfield.json,nan,nan,nan
1553,-151.42521439252909,-193.05246131778924,0.26604379219063456,Small,RegolithCovered,background_regolith,Background,Background,-1,-1.0,-1.0,-1.0,0.0,0.007,1.0,-1,,unreal_rockfield.json,unreal_rockfield.json,nan,nan,nan
1554,194.9751274147771,-78.04345835749382,0.26221678298309975,Small,RegolithCovered,background_regolith,Background,Background,-1,-1.0,-1.0,-1.0,0.0,0.007,1.0,-1,,unreal_rockfield.json,unreal_rockfield.json,nan,nan,nan
1555,-161.40476699118017,21.080660420545087,0.3012823724236852,Medium,RegolithCovered,background_regolith,Background,Background,-1,-1.0,-1.0,-1.0,0.0,0.007,1.0,-1,,unreal_rockfield.json,unreal_rockfield.json,nan,nan,nan
1556,-109.67589342936489,-74.59486678670612,0.2807504822648361,Small,RegolithCovered,background_regolith,Background,Background,-1,-1.0,-1.0,-1.0,0.0,0.007,1.0,-1,,unreal_rockfield.json,unreal_rockfield.json,nan,nan,nan
1557,-111.85796685689871,-193.6780907620472,0.26792992348929023,Small,RegolithCovered,background_regolith,Background,Background,-1,-1.0,-1.0,-1.0,0.0,0.007,1.0,-1,,unreal_rockfield.json,unreal_rockfield.json,nan,nan,nan
1558,-79.2794579912717,225.26474806970424,0.2610361747595163,Small,RegolithCovered,background_regolith,Background,Background,-1,-1.0,-1.0,-1.0,0.0,0.007,1.0,-1,,unreal_rockfield.json,unreal_rockfield.json,nan,nan,nan
1559,15.923032319101537,119.16714987640006,0.2980960369366419,Small,RegolithCovered,background_regolith,Background,Background,-1,-1.0,-1.0,-1.0,0.0,0.007,1.0,-1,,unreal_rockfield.json,unreal_rockfield.json,nan,nan,nan
1560,-196.92831202124088,-126.84255500961333,0.2766906919185843,Small,RegolithCovered,background_regolith,Background,Background,-1,-1.0,-1.0,-1.0,0.0,0.007,1.0,-1,,unreal_rockfield.json,unreal_rockfield.json,nan,nan,nan
1561,-239.39481795709096,7.484664448988326,0.2618688942403099,Small,RegolithCovered,background_regolith,Background,Background,-1,-1.0,-1.0,-1.0,0.0,0.007,1.0,-1,,unreal_rockfield.json,unreal_rockfield.json,nan,nan,nan
1562,-105.26596881008331,-61.36509292886137,0.34260931615108564,Medium,RegolithCovered,background_regolith,Background,Background,-1,-1.0,-1.0,-1.0,0.0,0.007,1.0,-1,,unreal_rockfield.json,unreal_rockfield.json,nan,nan,nan
1563,152.9511398663289,146.74062318796348,0.2683756668503874,Small,RegolithCovered,background_regolith,Background,Background,-1,-1.0,-1.0,-1.0,0.0,0.007,1.0,-1,,unreal_rockfield.json,unreal_rockfield.json,nan,nan,nan
1564,-41.848506118961154,-141.20151371807,0.26108361731634344,Small,RegolithCovered,background_regolith,Background,Background,-1,-1.0,-1.0,-1.0,0.0,0.007,1.0,-1,,unreal_rockfield.json,unreal_rockfield.json,nan,nan,nan
1565,74.83901486251409,184.26313058870204,0.3526843198533565,Medium,RegolithCovered,background_regolith,Background,Background,-1,-1.0,-1.0,-1.0,0.0,0.007,1.0,-1,,unreal_rockfield.json,unreal_rockfield.json,nan,nan,nan
1566,180.3109836115604,-240.67659535508287,0.40119041564583857,Medium,RegolithCovered,background_regolith,Background,Background,-1,-1.0,-1.0,-1.0,0.0,0.007,1.0,-1,,unreal_rockfield.json,unreal_rockfield.json,nan,nan,nan
1567,-207.41142002624593,-22.667622913296896,0.34294118524873585,Medium,RegolithCovered,background_regolith,Background,Background,-1,-1.0,-1.0,-1.0,0.0,0.007,1.0,-1,,unreal_rockfield.json,unreal_rockfield.json,nan,nan,nan
1568,81.12582781456956,121.47129734183784,0.3093894445905618,Medium,RegolithCovered,background_regolith,Background,Background,-1,-1.0,-1.0,-1.0,0.0,0.007,1.0,-1,,unreal_rockfield.json,unreal_rockfield.json,nan,nan,nan
1569,-53.99487289040803,51.40079958494823,0.28456463554555855,Small,RegolithCovered,background_regolith,Background,Background,-1,-1.0,-1.0,-1.0,0.0,0.007,1.0,-1,,unreal_rockfield.json,unreal_rockfield.json,nan,nan,nan
1570,-193.6933500167852,-69.05575731681265,0.2767061474350095,Small,RegolithCovered,background_regolith,Background,Background,-1,-1.0,-1.0,-1.0,0.0,0.007,1.0,-1,,unreal_rockfield.json,unreal_rockfield.json,nan,nan,nan
1571,200.71260719626457,119.76226081118199,0.285579651703762,Small,RegolithCovered,background_regolith,Background,Background,-1,-1.0,-1.0,-1.0,0.0,0.007,1.0,-1,,unreal_rockfield.json,unreal_rockfield.json,nan,nan,nan
1572,-52.575762199774175,-240.56978057191688,0.4163189161504025,Medium,RegolithCovered,background_regolith,Background,Background,-1,-1.0,-1.0,-1.0,0.0,0.007,1.0,-1,,unreal_rockfield.json,unreal_rockfield.json,nan,nan,nan
1573,-187.78801843317973,231.2768944364757,0.48201610622410496,Medium,RegolithCovered,background_regolith,Background,Background,-1,-1.0,-1.0,-1.0,0.0,0.007,1.0,-1,,unreal_rockfield.json,unreal_rockfield.json,nan,nan,nan
1574,203.19986571855833,-212.32490005188146,0.2643524273174464,Small,RegolithCovered,background_regolith,Background,Background,-1,-1.0,-1.0,-1.0,0.0,0.007,1.0,-1,,unreal_rockfield.json,unreal_rockfield.json,nan,nan,nan
1575,197.67601550340282,-12.855922116763821,0.26749593971689006,Small,RegolithCovered,background_regolith,Background,Background,-1,-1.0,-1.0,-1.0,0.0,0.007,1.0,-1,,unreal_rockfield.json,unreal_rockfield.json,nan,nan,nan
1576,-172.34565263832513,-234.06933805352946,0.38484735848377843,Medium,RegolithCovered,background_regolith,Background,Background,-1,-1.0,-1.0,-1.0,0.0,0.007,1.0,-1,,unreal_rockfield.json,unreal_rockfield.json,nan,nan,nan
1577,-50.683614612262346,227.40104373302404,0.26452502073396683,Small,RegolithCovered,background_regolith,Background,Background,-1,-1.0,-1.0,-1.0,0.0,0.007,1.0,-1,,unreal_rockfield.json,unreal_rockfield.json,nan,nan,nan
1578,-158.93276772362435,12.291329691457861,0.29820205872984,Small,RegolithCovered,background_regolith,Background,Background,-1,-1.0,-1.0,-1.0,0.0,0.007,1.0,-1,,unreal_rockfield.json,unreal_rockfield.json,nan,nan,nan
1579,243.1180761131626,71.16153447065642,0.30579046434238505,Medium,RegolithCovered,background_regolith,Background,Background,-1,-1.0,-1.0,-1.0,0.0,0.007,1.0,-1,,unreal_rockfield.json,unreal_rockfield.json,nan,nan,nan
1580,-154.14136173589281,-41.42124698629718,0.2770920848886332,Small,RegolithCovered,background_regolith,Background,Background,-1,-1.0,-1.0,-1.0,0.0,0.007,1.0,-1,,unreal_rockfield.json,unreal_rockfield.json,nan,nan,nan
1581,-19.142735068819263,139.32462538529614,0.27498265928470683,Small,RegolithCovered,background_regolith,Background,Background,-1,-1.0,-1.0,-1.0,0.0,0.007,1.0,-1,,unreal_rockfield.json,unreal_rockfield.json,nan,nan,nan
1582,-70.67323831904048,154.79750968962674,0.2702162211806637,Small,RegolithCovered,background_regolith,Background,Background,-1,-1.0,-1.0,-1.0,0.0,0.007,1.0,-1,,unreal_rockfield.json,unreal_rockfield.json,nan,nan,nan
1583,-54.66628009887998,130.90151676992093,0.31115651122008875,Medium,RegolithCovered,background_regolith,Background,Background,-1,-1.0,-1.0,-1.0,0.0,0.007,1.0,-1,,unreal_rockfield.json,unreal_rockfield.json,nan,nan,nan
1584,-14.58021790215767,224.13556321909238,0.2705292268926442,Small,RegolithCovered,background_regolith,Background,Background,-1,-1.0,-1.0,-1.0,0.0,0.007,1.0,-1,,unreal_rockfield.json,unreal_rockfield.json,nan,nan,nan
1585,-69.98657185583056,102.90078432569356,0.29812781854202053,Small,RegolithCovered,background_regolith,Background,Background,-1,-1.0,-1.0,-1.0,0.0,0.007,1.0,-1,,unreal_rockfield.json,unreal_rockfield.json,nan,nan,nan
1586,-212.73689992980744,208.89156773583176,0.30205866448164803,Medium,RegolithCovered,background_regolith,Background,Background,-1,-1.0,-1.0,-1.0,0.0,0.007,1.0,-1,,unreal_rockfield.json,unreal_rockfield.json,nan,nan,nan
1587,-82.4991607409894,-244.10992767113254,0.26239182412446815,Small,RegolithCovered,background_regolith,Background,Background,-1,-1.0,-1.0,-1.0,0.0,0.007,1.0,-1,,unreal_rockfield.json,unreal_rockfield.json,nan,nan,nan
1588,226.57704397717214,-249.38962981048005,0.36506406664389424,Medium,RegolithCovered,background_regolith,Background,Background,-1,-1.0,-1.0,-1.0,0.0,0.007,1.0,-1,,unreal_rockfield.json,unreal_rockfield.json,nan,nan,nan
1589,110.43885616626488,190.6567583239235,0.33725063058085425,Medium,RegolithCovered,background_regolith,Background,Background,-1,-1.0,-1.0,-1.0,0.0,0.007,1.0,-1,,unreal_rockfield.json,unreal_rockfield.json,nan,nan,nan
1590,244.84237189855645,-207.28934598834192,0.29441032440965936,Small,RegolithCovered,background_regolith,Background,Background,-1,-1.0,-1.0,-1.0,0.0,0.007,1.0,-1,,unreal_rockfield.json,unreal_rockfield.json,nan,nan,nan
1591,152.29499191259498,-87.68730735190894,0.2811490906499614,Small,RegolithCovered,background_regolith,Background,Background,-1,-1.0,-1.0,-1.0,0.0,0.007,1.0,-1,,unreal_rockfield.json,unreal_rockfield.json,nan,nan,nan
1592,50.363170262764356,168.68343150120546,0.2620503109273893,Small,RegolithCovered,background_regolith,Background,Background,-1,-1.0,-1.0,-1.0,0.0,0.007,1.0,-1,,unreal_rockfield.json,unreal_rockfield.json,nan,nan,nan
1593,-97.27011932737207,-243.5300759910886,0.2647869216008931,Small,RegolithCovered,background_regolith,Background,Background,-1,-1.0,-1.0,-1.0,0.0,0.007,1.0,-1,,unreal_rockfield.json,unreal_rockfield.json,nan,nan,nan
1594,183.13394573809018,231.2005981627857,0.28238678748236345,Small,RegolithCovered,background_regolith,Background,Background,-1,-1.0,-1.0,-1.0,0.0,0.007,1.0,-1,,unreal_rockfield.json,unreal_rockfield.json,nan,nan,nan
1595,-162.961210974456,-167.79839472640157,0.33846254334006476,Medium,RegolithCovered,background_regolith,Background,Background,-1,-1.0,-1.0,-1.0,0.0,0.007,1.0,-1,,unreal_rockfield.json,unreal_rockfield.json,nan,nan,nan
1596,-207.02993865779595,-226.1345255897702,0.26625118567026723,Small,RegolithCovered,background_regolith,Background,Background,-1,-1.0,-1.0,-1.0,0.0,0.007,1.0,-1,,unreal_rockfield.json,unreal_rockfield.json,nan,nan,nan
1597,213.7287514877773,-41.03976561784722,0.2767149816011442,Small,RegolithCovered,background_regolith,Background,Background,-1,-1.0,-1.0,-1.0,0.0,0.007,1.0,-1,,unreal_rockfield.json,unreal_rockfield.json,nan,nan,nan
1598,73.8776818140202,86.34449293496505,0.31385573188022947,Medium,RegolithCovered,background_regolith,Background,Background,-1,-1.0,-1.0,-1.0,0.0,0.007,1.0,-1,,unreal_rockfield.json,unreal_rockfield.json,nan,nan,nan
1599,-218.87112033448287,-145.41306802575764,0.28552041866326505,Small,RegolithCovered,background_regolith,Background,Background,-1,-1.0,-1.0,-1.0,0.0,0.007,1.0,-1,,unreal_rockfield.json,unreal_rockfield.json,nan,nan,nan
1600,85.21530808435318,-248.07733390301217,0.26804182602909743,Small,RegolithCovered,background_regolith,Background,Background,-1,-1.0,-1.0,-1.0,0.0,0.007,1.0,-1,,unreal_rockfield.json,unreal_rockfield.json,nan,nan,nan
1601,165.0059511093478,-52.1485030671102,0.2783164090037098,Small,RegolithCovered,background_regolith,Background,Background,-1,-1.0,-1.0,-1.0,0.0,0.007,1.0,-1,,unreal_rockfield.json,unreal_rockfield.json,nan,nan,nan
1602,127.33085116122925,-67.05679494613483,0.29314171748053636,Small,RegolithCovered,background_regolith,Background,Background,-1,-1.0,-1.0,-1.0,0.0,0.007,1.0,-1,,unreal_rockfield.json,unreal_rockfield.json,nan,nan,nan
1603,-122.29529709768974,78.37916196172978,0.27513792005890864,Small,RegolithCovered,background_regolith,Background,Background,-1,-1.0,-1.0,-1.0,0.0,0.007,1.0,-1,,unreal_rockfield.json,unreal_rockfield.json,nan,nan,nan
1604,-138.8210699789422,78.92849513229771,0.3388014635209791,Medium,RegolithCovered,background_regolith,Background,Background,-1,-1.0,-1.0,-1.0,0.0,0.007,1.0,-1,,unreal_rockfield.json,unreal_rockfield.json,nan,nan,nan
1605,-191.93853572191534,-51.98065126499222,0.26847779221083085,Small,RegolithCovered,background_regolith,Background,Background,-1,-1.0,-1.0,-1.0,0.0,0.007,1.0,-1,,unreal_rockfield.json,unreal_rockfield.json,nan,nan,nan
1606,-92.08197271645253,-73.9234595782342,0.27441525669628125,Small,RegolithCovered,background_regolith,Background,Background,-1,-1.0,-1.0,-1.0,0.0,0.007,1.0,-1,,unreal_rockfield.json,unreal_rockfield.json,nan,nan,nan
1607,-228.80489516891996,-64.0659810174871,0.46717236697262804,Medium,RegolithCovered,background_regolith,Background,Background,-1,-1.0,-1.0,-1.0,0.0,0.007,1.0,-1,,unreal_rockfield.json,unreal_rockfield.json,nan,nan,nan
1608,170.75869014557327,17.967772453993348,0.2675137853924385,Small,RegolithCovered,background_regolith,Background,Background,-1,-1.0,-1.0,-1.0,0.0,0.007,1.0,-1,,unreal_rockfield.json,unreal_rockfield.json,nan,nan,nan
1609,-87.48893704031497,225.21897030549025,0.2652665563131144,Small,RegolithCovered,background_regolith,Background,Background,-1,-1.0,-1.0,-1.0,0.0,0.007,1.0,-1,,unreal_rockfield.json,unreal_rockfield.json,nan,nan,nan
1610,27.092806787316533,-42.413098544267086,0.2988145413100913,Small,RegolithCovered,background_regolith,Background,Background,-1,-1.0,-1.0,-1.0,0.0,0.007,1.0,-1,,unreal_rockfield.json,unreal_rockfield.json,nan,nan,nan
1611,153.0426953947569,47.06717123935664,0.2638127004225393,Small,RegolithCovered,background_regolith,Background,Background,-1,-1.0,-1.0,-1.0,0.0,0.007,1.0,-1,,unreal_rockfield.json,unreal_rockfield.json,nan,nan,nan
1612,-219.96978667561876,-115.44389172032837,0.30550942647012413,Medium,RegolithCovered,background_regolith,Background,Background,-1,-1.0,-1.0,-1.0,0.0,0.007,1.0,-1,,unreal_rockfield.json,unreal_rockfield.json,nan,nan,nan
1613,124.4163335062716,167.95098727378155,0.27250875594948126,Small,RegolithCovered,background_regolith,Background,Background,-1,-1.0,-1.0,-1.0,0.0,0.007,1.0,-1,,unreal_rockfield.json,unreal_rockfield.json,nan,nan,nan
1614,-227.40104373302407,-51.82805871761224,0.2841973164896495,Small,RegolithCovered,background_regolith,Background,Background,-1,-1.0,-1.0,-1.0,0.0,0.007,1.0,-1,,unreal_rockfield.json,unreal_rockfield.json,nan,nan,nan
1615,-143.06314279610584,-37.39280373546555,0.3829193852945389,Medium,RegolithCovered,background_regolith,Background,Background,-1,-1.0,-1.0,-1.0,0.0,0.007,1.0,-1,,unreal_rockfield.json,unreal_rockfield.json,nan,nan,nan
1616,-205.5955687124241,2.3117770928067785,0.26525809438138154,Small,RegolithCovered,background_regolith,Background,Background,-1,-1.0,-1.0,-1.0,0.0,0.007,1.0,-1,,unreal_rockfield.json,unreal_rockfield.json,nan,nan,nan
1617,41.78746910000916,-29.82421338541826,0.31695319115032006,Medium,RegolithCovered,background_regolith,Background,Background,-1,-1.0,-1.0,-1.0,0.0,0.007,1.0,-1,,unreal_rockfield.json,unreal_rockfield.json,nan,nan,nan
1618,-216.2617877742851,72.29071932126834,0.31219406855142895,Medium,RegolithCovered,background_regolith,Background,Background,-1,-1.0,-1.0,-1.0,0.0,0.007,1.0,-1,,unreal_rockfield.json,unreal_rockfield.json,nan,nan,nan
1619,176.0994293038728,157.04062013611252,0.28611898550270964,Small,RegolithCovered,background_regolith,Background,Background,-1,-1.0,-1.0,-1.0,0.0,0.007,1.0,-1,,unreal_rockfield.json,unreal_rockfield.json,nan,nan,nan
1620,-211.63823358867154,21.019623401593094,0.3085182150556681,Medium,RegolithCovered,background_regolith,Background,Background,-1,-1.0,-1.0,-1.0,0.0,0.007,1.0,-1,,unreal_rockfield.json,unreal_rockfield.json,nan,nan,nan
1621,3.7156285287026662,148.7548448133793,0.2789206409929181,Small,RegolithCovered,background_regolith,Background,Background,-1,-1.0,-1.0,-1.0,0.0,0.007,1.0,-1,,unreal_rockfield.json,unreal_rockfield.json,nan,nan,nan
1622,131.90862758262887,-37.652211066011546,0.3620678890968863,Medium,RegolithCovered,background_regolith,Background,Background,-1,-1.0,-1.0,-1.0,0.0,0.007,1.0,-1,,unreal_rockfield.json,unreal_rockfield.json,nan,nan,nan
1623,73.74034852137822,-120.5099642933439,0.301320133929461,Medium,RegolithCovered,background_regolith,Background,Background,-1,-1.0,-1.0,-1.0,0.0,0.007,1.0,-1,,unreal_rockfield.json,unreal_rockfield.json,nan,nan,nan
1624,176.49616992706075,18.92910550248729,0.26069496956653,Small,RegolithCovered,background_regolith,Background,Background,-1,-1.0,-1.0,-1.0,0.0,0.007,1.0,-1,,unreal_rockfield.json,unreal_rockfield.json,nan,nan,nan
1625,140.45381023590807,-119.74700155644399,0.2941174859214406,Small,RegolithCovered,background_regolith,Background,Background,-1,-1.0,-1.0,-1.0,0.0,0.007,1.0,-1,,unreal_rockfield.json,unreal_rockfield.json,nan,nan,nan
1626,-84.29975280007324,189.4360179448836,0.3165908270271284,Medium,RegolithCovered,background_regolith,Background,Background,-1,-1.0,-1.0,-1.0,0.0,0.007,1.0,-1,,unreal_rockfield.json,unreal_rockfield.json,nan,nan,nan
1627,209.21201208532972,222.5638599810785,0.2729117427177911,Small,RegolithCovered,background_regolith,Background,Background,-1,-1.0,-1.0,-1.0,0.0,0.007,1.0,-1,,unreal_rockfield.json,unreal_rockfield.json,nan,nan,nan
1628,-189.90905484176153,60.96835230567336,0.40516413256768585,Medium,RegolithCovered,background_regolith,Background,Background,-1,-1.0,-1.0,-1.0,0.0,0.007,1.0,-1,,unreal_rockfield.json,unreal_rockfield.json,nan,nan,nan
1629,-19.051179540391274,-108.37885677663502,0.2641508627173677,Small,RegolithCovered,background_regolith,Background,Background,-1,-1.0,-1.0,-1.0,0.0,0.007,1.0,-1,,unreal_rockfield.json,unreal_rockfield.json,nan,nan,nan
1630,230.10193182164983,67.1178319650868,0.28657383463957325,Small,RegolithCovered,background_regolith,Background,Background,-1,-1.0,-1.0,-1.0,0.0,0.007,1.0,-1,,unreal_rockfield.json,unreal_rockfield.json,nan,nan,nan
1631,-48.66939298684653,18.150883510849326,0.2732307352215112,Small,RegolithCovered,background_regolith,Background,Background,-1,-1.0,-1.0,-1.0,0.0,0.007,1.0,-1,,unreal_rockfield.json,unreal_rockfield.json,nan,nan,nan
1632,33.7916196172979,134.97573778496655,0.26347075998189956,Small,RegolithCovered,background_regolith,Background,Background,-1,-1.0,-1.0,-1.0,0.0,0.007,1.0,-1,,unreal_rockfield.json,unreal_rockfield.json,nan,nan,nan
1633,165.0059511093478,-111.27811517685475,0.5286558906882888,Medium,RegolithCovered,background_regolith,Background,Background,-1,-1.0,-1.0,-1.0,0.0,0.007,1.0,-1,,unreal_rockfield.json,unreal_rockfield.json,nan,nan,nan
1634,119.06033509323407,75.57145908993806,0.2865077912303734,Small,RegolithCovered,background_regolith,Background,Background,-1,-1.0,-1.0,-1.0,0.0,0.007,1.0,-1,,unreal_rockfield.json,unreal_rockfield.json,nan,nan,nan
1635,-199.0188299203467,-79.93560594500565,0.3597715750815145,Medium,RegolithCovered,background_regolith,Background,Background,-1,-1.0,-1.0,-1.0,0.0,0.007,1.0,-1,,unreal_rockfield.json,unreal_rockfield.json,nan,nan,nan
1636,186.47572252571183,137.75292214728233,0.28657108091542877,Small,RegolithCovered,background_regolith,Background,Background,-1,-1.0,-1.0,-1.0,0.0,0.007,1.0,-1,,unreal_rockfield.json,unreal_rockfield.json,nan,nan,nan
1637,56.64998321481977,-242.47718741416668,0.2707231341866364,Small,RegolithCovered,background_regolith,Background,Background,-1,-1.0,-1.0,-1.0,0.0,0.007,1.0,-1,,unreal_rockfield.json,unreal_rockfield.json,nan,nan,nan
1638,-129.13144322031312,-47.52494888149664,0.4935513671369259,Medium,RegolithCovered,background_regolith,Background,Background,-1,-1.0,-1.0,-1.0,0.0,0.007,1.0,-1,,unreal_rockfield.json,unreal_rockfield.json,nan,nan,nan
1639,-105.3575243385113,-217.69615771965698,0.33253416479395215,Medium,RegolithCovered,background_regolith,Background,Background,-1,-1.0,-1.0,-1.0,0.0,0.007,1.0,-1,,unreal_rockfield.json,unreal_rockfield.json,nan,nan,nan
1640,-219.17630542924283,-167.26432081057163,0.36608542198330435,Medium,RegolithCovered,background_regolith,Background,Background,-1,-1.0,-1.0,-1.0,0.0,0.007,1.0,-1,,unreal_rockfield.json,unreal_rockfield.json,nan,nan,nan
1641,-194.04431287575915,22.04199346903897,0.27761650110420627,Small,RegolithCovered,background_regolith,Background,Background,-1,-1.0,-1.0,-1.0,0.0,0.007,1.0,-1,,unreal_rockfield.json,unreal_rockfield.json,nan,nan,nan
1642,-234.35926389355143,247.9552598651082,0.3129795522667592,Medium,RegolithCovered,background_regolith,Background,Background,-1,-1.0,-1.0,-1.0,0.0,0.007,1.0,-1,,unreal_rockfield.json,unreal_rockfield.json,nan,nan,nan
1643,10.96377452925202,192.64046143986332,0.3064456123952312,Medium,RegolithCovered,background_regolith,Background,Background,-1,-1.0,-1.0,-1.0,0.0,0.007,1.0,-1,,unreal_rockfield.json,unreal_rockfield.json,nan,nan,nan
1644,-153.86669515060885,-48.68465224158453,0.28796629403024476,Small,RegolithCovered,background_regolith,Background,Background,-1,-1.0,-1.0,-1.0,0.0,0.007,1.0,-1,,unreal_rockfield.json,unreal_rockfield.json,nan,nan,nan
1645,155.80462050233467,-206.57216101565598,0.4020213809015467,Medium,RegolithCovered,background_regolith,Background,Background,-1,-1.0,-1.0,-1.0,0.0,0.007,1.0,-1,,unreal_rockfield.json,unreal_rockfield.json,nan,nan,nan
1646,134.31958983123263,-109.8742637409589,0.2893849334659324,Small,RegolithCovered,background_regolith,Background,Background,-1,-1.0,-1.0,-1.0,0.0,0.007,1.0,-1,,unreal_rockfield.json,unreal_rockfield.json,nan,nan,nan
1647,-247.8942228461562,-229.04904324472793,0.28674765613165065,Small,RegolithCovered,background_regolith,Background,Background,-1,-1.0,-1.0,-1.0,0.0,0.007,1.0,-1,,unreal_rockfield.json,unreal_rockfield.json,nan,nan,nan
1648,168.4545426801355,-140.57588427381205,0.2822014359286783,Small,RegolithCovered,background_regolith,Background,Background,-1,-1.0,-1.0,-1.0,0.0,0.007,1.0,-1,,unreal_rockfield.json,unreal_rockfield.json,nan,nan,nan
1649,40.688802758873294,194.8225348673971,0.3068124934355482,Medium,RegolithCovered,background_regolith,Background,Background,-1,-1.0,-1.0,-1.0,0.0,0.007,1.0,-1,,unreal_rockfield.json,unreal_rockfield.json,nan,nan,nan
1650,-161.43528550065616,58.45057527390361,0.41230324159972964,Medium,RegolithCovered,background_regolith,Background,Background,-1,-1.0,-1.0,-1.0,0.0,0.007,1.0,-1,,unreal_rockfield.json,unreal_rockfield.json,nan,nan,nan
1651,-178.2509842219306,91.59367656483658,0.27502301650045824,Small,RegolithCovered,background_regolith,Background,Background,-1,-1.0,-1.0,-1.0,0.0,0.007,1.0,-1,,unreal_rockfield.json,unreal_rockfield.json,nan,nan,nan
1652,-87.48893704031497,-38.399914548173456,0.2721293649311989,Small,RegolithCovered,background_regolith,Background,Background,-1,-1.0,-1.0,-1.0,0.0,0.007,1.0,-1,,unreal_rockfield.json,unreal_rockfield.json,nan,nan,nan
1653,-225.58519241920226,-4.081850642414622,0.26018538389920953,Small,RegolithCovered,background_regolith,Background,Background,-1,-1.0,-1.0,-1.0,0.0,0.007,1.0,-1,,unreal_rockfield.json,unreal_rockfield.json,nan,nan,nan
1654,31.06021301919617,-88.72493667409285,0.3064540154536554,Medium,RegolithCovered,background_regolith,Background,Background,-1,-1.0,-1.0,-1.0,0.0,0.007,1.0,-1,,unreal_rockfield.json,unreal_rockfield.json,nan,nan,nan
1655,71.61931211279642,-161.08432264168218,0.31050865876615974,Medium,RegolithCovered,background_regolith,Background,Background,-1,-1.0,-1.0,-1.0,0.0,0.007,1.0,-1,,unreal_rockfield.json,unreal_rockfield.json,nan,nan,nan
1656,-139.93499557481613,-235.8699301126133,0.2606737373312513,Small,RegolithCovered,background_regolith,Background,Background,-1,-1.0,-1.0,-1.0,0.0,0.007,1.0,-1,,unreal_rockfield.json,unreal_rockfield.json,nan,nan,nan
1657,-126.44581438642537,-57.84020508438368,0.3200436043839198,Medium,RegolithCovered,background_regolith,Background,Background,-1,-1.0,-1.0,-1.0,0.0,0.007,1.0,-1,,unreal_rockfield.json,unreal_rockfield.json,nan,nan,nan
1658,-194.79201635792109,-34.90554521317179,0.2948168199947752,Small,RegolithCovered,background_regolith,Background,Background,-1,-1.0,-1.0,-1.0,0.0,0.007,1.0,-1,,unreal_rockfield.json,unreal_rockfield.json,nan,nan,nan
1659,238.55555894650104,55.932798242133856,0.3040081889422976,Medium,RegolithCovered,background_regolith,Background,Background,-1,-1.0,-1.0,-1.0,0.0,0.007,1.0,-1,,unreal_rockfield.json,unreal_rockfield.json,nan,nan,nan
1660,248.6571855830561,-230.71230201116978,0.28225896311731963,Small,RegolithCovered,background_regolith,Background,Background,-1,-1.0,-1.0,-1.0,0.0,0.007,1.0,-1,,unreal_rockfield.json,unreal_rockfield.json,nan,nan,nan
1661,-186.55201879940182,12.398144474623848,0.26782550635640745,Small,RegolithCovered,background_regolith,Background,Background,-1,-1.0,-1.0,-1.0,0.0,0.007,1.0,-1,,unreal_rockfield.json,unreal_rockfield.json,nan,nan,nan
1662,94.15723136082033,171.7810602130192,0.3497970297690753,Medium,RegolithCovered,background_regolith,Background,Background,-1,-1.0,-1.0,-1.0,0.0,0.007,1.0,-1,,unreal_rockfield.json,unreal_rockfield.json,nan,nan,nan
1663,43.77117221594892,94.81337931455431,0.29448872566135603,Small,RegolithCovered,background_regolith,Background,Background,-1,-1.0,-1.0,-1.0,0.0,0.007,1.0,-1,,unreal_rockfield.json,unreal_rockfield.json,nan,nan,nan
1664,-54.69679860835598,122.52418591875977,0.2874777343864757,Small,RegolithCovered,background_regolith,Background,Background,-1,-1.0,-1.0,-1.0,0.0,0.007,1.0,-1,,unreal_rockfield.json,unreal_rockfield.json,nan,nan,nan
1665,-236.26667073580126,89.71678823206275,0.26122012590783833,Small,RegolithCovered,background_regolith,Background,Background,-1,-1.0,-1.0,-1.0,0.0,0.007,1.0,-1,,unreal_rockfield.json,unreal_rockfield.json,nan,nan,nan
1666,-72.13812677388836,-8.964812158574176,0.3660467951020249,Medium,RegolithCovered,background_regolith,Background,Background,-1,-1.0,-1.0,-1.0,0.0,0.007,1.0,-1,,unreal_rockfield.json,unreal_rockfield.json,nan,nan,nan
1667,76.34968108157597,129.1009247108371,0.2690438961934058,Small,RegolithCovered,background_regolith,Background,Background,-1,-1.0,-1.0,-1.0,0.0,0.007,1.0,-1,,unreal_rockfield.json,unreal_rockfield.json,nan,nan,nan
1668,-60.25116733298748,184.30890835291603,0.4445149404044272,Medium,RegolithCovered,background_regolith,Background,Background,-1,-1.0,-1.0,-1.0,0.0,0.007,1.0,-1,,unreal_rockfield.json,unreal_rockfield.json,nan,nan,nan
1669,100.30671102023376,-220.22919400616473,0.30135792527216,Medium,RegolithCovered,background_regolith,Background,Background,-1,-1.0,-1.0,-1.0,0.0,0.007,1.0,-1,,unreal_rockfield.json,unreal_rockfield.json,nan,nan,nan
1670,-91.66997283852658,4.936368907742576,0.3133214098267322,Medium,RegolithCovered,background_regolith,Background,Background,-1,-1.0,-1.0,-1.0,0.0,0.007,1.0,-1,,unreal_rockfield.json,unreal_rockfield.json,nan,nan,nan
1671,132.79366435743276,-163.32743308816796,0.2659301583912912,Small,RegolithCovered,background_regolith,Background,Background,-1,-1.0,-1.0,-1.0,0.0,0.007,1.0,-1,,unreal_rockfield.json,unreal_rockfield.json,nan,nan,nan
1672,-108.85189367351296,-51.110873744926295,0.26111731920767123,Small,RegolithCovered,background_regolith,Background,Background,-1,-1.0,-1.0,-1.0,0.0,0.007,1.0,-1,,unreal_rockfield.json,unreal_rockfield.json,nan,nan,nan
1673,240.40192876979887,-139.0499588000122,0.2699035952729877,Small,RegolithCovered,background_regolith,Background,Background,-1,-1.0,-1.0,-1.0,0.0,0.007,1.0,-1,,unreal_rockfield.json,unreal_rockfield.json,nan,nan,nan
1674,11.680959501937934,-128.94833216345714,0.2761793249782419,Small,RegolithCovered,background_regolith,Background,Background,-1,-1.0,-1.0,-1.0,0.0,0.007,1.0,-1,,unreal_rockfield.json,unreal_rockfield.json,nan,nan,nan
1675,-65.51561021759696,113.2160405285806,0.26113264731324903,Small,RegolithCovered,background_regolith,Background,Background,-1,-1.0,-1.0,-1.0,0.0,0.007,1.0,-1,,unreal_rockfield.json,unreal_rockfield.json,nan,nan,nan
1676,213.04208502456737,-18.501846369823312,0.34096326041478614,Medium,RegolithCovered,background_regolith,Background,Background,-1,-1.0,-1.0,-1.0,0.0,0.007,1.0,-1,,unreal_rockfield.json,unreal_rockfield.json,nan,nan,nan
1677,97.849971007416,100.64241462446978,0.2624677460582629,Small,RegolithCovered,background_regolith,Background,Background,-1,-1.0,-1.0,-1.0,0.0,0.007,1.0,-1,,unreal_rockfield.json,unreal_rockfield.json,nan,nan,nan
1678,76.8532364879299,161.72521134067813,0.2777474559867161,Small,RegolithCovered,background_regolith,Background,Background,-1,-1.0,-1.0,-1.0,0.0,0.007,1.0,-1,,unreal_rockfield.json,unreal_rockfield.json,nan,nan,nan
1679,-105.08285775322733,-75.0068666646321,0.2639601056352307,Small,RegolithCovered,background_regolith,Background,Background,-1,-1.0,-1.0,-1.0,0.0,0.007,1.0,-1,,unreal_rockfield.json,unreal_rockfield.json,nan,nan,nan
1680,-69.36094241157261,-204.14593951231421,0.3338292352697234,Medium,RegolithCovered,background_regolith,Background,Background,-1,-1.0,-1.0,-1.0,0.0,0.007,1.0,-1,,unreal_rockfield.json,unreal_rockfield.json,nan,nan,nan
1681,205.42771691030612,-77.81456953642385,0.2939976274422629,Small,RegolithCovered,background_regolith,Background,Background,-1,-1.0,-1.0,-1.0,0.0,0.007,1.0,-1,,unreal_rockfield.json,unreal_rockfield.json,nan,nan,nan
1682,90.29663991210668,-114.51307718131045,0.2782774869715566,Small,RegolithCovered,background_regolith,Background,Background,-1,-1.0,-1.0,-1.0,0.0,0.007,1.0,-1,,unreal_rockfield.json,unreal_rockfield.json,nan,nan,nan
1683,-141.247291482284,160.97750785851616,0.2667461084361019,Small,RegolithCovered,background_regolith,Background,Background,-1,-1.0,-1.0,-1.0,0.0,0.007,1.0,-1,,unreal_rockfield.json,unreal_rockfield.json,nan,nan,nan
1684,-204.84786523026216,-155.80462050233467,0.27478354450621123,Small,RegolithCovered,background_regolith,Background,Background,-1,-1.0,-1.0,-1.0,0.0,0.007,1.0,-1,,unreal_rockfield.json,unreal_rockfield.json,nan,nan,nan
1685,-199.15616321298867,156.84224982451855,0.30769668556984076,Medium,RegolithCovered,background_regolith,Background,Background,-1,-1.0,-1.0,-1.0,0.0,0.007,1.0,-1,,unreal_rockfield.json,unreal_rockfield.json,nan,nan,nan
1686,125.74388866847744,238.49452192754904,0.5761387594885626,Medium,RegolithCovered,background_regolith,Background,Background,-1,-1.0,-1.0,-1.0,0.0,0.007,1.0,-1,,unreal_rockfield.json,unreal_rockfield.json,nan,nan,nan
1687,-15.785699026459554,93.19589831232645,0.2835873924968727,Small,RegolithCovered,background_regolith,Background,Background,-1,-1.0,-1.0,-1.0,0.0,0.007,1.0,-1,,unreal_rockfield.json,unreal_rockfield.json,nan,nan,nan
1688,-110.9424115726188,41.37546922208321,0.27958505994222416,Small,RegolithCovered,background_regolith,Background,Background,-1,-1.0,-1.0,-1.0,0.0,0.007,1.0,-1,,unreal_rockfield.json,unreal_rockfield.json,nan,nan,nan
1689,-76.28864406262397,-135.0672933133946,0.2722408397323651,Small,RegolithCovered,background_regolith,Background,Background,-1,-1.0,-1.0,-1.0,0.0,0.007,1.0,-1,,unreal_rockfield.json,unreal_rockfield.json,nan,nan,nan
1690,48.83724478896448,-118.22107608264412,0.41719333102067196,Medium,RegolithCovered,background_regolith,Background,Background,-1,-1.0,-1.0,-1.0,0.0,0.007,1.0,-1,,unreal_rockfield.json,unreal_rockfield.json,nan,nan,nan
1691,191.08401745658745,-195.11246070741905,0.310000052293988,Medium,RegolithCovered,background_regolith,Background,Background,-1,-1.0,-1.0,-1.0,0.0,0.007,1.0,-1,,unreal_rockfield.json,unreal_rockfield.json,nan,nan,nan
1692,207.16727195043796,-5.058442945646533,0.28536194760816835,Small,RegolithCovered,background_regolith,Background,Background,-1,-1.0,-1.0,-1.0,0.0,0.007,1.0,-1,,unreal_rockfield.json,unreal_rockfield.json,nan,nan,nan
1693,-180.03631702627644,-39.17813653981139,0.26086369751101446,Small,RegolithCovered,background_regolith,Background,Background,-1,-1.0,-1.0,-1.0,0.0,0.007,1.0,-1,,unreal_rockfield.json,unreal_rockfield.json,nan,nan,nan
1694,-154.40076906643878,-207.7471236304819,0.26547015440374805,Small,RegolithCovered,background_regolith,Background,Background,-1,-1.0,-1.0,-1.0,0.0,0.007,1.0,-1,,unreal_rockfield.json,unreal_rockfield.json,nan,nan,nan
1695,-154.08032471694082,195.814386425367,0.323599995836832,Medium,RegolithCovered,background_regolith,Background,Background,-1,-1.0,-1.0,-1.0,0.0,0.007,1.0,-1,,unreal_rockfield.json,unreal_rockfield.json,nan,nan,nan
1696,-52.45368816187019,-136.6237372966704,0.3281658771195789,Medium,RegolithCovered,background_regolith,Background,Background,-1,-1.0,-1.0,-1.0,0.0,0.007,1.0,-1,,unreal_rockfield.json,unreal_rockfield.json,nan,nan,nan
1697,200.86519974364455,125.91174047059542,0.2677482588656816,Small,RegolithCovered,background_regolith,Background,Background,-1,-1.0,-1.0,-1.0,0.0,0.007,1.0,-1,,unreal_rockfield.json,unreal_rockfield.json,nan,nan,nan
1698,184.492019409772,-16.579180272835487,0.34042278783119395,Medium,RegolithCovered,background_regolith,Background,Background,-1,-1.0,-1.0,-1.0,0.0,0.007,1.0,-1,,unreal_rockfield.json,unreal_rockfield.json,nan,nan,nan
1699,106.53248695333724,-75.93768120365002,0.271857856718268,Small,RegolithCovered,background_regolith,Background,Background,-1,-1.0,-1.0,-1.0,0.0,0.007,1.0,-1,,unreal_rockfield.json,unreal_rockfield.json,nan,nan,nan
1700,-3.1052583391827113,13.878292184209727,0.28891005639341955,Small,RegolithCovered,background_regolith,Background,Background,-1,-1.0,-1.0,-1.0,0.0,0.007,1.0,-1,,unreal_rockfield.json,unreal_rockfield.json,nan,nan,nan
1701,153.28684347056486,244.15570543534653,0.2760964886369768,Small,RegolithCovered,background_regolith,Background,Background,-1,-1.0,-1.0,-1.0,0.0,0.007,1.0,-1,,unreal_rockfield.json,unreal_rockfield.json,nan,nan,nan
1702,70.96316415906244,143.38358714560377,0.2805886561899001,Small,RegolithCovered,background_regolith,Background,Background,-1,-1.0,-1.0,-1.0,0.0,0.007,1.0,-1,,unreal_rockfield.json,unreal_rockfield.json,nan,nan,nan
1703,97.36167485580006,-106.13574633014923,0.26536483918738146,Small,RegolithCovered,background_regolith,Background,Background,-1,-1.0,-1.0,-1.0,0.0,0.007,1.0,-1,,unreal_rockfield.json,unreal_rockfield.json,nan,nan,nan
1704,-155.6367687002167,-98.04834131900998,0.27137848631600603,Small,RegolithCovered,background_regolith,Background,Background,-1,-1.0,-1.0,-1.0,0.0,0.007,1.0,-1,,unreal_rockfield.json,unreal_rockfield.json,nan,nan,nan
1705,248.39777825251014,-155.6520279549547,0.28313084541783273,Small,RegolithCovered,background_regolith,Background,Background,-1,-1.0,-1.0,-1.0,0.0,0.007,1.0,-1,,unreal_rockfield.json,unreal_rockfield.json,nan,nan,nan
1706,204.52742088076423,-13.542588579973767,0.26665155657441547,Small,RegolithCovered,background_regolith,Background,Background,-1,-1.0,-1.0,-1.0,0.0,0.007,1.0,-1,,unreal_rockfield.json,unreal_rockfield.json,nan,nan,nan
1707,-162.0151371807001,148.52595599230932,0.26823019690155203,Small,RegolithCovered,background_regolith,Background,Background,-1,-1.0,-1.0,-1.0,0.0,0.007,1.0,-1,,unreal_rockfield.json,unreal_rockfield.json,nan,nan,nan
1708,-91.12063966795861,-155.40787987914672,0.2996716521957035,Small,RegolithCovered,background_regolith,Background,Background,-1,-1.0,-1.0,-1.0,0.0,0.007,1.0,-1,,unreal_rockfield.json,unreal_rockfield.json,nan,nan,nan
1709,145.2604754783776,-216.2465285195471,0.6127301257751173,Medium,RegolithCovered,background_regolith,Background,Background,-1,-1.0,-1.0,-1.0,0.0,0.007,1.0,-1,,unreal_rockfield.json,unreal_rockfield.json,nan,nan,nan
1710,-103.02285836359752,-134.19751579332865,0.3118082880591717,Medium,RegolithCovered,background_regolith,Background,Background,-1,-1.0,-1.0,-1.0,0.0,0.007,1.0,-1,,unreal_rockfield.json,unreal_rockfield.json,nan,nan,nan
1711,96.26300851466414,-221.92297128208259,0.26504372967972667,Small,RegolithCovered,background_regolith,Background,Background,-1,-1.0,-1.0,-1.0,0.0,0.007,1.0,-1,,unreal_rockfield.json,unreal_rockfield.json,nan,nan,nan
1712,13.481551561021774,108.83663441877502,0.2970521496600702,Small,RegolithCovered,background_regolith,Background,Background,-1,-1.0,-1.0,-1.0,0.0,0.007,1.0,-1,,unreal_rockfield.json,unreal_rockfield.json,nan,nan,nan
1713,236.55659657582322,157.05587939085052,0.30722909898505535,Medium,RegolithCovered,background_regolith,Background,Background,-1,-1.0,-1.0,-1.0,0.0,0.007,1.0,-1,,unreal_rockfield.json,unreal_rockfield.json,nan,nan,nan
1714,161.84728537858211,-56.54316843165381,0.38341723053746873,Medium,RegolithCovered,background_regolith,Background,Background,-1,-1.0,-1.0,-1.0,0.0,0.007,1.0,-1,,unreal_rockfield.json,unreal_rockfield.json,nan,nan,nan
1715,88.25189977721487,201.03305154576253,0.2821389900585934,Small,RegolithCovered,background_regolith,Background,Background,-1,-1.0,-1.0,-1.0,0.0,0.007,1.0,-1,,unreal_rockfield.json,unreal_rockfield.json,nan,nan,nan
1716,-8.156071657460245,-12.45918149357587,0.2745664042250205,Small,RegolithCovered,background_regolith,Background,Background,-1,-1.0,-1.0,-1.0,0.0,0.007,1.0,-1,,unreal_rockfield.json,unreal_rockfield.json,nan,nan,nan
1717,133.15988647114472,165.58580278939178,0.2897583631052298,Small,RegolithCovered,background_regolith,Background,Background,-1,-1.0,-1.0,-1.0,0.0,0.007,1.0,-1,,unreal_rockfield.json,unreal_rockfield.json,nan,nan,nan
1718,-166.1809137241737,-35.134434034241764,0.26040322419309503,Small,RegolithCovered,background_regolith,Background,Background,-1,-1.0,-1.0,-1.0,0.0,0.007,1.0,-1,,unreal_rockfield.json,unreal_rockfield.json,nan,nan,nan
1719,196.65364543595695,-70.67323831904048,0.5838528864874631,Medium,RegolithCovered,background_regolith,Background,Background,-1,-1.0,-1.0,-1.0,0.0,0.007,1.0,-1,,unreal_rockfield.json,unreal_rockfield.json,nan,nan,nan
1720,160.7791375469222,-215.42252876369517,0.32279515904019007,Medium,RegolithCovered,background_regolith,Background,Background,-1,-1.0,-1.0,-1.0,0.0,0.007,1.0,-1,,unreal_rockfield.json,unreal_rockfield.json,nan,nan,nan
1721,34.43250831629388,-69.33042390209661,0.3440535362217534,Medium,RegolithCovered,background_regolith,Background,Background,-1,-1.0,-1.0,-1.0,0.0,0.007,1.0,-1,,unreal_rockfield.json,unreal_rockfield.json,nan,nan,nan
1722,-171.93365276039918,-65.01205481124302,0.272597091663101,Small,RegolithCovered,background_regolith,Background,Background,-1,-1.0,-1.0,-1.0,0.0,0.007,1.0,-1,,unreal_rockfield.json,unreal_rockfield.json,nan,nan,nan
1723,129.65025788140503,176.32831812494277,0.2619454306139361,Small,RegolithCovered,background_regolith,Background,Background,-1,-1.0,-1.0,-1.0,0.0,0.007,1.0,-1,,unreal_rockfield.json,unreal_rockfield.json,nan,nan,nan
1724,143.50566118350775,-119.16714987640003,0.415341702737004,Medium,RegolithCovered,background_regolith,Background,Background,-1,-1.0,-1.0,-1.0,0.0,0.007,1.0,-1,,unreal_rockfield.json,unreal_rockfield.json,nan,nan,nan
1725,-218.85586107974487,-14.213995788445715,0.36161312732149625,Medium,RegolithCovered,background_regolith,Background,Background,-1,-1.0,-1.0,-1.0,0.0,0.007,1.0,-1,,unreal_rockfield.json,unreal_rockfield.json,nan,nan,nan
1726,-101.58848841822567,242.4161503952147,0.2819397464959306,Small,RegolithCovered,background_regolith,Background,Background,-1,-1.0,-1.0,-1.0,0.0,0.007,1.0,-1,,unreal_rockfield.json,unreal_rockfield.json,nan,nan,nan
1727,192.15216528824732,-83.30790124210333,0.3312563861128843,Medium,RegolithCovered,background_regolith,Background,Background,-1,-1.0,-1.0,-1.0,0.0,0.007,1.0,-1,,unreal_rockfield.json,unreal_rockfield.json,nan,nan,nan
1728,-222.28919339579454,-196.7757194738609,0.454153580159002,Medium,RegolithCovered,background_regolith,Background,Background,-1,-1.0,-1.0,-1.0,0.0,0.007,1.0,-1,,unreal_rockfield.json,unreal_rockfield.json,nan,nan,nan
1729,137.85973693044832,-68.26227607043671,0.26758881923173256,Small,RegolithCovered,background_regolith,Background,Background,-1,-1.0,-1.0,-1.0,0.0,0.007,1.0,-1,,unreal_rockfield.json,unreal_rockfield.json,nan,nan,nan
1730,4.036072878200628,28.6797692800684,0.28391598547664837,Small,RegolithCovered,background_regolith,Background,Background,-1,-1.0,-1.0,-1.0,0.0,0.007,1.0,-1,,unreal_rockfield.json,unreal_rockfield.json,nan,nan,nan
1731,91.10538041322064,-242.01940977202673,0.33160745873750064,Medium,RegolithCovered,background_regolith,Background,Background,-1,-1.0,-1.0,-1.0,0.0,0.007,1.0,-1,,unreal_rockfield.json,unreal_rockfield.json,nan,nan,nan
1732,93.10434278389846,-31.365398113956104,0.38439026202483617,Medium,RegolithCovered,background_regolith,Background,Background,-1,-1.0,-1.0,-1.0,0.0,0.007,1.0,-1,,unreal_rockfield.json,unreal_rockfield.json,nan,nan,nan
1733,101.69530320139165,-10.628070925016033,0.26187357609338785,Small,RegolithCovered,background_regolith,Background,Background,-1,-1.0,-1.0,-1.0,0.0,0.007,1.0,-1,,unreal_rockfield.json,unreal_rockfield.json,nan,nan,nan
1734,143.79558702352978,-150.37232581560716,0.4004154475623391,Medium,RegolithCovered,background_regolith,Background,Background,-1,-1.0,-1.0,-1.0,0.0,0.007,1.0,-1,,unreal_rockfield.json,unreal_rockfield.json,nan,nan,nan
1735,-53.09457686086611,233.03170873134553,0.2621790328287865,Small,RegolithCovered,background_regolith,Background,Background,-1,-1.0,-1.0,-1.0,0.0,0.007,1.0,-1,,unreal_rockfield.json,unreal_rockfield.json,nan,nan,nan
1736,92.53975035859247,24.300363170262756,0.2833944619385496,Small,RegolithCovered,background_regolith,Background,Background,-1,-1.0,-1.0,-1.0,0.0,0.007,1.0,-1,,unreal_rockfield.json,unreal_rockfield.json,nan,nan,nan
1737,-215.55986205633718,-65.95812860499893,0.3017374893320213,Medium,RegolithCovered,background_regolith,Background,Background,-1,-1.0,-1.0,-1.0,0.0,0.007,1.0,-1,,unreal_rockfield.json,unreal_rockfield.json,nan,nan,nan
1738,-232.14667195654164,-74.42701498458814,0.26312194253852206,Small,RegolithCovered,background_regolith,Background,Background,-1,-1.0,-1.0,-1.0,0.0,0.007,1.0,-1,,unreal_rockfield.json,unreal_rockfield.json,nan,nan,nan
1739,-67.20938749351481,-127.34611041596729,0.3056290818138985,Medium,RegolithCovered,background_regolith,Background,Background,-1,-1.0,-1.0,-1.0,0.0,0.007,1.0,-1,,unreal_rockfield.json,unreal_rockfield.json,nan,nan,nan
1740,-178.72402111880854,-43.00820947904904,0.3092290753425798,Medium,RegolithCovered,background_regolith,Background,Background,-1,-1.0,-1.0,-1.0,0.0,0.007,1.0,-1,,unreal_rockfield.json,unreal_rockfield.json,nan,nan,nan
1741,164.59395123142184,146.38966032898952,0.3193742523176337,Medium,RegolithCovered,background_regolith,Background,Background,-1,-1.0,-1.0,-1.0,0.0,0.007,1.0,-1,,unreal_rockfield.json,unreal_rockfield.json,nan,nan,nan
1742,125.80492568742943,27.21488082522052,0.34627590034695543,Medium,RegolithCovered,background_regolith,Background,Background,-1,-1.0,-1.0,-1.0,0.0,0.007,1.0,-1,,unreal_rockfield.json,unreal_rockfield.json,nan,nan,nan
1743,213.94238105410932,168.01202429273354,0.2609628223273134,Small,RegolithCovered,background_regolith,Background,Background,-1,-1.0,-1.0,-1.0,0.0,0.007,1.0,-1,,unreal_rockfield.json,unreal_rockfield.json,nan,nan,nan
1744,-41.14658040101321,-107.55485702078309,0.28567404588865203,Small,RegolithCovered,background_regolith,Background,Background,-1,-1.0,-1.0,-1.0,0.0,0.007,1.0,-1,,unreal_rockfield.json,unreal_rockfield.json,nan,nan,nan
1745,-243.5148167363506,-236.44978179265723,0.27522536400832814,Small,RegolithCovered,background_regolith,Background,Background,-1,-1.0,-1.0,-1.0,0.0,0.007,1.0,-1,,unreal_rockfield.json,unreal_rockfield.json,nan,nan,nan
1746,160.51973021637622,-205.79393902401807,0.4415168482819922,Medium,RegolithCovered,background_regolith,Background,Background,-1,-1.0,-1.0,-1.0,0.0,0.007,1.0,-1,,unreal_rockfield.json,unreal_rockfield.json,nan,nan,nan
1747,108.27204199346903,-218.09289834284493,0.26659213209695715,Small,RegolithCovered,background_regolith,Background,Background,-1,-1.0,-1.0,-1.0,0.0,0.007,1.0,-1,,unreal_rockfield.json,unreal_rockfield.json,nan,nan,nan
1748,-82.5144199957274,-242.78237250892667,0.3277921106788409,Medium,RegolithCovered,background_regolith,Background,Background,-1,-1.0,-1.0,-1.0,0.0,0.007,1.0,-1,,unreal_rockfield.json,unreal_rockfield.json,nan,nan,nan
1749,-6.599627674184404,165.58580278939178,0.29562045410700355,Small,RegolithCovered,background_regolith,Background,Background,-1,-1.0,-1.0,-1.0,0.0,0.007,1.0,-1,,unreal_rockfield.json,unreal_rockfield.json,nan,nan,nan
1750,-192.50312814722128,33.16599017303997,0.2797858685144308,Small,RegolithCovered,background_regolith,Background,Background,-1,-1.0,-1.0,-1.0,0.0,0.007,1.0,-1,,unreal_rockfield.json,unreal_rockfield.json,nan,nan,nan
1751,140.926847132786,118.66359447004612,0.552938634881559,Medium,RegolithCovered,background_regolith,Background,Background,-1,-1.0,-1.0,-1.0,0.0,0.007,1.0,-1,,unreal_rockfield.json,unreal_rockfield.json,nan,nan,nan
1752,181.97424237800226,224.63911862544632,0.2798878009721173,Small,RegolithCovered,background_regolith,Background,Background,-1,-1.0,-1.0,-1.0,0.0,0.007,1.0,-1,,unreal_rockfield.json,unreal_rockfield.json,nan,nan,nan
1753,-128.87203588976715,-219.14578691976683,0.2648656435834757,Small,RegolithCovered,background_regolith,Background,Background,-1,-1.0,-1.0,-1.0,0.0,0.007,1.0,-1,,unreal_rockfield.json,unreal_rockfield.json,nan,nan,nan
1754,-191.2060914944914,-207.93023468733787,0.3863298478561603,Medium,RegolithCovered,background_regolith,Background,Background,-1,-1.0,-1.0,-1.0,0.0,0.007,1.0,-1,,unreal_rockfield.json,unreal_rockfield.json,nan,nan,nan
1755,-86.00878933072909,111.53752250740075,0.2846542943775433,Small,RegolithCovered,background_regolith,Background,Background,-1,-1.0,-1.0,-1.0,0.0,0.007,1.0,-1,,unreal_rockfield.json,unreal_rockfield.json,nan,nan,nan
1756,-125.0572222052675,116.80196539201029,0.3553750174532164,Medium,RegolithCovered,background_regolith,Background,Background,-1,-1.0,-1.0,-1.0,0.0,0.007,1.0,-1,,unreal_rockfield.json,unreal_rockfield.json,nan,nan,nan
1757,149.50254829554126,-54.42213202307201,0.2785875226901537,Small,RegolithCovered,background_regolith,Background,Background,-1,-1.0,-1.0,-1.0,0.0,0.007,1.0,-1,,unreal_rockfield.json,unreal_rockfield.json,nan,nan,nan
1758,-99.11648915066988,-242.03466902676473,0.27568679783311917,Small,RegolithCovered,background_regolith,Background,Background,-1,-1.0,-1.0,-1.0,0.0,0.007,1.0,-1,,unreal_rockfield.json,unreal_rockfield.json,nan,nan,nan
1759,-36.33991515854365,-162.56447035126803,0.35835792907289216,Medium,RegolithCovered,background_regolith,Background,Background,-1,-1.0,-1.0,-1.0,0.0,0.007,1.0,-1,,unreal_rockfield.json,unreal_rockfield.json,nan,nan,nan
1760,-217.650379955443,184.64461195715205,0.3080210395324041,Medium,RegolithCovered,background_regolith,Background,Background,-1,-1.0,-1.0,-1.0,0.0,0.007,1.0,-1,,unreal_rockfield.json,unreal_rockfield.json,nan,nan,nan
1761,158.09350871303445,-198.9577929013947,0.40826323633757505,Medium,RegolithCovered,background_regolith,Background,Background,-1,-1.0,-1.0,-1.0,0.0,0.007,1.0,-1,,unreal_rockfield.json,unreal_rockfield.json,nan,nan,nan
1762,-14.000366222113712,-225.38682210760825,0.26479696301037997,Small,RegolithCovered,background_regolith,Background,Background,-1,-1.0,-1.0,-1.0,0.0,0.007,1.0,-1,,unreal_rockfield.json,unreal_rockfield.json,nan,nan,nan
1763,26.5282143620106,-181.77587206640828,0.28000900157362146,Small,RegolithCovered,background_regolith,Background,Background,-1,-1.0,-1.0,-1.0,0.0,0.007,1.0,-1,,unreal_rockfield.json,unreal_rockfield.json,nan,nan,nan
1764,-176.98446607867672,-62.38746299630725,0.2762623181435685,Small,RegolithCovered,background_regolith,Background,Background,-1,-1.0,-1.0,-1.0,0.0,0.007,1.0,-1,,unreal_rockfield.json,unreal_rockfield.json,nan,nan,nan
1765,3.51725821710869,-36.41621143223364,0.26447848342160724,Small,RegolithCovered,background_regolith,Background,Background,-1,-1.0,-1.0,-1.0,0.0,0.007,1.0,-1,,unreal_rockfield.json,unreal_rockfield.json,nan,nan,nan
1766,146.23706778160954,27.3674733726005,0.38372829920751333,Medium,RegolithCovered,background_regolith,Background,Background,-1,-1.0,-1.0,-1.0,0.0,0.007,1.0,-1,,unreal_rockfield.json,unreal_rockfield.json,nan,nan,nan
1767,-113.12448500015259,117.73277993102818,0.31184579314405747,Medium,RegolithCovered,background_regolith,Background,Background,-1,-1.0,-1.0,-1.0,0.0,0.007,1.0,-1,,unreal_rockfield.json,unreal_rockfield.json,nan,nan,nan
1768,197.0198675496689,-54.77309488204597,0.48737346426381084,Medium,RegolithCovered,background_regolith,Background,Background,-1,-1.0,-1.0,-1.0,0.0,0.007,1.0,-1,,unreal_rockfield.json,unreal_rockfield.json,nan,nan,nan
1769,224.88326670125429,-48.806726279488515,0.2987357576403683,Small,RegolithCovered,background_regolith,Background,Background,-1,-1.0,-1.0,-1.0,0.0,0.007,1.0,-1,,unreal_rockfield.json,unreal_rockfield.json,nan,nan,nan
1770,109.8132267220069,191.69438764610737,0.26996782890067006,Small,RegolithCovered,background_regolith,Background,Background,-1,-1.0,-1.0,-1.0,0.0,0.007,1.0,-1,,unreal_rockfield.json,unreal_rockfield.json,nan,nan,nan
1771,227.09585863826408,94.09619434186834,0.33590051681417754,Medium,RegolithCovered,background_regolith,Background,Background,-1,-1.0,-1.0,-1.0,0.0,0.007,1.0,-1,,unreal_rockfield.json,unreal_rockfield.json,nan,nan,nan
1772,197.18771935178688,-218.06237983336894,0.3651527207484514,Medium,RegolithCovered,background_regolith,Background,Background,-1,-1.0,-1.0,-1.0,0.0,0.007,1.0,-1,,unreal_rockfield.json,unreal_rockfield.json,nan,nan,nan
1773,194.3189794610431,101.49693288979768,0.3077570684210681,Medium,RegolithCovered,background_regolith,Background,Background,-1,-1.0,-1.0,-1.0,0.0,0.007,1.0,-1,,unreal_rockfield.json,unreal_rockfield.json,nan,nan,nan
1774,28.83236182744838,92.57026886806847,0.38703902113801736,Medium,RegolithCovered,background_regolith,Background,Background,-1,-1.0,-1.0,-1.0,0.0,0.007,1.0,-1,,unreal_rockfield.json,unreal_rockfield.json,nan,nan,nan
1775,152.58491775261695,-83.09427167577135,0.33493563396286474,Medium,RegolithCovered,background_regolith,Background,Background,-1,-1.0,-1.0,-1.0,0.0,0.007,1.0,-1,,unreal_rockfield.json,unreal_rockfield.json,nan,nan,nan
1776,-81.99560533463546,37.743766594439535,0.30734450639083627,Medium,RegolithCovered,background_regolith,Background,Background,-1,-1.0,-1.0,-1.0,0.0,0.007,1.0,-1,,unreal_rockfield.json,unreal_rockfield.json,nan,nan,nan
1777,-190.42786950285347,-34.783471175267806,0.4358420405931073,Medium,RegolithCovered,background_regolith,Background,Background,-1,-1.0,-1.0,-1.0,0.0,0.007,1.0,-1,,unreal_rockfield.json,unreal_rockfield.json,nan,nan,nan
1778,177.97631763664663,171.52165288247323,0.2617395716839482,Small,RegolithCovered,background_regolith,Background,Background,-1,-1.0,-1.0,-1.0,0.0,0.007,1.0,-1,,unreal_rockfield.json,unreal_rockfield.json,nan,nan,nan
1779,-186.32312997833185,208.23541978209784,0.29365915580918145,Small,RegolithCovered,background_regolith,Background,Background,-1,-1.0,-1.0,-1.0,0.0,0.007,1.0,-1,,unreal_rockfield.json,unreal_rockfield.json,nan,nan,nan
1780,-153.59202856532488,65.74449903866696,0.2652530180385225,Small,RegolithCovered,background_regolith,Background,Background,-1,-1.0,-1.0,-1.0,0.0,0.007,1.0,-1,,unreal_rockfield.json,unreal_rockfield.json,nan,nan,nan
1781,-224.50178533280433,-90.3881954405347,0.27883712602676525,Small,RegolithCovered,background_regolith,Background,Background,-1,-1.0,-1.0,-1.0,0.0,0.007,1.0,-1,,unreal_rockfield.json,unreal_rockfield.json,nan,nan,nan
1782,-66.61427655873285,-192.01483199560533,0.28063207413437685,Small,RegolithCovered,background_regolith,Background,Background,-1,-1.0,-1.0,-1.0,0.0,0.007,1.0,-1,,unreal_rockfield.json,unreal_rockfield.json,nan,nan,nan
1783,-204.08490249336222,-83.04849391155736,0.27206777914169455,Small,RegolithCovered,background_regolith,Background,Background,-1,-1.0,-1.0,-1.0,0.0,0.007,1.0,-1,,unreal_rockfield.json,unreal_rockfield.json,nan,nan,nan
1784,68.68953520310066,-110.77455977050079,0.4227280008262579,Medium,RegolithCovered,background_regolith,Background,Background,-1,-1.0,-1.0,-1.0,0.0,0.007,1.0,-1,,unreal_rockfield.json,unreal_rockfield.json,nan,nan,nan
1785,21.095919675283085,-83.65886410107731,0.2605375039636887,Small,RegolithCovered,background_regolith,Background,Background,-1,-1.0,-1.0,-1.0,0.0,0.007,1.0,-1,,unreal_rockfield.json,unreal_rockfield.json,nan,nan,nan
1786,141.32358775597396,-207.7318643757439,0.30939836936954307,Medium,RegolithCovered,background_regolith,Background,Background,-1,-1.0,-1.0,-1.0,0.0,0.007,1.0,-1,,unreal_rockfield.json,unreal_rockfield.json,nan,nan,nan
1787,200.74312570574057,-213.85082552568133,0.2604831360151884,Small,RegolithCovered,background_regolith,Background,Background,-1,-1.0,-1.0,-1.0,0.0,0.007,1.0,-1,,unreal_rockfield.json,unreal_rockfield.json,nan,nan,nan
1788,78.11975463118381,-60.48005615405745,0.4045569686543907,Medium,RegolithCovered,background_regolith,Background,Background,-1,-1.0,-1.0,-1.0,0.0,0.007,1.0,-1,,unreal_rockfield.json,unreal_rockfield.json,nan,nan,nan
1789,49.41709646900841,-192.16742454298532,0.34356786549378404,Medium,RegolithCovered,background_regolith,Background,Background,-1,-1.0,-1.0,-1.0,0.0,0.007,1.0,-1,,unreal_rockfield.json,unreal_rockfield.json,nan,nan,nan
1790,235.71733756523332,-3.486739707632694,0.2789438675823566,Small,RegolithCovered,background_regolith,Background,Background,-1,-1.0,-1.0,-1.0,0.0,0.007,1.0,-1,,unreal_rockfield.json,unreal_rockfield.json,nan,nan,nan
1791,88.58760338145083,22.37769707327493,0.301063941857526,Medium,RegolithCovered,background_regolith,Background,Background,-1,-1.0,-1.0,-1.0,0.0,0.007,1.0,-1,,unreal_rockfield.json,unreal_rockfield.json,nan,nan,nan
1792,-82.59071626941741,47.021393475142645,0.30478545194187273,Medium,RegolithCovered,background_regolith,Background,Background,-1,-1.0,-1.0,-1.0,0.0,0.007,1.0,-1,,unreal_rockfield.json,unreal_rockfield.json,nan,nan,nan
1793,-233.18430127872554,-112.9871517075106,0.290212306625827,Small,RegolithCovered,background_regolith,Background,Background,-1,-1.0,-1.0,-1.0,0.0,0.007,1.0,-1,,unreal_rockfield.json,unreal_rockfield.json,nan,nan,nan
1794,214.23230689413128,40.96346934415726,0.3029492377499446,Medium,RegolithCovered,background_regolith,Background,Background,-1,-1.0,-1.0,-1.0,0.0,0.007,1.0,-1,,unreal_rockfield.json,unreal_rockfield.json,nan,nan,nan
1795,206.1449018829921,26.573992126224596,0.2922887914411907,Small,RegolithCovered,background_regolith,Background,Background,-1,-1.0,-1.0,-1.0,0.0,0.007,1.0,-1,,unreal_rockfield.json,unreal_rockfield.json,nan,nan,nan
1796,140.60640278328805,-143.2615131076998,0.3062987934078972,Medium,RegolithCovered,background_regolith,Background,Background,-1,-1.0,-1.0,-1.0,0.0,0.007,1.0,-1,,unreal_rockfield.json,unreal_rockfield.json,nan,nan,nan
1797,88.60286263618883,224.27289651173436,0.27557259602449075,Small,RegolithCovered,background_regolith,Background,Background,-1,-1.0,-1.0,-1.0,0.0,0.007,1.0,-1,,unreal_rockfield.json,unreal_rockfield.json,nan,nan,nan
1798,-167.95098727378155,2.159184545426797,0.2979022785650525,Small,RegolithCovered,background_regolith,Background,Background,-1,-1.0,-1.0,-1.0,0.0,0.007,1.0,-1,,unreal_rockfield.json,unreal_rockfield.json,nan,nan,nan
1799,169.6142460402234,-204.13068025757622,0.37772879421416605,Medium,RegolithCovered,background_regolith,Background,Background,-1,-1.0,-1.0,-1.0,0.0,0.007,1.0,-1,,unreal_rockfield.json,unreal_rockfield.json,nan,nan,nan
1800,-171.39957884456925,90.86123233741267,0.42022491371454557,Medium,RegolithCovered,background_regolith,Background,Background,-1,-1.0,-1.0,-1.0,0.0,0.007,1.0,-1,,unreal_rockfield.json,unreal_rockfield.json,nan,nan,nan
1801,-132.10699789422284,76.31916257209997,0.2697396699766882,Small,RegolithCovered,background_regolith,Background,Background,-1,-1.0,-1.0,-1.0,0.0,0.007,1.0,-1,,unreal_rockfield.json,unreal_rockfield.json,nan,nan,nan
1802,122.79885250404374,-40.01739555040132,0.3524810292878326,Medium,RegolithCovered,background_regolith,Background,Background,-1,-1.0,-1.0,-1.0,0.0,0.007,1.0,-1,,unreal_rockfield.json,unreal_rockfield.json,nan,nan,nan
1803,25.917844172490618,-144.3296609393597,0.44847409320299714,Medium,RegolithCovered,background_regolith,Background,Background,-1,-1.0,-1.0,-1.0,0.0,0.007,1.0,-1,,unreal_rockfield.json,unreal_rockfield.json,nan,nan,nan
1804,142.89529099398783,-170.4229865413373,0.26294541710343505,Small,RegolithCovered,background_regolith,Background,Background,-1,-1.0,-1.0,-1.0,0.0,0.007,1.0,-1,,unreal_rockfield.json,unreal_rockfield.json,nan,nan,nan
1805,-55.26139103366194,171.41483809930725,0.39298614372922214,Medium,RegolithCovered,background_regolith,Background,Background,-1,-1.0,-1.0,-1.0,0.0,0.007,1.0,-1,,unreal_rockfield.json,unreal_rockfield.json,nan,nan,nan
1806,105.95263527329325,-69.58983123264258,0.3319191853819327,Medium,RegolithCovered,background_regolith,Background,Background,-1,-1.0,-1.0,-1.0,0.0,0.007,1.0,-1,,unreal_rockfield.json,unreal_rockfield.json,nan,nan,nan
1807,-136.24225592822046,-168.69869075594346,0.2965712002125448,Small,RegolithCovered,background_regolith,Background,Background,-1,-1.0,-1.0,-1.0,0.0,0.007,1.0,-1,,unreal_rockfield.json,unreal_rockfield.json,nan,nan,nan
1808,151.54728843043307,232.5434125797296,0.3394297513469664,Medium,RegolithCovered,background_regolith,Background,Background,-1,-1.0,-1.0,-1.0,0.0,0.007,1.0,-1,,unreal_rockfield.json,unreal_rockfield.json,nan,nan,nan
1809,-138.0123294778283,-155.11795403912475,0.2684960546665347,Small,RegolithCovered,background_regolith,Background,Background,-1,-1.0,-1.0,-1.0,0.0,0.007,1.0,-1,,unreal_rockfield.json,unreal_rockfield.json,nan,nan,nan
1810,-209.71556749168371,-18.974883266701255,0.3982989335845392,Medium,RegolithCovered,background_regolith,Background,Background,-1,-1.0,-1.0,-1.0,0.0,0.007,1.0,-1,,unreal_rockfield.json,unreal_rockfield.json,nan,nan,nan
1811,-103.70952482680747,18.883327738273294,0.2771165974708095,Small,RegolithCovered,background_regolith,Background,Background,-1,-1.0,-1.0,-1.0,0.0,0.007,1.0,-1,,unreal_rockfield.json,unreal_rockfield.json,nan,nan,nan
1812,-87.76360362559893,-127.57499923703726,0.37864568965893614,Medium,RegolithCovered,background_regolith,Background,Background,-1,-1.0,-1.0,-1.0,0.0,0.007,1.0,-1,,unreal_rockfield.json,unreal_rockfield.json,nan,nan,nan
1813,45.2513199255348,-240.0967436750389,0.2613062498977037,Small,RegolithCovered,background_regolith,Background,Background,-1,-1.0,-1.0,-1.0,0.0,0.007,1.0,-1,,unreal_rockfield.json,unreal_rockfield.json,nan,nan,nan
1814,-167.5542466505936,75.86138492996002,0.2686332730617939,Small,RegolithCovered,background_regolith,Background,Background,-1,-1.0,-1.0,-1.0,0.0,0.007,1.0,-1,,unreal_rockfield.json,unreal_rockfield.json,nan,nan,nan
1815,187.42179631946777,64.29486983855708,0.38577193791601005,Medium,RegolithCovered,background_regolith,Background,Background,-1,-1.0,-1.0,-1.0,0.0,0.007,1.0,-1,,unreal_rockfield.json,unreal_rockfield.json,nan,nan,nan
1816,46.441541795098715,102.93130283516956,0.31636952038007554,Medium,RegolithCovered,background_regolith,Background,Background,-1,-1.0,-1.0,-1.0,0.0,0.007,1.0,-1,,unreal_rockfield.json,unreal_rockfield.json,nan,nan,nan
1817,-6.523331400494413,197.35557115390486,0.2920337684271882,Small,RegolithCovered,background_regolith,Background,Background,-1,-1.0,-1.0,-1.0,0.0,0.007,1.0,-1,,unreal_rockfield.json,unreal_rockfield.json,nan,nan,nan
1818,-39.75798821985535,-53.32346568193611,0.2796605518913157,Small,RegolithCovered,background_regolith,Background,Background,-1,-1.0,-1.0,-1.0,0.0,0.007,1.0,-1,,unreal_rockfield.json,unreal_rockfield.json,nan,nan,nan
1819,-56.6347239600818,110.24048585467085,0.26711936653110513,Small,RegolithCovered,background_regolith,Background,Background,-1,-1.0,-1.0,-1.0,0.0,0.007,1.0,-1,,unreal_rockfield.json,unreal_rockfield.json,nan,nan,nan
1820,-210.9668263801996,132.59529404583878,0.26067222115983285,Small,RegolithCovered,background_regolith,Background,Background,-1,-1.0,-1.0,-1.0,0.0,0.007,1.0,-1,,unreal_rockfield.json,unreal_rockfield.json,nan,nan,nan
1821,-222.8385265663625,149.60936307870725,0.2677374912990203,Small,RegolithCovered,background_regolith,Background,Background,-1,-1.0,-1.0,-1.0,0.0,0.007,1.0,-1,,unreal_rockfield.json,unreal_rockfield.json,nan,nan,nan
1822,19.936216315195168,37.51487777336956,0.31777553580142026,Medium,RegolithCovered,background_regolith,Background,Background,-1,-1.0,-1.0,-1.0,0.0,0.007,1.0,-1,,unreal_rockfield.json,unreal_rockfield.json,nan,nan,nan
1823,41.87902462843715,20.210882900479135,0.3526741377695712,Medium,RegolithCovered,background_regolith,Background,Background,-1,-1.0,-1.0,-1.0,0.0,0.007,1.0,-1,,unreal_rockfield.json,unreal_rockfield.json,nan,nan,nan
1824,248.18414868617816,226.68385876033813,0.2764770807499687,Small,RegolithCovered,background_regolith,Background,Background,-1,-1.0,-1.0,-1.0,0.0,0.007,1.0,-1,,unreal_rockfield.json,unreal_rockfield.json,nan,nan,nan
1825,-108.83663441877496,202.23853267006444,0.3577976955820717,Medium,RegolithCovered,background_regolith,Background,Background,-1,-1.0,-1.0,-1.0,0.0,0.007,1.0,-1,,unreal_rockfield.json,unreal_rockfield.json,nan,nan,nan
1826,-243.02652058473464,-180.72298348948635,0.31250677130256094,Medium,RegolithCovered,background_regolith,Background,Background,-1,-1.0,-1.0,-1.0,0.0,0.007,1.0,-1,,unreal_rockfield.json,unreal_rockfield.json,nan,nan,nan
1827,220.15289773247474,39.132358775597424,0.28992399337440916,Small,RegolithCovered,background_regolith,Background,Background,-1,-1.0,-1.0,-1.0,0.0,0.007,1.0,-1,,unreal_rockfield.json,unreal_rockfield.json,nan,nan,nan
1828,-140.80477309488202,208.80001220740377,0.3305815140371296,Medium,RegolithCovered,background_regolith,Background,Background,-1,-1.0,-1.0,-1.0,0.0,0.007,1.0,-1,,unreal_rockfield.json,unreal_rockfield.json,nan,nan,nan
1829,-241.3174840540788,-61.71605578783533,0.26068890210180967,Small,RegolithCovered,background_regolith,Background,Background,-1,-1.0,-1.0,-1.0,0.0,0.007,1.0,-1,,unreal_rockfield.json,unreal_rockfield.json,nan,nan,nan
1830,189.4512771996216,21.446882534257043,0.3509695999907873,Medium,RegolithCovered,background_regolith,Background,Background,-1,-1.0,-1.0,-1.0,0.0,0.007,1.0,-1,,unreal_rockfield.json,unreal_rockfield.json,nan,nan,nan
1831,94.26404614398632,-0.22125919370097336,0.26805628653117314,Small,RegolithCovered,background_regolith,Background,Background,-1,-1.0,-1.0,-1.0,0.0,0.007,1.0,-1,,unreal_rockfield.json,unreal_rockfield.json,nan,nan,nan
1832,-232.5586718344676,184.24787133396404,0.31323451900739613,Medium,RegolithCovered,background_regolith,Background,Background,-1,-1.0,-1.0,-1.0,0.0,0.007,1.0,-1,,unreal_rockfield.json,unreal_rockfield.json,nan,nan,nan
1833,-66.37012848292488,-150.63173314615312,0.2954099133040885,Small,RegolithCovered,background_regolith,Background,Background,-1,-1.0,-1.0,-1.0,0.0,0.007,1.0,-1,,unreal_rockfield.json,unreal_rockfield.json,nan,nan,nan
1834,183.6832789086581,77.49412518692588,0.29238556897432477,Small,RegolithCovered,background_regolith,Background,Background,-1,-1.0,-1.0,-1.0,0.0,0.007,1.0,-1,,unreal_rockfield.json,unreal_rockfield.json,nan,nan,nan
1835,-68.79634998626665,-65.39353617969297,0.2795638509474839,Small,RegolithCovered,background_regolith,Background,Background,-1,-1.0,-1.0,-1.0,0.0,0.007,1.0,-1,,unreal_rockfield.json,unreal_rockfield.json,nan,nan,nan
1836,124.11114841151164,156.93380535294654,0.2628990026538066,Small,RegolithCovered,background_regolith,Background,Background,-1,-1.0,-1.0,-1.0,0.0,0.007,1.0,-1,,unreal_rockfield.json,unreal_rockfield.json,nan,nan,nan
1837,-201.90282906582843,-12.13873714407788,0.27602033027905626,Small,RegolithCovered,background_regolith,Background,Background,-1,-1.0,-1.0,-1.0,0.0,0.007,1.0,-1,,unreal_rockfield.json,unreal_rockfield.json,nan,nan,nan
1838,91.4105655079806,-168.85128330332347,0.3737977111486518,Medium,RegolithCovered,background_regolith,Background,Background,-1,-1.0,-1.0,-1.0,0.0,0.007,1.0,-1,,unreal_rockfield.json,unreal_rockfield.json,nan,nan,nan
1839,-154.12610248115482,202.1164586321604,0.39341038681219803,Medium,RegolithCovered,background_regolith,Background,Background,-1,-1.0,-1.0,-1.0,0.0,0.007,1.0,-1,,unreal_rockfield.json,unreal_rockfield.json,nan,nan,nan
1840,29.457991271706305,-38.415173802911454,0.26172557291365744,Small,RegolithCovered,background_regolith,Background,Background,-1,-1.0,-1.0,-1.0,0.0,0.007,1.0,-1,,unreal_rockfield.json,unreal_rockfield.json,nan,nan,nan
1841,-198.21008941923276,-155.13321329386275,0.3016119001708966,Medium,RegolithCovered,background_regolith,Background,Background,-1,-1.0,-1.0,-1.0,0.0,0.007,1.0,-1,,unreal_rockfield.json,unreal_rockfield.json,nan,nan,nan
1842,57.88598284859768,-199.73601489303263,0.2963291547175552,Small,RegolithCovered,background_regolith,Background,Background,-1,-1.0,-1.0,-1.0,0.0,0.007,1.0,-1,,unreal_rockfield.json,unreal_rockfield.json,nan,nan,nan
1843,-155.27054658650474,-12.794885097811829,0.2764090318872035,Small,RegolithCovered,background_regolith,Background,Background,-1,-1.0,-1.0,-1.0,0.0,0.007,1.0,-1,,unreal_rockfield.json,unreal_rockfield.json,nan,nan,nan
1844,108.04315317239906,183.50016785180213,0.2877312460482437,Small,RegolithCovered,background_regolith,Background,Background,-1,-1.0,-1.0,-1.0,0.0,0.007,1.0,-1,,unreal_rockfield.json,unreal_rockfield.json,nan,nan,nan
1845,40.32258064516134,187.9863887447737,0.2841450855582179,Small,RegolithCovered,background_regolith,Background,Background,-1,-1.0,-1.0,-1.0,0.0,0.007,1.0,-1,,unreal_rockfield.json,unreal_rockfield.json,nan,nan,nan
1846,-139.96551408429212,45.144505142368814,0.31446501029221974,Medium,RegolithCovered,background_regolith,Background,Background,-1,-1.0,-1.0,-1.0,0.0,0.007,1.0,-1,,unreal_rockfield.json,unreal_rockfield.json,nan,nan,nan
1847,-111.9953001495407,-214.81215857417524,0.2991237752954714,Small,RegolithCovered,background_regolith,Background,Background,-1,-1.0,-1.0,-1.0,0.0,0.007,1.0,-1,,unreal_rockfield.json,unreal_rockfield.json,nan,nan,nan
1848,-49.9816888943144,-12.794885097811829,0.2659938245157369,Small,RegolithCovered,background_regolith,Background,Background,-1,-1.0,-1.0,-1.0,0.0,0.007,1.0,-1,,unreal_rockfield.json,unreal_rockfield.json,nan,nan,nan
1849,219.2983794671468,-156.5065462202826,0.29329124731039147,Small,RegolithCovered,background_regolith,Background,Background,-1,-1.0,-1.0,-1.0,0.0,0.007,1.0,-1,,unreal_rockfield.json,unreal_rockfield.json,nan,nan,nan
1850,-115.39811395611437,-61.71605578783533,0.2697829455738902,Small,RegolithCovered,background_regolith,Background,Background,-1,-1.0,-1.0,-1.0,0.0,0.007,1.0,-1,,unreal_rockfield.json,unreal_rockfield.json,nan,nan,nan
1851,-107.73796807763907,228.1945249794,0.3554391485883292,Medium,RegolithCovered,background_regolith,Background,Background,-1,-1.0,-1.0,-1.0,0.0,0.007,1.0,-1,,unreal_rockfield.json,unreal_rockfield.json,nan,nan,nan
1852,-96.91915646839809,26.436658833582612,0.4054086127793293,Medium,RegolithCovered,background_regolith,Background,Background,-1,-1.0,-1.0,-1.0,0.0,0.007,1.0,-1,,unreal_rockfield.json,unreal_rockfield.json,nan,nan,nan
1853,-199.11038544877468,157.26950895718255,0.4214334733009926,Medium,RegolithCovered,background_regolith,Background,Background,-1,-1.0,-1.0,-1.0,0.0,0.007,1.0,-1,,unreal_rockfield.json,unreal_rockfield.json,nan,nan,nan
1854,105.03707998901336,-117.70226142155218,0.2708040272330221,Small,RegolithCovered,background_regolith,Background,Background,-1,-1.0,-1.0,-1.0,0.0,0.007,1.0,-1,,unreal_rockfield.json,unreal_rockfield.json,nan,nan,nan
1855,-154.62965788750878,-135.9828485976745,0.3765481901739708,Medium,RegolithCovered,background_regolith,Background,Background,-1,-1.0,-1.0,-1.0,0.0,0.007,1.0,-1,,unreal_rockfield.json,unreal_rockfield.json,nan,nan,nan
1856,-50.66835535752435,-143.21573534348582,0.30659287587524714,Medium,RegolithCovered,background_regolith,Background,Background,-1,-1.0,-1.0,-1.0,0.0,0.007,1.0,-1,,unreal_rockfield.json,unreal_rockfield.json,nan,nan,nan
1857,-119.85381633960998,118.63307596057012,0.2721234011767641,Small,RegolithCovered,background_regolith,Background,Background,-1,-1.0,-1.0,-1.0,0.0,0.007,1.0,-1,,unreal_rockfield.json,unreal_rockfield.json,nan,nan,nan
1858,166.86758018738362,-226.98904385509812,0.28372681634257635,Small,RegolithCovered,background_regolith,Background,Background,-1,-1.0,-1.0,-1.0,0.0,0.007,1.0,-1,,unreal_rockfield.json,unreal_rockfield.json,nan,nan,nan
1859,-44.35102389599291,246.41407513657032,0.28601550080901744,Small,RegolithCovered,background_regolith,Background,Background,-1,-1.0,-1.0,-1.0,0.0,0.007,1.0,-1,,unreal_rockfield.json,unreal_rockfield.json,nan,nan,nan
1860,151.56254768517107,23.415326395458862,0.3073830362804434,Medium,RegolithCovered,background_regolith,Background,Background,-1,-1.0,-1.0,-1.0,0.0,0.007,1.0,-1,,unreal_rockfield.json,unreal_rockfield.json,nan,nan,nan
1861,87.38212225714898,-118.09900204474013,0.282891605449623,Small,RegolithCovered,background_regolith,Background,Background,-1,-1.0,-1.0,-1.0,0.0,0.007,1.0,-1,,unreal_rockfield.json,unreal_rockfield.json,nan,nan,nan
1862,-59.09146397289959,-245.4680013428144,0.2882768187489733,Small,RegolithCovered,background_regolith,Background,Background,-1,-1.0,-1.0,-1.0,0.0,0.007,1.0,-1,,unreal_rockfield.json,unreal_rockfield.json,nan,nan,nan
1863,6.935331278420392,-53.87279885250405,0.2706885122970357,Small,RegolithCovered,background_regolith,Background,Background,-1,-1.0,-1.0,-1.0,0.0,0.007,1.0,-1,,unreal_rockfield.json,unreal_rockfield.json,nan,nan,nan
1864,-96.91915646839809,245.26963103122046,0.4392885633289791,Medium,RegolithCovered,background_regolith,Background,Background,-1,-1.0,-1.0,-1.0,0.0,0.007,1.0,-1,,unreal_rockfield.json,unreal_rockfield.json,nan,nan,nan
1865,64.02020325327311,169.6142460402234,0.30141466832548436,Medium,RegolithCovered,background_regolith,Background,Background,-1,-1.0,-1.0,-1.0,0.0,0.007,1.0,-1,,unreal_rockfield.json,unreal_rockfield.json,nan,nan,nan
1866,153.63780632953888,63.165684987945156,0.41643483897106176,Medium,RegolithCovered,background_regolith,Background,Background,-1,-1.0,-1.0,-1.0,0.0,0.007,1.0,-1,,unreal_rockfield.json,unreal_rockfield.json,nan,nan,nan
1867,-158.24610126041443,-157.48313852351453,0.3670988324716078,Medium,RegolithCovered,background_regolith,Background,Background,-1,-1.0,-1.0,-1.0,0.0,0.007,1.0,-1,,unreal_rockfield.json,unreal_rockfield.json,nan,nan,nan
1868,-34.08154545731986,-132.15277565843684,0.308260274314344,Medium,RegolithCovered,background_regolith,Background,Background,-1,-1.0,-1.0,-1.0,0.0,0.007,1.0,-1,,unreal_rockfield.json,unreal_rockfield.json,nan,nan,nan
1869,-191.5723136082034,-208.08282723471785,0.26212718221774667,Small,RegolithCovered,background_regolith,Background,Background,-1,-1.0,-1.0,-1.0,0.0,0.007,1.0,-1,,unreal_rockfield.json,unreal_rockfield.json,nan,nan,nan
1870,-46.16687520981475,7.0574053163243775,0.2982941367717546,Small,RegolithCovered,background_regolith,Background,Background,-1,-1.0,-1.0,-1.0,0.0,0.007,1.0,-1,,unreal_rockfield.json,unreal_rockfield.json,nan,nan,nan
1871,144.22284615619373,-195.44816431165503,0.36344184685909064,Medium,RegolithCovered,background_regolith,Background,Background,-1,-1.0,-1.0,-1.0,0.0,0.007,1.0,-1,,unreal_rockfield.json,unreal_rockfield.json,nan,nan,nan
1872,31.13650929288616,6.523331400494385,0.26084999121828506,Small,RegolithCovered,background_regolith,Background,Background,-1,-1.0,-1.0,-1.0,0.0,0.007,1.0,-1,,unreal_rockfield.json,unreal_rockfield.json,nan,nan,nan
1873,-61.090426343577406,-233.24533829767753,0.36216408882692436,Medium,RegolithCovered,background_regolith,Background,Background,-1,-1.0,-1.0,-1.0,0.0,0.007,1.0,-1,,unreal_rockfield.json,unreal_rockfield.json,nan,nan,nan
1874,25.536362804040664,-121.41026032288582,0.26143268353475574,Small,RegolithCovered,background_regolith,Background,Background,-1,-1.0,-1.0,-1.0,0.0,0.007,1.0,-1,,unreal_rockfield.json,unreal_rockfield.json,nan,nan,nan
1875,-55.45976134525591,120.89144566179391,0.26064190939311993,Small,RegolithCovered,background_regolith,Background,Background,-1,-1.0,-1.0,-1.0,0.0,0.007,1.0,-1,,unreal_rockfield.json,unreal_rockfield.json,nan,nan,nan
1876,-213.77452925199134,52.087466048158205,0.2669270448670459,Small,RegolithCovered,background_regolith,Background,Background,-1,-1.0,-1.0,-1.0,0.0,0.007,1.0,-1,,unreal_rockfield.json,unreal_rockfield.json,nan,nan,nan
1877,170.27039399395733,-225.21897030549027,0.32403405883561676,Medium,RegolithCovered,background_regolith,Background,Background,-1,-1.0,-1.0,-1.0,0.0,0.007,1.0,-1,,unreal_rockfield.json,unreal_rockfield.json,nan,nan,nan
1878,105.87633899960326,-153.91247291482284,0.2798379907802005,Small,RegolithCovered,background_regolith,Background,Background,-1,-1.0,-1.0,-1.0,0.0,0.007,1.0,-1,,unreal_rockfield.json,unreal_rockfield.json,nan,nan,nan
1879,17.235328226569436,-211.51615955076755,0.2621900397538046,Small,RegolithCovered,background_regolith,Background,Background,-1,-1.0,-1.0,-1.0,0.0,0.007,1.0,-1,,unreal_rockfield.json,unreal_rockfield.json,nan,nan,nan
1880,223.67778557695243,-39.59013641773737,0.2876973630521083,Small,RegolithCovered,background_regolith,Background,Background,-1,-1.0,-1.0,-1.0,0.0,0.007,1.0,-1,,unreal_rockfield.json,unreal_rockfield.json,nan,nan,nan
1881,51.461836603900224,-66.2327951902829,0.2692256061426249,Small,RegolithCovered,background_regolith,Background,Background,-1,-1.0,-1.0,-1.0,0.0,0.007,1.0,-1,,unreal_rockfield.json,unreal_rockfield.json,nan,nan,nan
1882,17.815179906613366,121.95959349345378,0.3007680215341012,Medium,RegolithCovered,background_regolith,Background,Background,-1,-1.0,-1.0,-1.0,0.0,0.007,1.0,-1,,unreal_rockfield.json,unreal_rockfield.json,nan,nan,nan
1883,94.66078676717427,18.807031464583304,0.44588453837653336,Medium,RegolithCovered,background_regolith,Background,Background,-1,-1.0,-1.0,-1.0,0.0,0.007,1.0,-1,,unreal_rockfield.json,unreal_rockfield.json,nan,nan,nan
1884,175.03128147221292,-1.6403698843348593,0.280883765187099,Small,RegolithCovered,background_regolith,Background,Background,-1,-1.0,-1.0,-1.0,0.0,0.007,1.0,-1,,unreal_rockfield.json,unreal_rockfield.json,nan,nan,nan
1885,-239.41007721182896,126.59840693380534,0.2725227972986355,Small,RegolithCovered,background_regolith,Background,Background,-1,-1.0,-1.0,-1.0,0.0,0.007,1.0,-1,,unreal_rockfield.json,unreal_rockfield.json,nan,nan,nan
1886,76.79219946897791,-45.89220862453078,0.3003368033575813,Medium,RegolithCovered,background_regolith,Background,Background,-1,-1.0,-1.0,-1.0,0.0,0.007,1.0,-1,,unreal_rockfield.json,unreal_rockfield.json,nan,nan,nan
1887,67.85027619251076,71.26834925382241,0.27938750249900696,Small,RegolithCovered,background_regolith,Background,Background,-1,-1.0,-1.0,-1.0,0.0,0.007,1.0,-1,,unreal_rockfield.json,unreal_rockfield.json,nan,nan,nan
1888,-195.05142368846705,-132.5952940458388,0.3598062140942326,Medium,RegolithCovered,background_regolith,Background,Background,-1,-1.0,-1.0,-1.0,0.0,0.007,1.0,-1,,unreal_rockfield.json,unreal_rockfield.json,nan,nan,nan
1889,4.615924558244558,-132.4732200079348,0.4012362972190478,Medium,RegolithCovered,background_regolith,Background,Background,-1,-1.0,-1.0,-1.0,0.0,0.007,1.0,-1,,unreal_rockfield.json,unreal_rockfield.json,nan,nan,nan
1890,-19.15799432355726,237.51792962431716,0.26478524826585587,Small,RegolithCovered,background_regolith,Background,Background,-1,-1.0,-1.0,-1.0,0.0,0.007,1.0,-1,,unreal_rockfield.json,unreal_rockfield.json,nan,nan,nan
1891,96.5987121189001,-226.74489577929015,0.2799234139037743,Small,RegolithCovered,background_regolith,Background,Background,-1,-1.0,-1.0,-1.0,0.0,0.007,1.0,-1,,unreal_rockfield.json,unreal_rockfield.json,nan,nan,nan
1892,49.76805932798237,-122.8141117587817,0.26245983106427007,Small,RegolithCovered,background_regolith,Background,Background,-1,-1.0,-1.0,-1.0,0.0,0.007,1.0,-1,,unreal_rockfield.json,unreal_rockfield.json,nan,nan,nan
1893,-179.83794671468246,-59.27457502975557,0.4323383480678969,Medium,RegolithCovered,background_regolith,Background,Background,-1,-1.0,-1.0,-1.0,0.0,0.007,1.0,-1,,unreal_rockfield.json,unreal_rockfield.json,nan,nan,nan
1894,43.38969084749897,-207.3961607715079,0.3524100517158902,Medium,RegolithCovered,background_regolith,Background,Background,-1,-1.0,-1.0,-1.0,0.0,0.007,1.0,-1,,unreal_rockfield.json,unreal_rockfield.json,nan,nan,nan
1895,-199.44608905301067,-164.0598773155919,0.2628079244413605,Small,RegolithCovered,background_regolith,Background,Background,-1,-1.0,-1.0,-1.0,0.0,0.007,1.0,-1,,unreal_rockfield.json,unreal_rockfield.json,nan,nan,nan
1896,234.40504165776542,90.70863979003263,0.2703609888234878,Small,RegolithCovered,background_regolith,Background,Background,-1,-1.0,-1.0,-1.0,0.0,0.007,1.0,-1,,unreal_rockfield.json,unreal_rockfield.json,nan,nan,nan
1897,-177.1065401165807,-204.2832728049562,0.2962645926389159,Small,RegolithCovered,background_regolith,Background,Background,-1,-1.0,-1.0,-1.0,0.0,0.007,1.0,-1,,unreal_rockfield.json,unreal_rockfield.json,nan,nan,nan
1898,-121.7459639271218,107.76848658711509,0.26783629624494154,Small,RegolithCovered,background_regolith,Background,Background,-1,-1.0,-1.0,-1.0,0.0,0.007,1.0,-1,,unreal_rockfield.json,unreal_rockfield.json,nan,nan,nan
1899,-46.74672688985871,-174.63454084902494,0.2808425260783197,Small,RegolithCovered,background_regolith,Background,Background,-1,-1.0,-1.0,-1.0,0.0,0.007,1.0,-1,,unreal_rockfield.json,unreal_rockfield.json,nan,nan,nan
1900,-147.24417859431748,113.10922574541462,0.2867366000847199,Small,RegolithCovered,background_regolith,Background,Background,-1,-1.0,-1.0,-1.0,0.0,0.007,1.0,-1,,unreal_rockfield.json,unreal_rockfield.json,nan,nan,nan
1901,201.73497726371045,-65.92761009552294,0.2651989084322464,Small,RegolithCovered,background_regolith,Background,Background,-1,-1.0,-1.0,-1.0,0.0,0.007,1.0,-1,,unreal_rockfield.json,unreal_rockfield.json,nan,nan,nan
1902,-103.77056184575946,92.2956022827845,0.32285931664356043,Medium,RegolithCovered,background_regolith,Background,Background,-1,-1.0,-1.0,-1.0,0.0,0.007,1.0,-1,,unreal_rockfield.json,unreal_rockfield.json,nan,nan,nan
1903,-149.06002990813928,-101.71056245612965,0.3089364192235552,Medium,RegolithCovered,background_regolith,Background,Background,-1,-1.0,-1.0,-1.0,0.0,0.007,1.0,-1,,unreal_rockfield.json,unreal_rockfield.json,nan,nan,nan
1904,245.31540879543445,-54.17798394726401,0.3443505292941343,Medium,RegolithCovered,background_regolith,Background,Background,-1,-1.0,-1.0,-1.0,0.0,0.007,1.0,-1,,unreal_rockfield.json,unreal_rockfield.json,nan,nan,nan
1905,5.1652577288125485,-228.39289529099398,0.3602351643605811,Medium,RegolithCovered,background_regolith,Background,Background,-1,-1.0,-1.0,-1.0,0.0,0.007,1.0,-1,,unreal_rockfield.json,unreal_rockfield.json,nan,nan,nan
1906,222.45704519791252,137.31040375988033,0.38833278868467785,Medium,RegolithCovered,background_regolith,Background,Background,-1,-1.0,-1.0,-1.0,0.0,0.007,1.0,-1,,unreal_rockfield.json,unreal_rockfield.json,nan,nan,nan
1907,-221.92297128208259,162.0151371807001,0.4003927967278803,Medium,RegolithCovered,background_regolith,Background,Background,-1,-1.0,-1.0,-1.0,0.0,0.007,1.0,-1,,unreal_rockfield.json,unreal_rockfield.json,nan,nan,nan
1908,158.5818048646504,78.13501388592181,0.2822839979970036,Small,RegolithCovered,background_regolith,Background,Background,-1,-1.0,-1.0,-1.0,0.0,0.007,1.0,-1,,unreal_rockfield.json,unreal_rockfield.json,nan,nan,nan
1909,16.502883999145467,210.6463820307016,0.3935118234260859,Medium,RegolithCovered,background_regolith,Background,Background,-1,-1.0,-1.0,-1.0,0.0,0.007,1.0,-1,,unreal_rockfield.json,unreal_rockfield.json,nan,nan,nan
1910,-105.95263527329323,30.8160649433882,0.29550002938491965,Small,RegolithCovered,background_regolith,Background,Background,-1,-1.0,-1.0,-1.0,0.0,0.007,1.0,-1,,unreal_rockfield.json,unreal_rockfield.json,nan,nan,nan
1911,241.4700766014588,-232.5739310892056,0.3191729856196795,Medium,RegolithCovered,background_regolith,Background,Background,-1,-1.0,-1.0,-1.0,0.0,0.007,1.0,-1,,unreal_rockfield.json,unreal_rockfield.json,nan,nan,nan
1912,-79.02005066072573,237.74681844538713,0.26624598840689234,Small,RegolithCovered,background_regolith,Background,Background,-1,-1.0,-1.0,-1.0,0.0,0.007,1.0,-1,,unreal_rockfield.json,unreal_rockfield.json,nan,nan,nan
1913,-235.25955992309335,-93.51634266182441,0.34069234892160166,Medium,RegolithCovered,background_regolith,Background,Background,-1,-1.0,-1.0,-1.0,0.0,0.007,1.0,-1,,unreal_rockfield.json,unreal_rockfield.json,nan,nan,nan
1914,-52.3926511429182,24.407177953428743,0.5819226549211198,Medium,RegolithCovered,background_regolith,Background,Background,-1,-1.0,-1.0,-1.0,0.0,0.007,1.0,-1,,unreal_rockfield.json,unreal_rockfield.json,nan,nan,nan
1915,-105.3422650837733,95.22537919248026,0.2765650419346535,Small,RegolithCovered,background_regolith,Background,Background,-1,-1.0,-1.0,-1.0,0.0,0.007,1.0,-1,,unreal_rockfield.json,unreal_rockfield.json,nan,nan,nan
1916,218.99319437238682,-27.413251136814466,0.26073442978651534,Small,RegolithCovered,background_regolith,Background,Background,-1,-1.0,-1.0,-1.0,0.0,0.007,1.0,-1,,unreal_rockfield.json,unreal_rockfield.json,nan,nan,nan
1917,-31.823175756096077,-37.24021118808557,0.3315384360862065,Medium,RegolithCovered,background_regolith,Background,Background,-1,-1.0,-1.0,-1.0,0.0,0.007,1.0,-1,,unreal_rockfield.json,unreal_rockfield.json,nan,nan,nan
1918,-244.5829645680105,98.03308206427198,0.26056925164034905,Small,RegolithCovered,background_regolith,Background,Background,-1,-1.0,-1.0,-1.0,0.0,0.007,1.0,-1,,unreal_rockfield.json,unreal_rockfield.json,nan,nan,nan
1919,-175.1533555101169,143.78032776879178,0.26601277081175884,Small,RegolithCovered,background_regolith,Background,Background,-1,-1.0,-1.0,-1.0,0.0,0.007,1.0,-1,,unreal_rockfield.json,unreal_rockfield.json,nan,nan,nan
1920,208.4795678579058,-14.534440137943676,0.35196595813973275,Medium,RegolithCovered,background_regolith,Background,Background,-1,-1.0,-1.0,-1.0,0.0,0.007,1.0,-1,,unreal_rockfield.json,unreal_rockfield.json,nan,nan,nan
1921,-42.67250587481308,39.65117343668936,0.2741415904494539,Small,RegolithCovered,background_regolith,Background,Background,-1,-1.0,-1.0,-1.0,0.0,0.007,1.0,-1,,unreal_rockfield.json,unreal_rockfield.json,nan,nan,nan
1922,220.32074953459272,219.96978667561876,0.27803784350522953,Small,RegolithCovered,background_regolith,Background,Background,-1,-1.0,-1.0,-1.0,0.0,0.007,1.0,-1,,unreal_rockfield.json,unreal_rockfield.json,nan,nan,nan
1923,123.82122257148961,-21.019623401593066,0.26259300291964727,Small,RegolithCovered,background_regolith,Background,Background,-1,-1.0,-1.0,-1.0,0.0,0.007,1.0,-1,,unreal_rockfield.json,unreal_rockfield.json,nan,nan,nan
1924,-54.69679860835598,-106.51722769859919,0.42556044227444706,Medium,RegolithCovered,background_regolith,Background,Background,-1,-1.0,-1.0,-1.0,0.0,0.007,1.0,-1,,unreal_rockfield.json,unreal_rockfield.json,nan,nan,nan
1925,-125.59129612109744,109.76744895779291,0.46075649313395944,Medium,RegolithCovered,background_regolith,Background,Background,-1,-1.0,-1.0,-1.0,0.0,0.007,1.0,-1,,unreal_rockfield.json,unreal_rockfield.json,nan,nan,nan
1926,188.1389812921537,148.7395855586413,0.2638241466852,Small,RegolithCovered,background_regolith,Background,Background,-1,-1.0,-1.0,-1.0,0.0,0.007,1.0,-1,,unreal_rockfield.json,unreal_rockfield.json,nan,nan,nan
1927,-85.04745628223517,-145.33677175206765,0.2676299654324836,Small,RegolithCovered,background_regolith,Background,Background,-1,-1.0,-1.0,-1.0,0.0,0.007,1.0,-1,,unreal_rockfield.json,unreal_rockfield.json,nan,nan,nan
1928,-130.321665089877,-165.81469161046175,0.2689902727744283,Small,RegolithCovered,background_regolith,Background,Background,-1,-1.0,-1.0,-1.0,0.0,0.007,1.0,-1,,unreal_rockfield.json,unreal_rockfield.json,nan,nan,nan
1929,196.02801599169896,-154.2481765190588,0.3124118044619995,Medium,RegolithCovered,background_regolith,Background,Background,-1,-1.0,-1.0,-1.0,0.0,0.007,1.0,-1,,unreal_rockfield.json,unreal_rockfield.json,nan,nan,nan
1930,187.51335184789576,73.9692373424482,0.2805934783164198,Small,RegolithCovered,background_regolith,Background,Background,-1,-1.0,-1.0,-1.0,0.0,0.007,1.0,-1,,unreal_rockfield.json,unreal_rockfield.json,nan,nan,nan
1931,-241.74474318674277,-136.51692251350443,0.2929357095938084,Small,RegolithCovered,background_regolith,Background,Background,-1,-1.0,-1.0,-1.0,0.0,0.007,1.0,-1,,unreal_rockfield.json,unreal_rockfield.json,nan,nan,nan
1932,-171.53691213721123,90.32715842158268,0.27020481293612,Small,RegolithCovered,background_regolith,Background,Background,-1,-1.0,-1.0,-1.0,0.0,0.007,1.0,-1,,unreal_rockfield.json,unreal_rockfield.json,nan,nan,nan
1933,-124.21796319467757,-125.86596270638142,0.43514986895547464,Medium,RegolithCovered,background_regolith,Background,Background,-1,-1.0,-1.0,-1.0,0.0,0.007,1.0,-1,,unreal_rockfield.json,unreal_rockfield.json,nan,nan,nan
1934,-144.02447584459975,142.89529099398783,0.26221993037540364,Small,RegolithCovered,background_regolith,Background,Background,-1,-1.0,-1.0,-1.0,0.0,0.007,1.0,-1,,unreal_rockfield.json,unreal_rockfield.json,nan,nan,nan
1935,105.09811700796536,227.37052522354804,0.3549705385641564,Medium,RegolithCovered,background_regolith,Background,Background,-1,-1.0,-1.0,-1.0,0.0,0.007,1.0,-1,,unreal_rockfield.json,unreal_rockfield.json,nan,nan,nan
1936,-129.90966521195105,154.85854670857873,0.3721322541649361,Medium,RegolithCovered,background_regolith,Background,Background,-1,-1.0,-1.0,-1.0,0.0,0.007,1.0,-1,,unreal_rockfield.json,unreal_rockfield.json,nan,nan,nan
1937,154.2329172643208,-120.23529770805993,0.29016164685902107,Small,RegolithCovered,background_regolith,Background,Background,-1,-1.0,-1.0,-1.0,0.0,0.007,1.0,-1,,unreal_rockfield.json,unreal_rockfield.json,nan,nan,nan
1938,162.15247047334208,169.52269051179542,0.32379576222208406,Medium,RegolithCovered,background_regolith,Background,Background,-1,-1.0,-1.0,-1.0,0.0,0.007,1.0,-1,,unreal_rockfield.json,unreal_rockfield.json,nan,nan,nan
1939,224.6696371349223,86.98538163396103,0.2709449902881132,Small,RegolithCovered,background_regolith,Background,Background,-1,-1.0,-1.0,-1.0,0.0,0.007,1.0,-1,,unreal_rockfield.json,unreal_rockfield.json,nan,nan,nan
1940,-203.71868037965027,-91.5021210364086,0.28665376523574126,Small,RegolithCovered,background_regolith,Background,Background,-1,-1.0,-1.0,-1.0,0.0,0.007,1.0,-1,,unreal_rockfield.json,unreal_rockfield.json,nan,nan,nan
1941,-167.69157994323558,-204.80208746604816,0.2956606644644666,Small,RegolithCovered,background_regolith,Background,Background,-1,-1.0,-1.0,-1.0,0.0,0.007,1.0,-1,,unreal_rockfield.json,unreal_rockfield.json,nan,nan,nan
1942,-216.96371349223304,73.32834864345227,0.2676228067078937,Small,RegolithCovered,background_regolith,Background,Background,-1,-1.0,-1.0,-1.0,0.0,0.007,1.0,-1,,unreal_rockfield.json,unreal_rockfield.json,nan,nan,nan
1943,-226.0582293160802,-100.36774803918578,0.48682840981945535,Medium,RegolithCovered,background_regolith,Background,Background,-1,-1.0,-1.0,-1.0,0.0,0.007,1.0,-1,,unreal_rockfield.json,unreal_rockfield.json,nan,nan,nan
1944,204.90890224921418,-168.72920926541948,0.2745117626696439,Small,RegolithCovered,background_regolith,Background,Background,-1,-1.0,-1.0,-1.0,0.0,0.007,1.0,-1,,unreal_rockfield.json,unreal_rockfield.json,nan,nan,nan
1945,55.84124271370587,59.411908322397494,0.3042364448485768,Medium,RegolithCovered,background_regolith,Background,Background,-1,-1.0,-1.0,-1.0,0.0,0.007,1.0,-1,,unreal_rockfield.json,unreal_rockfield.json,nan,nan,nan
1946,246.15466780602435,-155.74358348338268,0.2803242402938679,Small,RegolithCovered,background_regolith,Background,Background,-1,-1.0,-1.0,-1.0,0.0,0.007,1.0,-1,,unreal_rockfield.json,unreal_rockfield.json,nan,nan,nan
1947,-66.73635059663684,-195.02090517899106,0.28646931015220856,Small,RegolithCovered,background_regolith,Background,Background,-1,-1.0,-1.0,-1.0,0.0,0.007,1.0,-1,,unreal_rockfield.json,unreal_rockfield.json,nan,nan,nan
1948,8.476516006958207,-79.81353190710166,0.31245451703879046,Medium,RegolithCovered,background_regolith,Background,Background,-1,-1.0,-1.0,-1.0,0.0,0.007,1.0,-1,,unreal_rockfield.json,unreal_rockfield.json,nan,nan,nan
1949,-92.60078737754449,180.2804651020844,0.3327031380623205,Medium,RegolithCovered,background_regolith,Background,Background,-1,-1.0,-1.0,-1.0,0.0,0.007,1.0,-1,,unreal_rockfield.json,unreal_rockfield.json,nan,nan,nan
1950,195.47868282113103,81.03427228614152,0.3198892002841692,Medium,RegolithCovered,background_regolith,Background,Background,-1,-1.0,-1.0,-1.0,0.0,0.007,1.0,-1,,unreal_rockfield.json,unreal_rockfield.json,nan,nan,nan
1951,-221.12949003570665,67.75872066408277,0.3007680215341012,Medium,RegolithCovered,background_regolith,Background,Background,-1,-1.0,-1.0,-1.0,0.0,0.007,1.0,-1,,unreal_rockfield.json,unreal_rockfield.json,nan,nan,nan
1952,162.67128513443402,234.78652302621538,0.3485257267731947,Medium,RegolithCovered,background_regolith,Background,Background,-1,-1.0,-1.0,-1.0,0.0,0.007,1.0,-1,,unreal_rockfield.json,unreal_rockfield.json,nan,nan,nan
1953,-147.10684530167546,85.0474562822352,0.32603081052273897,Medium,RegolithCovered,background_regolith,Background,Background,-1,-1.0,-1.0,-1.0,0.0,0.007,1.0,-1,,unreal_rockfield.json,unreal_rockfield.json,nan,nan,nan
1954,-109.01974547563097,-100.56611835077976,0.3316696566056169,Medium,RegolithCovered,background_regolith,Background,Background,-1,-1.0,-1.0,-1.0,0.0,0.007,1.0,-1,,unreal_rockfield.json,unreal_rockfield.json,nan,nan,nan
1955,-184.98031556138798,-42.84035767693106,0.2745790235500671,Small,RegolithCovered,background_regolith,Background,Background,-1,-1.0,-1.0,-1.0,0.0,0.007,1.0,-1,,unreal_rockfield.json,unreal_rockfield.json,nan,nan,nan
1956,89.04538102359083,242.61452070680866,0.26169914365538327,Small,RegolithCovered,background_regolith,Background,Background,-1,-1.0,-1.0,-1.0,0.0,0.007,1.0,-1,,unreal_rockfield.json,unreal_rockfield.json,nan,nan,nan
1957,-160.6570635090182,-6.6301461836604005,0.2733123837319865,Small,RegolithCovered,background_regolith,Background,Background,-1,-1.0,-1.0,-1.0,0.0,0.007,1.0,-1,,unreal_rockfield.json,unreal_rockfield.json,nan,nan,nan
1958,-199.17142246772667,-242.15674306466872,0.26467161751507656,Small,RegolithCovered,background_regolith,Background,Background,-1,-1.0,-1.0,-1.0,0.0,0.007,1.0,-1,,unreal_rockfield.json,unreal_rockfield.json,nan,nan,nan
1959,-163.19009979552598,172.10150456251716,0.2713257673979349,Small,RegolithCovered,background_regolith,Background,Background,-1,-1.0,-1.0,-1.0,0.0,0.007,1.0,-1,,unreal_rockfield.json,unreal_rockfield.json,nan,nan,nan
1960,26.573992126224596,-113.73485518967252,0.2674727515463243,Small,RegolithCovered,background_regolith,Background,Background,-1,-1.0,-1.0,-1.0,0.0,0.007,1.0,-1,,unreal_rockfield.json,unreal_rockfield.json,nan,nan,nan
1961,90.95278786584066,-202.89468062379834,0.2758900803208198,Small,RegolithCovered,background_regolith,Background,Background,-1,-1.0,-1.0,-1.0,0.0,0.007,1.0,-1,,unreal_rockfield.json,unreal_rockfield.json,nan,nan,nan
1962,-104.2893765068514,-3.6698507644886718,0.3955758766101817,Medium,RegolithCovered,background_regolith,Background,Background,-1,-1.0,-1.0,-1.0,0.0,0.007,1.0,-1,,unreal_rockfield.json,unreal_rockfield.json,nan,nan,nan
1963,46.182134464552746,171.62846766563922,0.3379075697460043,Medium,RegolithCovered,background_regolith,Background,Background,-1,-1.0,-1.0,-1.0,0.0,0.007,1.0,-1,,unreal_rockfield.json,unreal_rockfield.json,nan,nan,nan
1964,-203.77971739860226,44.01532029175695,0.3089452619856932,Medium,RegolithCovered,background_regolith,Background,Background,-1,-1.0,-1.0,-1.0,0.0,0.007,1.0,-1,,unreal_rockfield.json,unreal_rockfield.json,nan,nan,nan
1965,-99.68108157597584,181.34861293374433,0.3154838343288519,Medium,RegolithCovered,background_regolith,Background,Background,-1,-1.0,-1.0,-1.0,0.0,0.007,1.0,-1,,unreal_rockfield.json,unreal_rockfield.json,nan,nan,nan
1966,4.829554124576532,136.7458113345744,0.26021986131823,Small,RegolithCovered,background_regolith,Background,Background,-1,-1.0,-1.0,-1.0,0.0,0.007,1.0,-1,,unreal_rockfield.json,unreal_rockfield.json,nan,nan,nan
1967,92.60078737754446,20.149845881527142,0.28821682870122595,Small,RegolithCovered,background_regolith,Background,Background,-1,-1.0,-1.0,-1.0,0.0,0.007,1.0,-1,,unreal_rockfield.json,unreal_rockfield.json,nan,nan,nan
1968,213.01156651509137,-194.15112765892513,0.2746969804243425,Small,RegolithCovered,background_regolith,Background,Background,-1,-1.0,-1.0,-1.0,0.0,0.007,1.0,-1,,unreal_rockfield.json,unreal_rockfield.json,nan,nan,nan
1969,-38.30835901974547,-28.984954374828334,0.323193061898318,Medium,RegolithCovered,background_regolith,Background,Background,-1,-1.0,-1.0,-1.0,0.0,0.007,1.0,-1,,unreal_rockfield.json,unreal_rockfield.json,nan,nan,nan
1970,-157.4221015045625,240.2493362224189,0.2771678952343783,Small,RegolithCovered,background_regolith,Background,Background,-1,-1.0,-1.0,-1.0,0.0,0.007,1.0,-1,,unreal_rockfield.json,unreal_rockfield.json,nan,nan,nan
1971,-39.60539567247537,106.63930173650323,0.6386632719105828,Medium,RegolithCovered,background_regolith,Background,Background,-1,-1.0,-1.0,-1.0,0.0,0.007,1.0,-1,,unreal_rockfield.json,unreal_rockfield.json,nan,nan,nan
1972,129.863887447737,236.93807794427318,0.30429669197307946,Medium,RegolithCovered,background_regolith,Background,Background,-1,-1.0,-1.0,-1.0,0.0,0.007,1.0,-1,,unreal_rockfield.json,unreal_rockfield.json,nan,nan,nan
1973,42.88613544114503,-62.46375926999724,0.31059089108422666,Medium,RegolithCovered,background_regolith,Background,Background,-1,-1.0,-1.0,-1.0,0.0,0.007,1.0,-1,,unreal_rockfield.json,unreal_rockfield.json,nan,nan,nan
1974,65.69872127445296,-130.52003540147098,0.5322529852297292,Medium,RegolithCovered,background_regolith,Background,Background,-1,-1.0,-1.0,-1.0,0.0,0.007,1.0,-1,,unreal_rockfield.json,unreal_rockfield.json,nan,nan,nan
1975,-125.16403698843348,-152.92062135685293,0.3811502404937112,Medium,RegolithCovered,background_regolith,Background,Background,-1,-1.0,-1.0,-1.0,0.0,0.007,1.0,-1,,unreal_rockfield.json,unreal_rockfield.json,nan,nan,nan
1976,-152.233954893643,49.9969481490524,0.27904620955817677,Small,RegolithCovered,background_regolith,Background,Background,-1,-1.0,-1.0,-1.0,0.0,0.007,1.0,-1,,unreal_rockfield.json,unreal_rockfield.json,nan,nan,nan
1977,43.23709830011899,49.645985290078386,0.5353016356488209,Medium,RegolithCovered,background_regolith,Background,Background,-1,-1.0,-1.0,-1.0,0.0,0.007,1.0,-1,,unreal_rockfield.json,unreal_rockfield.json,nan,nan,nan
1978,-30.053102206488234,-47.997985778374584,0.30632812176451124,Medium,RegolithCovered,background_regolith,Background,Background,-1,-1.0,-1.0,-1.0,0.0,0.007,1.0,-1,,unreal_rockfield.json,unreal_rockfield.json,nan,nan,nan
1979,148.34284493545334,230.01037629322184,0.33644252711314543,Medium,RegolithCovered,background_regolith,Background,Background,-1,-1.0,-1.0,-1.0,0.0,0.007,1.0,-1,,unreal_rockfield.json,unreal_rockfield.json,nan,nan,nan
1980,-123.60759300515764,-140.92684713278604,0.35775311462134135,Medium,RegolithCovered,background_regolith,Background,Background,-1,-1.0,-1.0,-1.0,0.0,0.007,1.0,-1,,unreal_rockfield.json,unreal_rockfield.json,nan,nan,nan
1981,233.90148625141148,-96.94967497787408,0.26634310952332424,Small,RegolithCovered,background_regolith,Background,Background,-1,-1.0,-1.0,-1.0,0.0,0.007,1.0,-1,,unreal_rockfield.json,unreal_rockfield.json,nan,nan,nan
1982,185.8958708456679,91.94463942381054,0.2762819974490341,Small,RegolithCovered,background_regolith,Background,Background,-1,-1.0,-1.0,-1.0,0.0,0.007,1.0,-1,,unreal_rockfield.json,unreal_rockfield.json,nan,nan,nan
1983,139.29410687582015,-186.21631519516586,0.27279852778277075,Small,RegolithCovered,background_regolith,Background,Background,-1,-1.0,-1.0,-1.0,0.0,0.007,1.0,-1,,unreal_rockfield.json,unreal_rockfield.json,nan,nan,nan
1984,-220.24445326090273,-63.98968474379711,0.3000416676115787,Medium,RegolithCovered,background_regolith,Background,Background,-1,-1.0,-1.0,-1.0,0.0,0.007,1.0,-1,,unreal_rockfield.json,unreal_rockfield.json,nan,nan,nan
1985,227.84356212042604,-186.82668538468582,0.35862881428343185,Medium,RegolithCovered,background_regolith,Background,Background,-1,-1.0,-1.0,-1.0,0.0,0.007,1.0,-1,,unreal_rockfield.json,unreal_rockfield.json,nan,nan,nan
1986,-17.021698660237433,126.9188512833033,0.27991628903343035,Small,RegolithCovered,background_regolith,Background,Background,-1,-1.0,-1.0,-1.0,0.0,0.007,1.0,-1,,unreal_rockfield.json,unreal_rockfield.json,nan,nan,nan
1987,244.81185338908045,35.83635975218971,0.2903975392510695,Small,RegolithCovered,background_regolith,Background,Background,-1,-1.0,-1.0,-1.0,0.0,0.007,1.0,-1,,unreal_rockfield.json,unreal_rockfield.json,nan,nan,nan
1988,91.21219519638663,141.73558763389997,0.2669288053250694,Small,RegolithCovered,background_regolith,Background,Background,-1,-1.0,-1.0,-1.0,0.0,0.007,1.0,-1,,unreal_rockfield.json,unreal_rockfield.json,nan,nan,nan
1989,-23.9341410565508,-194.70046082949307,0.26970583260203623,Small,RegolithCovered,background_regolith,Background,Background,-1,-1.0,-1.0,-1.0,0.0,0.007,1.0,-1,,unreal_rockfield.json,unreal_rockfield.json,nan,nan,nan
1990,41.4975432599872,-23.247474593340854,0.288213973993374,Small,RegolithCovered,background_regolith,Background,Background,-1,-1.0,-1.0,-1.0,0.0,0.007,1.0,-1,,unreal_rockfield.json,unreal_rockfield.json,nan,nan,nan
1991,99.72685934018983,-57.59605700857571,0.2802500059519924,Small,RegolithCovered,background_regolith,Background,Background,-1,-1.0,-1.0,-1.0,0.0,0.007,1.0,-1,,unreal_rockfield.json,unreal_rockfield.json,nan,nan,nan
1992,32.11310159611804,-45.67857905819881,0.36838418929640654,Medium,RegolithCovered,background_regolith,Background,Background,-1,-1.0,-1.0,-1.0,0.0,0.007,1.0,-1,,unreal_rockfield.json,unreal_rockfield.json,nan,nan,nan
1993,-162.839136936552,-13.420514542069782,0.3923451768611357,Medium,RegolithCovered,background_regolith,Background,Background,-1,-1.0,-1.0,-1.0,0.0,0.007,1.0,-1,,unreal_rockfield.json,unreal_rockfield.json,nan,nan,nan
1994,-198.40845973082673,81.29367961668754,0.29201826352132376,Small,RegolithCovered,background_regolith,Background,Background,-1,-1.0,-1.0,-1.0,0.0,0.007,1.0,-1,,unreal_rockfield.json,unreal_rockfield.json,nan,nan,nan
1995,-96.65974913785212,198.85097811822874,0.30084276491677,Medium,RegolithCovered,background_regolith,Background,Background,-1,-1.0,-1.0,-1.0,0.0,0.007,1.0,-1,,unreal_rockfield.json,unreal_rockfield.json,nan,nan,nan
1996,18.623920407727326,-234.43556016724142,0.2773512711358153,Small,RegolithCovered,background_regolith,Background,Background,-1,-1.0,-1.0,-1.0,0.0,0.007,1.0,-1,,unreal_rockfield.json,unreal_rockfield.json,nan,nan,nan
1997,16.914883877071475,34.2646565141759,0.39674073227613676,Medium,RegolithCovered,background_regolith,Background,Background,-1,-1.0,-1.0,-1.0,0.0,0.007,1.0,-1,,unreal_rockfield.json,unreal_rockfield.json,nan,nan,nan
1998,248.91659291360207,-26.360362559892565,0.32431547539284994,Medium,RegolithCovered,background_regolith,Background,Background,-1,-1.0,-1.0,-1.0,0.0,0.007,1.0,-1,,unreal_rockfield.json,unreal_rockfield.json,nan,nan,nan
1999,46.21265297402874,-10.582293160802038,0.3343068146549047,Medium,RegolithCovered,background_regolith,Background,Background,-1,-1.0,-1.0,-1.0,0.0,0.007,1.0,-1,,unreal_rockfield.json,unreal_rockfield.json,nan,nan,nan
2000,190.91616565446947,-132.04596087527085,0.2912800670485393,Small,RegolithCovered,background_regolith,Background,Background,-1,-1.0,-1.0,-1.0,0.0,0.007,1.0,-1,,unreal_rockfield.json,unreal_rockfield.json,nan,nan,nan
2001,-75.0373851741081,-215.5140842921232,0.3176331545261189,Medium,RegolithCovered,background_regolith,Background,Background,-1,-1.0,-1.0,-1.0,0.0,0.007,1.0,-1,,unreal_rockfield.json,unreal_rockfield.json,nan,nan,nan
2002,246.03259376812036,-213.60667744987336,0.33455452851339235,Medium,RegolithCovered,background_regolith,Background,Background,-1,-1.0,-1.0,-1.0,0.0,0.007,1.0,-1,,unreal_rockfield.json,unreal_rockfield.json,nan,nan,nan
2003,-41.665395062105176,166.1503952146977,0.2735007604489798,Small,RegolithCovered,background_regolith,Background,Background,-1,-1.0,-1.0,-1.0,0.0,0.007,1.0,-1,,unreal_rockfield.json,unreal_rockfield.json,nan,nan,nan
2004,-50.74465163121434,-195.99749748222297,0.2649428336267643,Small,RegolithCovered,background_regolith,Background,Background,-1,-1.0,-1.0,-1.0,0.0,0.007,1.0,-1,,unreal_rockfield.json,unreal_rockfield.json,nan,nan,nan
2005,245.26963103122046,156.09454634235664,0.44583994115860387,Medium,RegolithCovered,background_regolith,Background,Background,-1,-1.0,-1.0,-1.0,0.0,0.007,1.0,-1,,unreal_rockfield.json,unreal_rockfield.json,nan,nan,nan
2006,-230.77333903012178,237.06015198217716,0.2900486084776666,Small,RegolithCovered,background_regolith,Background,Background,-1,-1.0,-1.0,-1.0,0.0,0.007,1.0,-1,,unreal_rockfield.json,unreal_rockfield.json,nan,nan,nan
2007,-148.8921781060213,-243.86577959532457,0.3151318934893508,Medium,RegolithCovered,background_regolith,Background,Background,-1,-1.0,-1.0,-1.0,0.0,0.007,1.0,-1,,unreal_rockfield.json,unreal_rockfield.json,nan,nan,nan
2008,231.32267220068968,-0.29755546739096417,0.27618805370636457,Small,RegolithCovered,background_regolith,Background,Background,-1,-1.0,-1.0,-1.0,0.0,0.007,1.0,-1,,unreal_rockfield.json,unreal_rockfield.json,nan,nan,nan
2009,-232.6654866176336,-106.3493758964812,0.29663960735214795,Small,RegolithCovered,background_regolith,Background,Background,-1,-1.0,-1.0,-1.0,0.0,0.007,1.0,-1,,unreal_rockfield.json,unreal_rockfield.json,nan,nan,nan
2010,159.9093600268563,-110.02685628833888,0.5663690495359176,Medium,RegolithCovered,background_regolith,Background,Background,-1,-1.0,-1.0,-1.0,0.0,0.007,1.0,-1,,unreal_rockfield.json,unreal_rockfield.json,nan,nan,nan
2011,-225.37156285287026,186.56727805413988,0.3072461791569484,Medium,RegolithCovered,background_regolith,Background,Background,-1,-1.0,-1.0,-1.0,0.0,0.007,1.0,-1,,unreal_rockfield.json,unreal_rockfield.json,nan,nan,nan
2012,14.99221778008365,-145.90136417737358,0.2722827170395243,Small,RegolithCovered,background_regolith,Background,Background,-1,-1.0,-1.0,-1.0,0.0,0.007,1.0,-1,,unreal_rockfield.json,unreal_rockfield.json,nan,nan,nan
2013,-224.82222968230232,-135.64714499343853,0.28351269456584655,Small,RegolithCovered,background_regolith,Background,Background,-1,-1.0,-1.0,-1.0,0.0,0.007,1.0,-1,,unreal_rockfield.json,unreal_rockfield.json,nan,nan,nan
2014,-250.0,241.5005951109348,0.2794673602728653,Small,RegolithCovered,background_regolith,Background,Background,-1,-1.0,-1.0,-1.0,0.0,0.007,1.0,-1,,unreal_rockfield.json,unreal_rockfield.json,nan,nan,nan
2015,162.30506302072206,-163.19009979552598,0.2678992918952518,Small,RegolithCovered,background_regolith,Background,Background,-1,-1.0,-1.0,-1.0,0.0,0.007,1.0,-1,,unreal_rockfield.json,unreal_rockfield.json,nan,nan,nan
2016,-218.73378704184088,206.72475356303602,0.2737972616009795,Small,RegolithCovered,background_regolith,Background,Background,-1,-1.0,-1.0,-1.0,0.0,0.007,1.0,-1,,unreal_rockfield.json,unreal_rockfield.json,nan,nan,nan
2017,40.520950956755314,-107.14285714285714,0.2744844675651346,Small,RegolithCovered,background_regolith,Background,Background,-1,-1.0,-1.0,-1.0,0.0,0.007,1.0,-1,,unreal_rockfield.json,unreal_rockfield.json,nan,nan,nan
2018,-29.198583941160308,-74.82375560777612,0.27530015001770425,Small,RegolithCovered,background_regolith,Background,Background,-1,-1.0,-1.0,-1.0,0.0,0.007,1.0,-1,,unreal_rockfield.json,unreal_rockfield.json,nan,nan,nan
2019,-215.37675099948117,-222.65541550950653,0.6098004861161795,Medium,RegolithCovered,background_regolith,Background,Background,-1,-1.0,-1.0,-1.0,0.0,0.007,1.0,-1,,unreal_rockfield.json,unreal_rockfield.json,nan,nan,nan
2020,-78.60805078279975,-145.12314218573565,0.46487433455588983,Medium,RegolithCovered,background_regolith,Background,Background,-1,-1.0,-1.0,-1.0,0.0,0.007,1.0,-1,,unreal_rockfield.json,unreal_rockfield.json,nan,nan,nan
2021,217.57408368175294,-131.32877590258494,0.34733844806802466,Medium,RegolithCovered,background_regolith,Background,Background,-1,-1.0,-1.0,-1.0,0.0,0.007,1.0,-1,,unreal_rockfield.json,unreal_rockfield.json,nan,nan,nan
2022,-195.46342356639303,84.14716025269325,0.28283326155311095,Small,RegolithCovered,background_regolith,Background,Background,-1,-1.0,-1.0,-1.0,0.0,0.007,1.0,-1,,unreal_rockfield.json,unreal_rockfield.json,nan,nan,nan
2023,-215.91082491531114,-195.86016418958098,0.46481634005532957,Medium,RegolithCovered,background_regolith,Background,Background,-1,-1.0,-1.0,-1.0,0.0,0.007,1.0,-1,,unreal_rockfield.json,unreal_rockfield.json,nan,nan,nan
2024,-177.32016968291268,42.62672811059906,0.2944233821550817,Small,RegolithCovered,background_regolith,Background,Background,-1,-1.0,-1.0,-1.0,0.0,0.007,1.0,-1,,unreal_rockfield.json,unreal_rockfield.json,nan,nan,nan
2025,186.0026856288339,110.34730063783684,0.26132164801915153,Small,RegolithCovered,background_regolith,Background,Background,-1,-1.0,-1.0,-1.0,0.0,0.007,1.0,-1,,unreal_rockfield.json,unreal_rockfield.json,nan,nan,nan
2026,188.21527756584368,207.10623493148597,0.38692938291747264,Medium,RegolithCovered,background_regolith,Background,Background,-1,-1.0,-1.0,-1.0,0.0,0.007,1.0,-1,,unreal_rockfield.json,unreal_rockfield.json,nan,nan,nan
2027,212.92001098666339,128.65840632343514,0.26146512494262986,Small,RegolithCovered,background_regolith,Background,Background,-1,-1.0,-1.0,-1.0,0.0,0.007,1.0,-1,,unreal_rockfield.json,unreal_rockfield.json,nan,nan,nan
2028,117.59544663838619,93.22641682180245,0.3749395715421906,Medium,RegolithCovered,background_regolith,Background,Background,-1,-1.0,-1.0,-1.0,0.0,0.007,1.0,-1,,unreal_rockfield.json,unreal_rockfield.json,nan,nan,nan
2029,139.00418103579818,220.87008270516066,0.49861760014511497,Medium,RegolithCovered,background_regolith,Background,Background,-1,-1.0,-1.0,-1.0,0.0,0.007,1.0,-1,,unreal_rockfield.json,unreal_rockfield.json,nan,nan,nan
2030,228.72859889522994,-24.7581408124027,0.4584350419263593,Medium,RegolithCovered,background_regolith,Background,Background,-1,-1.0,-1.0,-1.0,0.0,0.007,1.0,-1,,unreal_rockfield.json,unreal_rockfield.json,nan,nan,nan
2031,245.6358531449324,-167.69157994323558,0.2868722220422317,Small,RegolithCovered,background_regolith,Background,Background,-1,-1.0,-1.0,-1.0,0.0,0.007,1.0,-1,,unreal_rockfield.json,unreal_rockfield.json,nan,nan,nan
2032,-169.96520889919736,107.12759788811917,0.2861298923594367,Small,RegolithCovered,background_regolith,Background,Background,-1,-1.0,-1.0,-1.0,0.0,0.007,1.0,-1,,unreal_rockfield.json,unreal_rockfield.json,nan,nan,nan
2033,-36.64510025330364,-81.30893887142551,0.30117679857133806,Medium,RegolithCovered,background_regolith,Background,Background,-1,-1.0,-1.0,-1.0,0.0,0.007,1.0,-1,,unreal_rockfield.json,unreal_rockfield.json,nan,nan,nan
2034,-160.84017456587418,-83.27738273262733,0.2797669301193156,Small,RegolithCovered,background_regolith,Background,Background,-1,-1.0,-1.0,-1.0,0.0,0.007,1.0,-1,,unreal_rockfield.json,unreal_rockfield.json,nan,nan,nan
2035,-11.63518173772394,-54.89516891994995,0.32666153015997274,Medium,RegolithCovered,background_regolith,Background,Background,-1,-1.0,-1.0,-1.0,0.0,0.007,1.0,-1,,unreal_rockfield.json,unreal_rockfield.json,nan,nan,nan
2036,-96.27826776940216,-102.79396954252755,0.27182033678311734,Small,RegolithCovered,background_regolith,Background,Background,-1,-1.0,-1.0,-1.0,0.0,0.007,1.0,-1,,unreal_rockfield.json,unreal_rockfield.json,nan,nan,nan
2037,208.35749382000182,78.65382854701375,0.3493924070922252,Medium,RegolithCovered,background_regolith,Background,Background,-1,-1.0,-1.0,-1.0,0.0,0.007,1.0,-1,,unreal_rockfield.json,unreal_rockfield.json,nan,nan,nan
2038,155.24002807702868,-84.34553056428723,0.32075548666688986,Medium,RegolithCovered,background_regolith,Background,Background,-1,-1.0,-1.0,-1.0,0.0,0.007,1.0,-1,,unreal_rockfield.json,unreal_rockfield.json,nan,nan,nan
2039,56.680501724295766,-242.46192815942868,0.3893497331441286,Medium,RegolithCovered,background_regolith,Background,Background,-1,-1.0,-1.0,-1.0,0.0,0.007,1.0,-1,,unreal_rockfield.json,unreal_rockfield.json,nan,nan,nan
2040,-153.3936582537309,83.14004943998538,0.30489926072385404,Medium,RegolithCovered,background_regolith,Background,Background,-1,-1.0,-1.0,-1.0,0.0,0.007,1.0,-1,,unreal_rockfield.json,unreal_rockfield.json,nan,nan,nan
2041,190.45838801232952,-32.69295327616197,0.3314144230029154,Medium,RegolithCovered,background_regolith,Background,Background,-1,-1.0,-1.0,-1.0,0.0,0.007,1.0,-1,,unreal_rockfield.json,unreal_rockfield.json,nan,nan,nan
2042,-158.71913815729238,-127.57499923703726,0.26014195335564366,Small,RegolithCovered,background_regolith,Background,Background,-1,-1.0,-1.0,-1.0,0.0,0.007,1.0,-1,,unreal_rockfield.json,unreal_rockfield.json,nan,nan,nan
2043,-156.26239814447462,225.31052583391823,0.26243925911484234,Small,RegolithCovered,background_regolith,Background,Background,-1,-1.0,-1.0,-1.0,0.0,0.007,1.0,-1,,unreal_rockfield.json,unreal_rockfield.json,nan,nan,nan
2044,-24.08673360393078,16.930143131809473,0.28722562336542456,Small,RegolithCovered,background_regolith,Background,Background,-1,-1.0,-1.0,-1.0,0.0,0.007,1.0,-1,,unreal_rockfield.json,unreal_rockfield.json,nan,nan,nan
2045,30.663472396008217,-93.15012054811243,0.3020164831577172,Medium,RegolithCovered,background_regolith,Background,Background,-1,-1.0,-1.0,-1.0,0.0,0.007,1.0,-1,,unreal_rockfield.json,unreal_rockfield.json,nan,nan,nan
2046,145.48936429944757,62.265388958403264,0.2601254916428472,Small,RegolithCovered,background_regolith,Background,Background,-1,-1.0,-1.0,-1.0,0.0,0.007,1.0,-1,,unreal_rockfield.json,unreal_rockfield.json,nan,nan,nan
2047,151.01321451460308,76.19708853419598,0.3122980838045201,Medium,RegolithCovered,background_regolith,Background,Background,-1,-1.0,-1.0,-1.0,0.0,0.007,1.0,-1,,unreal_rockfield.json,unreal_rockfield.json,nan,nan,nan
2048,-1.8387401959288354,-38.67458113345745,0.3074430322063397,Medium,RegolithCovered,background_regolith,Background,Background,-1,-1.0,-1.0,-1.0,0.0,0.007,1.0,-1,,unreal_rockfield.json,unreal_rockfield.json,nan,nan,nan
2049,171.18594927823727,-147.70195623645742,0.3319887092210256,Medium,RegolithCovered,background_regolith,Background,Background,-1,-1.0,-1.0,-1.0,0.0,0.007,1.0,-1,,unreal_rockfield.json,unreal_rockfield.json,nan,nan,nan
2050,-186.7198706015198,-11.024811548203985,0.42375601166018806,Medium,RegolithCovered,background_regolith,Background,Background,-1,-1.0,-1.0,-1.0,0.0,0.007,1.0,-1,,unreal_rockfield.json,unreal_rockfield.json,nan,nan,nan
2051,102.82448805200357,-21.507919553209007,0.2652361013146757,Small,RegolithCovered,background_regolith,Background,Background,-1,-1.0,-1.0,-1.0,0.0,0.007,1.0,-1,,unreal_rockfield.json,unreal_rockfield.json,nan,nan,nan
2052,-91.4258247627186,192.97616504409928,0.27253282962498343,Small,RegolithCovered,background_regolith,Background,Background,-1,-1.0,-1.0,-1.0,0.0,0.007,1.0,-1,,unreal_rockfield.json,unreal_rockfield.json,nan,nan,nan
2053,168.71395001068146,115.97796563615833,0.31801373462193494,Medium,RegolithCovered,background_regolith,Background,Background,-1,-1.0,-1.0,-1.0,0.0,0.007,1.0,-1,,unreal_rockfield.json,unreal_rockfield.json,nan,nan,nan
2054,218.76430555131685,-219.4204535050508,0.41252152607897186,Medium,RegolithCovered,background_regolith,Background,Background,-1,-1.0,-1.0,-1.0,0.0,0.007,1.0,-1,,unreal_rockfield.json,unreal_rockfield.json,nan,nan,nan
2055,17.28110599078343,-119.76226081118199,0.37923800129308033,Medium,RegolithCovered,background_regolith,Background,Background,-1,-1.0,-1.0,-1.0,0.0,0.007,1.0,-1,,unreal_rockfield.json,unreal_rockfield.json,nan,nan,nan
2056,-55.932798242133856,-47.67754142887662,0.3319887092210256,Medium,RegolithCovered,background_regolith,Background,Background,-1,-1.0,-1.0,-1.0,0.0,0.007,1.0,-1,,unreal_rockfield.json,unreal_rockfield.json,nan,nan,nan
2057,-189.32920316171757,223.9371929074984,0.2793241883116182,Small,RegolithCovered,background_regolith,Background,Background,-1,-1.0,-1.0,-1.0,0.0,0.007,1.0,-1,,unreal_rockfield.json,unreal_rockfield.json,nan,nan,nan
2058,-176.98446607867672,-76.029236732078,0.2726956782347011,Small,RegolithCovered,background_regolith,Background,Background,-1,-1.0,-1.0,-1.0,0.0,0.007,1.0,-1,,unreal_rockfield.json,unreal_rockfield.json,nan,nan,nan
2059,154.96536149174472,-121.13559373760185,0.2752766320472282,Small,RegolithCovered,background_regolith,Background,Background,-1,-1.0,-1.0,-1.0,0.0,0.007,1.0,-1,,unreal_rockfield.json,unreal_rockfield.json,nan,nan,nan
2060,74.45753349406414,-87.87041840876492,0.3863479297740097,Medium,RegolithCovered,background_regolith,Background,Background,-1,-1.0,-1.0,-1.0,0.0,0.007,1.0,-1,,unreal_rockfield.json,unreal_rockfield.json,nan,nan,nan
2061,-148.08343760490737,138.50062562944424,0.33378603155340864,Medium,RegolithCovered,background_regolith,Background,Background,-1,-1.0,-1.0,-1.0,0.0,0.007,1.0,-1,,unreal_rockfield.json,unreal_rockfield.json,nan,nan,nan
2062,-180.87557603686633,-114.94033631397443,0.28214148622243274,Small,RegolithCovered,background_regolith,Background,Background,-1,-1.0,-1.0,-1.0,0.0,0.007,1.0,-1,,unreal_rockfield.json,unreal_rockfield.json,nan,nan,nan
2063,17.387920773949418,230.3460798974578,0.28799753589435584,Small,RegolithCovered,background_regolith,Background,Background,-1,-1.0,-1.0,-1.0,0.0,0.007,1.0,-1,,unreal_rockfield.json,unreal_rockfield.json,nan,nan,nan
2064,-233.99304177983947,86.25293740653706,0.2965677824634031,Small,RegolithCovered,background_regolith,Background,Background,-1,-1.0,-1.0,-1.0,0.0,0.007,1.0,-1,,unreal_rockfield.json,unreal_rockfield.json,nan,nan,nan
2065,-81.93456831568346,-168.50032044434948,0.31382643871026117,Medium,RegolithCovered,background_regolith,Background,Background,-1,-1.0,-1.0,-1.0,0.0,0.007,1.0,-1,,unreal_rockfield.json,unreal_rockfield.json,nan,nan,nan
2066,73.05368205816825,-88.12982573931089,0.30028132599341795,Medium,RegolithCovered,background_regolith,Background,Background,-1,-1.0,-1.0,-1.0,0.0,0.007,1.0,-1,,unreal_rockfield.json,unreal_rockfield.json,nan,nan,nan
2067,117.27500228888823,-142.55958738975187,0.26134013331330136,Small,RegolithCovered,background_regolith,Background,Background,-1,-1.0,-1.0,-1.0,0.0,0.007,1.0,-1,,unreal_rockfield.json,unreal_rockfield.json,nan,nan,nan
2068,1.9608142338328207,-149.12106692709128,0.26547355605555933,Small,RegolithCovered,background_regolith,Background,Background,-1,-1.0,-1.0,-1.0,0.0,0.007,1.0,-1,,unreal_rockfield.json,unreal_rockfield.json,nan,nan,nan
2069,-127.04092532120731,-57.580797753837714,0.2624076297864856,Small,RegolithCovered,background_regolith,Background,Background,-1,-1.0,-1.0,-1.0,0.0,0.007,1.0,-1,,unreal_rockfield.json,unreal_rockfield.json,nan,nan,nan
2070,219.71037934507274,66.79738761558883,0.3016575308542803,Medium,RegolithCovered,background_regolith,Background,Background,-1,-1.0,-1.0,-1.0,0.0,0.007,1.0,-1,,unreal_rockfield.json,unreal_rockfield.json,nan,nan,nan
2071,-107.72270882290107,-33.59324930570389,0.3027464411822749,Medium,RegolithCovered,background_regolith,Background,Background,-1,-1.0,-1.0,-1.0,0.0,0.007,1.0,-1,,unreal_rockfield.json,unreal_rockfield.json,nan,nan,nan
2072,-205.87023529770806,-0.12970366527298438,0.2658391279429682,Small,RegolithCovered,background_regolith,Background,Background,-1,-1.0,-1.0,-1.0,0.0,0.007,1.0,-1,,unreal_rockfield.json,unreal_rockfield.json,nan,nan,nan
2073,196.72994170964694,5.8214056825464695,0.28041060362458414,Small,RegolithCovered,background_regolith,Background,Background,-1,-1.0,-1.0,-1.0,0.0,0.007,1.0,-1,,unreal_rockfield.json,unreal_rockfield.json,nan,nan,nan
2074,23.735770744956824,-214.53749198889125,0.278516136707113,Small,RegolithCovered,background_regolith,Background,Background,-1,-1.0,-1.0,-1.0,0.0,0.007,1.0,-1,,unreal_rockfield.json,unreal_rockfield.json,nan,nan,nan
2075,184.18683431501205,131.29825739310888,0.2645666155368159,Small,RegolithCovered,background_regolith,Background,Background,-1,-1.0,-1.0,-1.0,0.0,0.007,1.0,-1,,unreal_rockfield.json,unreal_rockfield.json,nan,nan,nan
2076,170.16357921079134,6.157109286782429,0.466576290448824,Medium,RegolithCovered,background_regolith,Background,Background,-1,-1.0,-1.0,-1.0,0.0,0.007,1.0,-1,,unreal_rockfield.json,unreal_rockfield.json,nan,nan,nan
2077,171.58268990142523,-17.44895779290141,0.28007091755405583,Small,RegolithCovered,background_regolith,Background,Background,-1,-1.0,-1.0,-1.0,0.0,0.007,1.0,-1,,unreal_rockfield.json,unreal_rockfield.json,nan,nan,nan
2078,-135.60136722922454,8.751182592242174,0.2744487997492773,Small,RegolithCovered,background_regolith,Background,Background,-1,-1.0,-1.0,-1.0,0.0,0.007,1.0,-1,,unreal_rockfield.json,unreal_rockfield.json,nan,nan,nan
2079,-44.61043122653891,-44.381542405468906,0.27937107902714015,Small,RegolithCovered,background_regolith,Background,Background,-1,-1.0,-1.0,-1.0,0.0,0.007,1.0,-1,,unreal_rockfield.json,unreal_rockfield.json,nan,nan,nan
2080,-129.26877651295513,-88.84701071199683,0.3328797286911351,Medium,RegolithCovered,background_regolith,Background,Background,-1,-1.0,-1.0,-1.0,0.0,0.007,1.0,-1,,unreal_rockfield.json,unreal_rockfield.json,nan,nan,nan
2081,-78.02819910275582,79.0658284249397,0.2645666155368159,Small,RegolithCovered,background_regolith,Background,Background,-1,-1.0,-1.0,-1.0,0.0,0.007,1.0,-1,,unreal_rockfield.json,unreal_rockfield.json,nan,nan,nan
2082,-46.31946775719473,184.85824152348403,0.42529496008535717,Medium,RegolithCovered,background_regolith,Background,Background,-1,-1.0,-1.0,-1.0,0.0,0.007,1.0,-1,,unreal_rockfield.json,unreal_rockfield.json,nan,nan,nan
2083,164.59395123142184,170.36194952238532,0.3576863087361665,Medium,RegolithCovered,background_regolith,Background,Background,-1,-1.0,-1.0,-1.0,0.0,0.007,1.0,-1,,unreal_rockfield.json,unreal_rockfield.json,nan,nan,nan
2084,241.13437299722278,13.786736655781738,0.3085313670642033,Medium,RegolithCovered,background_regolith,Background,Background,-1,-1.0,-1.0,-1.0,0.0,0.007,1.0,-1,,unreal_rockfield.json,unreal_rockfield.json,nan,nan,nan
2085,106.21204260383922,89.09115878780483,0.5223769241495149,Medium,RegolithCovered,background_regolith,Background,Background,-1,-1.0,-1.0,-1.0,0.0,0.007,1.0,-1,,unreal_rockfield.json,unreal_rockfield.json,nan,nan,nan
2086,147.3052156132694,188.5204626606037,0.35714365112557855,Medium,RegolithCovered,background_regolith,Background,Background,-1,-1.0,-1.0,-1.0,0.0,0.007,1.0,-1,,unreal_rockfield.json,unreal_rockfield.json,nan,nan,nan
2087,-26.543473616748543,-222.01452681051057,0.27014022347625655,Small,RegolithCovered,background_regolith,Background,Background,-1,-1.0,-1.0,-1.0,0.0,0.007,1.0,-1,,unreal_rockfield.json,unreal_rockfield.json,nan,nan,nan
2088,51.43131809442423,-218.55067598498488,0.32980164350802793,Medium,RegolithCovered,background_regolith,Background,Background,-1,-1.0,-1.0,-1.0,0.0,0.007,1.0,-1,,unreal_rockfield.json,unreal_rockfield.json,nan,nan,nan
2089,-193.7086092715232,242.2788171025727,0.2953999110875624,Small,RegolithCovered,background_regolith,Background,Background,-1,-1.0,-1.0,-1.0,0.0,0.007,1.0,-1,,unreal_rockfield.json,unreal_rockfield.json,nan,nan,nan
2090,-42.15369121372112,-46.07531968138676,0.3438969559518365,Medium,RegolithCovered,background_regolith,Background,Background,-1,-1.0,-1.0,-1.0,0.0,0.007,1.0,-1,,unreal_rockfield.json,unreal_rockfield.json,nan,nan,nan
2091,206.38904995880006,101.72582171086765,0.2665380235888738,Small,RegolithCovered,background_regolith,Background,Background,-1,-1.0,-1.0,-1.0,0.0,0.007,1.0,-1,,unreal_rockfield.json,unreal_rockfield.json,nan,nan,nan
2092,229.93408001953185,154.2939542832728,0.39712668883435426,Medium,RegolithCovered,background_regolith,Background,Background,-1,-1.0,-1.0,-1.0,0.0,0.007,1.0,-1,,unreal_rockfield.json,unreal_rockfield.json,nan,nan,nan
2093,-87.12271492660298,-206.14490188299203,0.3170467940123416,Medium,RegolithCovered,background_regolith,Background,Background,-1,-1.0,-1.0,-1.0,0.0,0.007,1.0,-1,,unreal_rockfield.json,unreal_rockfield.json,nan,nan,nan
2094,129.42136906033505,-131.48136844996492,0.26939689702123965,Small,RegolithCovered,background_regolith,Background,Background,-1,-1.0,-1.0,-1.0,0.0,0.007,1.0,-1,,unreal_rockfield.json,unreal_rockfield.json,nan,nan,nan
2095,234.87807855464337,-150.58595538193913,0.2657722684668544,Small,RegolithCovered,background_regolith,Background,Background,-1,-1.0,-1.0,-1.0,0.0,0.007,1.0,-1,,unreal_rockfield.json,unreal_rockfield.json,nan,nan,nan
2096,243.85052034058657,165.06698812829984,0.31657019918870877,Medium,RegolithCovered,background_regolith,Background,Background,-1,-1.0,-1.0,-1.0,0.0,0.007,1.0,-1,,unreal_rockfield.json,unreal_rockfield.json,nan,nan,nan
2097,52.163762321848196,-159.8025452436903,0.2785092344991179,Small,RegolithCovered,background_regolith,Background,Background,-1,-1.0,-1.0,-1.0,0.0,0.007,1.0,-1,,unreal_rockfield.json,unreal_rockfield.json,nan,nan,nan
2098,-116.87826166570025,224.34919278542435,0.2649176473876794,Small,RegolithCovered,background_regolith,Background,Background,-1,-1.0,-1.0,-1.0,0.0,0.007,1.0,-1,,unreal_rockfield.json,unreal_rockfield.json,nan,nan,nan
2099,208.67793816949978,51.47709585863822,0.32112083763451504,Medium,RegolithCovered,background_regolith,Background,Background,-1,-1.0,-1.0,-1.0,0.0,0.007,1.0,-1,,unreal_rockfield.json,unreal_rockfield.json,nan,nan,nan
2100,112.0105594042787,46.25843073824274,0.43492067740775525,Medium,RegolithCovered,background_regolith,Background,Background,-1,-1.0,-1.0,-1.0,0.0,0.007,1.0,-1,,unreal_rockfield.json,unreal_rockfield.json,nan,nan,nan
2101,-148.25128940702535,93.94360179448836,0.2706616034347376,Small,RegolithCovered,background_regolith,Background,Background,-1,-1.0,-1.0,-1.0,0.0,0.007,1.0,-1,,unreal_rockfield.json,unreal_rockfield.json,nan,nan,nan
2102,192.96090578936128,-226.1803033539842,0.3163489832007299,Medium,RegolithCovered,background_regolith,Background,Background,-1,-1.0,-1.0,-1.0,0.0,0.007,1.0,-1,,unreal_rockfield.json,unreal_rockfield.json,nan,nan,nan
2103,-194.4563127536851,-17.78466139713737,0.4480588870951089,Medium,RegolithCovered,background_regolith,Background,Background,-1,-1.0,-1.0,-1.0,0.0,0.007,1.0,-1,,unreal_rockfield.json,unreal_rockfield.json,nan,nan,nan
2104,-216.2923062837611,246.36829737235632,0.27565444631101216,Small,RegolithCovered,background_regolith,Background,Background,-1,-1.0,-1.0,-1.0,0.0,0.007,1.0,-1,,unreal_rockfield.json,unreal_rockfield.json,nan,nan,nan
2105,92.18878749961851,103.80108035523546,0.26505551666524463,Small,RegolithCovered,background_regolith,Background,Background,-1,-1.0,-1.0,-1.0,0.0,0.007,1.0,-1,,unreal_rockfield.json,unreal_rockfield.json,nan,nan,nan
2106,201.2771996215705,187.07083346049382,0.3496714738736918,Medium,RegolithCovered,background_regolith,Background,Background,-1,-1.0,-1.0,-1.0,0.0,0.007,1.0,-1,,unreal_rockfield.json,unreal_rockfield.json,nan,nan,nan
2107,-78.69960631122777,-76.075014496292,0.29802548748456487,Small,RegolithCovered,background_regolith,Background,Background,-1,-1.0,-1.0,-1.0,0.0,0.007,1.0,-1,,unreal_rockfield.json,unreal_rockfield.json,nan,nan,nan
2108,-131.87810907315287,27.21488082522052,0.28488187569665535,Small,RegolithCovered,background_regolith,Background,Background,-1,-1.0,-1.0,-1.0,0.0,0.007,1.0,-1,,unreal_rockfield.json,unreal_rockfield.json,nan,nan,nan
2109,41.085543382061246,152.8595843379009,0.46753232682094653,Medium,RegolithCovered,background_regolith,Background,Background,-1,-1.0,-1.0,-1.0,0.0,0.007,1.0,-1,,unreal_rockfield.json,unreal_rockfield.json,nan,nan,nan
2110,133.2056642353587,-42.733542893765076,0.326636404613369,Medium,RegolithCovered,background_regolith,Background,Background,-1,-1.0,-1.0,-1.0,0.0,0.007,1.0,-1,,unreal_rockfield.json,unreal_rockfield.json,nan,nan,nan
2111,-27.687917722098433,-116.84774315622425,0.2735151269859618,Small,RegolithCovered,background_regolith,Background,Background,-1,-1.0,-1.0,-1.0,0.0,0.007,1.0,-1,,unreal_rockfield.json,unreal_rockfield.json,nan,nan,nan
2112,-51.339762565996296,64.35590685750907,0.27679235643439126,Small,RegolithCovered,background_regolith,Background,Background,-1,-1.0,-1.0,-1.0,0.0,0.007,1.0,-1,,unreal_rockfield.json,unreal_rockfield.json,nan,nan,nan
2113,16.853846858119482,-179.91424298837245,0.27485545989353666,Small,RegolithCovered,background_regolith,Background,Background,-1,-1.0,-1.0,-1.0,0.0,0.007,1.0,-1,,unreal_rockfield.json,unreal_rockfield.json,nan,nan,nan
2114,-180.4025391399884,51.278725547044246,0.26479528927552876,Small,RegolithCovered,background_regolith,Background,Background,-1,-1.0,-1.0,-1.0,0.0,0.007,1.0,-1,,unreal_rockfield.json,unreal_rockfield.json,nan,nan,nan
2115,232.02459791863765,118.46522415845214,0.2619845341310234,Small,RegolithCovered,background_regolith,Background,Background,-1,-1.0,-1.0,-1.0,0.0,0.007,1.0,-1,,unreal_rockfield.json,unreal_rockfield.json,nan,nan,nan
2116,-33.242286446729935,222.01452681051057,0.332780765217836,Medium,RegolithCovered,background_regolith,Background,Background,-1,-1.0,-1.0,-1.0,0.0,0.007,1.0,-1,,unreal_rockfield.json,unreal_rockfield.json,nan,nan,nan
2117,-21.30954924161503,-60.73946348460342,0.29959143499955077,Small,RegolithCovered,background_regolith,Background,Background,-1,-1.0,-1.0,-1.0,0.0,0.007,1.0,-1,,unreal_rockfield.json,unreal_rockfield.json,nan,nan,nan
2118,187.71172215948974,-147.7782525101474,0.2971593125650441,Small,RegolithCovered,background_regolith,Background,Background,-1,-1.0,-1.0,-1.0,0.0,0.007,1.0,-1,,unreal_rockfield.json,unreal_rockfield.json,nan,nan,nan
2119,-126.30848109378339,89.06064027832883,0.28390300331887824,Small,RegolithCovered,background_regolith,Background,Background,-1,-1.0,-1.0,-1.0,0.0,0.007,1.0,-1,,unreal_rockfield.json,unreal_rockfield.json,nan,nan,nan
2120,-90.70863979003266,-75.11368144779809,0.26326208847065297,Small,RegolithCovered,background_regolith,Background,Background,-1,-1.0,-1.0,-1.0,0.0,0.007,1.0,-1,,unreal_rockfield.json,unreal_rockfield.json,nan,nan,nan
2121,189.83275856807154,-60.357982116153465,0.2844252272436017,Small,RegolithCovered,background_regolith,Background,Background,-1,-1.0,-1.0,-1.0,0.0,0.007,1.0,-1,,unreal_rockfield.json,unreal_rockfield.json,nan,nan,nan
2122,-171.07913449507126,190.90090639973147,0.26209892727642503,Small,RegolithCovered,background_regolith,Background,Background,-1,-1.0,-1.0,-1.0,0.0,0.007,1.0,-1,,unreal_rockfield.json,unreal_rockfield.json,nan,nan,nan
2123,141.018402661214,183.8206122013001,0.2814209154332565,Small,RegolithCovered,background_regolith,Background,Background,-1,-1.0,-1.0,-1.0,0.0,0.007,1.0,-1,,unreal_rockfield.json,unreal_rockfield.json,nan,nan,nan
2124,-215.94134342478714,-201.42979216895048,0.288088542900505,Small,RegolithCovered,background_regolith,Background,Background,-1,-1.0,-1.0,-1.0,0.0,0.007,1.0,-1,,unreal_rockfield.json,unreal_rockfield.json,nan,nan,nan
2125,-249.05392620624409,-196.94357127597888,0.3440187017811018,Medium,RegolithCovered,background_regolith,Background,Background,-1,-1.0,-1.0,-1.0,0.0,0.007,1.0,-1,,unreal_rockfield.json,unreal_rockfield.json,nan,nan,nan
2126,3.1815546128727306,12.901699880977844,0.2874131733489247,Small,RegolithCovered,background_regolith,Background,Background,-1,-1.0,-1.0,-1.0,0.0,0.007,1.0,-1,,unreal_rockfield.json,unreal_rockfield.json,nan,nan,nan
2127,-181.6232795190283,-160.21454512161625,0.268486922460442,Small,RegolithCovered,background_regolith,Background,Background,-1,-1.0,-1.0,-1.0,0.0,0.007,1.0,-1,,unreal_rockfield.json,unreal_rockfield.json,nan,nan,nan
2128,117.88537247840816,0.19074068422497703,0.27044502544050114,Small,RegolithCovered,background_regolith,Background,Background,-1,-1.0,-1.0,-1.0,0.0,0.007,1.0,-1,,unreal_rockfield.json,unreal_rockfield.json,nan,nan,nan
2129,50.57679982909633,121.41026032288585,0.2618018455686571,Small,RegolithCovered,background_regolith,Background,Background,-1,-1.0,-1.0,-1.0,0.0,0.007,1.0,-1,,unreal_rockfield.json,unreal_rockfield.json,nan,nan,nan
2130,189.16135135959962,-21.446882534257014,0.431862498904774,Medium,RegolithCovered,background_regolith,Background,Background,-1,-1.0,-1.0,-1.0,0.0,0.007,1.0,-1,,unreal_rockfield.json,unreal_rockfield.json,nan,nan,nan
2131,-76.88375499740593,-90.1135288552507,0.4830433400579946,Medium,RegolithCovered,background_regolith,Background,Background,-1,-1.0,-1.0,-1.0,0.0,0.007,1.0,-1,,unreal_rockfield.json,unreal_rockfield.json,nan,nan,nan
2132,-38.735618152409444,-88.55708487197487,0.3654322338642013,Medium,RegolithCovered,background_regolith,Background,Background,-1,-1.0,-1.0,-1.0,0.0,0.007,1.0,-1,,unreal_rockfield.json,unreal_rockfield.json,nan,nan,nan
2133,-70.70375682851648,-10.841700491348007,0.2785437563200916,Small,RegolithCovered,background_regolith,Background,Background,-1,-1.0,-1.0,-1.0,0.0,0.007,1.0,-1,,unreal_rockfield.json,unreal_rockfield.json,nan,nan,nan
2134,39.74272896511735,42.016357921079134,0.2769408551177416,Small,RegolithCovered,background_regolith,Background,Background,-1,-1.0,-1.0,-1.0,0.0,0.007,1.0,-1,,unreal_rockfield.json,unreal_rockfield.json,nan,nan,nan
2135,-209.01364177373577,-111.18655964842677,0.32589443917810335,Medium,RegolithCovered,background_regolith,Background,Background,-1,-1.0,-1.0,-1.0,0.0,0.007,1.0,-1,,unreal_rockfield.json,unreal_rockfield.json,nan,nan,nan
2136,134.5637379070406,115.94744712668233,0.3881649160526842,Medium,RegolithCovered,background_regolith,Background,Background,-1,-1.0,-1.0,-1.0,0.0,0.007,1.0,-1,,unreal_rockfield.json,unreal_rockfield.json,nan,nan,nan
2137,104.7318948942534,215.23941770683916,0.39665528435789954,Medium,RegolithCovered,background_regolith,Background,Background,-1,-1.0,-1.0,-1.0,0.0,0.007,1.0,-1,,unreal_rockfield.json,unreal_rockfield.json,nan,nan,nan
2138,-147.71721549119542,-192.91512802514725,0.306319740428713,Medium,RegolithCovered,background_regolith,Background,Background,-1,-1.0,-1.0,-1.0,0.0,0.007,1.0,-1,,unreal_rockfield.json,unreal_rockfield.json,nan,nan,nan
2139,-22.6371044038209,-143.01736503189184,0.5488806004651968,Medium,RegolithCovered,background_regolith,Background,Background,-1,-1.0,-1.0,-1.0,0.0,0.007,1.0,-1,,unreal_rockfield.json,unreal_rockfield.json,nan,nan,nan
2140,199.56816309091465,-167.5695059053316,0.27038961918870635,Small,RegolithCovered,background_regolith,Background,Background,-1,-1.0,-1.0,-1.0,0.0,0.007,1.0,-1,,unreal_rockfield.json,unreal_rockfield.json,nan,nan,nan
2141,154.2023987548448,88.55708487197484,0.27787199770368526,Small,RegolithCovered,background_regolith,Background,Background,-1,-1.0,-1.0,-1.0,0.0,0.007,1.0,-1,,unreal_rockfield.json,unreal_rockfield.json,nan,nan,nan
2142,-87.30582598345896,206.03808709982604,0.3312769727074583,Medium,RegolithCovered,background_regolith,Background,Background,-1,-1.0,-1.0,-1.0,0.0,0.007,1.0,-1,,unreal_rockfield.json,unreal_rockfield.json,nan,nan,nan
2143,145.47410504470957,-248.71822260200813,0.3321559415906844,Medium,RegolithCovered,background_regolith,Background,Background,-1,-1.0,-1.0,-1.0,0.0,0.007,1.0,-1,,unreal_rockfield.json,unreal_rockfield.json,nan,nan,nan
2144,-109.00448622089297,226.0124515518662,0.2801782840248947,Small,RegolithCovered,background_regolith,Background,Background,-1,-1.0,-1.0,-1.0,0.0,0.007,1.0,-1,,unreal_rockfield.json,unreal_rockfield.json,nan,nan,nan
2145,101.74108096560565,181.7300943021943,0.27456219859519354,Small,RegolithCovered,background_regolith,Background,Background,-1,-1.0,-1.0,-1.0,0.0,0.007,1.0,-1,,unreal_rockfield.json,unreal_rockfield.json,nan,nan,nan
2146,-176.96920682393872,-201.44505142368848,0.29207100137395536,Small,RegolithCovered,background_regolith,Background,Background,-1,-1.0,-1.0,-1.0,0.0,0.007,1.0,-1,,unreal_rockfield.json,unreal_rockfield.json,nan,nan,nan
2147,-135.9370708334605,-177.32016968291268,0.2962408289346127,Small,RegolithCovered,background_regolith,Background,Background,-1,-1.0,-1.0,-1.0,0.0,0.007,1.0,-1,,unreal_rockfield.json,unreal_rockfield.json,nan,nan,nan
2148,-7.408368175298335,-230.86489455854976,0.27350281252035524,Small,RegolithCovered,background_regolith,Background,Background,-1,-1.0,-1.0,-1.0,0.0,0.007,1.0,-1,,unreal_rockfield.json,unreal_rockfield.json,nan,nan,nan
2149,-93.37900936918243,-72.9010895107883,0.32348171162158235,Medium,RegolithCovered,background_regolith,Background,Background,-1,-1.0,-1.0,-1.0,0.0,0.007,1.0,-1,,unreal_rockfield.json,unreal_rockfield.json,nan,nan,nan
2150,171.8878749961852,237.9299295022431,0.2686021314930646,Small,RegolithCovered,background_regolith,Background,Background,-1,-1.0,-1.0,-1.0,0.0,0.007,1.0,-1,,unreal_rockfield.json,unreal_rockfield.json,nan,nan,nan
2151,-14.046143986327706,-110.48463393047882,0.27433151190656146,Small,RegolithCovered,background_regolith,Background,Background,-1,-1.0,-1.0,-1.0,0.0,0.007,1.0,-1,,unreal_rockfield.json,unreal_rockfield.json,nan,nan,nan
2152,-108.47041230506301,74.42701498458814,0.36696791780225835,Medium,RegolithCovered,background_regolith,Background,Background,-1,-1.0,-1.0,-1.0,0.0,0.007,1.0,-1,,unreal_rockfield.json,unreal_rockfield.json,nan,nan,nan
2153,-99.90997039704581,-50.286873989074365,0.3960603754821972,Medium,RegolithCovered,background_regolith,Background,Background,-1,-1.0,-1.0,-1.0,0.0,0.007,1.0,-1,,unreal_rockfield.json,unreal_rockfield.json,nan,nan,nan
2154,156.82699056978055,200.66682943205058,0.336336704222826,Medium,RegolithCovered,background_regolith,Background,Background,-1,-1.0,-1.0,-1.0,0.0,0.007,1.0,-1,,unreal_rockfield.json,unreal_rockfield.json,nan,nan,nan
2155,29.519028290658298,246.12414929654835,0.29562380365442376,Small,RegolithCovered,background_regolith,Background,Background,-1,-1.0,-1.0,-1.0,0.0,0.007,1.0,-1,,unreal_rockfield.json,unreal_rockfield.json,nan,nan,nan
2156,-203.67290261543627,-129.23825800347913,0.4275512320191349,Medium,RegolithCovered,background_regolith,Background,Background,-1,-1.0,-1.0,-1.0,0.0,0.007,1.0,-1,,unreal_rockfield.json,unreal_rockfield.json,nan,nan,nan
2157,-32.92184209723197,-108.45515305032501,0.33839187626713574,Medium,RegolithCovered,background_regolith,Background,Background,-1,-1.0,-1.0,-1.0,0.0,0.007,1.0,-1,,unreal_rockfield.json,unreal_rockfield.json,nan,nan,nan
2158,18.45606860560929,-172.65083773308513,0.3505661858500815,Medium,RegolithCovered,background_regolith,Background,Background,-1,-1.0,-1.0,-1.0,0.0,0.007,1.0,-1,,unreal_rockfield.json,unreal_rockfield.json,nan,nan,nan
2159,235.10696737571334,-163.87676625873593,0.3063155503025296,Medium,RegolithCovered,background_regolith,Background,Background,-1,-1.0,-1.0,-1.0,0.0,0.007,1.0,-1,,unreal_rockfield.json,unreal_rockfield.json,nan,nan,nan
2160,-148.12921536912137,45.09872737815482,0.43892399903140644,Medium,RegolithCovered,background_regolith,Background,Background,-1,-1.0,-1.0,-1.0,0.0,0.007,1.0,-1,,unreal_rockfield.json,unreal_rockfield.json,nan,nan,nan
2161,20.119327372051146,211.14993743705554,0.28520670104995516,Small,RegolithCovered,background_regolith,Background,Background,-1,-1.0,-1.0,-1.0,0.0,0.007,1.0,-1,,unreal_rockfield.json,unreal_rockfield.json,nan,nan,nan
2162,-104.67085787530135,-29.2748802148503,0.2718756407122278,Small,RegolithCovered,background_regolith,Background,Background,-1,-1.0,-1.0,-1.0,0.0,0.007,1.0,-1,,unreal_rockfield.json,unreal_rockfield.json,nan,nan,nan
2163,218.00134281441694,49.737540818506375,0.2628494442295676,Small,RegolithCovered,background_regolith,Background,Background,-1,-1.0,-1.0,-1.0,0.0,0.007,1.0,-1,,unreal_rockfield.json,unreal_rockfield.json,nan,nan,nan
2164,136.53218176824242,-78.60805078279975,0.40181262206310253,Medium,RegolithCovered,background_regolith,Background,Background,-1,-1.0,-1.0,-1.0,0.0,0.007,1.0,-1,,unreal_rockfield.json,unreal_rockfield.json,nan,nan,nan
2165,61.9907223731193,193.37290566728723,0.26324434288635945,Small,RegolithCovered,background_regolith,Background,Background,-1,-1.0,-1.0,-1.0,0.0,0.007,1.0,-1,,unreal_rockfield.json,unreal_rockfield.json,nan,nan,nan
2166,-40.87191381572924,-201.52134769737847,0.2941694120807232,Small,RegolithCovered,background_regolith,Background,Background,-1,-1.0,-1.0,-1.0,0.0,0.007,1.0,-1,,unreal_rockfield.json,unreal_rockfield.json,nan,nan,nan
2167,-109.99633777886288,-245.52903836176642,0.3505661858500815,Medium,RegolithCovered,background_regolith,Background,Background,-1,-1.0,-1.0,-1.0,0.0,0.007,1.0,-1,,unreal_rockfield.json,unreal_rockfield.json,nan,nan,nan
2168,-224.73067415387433,198.83571886349074,0.27600294122514785,Small,RegolithCovered,background_regolith,Background,Background,-1,-1.0,-1.0,-1.0,0.0,0.007,1.0,-1,,unreal_rockfield.json,unreal_rockfield.json,nan,nan,nan
2169,-115.84063234351635,153.4699545274209,0.324695122516102,Medium,RegolithCovered,background_regolith,Background,Background,-1,-1.0,-1.0,-1.0,0.0,0.007,1.0,-1,,unreal_rockfield.json,unreal_rockfield.json,nan,nan,nan
2170,-60.449537644581454,47.280800805688614,0.2601823872225012,Small,RegolithCovered,background_regolith,Background,Background,-1,-1.0,-1.0,-1.0,0.0,0.007,1.0,-1,,unreal_rockfield.json,unreal_rockfield.json,nan,nan,nan
2171,71.45146031067844,-81.3852351451155,0.5605245348072786,Medium,RegolithCovered,background_regolith,Background,Background,-1,-1.0,-1.0,-1.0,0.0,0.007,1.0,-1,,unreal_rockfield.json,unreal_rockfield.json,nan,nan,nan
2172,153.60728782006288,220.99215674306464,0.36268393760937734,Medium,RegolithCovered,background_regolith,Background,Background,-1,-1.0,-1.0,-1.0,0.0,0.007,1.0,-1,,unreal_rockfield.json,unreal_rockfield.json,nan,nan,nan
2173,197.7980895413068,69.80346079897458,0.34829939513758673,Medium,RegolithCovered,background_regolith,Background,Background,-1,-1.0,-1.0,-1.0,0.0,0.007,1.0,-1,,unreal_rockfield.json,unreal_rockfield.json,nan,nan,nan
2174,-101.92419202246163,-24.83443708609269,0.28570105178965016,Small,RegolithCovered,background_regolith,Background,Background,-1,-1.0,-1.0,-1.0,0.0,0.007,1.0,-1,,unreal_rockfield.json,unreal_rockfield.json,nan,nan,nan
2175,-34.50880458998381,-63.18094424268318,0.2951969941830432,Small,RegolithCovered,background_regolith,Background,Background,-1,-1.0,-1.0,-1.0,0.0,0.007,1.0,-1,,unreal_rockfield.json,unreal_rockfield.json,nan,nan,nan
2176,-33.806878872035895,-1.9760734885708189,0.28819114274129376,Small,RegolithCovered,background_regolith,Background,Background,-1,-1.0,-1.0,-1.0,0.0,0.007,1.0,-1,,unreal_rockfield.json,unreal_rockfield.json,nan,nan,nan
2177,244.3540757469405,129.66551713614302,0.27048327835796393,Small,RegolithCovered,background_regolith,Background,Background,-1,-1.0,-1.0,-1.0,0.0,0.007,1.0,-1,,unreal_rockfield.json,unreal_rockfield.json,nan,nan,nan
2178,-139.66032898953216,-191.06875820184942,0.27806288809669705,Small,RegolithCovered,background_regolith,Background,Background,-1,-1.0,-1.0,-1.0,0.0,0.007,1.0,-1,,unreal_rockfield.json,unreal_rockfield.json,nan,nan,nan
2179,-83.41471602526931,17.28110599078343,0.34618525500352565,Medium,RegolithCovered,background_regolith,Background,Background,-1,-1.0,-1.0,-1.0,0.0,0.007,1.0,-1,,unreal_rockfield.json,unreal_rockfield.json,nan,nan,nan
2180,85.0932340464492,153.63780632953888,0.3241895458387829,Medium,RegolithCovered,background_regolith,Background,Background,-1,-1.0,-1.0,-1.0,0.0,0.007,1.0,-1,,unreal_rockfield.json,unreal_rockfield.json,nan,nan,nan
2181,182.4015015106662,-77.40256965849787,0.2882711020211612,Small,RegolithCovered,background_regolith,Background,Background,-1,-1.0,-1.0,-1.0,0.0,0.007,1.0,-1,,unreal_rockfield.json,unreal_rockfield.json,nan,nan,nan
2182,166.1198767052217,233.6573381756035,0.31671994318971525,Medium,RegolithCovered,background_regolith,Background,Background,-1,-1.0,-1.0,-1.0,0.0,0.007,1.0,-1,,unreal_rockfield.json,unreal_rockfield.json,nan,nan,nan
2183,125.02670369579153,239.79155858027895,0.47532226573455494,Medium,RegolithCovered,background_regolith,Background,Background,-1,-1.0,-1.0,-1.0,0.0,0.007,1.0,-1,,unreal_rockfield.json,unreal_rockfield.json,nan,nan,nan
2184,-18.547624134037306,218.70326853236486,0.30865428974678644,Medium,RegolithCovered,background_regolith,Background,Background,-1,-1.0,-1.0,-1.0,0.0,0.007,1.0,-1,,unreal_rockfield.json,unreal_rockfield.json,nan,nan,nan
2185,-202.1774956511124,-234.46607867671742,0.26268361247804145,Small,RegolithCovered,background_regolith,Background,Background,-1,-1.0,-1.0,-1.0,0.0,0.007,1.0,-1,,unreal_rockfield.json,unreal_rockfield.json,nan,nan,nan
2186,146.4964751121555,220.91586046937465,0.36384934892073567,Medium,RegolithCovered,background_regolith,Background,Background,-1,-1.0,-1.0,-1.0,0.0,0.007,1.0,-1,,unreal_rockfield.json,unreal_rockfield.json,nan,nan,nan
2187,239.45585497604299,143.99395733512375,0.6395251197394479,Medium,RegolithCovered,background_regolith,Background,Background,-1,-1.0,-1.0,-1.0,0.0,0.007,1.0,-1,,unreal_rockfield.json,unreal_rockfield.json,nan,nan,nan
2188,185.54490798669394,-56.54316843165381,0.3852368221403806,Medium,RegolithCovered,background_regolith,Background,Background,-1,-1.0,-1.0,-1.0,0.0,0.007,1.0,-1,,unreal_rockfield.json,unreal_rockfield.json,nan,nan,nan
2189,-165.92150639362774,-105.83056123538924,0.363417242002027,Medium,RegolithCovered,background_regolith,Background,Background,-1,-1.0,-1.0,-1.0,0.0,0.007,1.0,-1,,unreal_rockfield.json,unreal_rockfield.json,nan,nan,nan
2190,-12.413403729361875,242.90444654683063,0.3405859976721902,Medium,RegolithCovered,background_regolith,Background,Background,-1,-1.0,-1.0,-1.0,0.0,0.007,1.0,-1,,unreal_rockfield.json,unreal_rockfield.json,nan,nan,nan
2191,-0.9537034211249136,-42.580950346385094,0.3377910526355513,Medium,RegolithCovered,background_regolith,Background,Background,-1,-1.0,-1.0,-1.0,0.0,0.007,1.0,-1,,unreal_rockfield.json,unreal_rockfield.json,nan,nan,nan
2192,18.959624011963285,50.18005920590838,0.2708098111377112,Small,RegolithCovered,background_regolith,Background,Background,-1,-1.0,-1.0,-1.0,0.0,0.007,1.0,-1,,unreal_rockfield.json,unreal_rockfield.json,nan,nan,nan
2193,-10.536515396588044,4.783776360362538,0.2613108687339561,Small,RegolithCovered,background_regolith,Background,Background,-1,-1.0,-1.0,-1.0,0.0,0.007,1.0,-1,,unreal_rockfield.json,unreal_rockfield.json,nan,nan,nan
2194,-109.79796746726888,169.04965361491747,0.2777225898010648,Small,RegolithCovered,background_regolith,Background,Background,-1,-1.0,-1.0,-1.0,0.0,0.007,1.0,-1,,unreal_rockfield.json,unreal_rockfield.json,nan,nan,nan
2195,-152.43232520523696,-177.51853999450668,0.45120947097006137,Medium,RegolithCovered,background_regolith,Background,Background,-1,-1.0,-1.0,-1.0,0.0,0.007,1.0,-1,,unreal_rockfield.json,unreal_rockfield.json,nan,nan,nan
2196,83.97930845057527,97.98730430005799,0.27113690049640793,Small,RegolithCovered,background_regolith,Background,Background,-1,-1.0,-1.0,-1.0,0.0,0.007,1.0,-1,,unreal_rockfield.json,unreal_rockfield.json,nan,nan,nan
2197,-121.86803796502579,-118.75514999847408,0.3321140837324481,Medium,RegolithCovered,background_regolith,Background,Background,-1,-1.0,-1.0,-1.0,0.0,0.007,1.0,-1,,unreal_rockfield.json,unreal_rockfield.json,nan,nan,nan
2198,-115.38285470137637,-107.78374584185306,0.5390514834245788,Medium,RegolithCovered,background_regolith,Background,Background,-1,-1.0,-1.0,-1.0,0.0,0.007,1.0,-1,,unreal_rockfield.json,unreal_rockfield.json,nan,nan,nan
2199,190.82461012604148,131.80181279946282,0.30409215770374115,Medium,RegolithCovered,background_regolith,Background,Background,-1,-1.0,-1.0,-1.0,0.0,0.007,1.0,-1,,unreal_rockfield.json,unreal_rockfield.json,nan,nan,nan
2200,243.83526108584857,-117.88537247840816,0.27206976440992414,Small,RegolithCovered,background_regolith,Background,Background,-1,-1.0,-1.0,-1.0,0.0,0.007,1.0,-1,,unreal_rockfield.json,unreal_rockfield.json,nan,nan,nan
2201,2.098147526474804,91.24271370586263,0.30207785008562354,Medium,RegolithCovered,background_regolith,Background,Background,-1,-1.0,-1.0,-1.0,0.0,0.007,1.0,-1,,unreal_rockfield.json,unreal_rockfield.json,nan,nan,nan
2202,-89.80834376049074,-18.76125370036928,0.31029458573503893,Medium,RegolithCovered,background_regolith,Background,Background,-1,-1.0,-1.0,-1.0,0.0,0.007,1.0,-1,,unreal_rockfield.json,unreal_rockfield.json,nan,nan,nan
2203,219.58830530716875,-168.62239448225347,0.37592083378561264,Medium,RegolithCovered,background_regolith,Background,Background,-1,-1.0,-1.0,-1.0,0.0,0.007,1.0,-1,,unreal_rockfield.json,unreal_rockfield.json,nan,nan,nan
2204,78.77590258491773,38.964506973479445,0.33681456691906575,Medium,RegolithCovered,background_regolith,Background,Background,-1,-1.0,-1.0,-1.0,0.0,0.007,1.0,-1,,unreal_rockfield.json,unreal_rockfield.json,nan,nan,nan
2205,30.663472396008217,-13.893551438947725,0.29354687576962024,Small,RegolithCovered,background_regolith,Background,Background,-1,-1.0,-1.0,-1.0,0.0,0.007,1.0,-1,,unreal_rockfield.json,unreal_rockfield.json,nan,nan,nan
2206,18.91384624774929,-93.39426862392042,0.2971973967156839,Small,RegolithCovered,background_regolith,Background,Background,-1,-1.0,-1.0,-1.0,0.0,0.007,1.0,-1,,unreal_rockfield.json,unreal_rockfield.json,nan,nan,nan
2207,-30.15991698965422,-199.0340891750847,0.3033101398750544,Medium,RegolithCovered,background_regolith,Background,Background,-1,-1.0,-1.0,-1.0,0.0,0.007,1.0,-1,,unreal_rockfield.json,unreal_rockfield.json,nan,nan,nan
2208,52.04168828394421,-220.7937864314707,0.30701610016634445,Medium,RegolithCovered,background_regolith,Background,Background,-1,-1.0,-1.0,-1.0,0.0,0.007,1.0,-1,,unreal_rockfield.json,unreal_rockfield.json,nan,nan,nan
2209,-65.68346201971494,-11.040070802941983,0.27638052664635493,Small,RegolithCovered,background_regolith,Background,Background,-1,-1.0,-1.0,-1.0,0.0,0.007,1.0,-1,,unreal_rockfield.json,unreal_rockfield.json,nan,nan,nan
2210,-187.74224066896574,136.45588549455243,0.26471335781581523,Small,RegolithCovered,background_regolith,Background,Background,-1,-1.0,-1.0,-1.0,0.0,0.007,1.0,-1,,unreal_rockfield.json,unreal_rockfield.json,nan,nan,nan
2211,42.260505996887105,170.88076418347725,0.2788974265822377,Small,RegolithCovered,background_regolith,Background,Background,-1,-1.0,-1.0,-1.0,0.0,0.007,1.0,-1,,unreal_rockfield.json,unreal_rockfield.json,nan,nan,nan
2212,-129.89440595721305,-79.2489394817957,0.31657019918870877,Medium,RegolithCovered,background_regolith,Background,Background,-1,-1.0,-1.0,-1.0,0.0,0.007,1.0,-1,,unreal_rockfield.json,unreal_rockfield.json,nan,nan,nan
2213,-229.79674672688986,-94.87441633350628,0.2777949667759287,Small,RegolithCovered,background_regolith,Background,Background,-1,-1.0,-1.0,-1.0,0.0,0.007,1.0,-1,,unreal_rockfield.json,unreal_rockfield.json,nan,nan,nan
2214,-28.93917661061434,149.36521500289922,0.30710118804666076,Medium,RegolithCovered,background_regolith,Background,Background,-1,-1.0,-1.0,-1.0,0.0,0.007,1.0,-1,,unreal_rockfield.json,unreal_rockfield.json,nan,nan,nan
2215,152.63069551683094,184.64461195715205,0.26075569319170266,Small,RegolithCovered,background_regolith,Background,Background,-1,-1.0,-1.0,-1.0,0.0,0.007,1.0,-1,,unreal_rockfield.json,unreal_rockfield.json,nan,nan,nan
2216,-228.301339762566,143.2462538529618,0.28202182704255024,Small,RegolithCovered,background_regolith,Background,Background,-1,-1.0,-1.0,-1.0,0.0,0.007,1.0,-1,,unreal_rockfield.json,unreal_rockfield.json,nan,nan,nan
2217,165.61632129886777,239.54741050447097,0.4665169457156291,Medium,RegolithCovered,background_regolith,Background,Background,-1,-1.0,-1.0,-1.0,0.0,0.007,1.0,-1,,unreal_rockfield.json,unreal_rockfield.json,nan,nan,nan
2218,-12.749107333597834,161.1911374248482,0.29249820962355005,Small,RegolithCovered,background_regolith,Background,Background,-1,-1.0,-1.0,-1.0,0.0,0.007,1.0,-1,,unreal_rockfield.json,unreal_rockfield.json,nan,nan,nan
2219,-64.76790673543502,-32.87606433301798,0.2653885970406471,Small,RegolithCovered,background_regolith,Background,Background,-1,-1.0,-1.0,-1.0,0.0,0.007,1.0,-1,,unreal_rockfield.json,unreal_rockfield.json,nan,nan,nan
2220,229.90356151005585,136.19647816400646,0.3218137224735229,Medium,RegolithCovered,background_regolith,Background,Background,-1,-1.0,-1.0,-1.0,0.0,0.007,1.0,-1,,unreal_rockfield.json,unreal_rockfield.json,nan,nan,nan
2221,-203.3066805017243,-244.87289040803248,0.36928881041875167,Medium,RegolithCovered,background_regolith,Background,Background,-1,-1.0,-1.0,-1.0,0.0,0.007,1.0,-1,,unreal_rockfield.json,unreal_rockfield.json,nan,nan,nan
2222,-42.64198736533709,112.4530777916807,0.2928504046332282,Small,RegolithCovered,background_regolith,Background,Background,-1,-1.0,-1.0,-1.0,0.0,0.007,1.0,-1,,unreal_rockfield.json,unreal_rockfield.json,nan,nan,nan
2223,171.14017151402328,-192.93038727988525,0.28422084015391785,Small,RegolithCovered,background_regolith,Background,Background,-1,-1.0,-1.0,-1.0,0.0,0.007,1.0,-1,,unreal_rockfield.json,unreal_rockfield.json,nan,nan,nan
2224,-198.37794122135074,62.64687032685322,0.32744651836546496,Medium,RegolithCovered,background_regolith,Background,Background,-1,-1.0,-1.0,-1.0,0.0,0.007,1.0,-1,,unreal_rockfield.json,unreal_rockfield.json,nan,nan,nan
2225,-90.83071382793665,-242.91970580156865,0.326354578268057,Medium,RegolithCovered,background_regolith,Background,Background,-1,-1.0,-1.0,-1.0,0.0,0.007,1.0,-1,,unreal_rockfield.json,unreal_rockfield.json,nan,nan,nan
2226,46.685689870906685,213.49986266670732,0.3452691210087045,Medium,RegolithCovered,background_regolith,Background,Background,-1,-1.0,-1.0,-1.0,0.0,0.007,1.0,-1,,unreal_rockfield.json,unreal_rockfield.json,nan,nan,nan
2227,-137.0052186651204,-186.07898190252388,0.29526675171046357,Small,RegolithCovered,background_regolith,Background,Background,-1,-1.0,-1.0,-1.0,0.0,0.007,1.0,-1,,unreal_rockfield.json,unreal_rockfield.json,nan,nan,nan
2228,109.14181951353498,9.926145207068089,0.3402194663533563,Medium,RegolithCovered,background_regolith,Background,Background,-1,-1.0,-1.0,-1.0,0.0,0.007,1.0,-1,,unreal_rockfield.json,unreal_rockfield.json,nan,nan,nan
2229,177.90002136295664,-163.129062776574,0.26888875780908567,Small,RegolithCovered,background_regolith,Background,Background,-1,-1.0,-1.0,-1.0,0.0,0.007,1.0,-1,,unreal_rockfield.json,unreal_rockfield.json,nan,nan,nan
2230,-15.968810083315532,94.11145359660634,0.27442364003832903,Small,RegolithCovered,background_regolith,Background,Background,-1,-1.0,-1.0,-1.0,0.0,0.007,1.0,-1,,unreal_rockfield.json,unreal_rockfield.json,nan,nan,nan
2231,-171.41483809930725,57.748649555955694,0.3212055227007624,Medium,RegolithCovered,background_regolith,Background,Background,-1,-1.0,-1.0,-1.0,0.0,0.007,1.0,-1,,unreal_rockfield.json,unreal_rockfield.json,nan,nan,nan
2232,187.54387035737176,-150.25025177770317,0.4697294907951773,Medium,RegolithCovered,background_regolith,Background,Background,-1,-1.0,-1.0,-1.0,0.0,0.007,1.0,-1,,unreal_rockfield.json,unreal_rockfield.json,nan,nan,nan
2233,-47.8911709952086,60.6479079561754,0.31132793279239457,Medium,RegolithCovered,background_regolith,Background,Background,-1,-1.0,-1.0,-1.0,0.0,0.007,1.0,-1,,unreal_rockfield.json,unreal_rockfield.json,nan,nan,nan
2234,195.768608661153,-145.56566057313762,0.2695258169957324,Small,RegolithCovered,background_regolith,Background,Background,-1,-1.0,-1.0,-1.0,0.0,0.007,1.0,-1,,unreal_rockfield.json,unreal_rockfield.json,nan,nan,nan
2235,234.6186712240974,52.163762321848196,0.3486487108400332,Medium,RegolithCovered,background_regolith,Background,Background,-1,-1.0,-1.0,-1.0,0.0,0.007,1.0,-1,,unreal_rockfield.json,unreal_rockfield.json,nan,nan,nan
2236,182.9508346812342,179.30387279885252,0.28130561638484797,Small,RegolithCovered,background_regolith,Background,Background,-1,-1.0,-1.0,-1.0,0.0,0.007,1.0,-1,,unreal_rockfield.json,unreal_rockfield.json,nan,nan,nan
2237,183.40861232337414,-163.63261818292796,0.5726200376118937,Medium,RegolithCovered,background_regolith,Background,Background,-1,-1.0,-1.0,-1.0,0.0,0.007,1.0,-1,,unreal_rockfield.json,unreal_rockfield.json,nan,nan,nan
2238,-60.861537522507405,64.20331431012909,0.30702035103414466,Medium,RegolithCovered,background_regolith,Background,Background,-1,-1.0,-1.0,-1.0,0.0,0.007,1.0,-1,,unreal_rockfield.json,unreal_rockfield.json,nan,nan,nan
2239,242.87392803735463,189.3444624164556,0.2792913942921542,Small,RegolithCovered,background_regolith,Background,Background,-1,-1.0,-1.0,-1.0,0.0,0.007,1.0,-1,,unreal_rockfield.json,unreal_rockfield.json,nan,nan,nan
2240,135.73870052186646,-234.7407452620014,0.27933590634245636,Small,RegolithCovered,background_regolith,Background,Background,-1,-1.0,-1.0,-1.0,0.0,0.007,1.0,-1,,unreal_rockfield.json,unreal_rockfield.json,nan,nan,nan
2241,83.15530869472337,-55.932798242133856,0.35713263036222614,Medium,RegolithCovered,background_regolith,Background,Background,-1,-1.0,-1.0,-1.0,0.0,0.007,1.0,-1,,unreal_rockfield.json,unreal_rockfield.json,nan,nan,nan
2242,43.908505508590906,7.0574053163243775,0.3001079139375781,Medium,RegolithCovered,background_regolith,Background,Background,-1,-1.0,-1.0,-1.0,0.0,0.007,1.0,-1,,unreal_rockfield.json,unreal_rockfield.json,nan,nan,nan
2243,190.7025360881375,-13.527329325235769,0.28222143700785773,Small,RegolithCovered,background_regolith,Background,Background,-1,-1.0,-1.0,-1.0,0.0,0.007,1.0,-1,,unreal_rockfield.json,unreal_rockfield.json,nan,nan,nan
2244,-167.11172826319162,162.67128513443402,0.31326829184216876,Medium,RegolithCovered,background_regolith,Background,Background,-1,-1.0,-1.0,-1.0,0.0,0.007,1.0,-1,,unreal_rockfield.json,unreal_rockfield.json,nan,nan,nan
2245,-193.81542405468917,-36.53828547013762,0.29266768462726306,Small,RegolithCovered,background_regolith,Background,Background,-1,-1.0,-1.0,-1.0,0.0,0.007,1.0,-1,,unreal_rockfield.json,unreal_rockfield.json,nan,nan,nan
2246,121.7612231818598,216.87215796380502,0.2775106672014198,Small,RegolithCovered,background_regolith,Background,Background,-1,-1.0,-1.0,-1.0,0.0,0.007,1.0,-1,,unreal_rockfield.json,unreal_rockfield.json,nan,nan,nan
2247,-22.682882168034894,-246.7192602313303,0.2743796454827238,Small,RegolithCovered,background_regolith,Background,Background,-1,-1.0,-1.0,-1.0,0.0,0.007,1.0,-1,,unreal_rockfield.json,unreal_rockfield.json,nan,nan,nan
2248,-35.699026459547724,-69.57457197790458,0.3062652969352122,Medium,RegolithCovered,background_regolith,Background,Background,-1,-1.0,-1.0,-1.0,0.0,0.007,1.0,-1,,unreal_rockfield.json,unreal_rockfield.json,nan,nan,nan
2249,207.94549394207587,83.49101229895933,0.35510858657647587,Medium,RegolithCovered,background_regolith,Background,Background,-1,-1.0,-1.0,-1.0,0.0,0.007,1.0,-1,,unreal_rockfield.json,unreal_rockfield.json,nan,nan,nan
2250,-147.16788232062746,102.91604358043156,0.2610943376729426,Small,RegolithCovered,background_regolith,Background,Background,-1,-1.0,-1.0,-1.0,0.0,0.007,1.0,-1,,unreal_rockfield.json,unreal_rockfield.json,nan,nan,nan
2251,78.1807916501358,39.620654927213366,0.41994909558206434,Medium,RegolithCovered,background_regolith,Background,Background,-1,-1.0,-1.0,-1.0,0.0,0.007,1.0,-1,,unreal_rockfield.json,unreal_rockfield.json,nan,nan,nan
2252,66.96523941770681,115.33707693716241,0.33017668415209184,Medium,RegolithCovered,background_regolith,Background,Background,-1,-1.0,-1.0,-1.0,0.0,0.007,1.0,-1,,unreal_rockfield.json,unreal_rockfield.json,nan,nan,nan
2253,-28.52717673268836,28.02362132633442,0.2729056701240941,Small,RegolithCovered,background_regolith,Background,Background,-1,-1.0,-1.0,-1.0,0.0,0.007,1.0,-1,,unreal_rockfield.json,unreal_rockfield.json,nan,nan,nan
2254,208.87630848109376,210.78371532334359,0.34863924081669007,Medium,RegolithCovered,background_regolith,Background,Background,-1,-1.0,-1.0,-1.0,0.0,0.007,1.0,-1,,unreal_rockfield.json,unreal_rockfield.json,nan,nan,nan
2255,-140.85055085909602,-27.1233252967925,0.2972805962774025,Small,RegolithCovered,background_regolith,Background,Background,-1,-1.0,-1.0,-1.0,0.0,0.007,1.0,-1,,unreal_rockfield.json,unreal_rockfield.json,nan,nan,nan
2256,-8.262886440626232,-73.35886715292824,0.32720469379318545,Medium,RegolithCovered,background_regolith,Background,Background,-1,-1.0,-1.0,-1.0,0.0,0.007,1.0,-1,,unreal_rockfield.json,unreal_rockfield.json,nan,nan,nan
2257,151.71514023255105,82.20923490096743,0.2755898149419131,Small,RegolithCovered,background_regolith,Background,Background,-1,-1.0,-1.0,-1.0,0.0,0.007,1.0,-1,,unreal_rockfield.json,unreal_rockfield.json,nan,nan,nan
2258,222.10608233893856,-84.02508621478927,0.2934316693074471,Small,RegolithCovered,background_regolith,Background,Background,-1,-1.0,-1.0,-1.0,0.0,0.007,1.0,-1,,unreal_rockfield.json,unreal_rockfield.json,nan,nan,nan
2259,112.31574449903871,-155.72832422864468,0.2839367647108619,Small,RegolithCovered,background_regolith,Background,Background,-1,-1.0,-1.0,-1.0,0.0,0.007,1.0,-1,,unreal_rockfield.json,unreal_rockfield.json,nan,nan,nan
2260,-123.05825983458968,-227.1721549119541,0.3079170118554198,Medium,RegolithCovered,background_regolith,Background,Background,-1,-1.0,-1.0,-1.0,0.0,0.007,1.0,-1,,unreal_rockfield.json,unreal_rockfield.json,nan,nan,nan
2261,-66.67531357768485,-46.31946775719473,0.3585496728097655,Medium,RegolithCovered,background_regolith,Background,Background,-1,-1.0,-1.0,-1.0,0.0,0.007,1.0,-1,,unreal_rockfield.json,unreal_rockfield.json,nan,nan,nan
2262,159.60417493209633,96.90389721366012,0.29238556897432477,Small,RegolithCovered,background_regolith,Background,Background,-1,-1.0,-1.0,-1.0,0.0,0.007,1.0,-1,,unreal_rockfield.json,unreal_rockfield.json,nan,nan,nan
2263,-14.687032685323658,53.720206305124066,0.26763533526771305,Small,RegolithCovered,background_regolith,Background,Background,-1,-1.0,-1.0,-1.0,0.0,0.007,1.0,-1,,unreal_rockfield.json,unreal_rockfield.json,nan,nan,nan
2264,-136.88314462721638,82.57545701467939,0.2728995983815657,Small,RegolithCovered,background_regolith,Background,Background,-1,-1.0,-1.0,-1.0,0.0,0.007,1.0,-1,,unreal_rockfield.json,unreal_rockfield.json,nan,nan,nan
2265,149.57884456923125,-46.8230231635487,0.2676067039871269,Small,RegolithCovered,background_regolith,Background,Background,-1,-1.0,-1.0,-1.0,0.0,0.007,1.0,-1,,unreal_rockfield.json,unreal_rockfield.json,nan,nan,nan
2266,212.14178899502548,84.25397503585924,0.32284181114756977,Medium,RegolithCovered,background_regolith,Background,Background,-1,-1.0,-1.0,-1.0,0.0,0.007,1.0,-1,,unreal_rockfield.json,unreal_rockfield.json,nan,nan,nan
2267,226.28711813715017,-227.73674733726006,0.3523796603033445,Medium,RegolithCovered,background_regolith,Background,Background,-1,-1.0,-1.0,-1.0,0.0,0.007,1.0,-1,,unreal_rockfield.json,unreal_rockfield.json,nan,nan,nan
2268,33.394878994109945,81.81249427777948,0.5400898311283949,Medium,RegolithCovered,background_regolith,Background,Background,-1,-1.0,-1.0,-1.0,0.0,0.007,1.0,-1,,unreal_rockfield.json,unreal_rockfield.json,nan,nan,nan
2269,-141.43040253914,228.89645069734792,0.3025910240839532,Medium,RegolithCovered,background_regolith,Background,Background,-1,-1.0,-1.0,-1.0,0.0,0.007,1.0,-1,,unreal_rockfield.json,unreal_rockfield.json,nan,nan,nan
2270,57.06198309274572,-66.30909146397289,0.3779330907029319,Medium,RegolithCovered,background_regolith,Background,Background,-1,-1.0,-1.0,-1.0,0.0,0.007,1.0,-1,,unreal_rockfield.json,unreal_rockfield.json,nan,nan,nan
2271,-84.20819727164525,-68.15546128727073,0.2947181498201396,Small,RegolithCovered,background_regolith,Background,Background,-1,-1.0,-1.0,-1.0,0.0,0.007,1.0,-1,,unreal_rockfield.json,unreal_rockfield.json,nan,nan,nan
2272,-186.18579668568987,-51.2939848017823,0.30483419436032705,Medium,RegolithCovered,background_regolith,Background,Background,-1,-1.0,-1.0,-1.0,0.0,0.007,1.0,-1,,unreal_rockfield.json,unreal_rockfield.json,nan,nan,nan
2273,24.208807641834767,38.82717368083746,0.271335525293413,Small,RegolithCovered,background_regolith,Background,Background,-1,-1.0,-1.0,-1.0,0.0,0.007,1.0,-1,,unreal_rockfield.json,unreal_rockfield.json,nan,nan,nan
2274,-95.24063844721826,-181.40964995269633,0.30204332152407826,Medium,RegolithCovered,background_regolith,Background,Background,-1,-1.0,-1.0,-1.0,0.0,0.007,1.0,-1,,unreal_rockfield.json,unreal_rockfield.json,nan,nan,nan
2275,108.34833826715902,-98.55189672536395,0.26108667999240875,Small,RegolithCovered,background_regolith,Background,Background,-1,-1.0,-1.0,-1.0,0.0,0.007,1.0,-1,,unreal_rockfield.json,unreal_rockfield.json,nan,nan,nan
2276,-181.95898312326426,18.425550096133293,0.26628758442022454,Small,RegolithCovered,background_regolith,Background,Background,-1,-1.0,-1.0,-1.0,0.0,0.007,1.0,-1,,unreal_rockfield.json,unreal_rockfield.json,nan,nan,nan
2277,98.30774864955595,-204.3290505691702,0.32295278040497516,Medium,RegolithCovered,background_regolith,Background,Background,-1,-1.0,-1.0,-1.0,0.0,0.007,1.0,-1,,unreal_rockfield.json,unreal_rockfield.json,nan,nan,nan
2278,-112.39204077272865,89.85412152470474,0.35335015705621947,Medium,RegolithCovered,background_regolith,Background,Background,-1,-1.0,-1.0,-1.0,0.0,0.007,1.0,-1,,unreal_rockfield.json,unreal_rockfield.json,nan,nan,nan
2279,54.54420606097597,-40.74983977782526,0.37058197607246834,Medium,RegolithCovered,background_regolith,Background,Background,-1,-1.0,-1.0,-1.0,0.0,0.007,1.0,-1,,unreal_rockfield.json,unreal_rockfield.json,nan,nan,nan
2280,-129.34507278664512,-40.44465468306527,0.2741020408882405,Small,RegolithCovered,background_regolith,Background,Background,-1,-1.0,-1.0,-1.0,0.0,0.007,1.0,-1,,unreal_rockfield.json,unreal_rockfield.json,nan,nan,nan
2281,51.126132999664264,-131.45084994048892,0.4033358841152965,Medium,RegolithCovered,background_regolith,Background,Background,-1,-1.0,-1.0,-1.0,0.0,0.007,1.0,-1,,unreal_rockfield.json,unreal_rockfield.json,nan,nan,nan
2282,-98.68923001800593,-200.63631092257455,0.26532075298088903,Small,RegolithCovered,background_regolith,Background,Background,-1,-1.0,-1.0,-1.0,0.0,0.007,1.0,-1,,unreal_rockfield.json,unreal_rockfield.json,nan,nan,nan
2283,-73.52671895504622,-80.02716147343364,0.28677254206066627,Small,RegolithCovered,background_regolith,Background,Background,-1,-1.0,-1.0,-1.0,0.0,0.007,1.0,-1,,unreal_rockfield.json,unreal_rockfield.json,nan,nan,nan
2284,193.6933500167852,94.14197210608233,0.28253008270302404,Small,RegolithCovered,background_regolith,Background,Background,-1,-1.0,-1.0,-1.0,0.0,0.007,1.0,-1,,unreal_rockfield.json,unreal_rockfield.json,nan,nan,nan
2285,146.87795648060546,-124.18744468520157,0.6784717042639749,Medium,RegolithCovered,background_regolith,Background,Background,-1,-1.0,-1.0,-1.0,0.0,0.007,1.0,-1,,unreal_rockfield.json,unreal_rockfield.json,nan,nan,nan
2286,-242.3703726310007,234.5728934598834,0.2799875891980305,Small,RegolithCovered,background_regolith,Background,Background,-1,-1.0,-1.0,-1.0,0.0,0.007,1.0,-1,,unreal_rockfield.json,unreal_rockfield.json,nan,nan,nan
2287,217.78771324808497,26.94021423993655,0.3017756117681623,Medium,RegolithCovered,background_regolith,Background,Background,-1,-1.0,-1.0,-1.0,0.0,0.007,1.0,-1,,unreal_rockfield.json,unreal_rockfield.json,nan,nan,nan
2288,-9.468367564928144,-216.85689870906705,0.38992202054172415,Medium,RegolithCovered,background_regolith,Background,Background,-1,-1.0,-1.0,-1.0,0.0,0.007,1.0,-1,,unreal_rockfield.json,unreal_rockfield.json,nan,nan,nan
2289,11.360515152439973,-46.349986266670726,0.3182370722479835,Medium,RegolithCovered,background_regolith,Background,Background,-1,-1.0,-1.0,-1.0,0.0,0.007,1.0,-1,,unreal_rockfield.json,unreal_rockfield.json,nan,nan,nan
2290,-241.89733573412275,-239.74578081606495,0.28698045549703416,Small,RegolithCovered,background_regolith,Background,Background,-1,-1.0,-1.0,-1.0,0.0,0.007,1.0,-1,,unreal_rockfield.json,unreal_rockfield.json,nan,nan,nan
2291,240.38666951506087,-31.929990539262064,0.2668918510594685,Small,RegolithCovered,background_regolith,Background,Background,-1,-1.0,-1.0,-1.0,0.0,0.007,1.0,-1,,unreal_rockfield.json,unreal_rockfield.json,nan,nan,nan
2292,-88.32819605090486,49.157689138462445,0.31969136818492994,Medium,RegolithCovered,background_regolith,Background,Background,-1,-1.0,-1.0,-1.0,0.0,0.007,1.0,-1,,unreal_rockfield.json,unreal_rockfield.json,nan,nan,nan
2293,-211.65349284340954,234.45081942197942,0.3366168354976898,Medium,RegolithCovered,background_regolith,Background,Background,-1,-1.0,-1.0,-1.0,0.0,0.007,1.0,-1,,unreal_rockfield.json,unreal_rockfield.json,nan,nan,nan
2294,47.92168950468459,15.205847346415624,0.2993588424706679,Small,RegolithCovered,background_regolith,Background,Background,-1,-1.0,-1.0,-1.0,0.0,0.007,1.0,-1,,unreal_rockfield.json,unreal_rockfield.json,nan,nan,nan
2295,-110.11841181676687,125.42344431897948,0.2798095528709148,Small,RegolithCovered,background_regolith,Background,Background,-1,-1.0,-1.0,-1.0,0.0,0.007,1.0,-1,,unreal_rockfield.json,unreal_rockfield.json,nan,nan,nan
2296,136.6847743156224,-141.72032837916197,0.2713491900622469,Small,RegolithCovered,background_regolith,Background,Background,-1,-1.0,-1.0,-1.0,0.0,0.007,1.0,-1,,unreal_rockfield.json,unreal_rockfield.json,nan,nan,nan
2297,-68.21649830622272,19.6768089846492,0.2924512427980988,Small,RegolithCovered,background_regolith,Background,Background,-1,-1.0,-1.0,-1.0,0.0,0.007,1.0,-1,,unreal_rockfield.json,unreal_rockfield.json,nan,nan,nan
2298,-140.43855098117007,-240.1120029297769,0.2820292963793189,Small,RegolithCovered,background_regolith,Background,Background,-1,-1.0,-1.0,-1.0,0.0,0.007,1.0,-1,,unreal_rockfield.json,unreal_rockfield.json,nan,nan,nan
2299,101.20700704977571,-82.6670125431074,0.34126035505757835,Medium,RegolithCovered,background_regolith,Background,Background,-1,-1.0,-1.0,-1.0,0.0,0.007,1.0,-1,,unreal_rockfield.json,unreal_rockfield.json,nan,nan,nan
2300,56.74153874324776,233.1995605334635,0.26046955519049364,Small,RegolithCovered,background_regolith,Background,Background,-1,-1.0,-1.0,-1.0,0.0,0.007,1.0,-1,,unreal_rockfield.json,unreal_rockfield.json,nan,nan,nan
2301,-69.4677571947386,-118.70937223426009,0.6466957774293307,Medium,RegolithCovered,background_regolith,Background,Background,-1,-1.0,-1.0,-1.0,0.0,0.007,1.0,-1,,unreal_rockfield.json,unreal_rockfield.json,nan,nan,nan
2302,5.394146549882521,-77.35679189428387,0.27781081508887523,Small,RegolithCovered,background_regolith,Background,Background,-1,-1.0,-1.0,-1.0,0.0,0.007,1.0,-1,,unreal_rockfield.json,unreal_rockfield.json,nan,nan,nan
2303,166.74550614947964,-157.16269417401654,0.2674763181329841,Small,RegolithCovered,background_regolith,Background,Background,-1,-1.0,-1.0,-1.0,0.0,0.007,1.0,-1,,unreal_rockfield.json,unreal_rockfield.json,nan,nan,nan
2304,-207.7623828852199,118.99929807428208,0.3451623397076033,Medium,RegolithCovered,background_regolith,Background,Background,-1,-1.0,-1.0,-1.0,0.0,0.007,1.0,-1,,unreal_rockfield.json,unreal_rockfield.json,nan,nan,nan
2305,12.749107333597863,176.41987365337076,0.42044023026530963,Medium,RegolithCovered,background_regolith,Background,Background,-1,-1.0,-1.0,-1.0,0.0,0.007,1.0,-1,,unreal_rockfield.json,unreal_rockfield.json,nan,nan,nan
2306,228.68282113101594,140.77425458540603,0.2763104387118394,Small,RegolithCovered,background_regolith,Background,Background,-1,-1.0,-1.0,-1.0,0.0,0.007,1.0,-1,,unreal_rockfield.json,unreal_rockfield.json,nan,nan,nan
2307,-161.46580401013216,87.56523331400496,0.27597252697927,Small,RegolithCovered,background_regolith,Background,Background,-1,-1.0,-1.0,-1.0,0.0,0.007,1.0,-1,,unreal_rockfield.json,unreal_rockfield.json,nan,nan,nan
2308,29.534287545396296,173.917355876339,0.30532433697971817,Medium,RegolithCovered,background_regolith,Background,Background,-1,-1.0,-1.0,-1.0,0.0,0.007,1.0,-1,,unreal_rockfield.json,unreal_rockfield.json,nan,nan,nan
2309,126.43055513168736,209.3035676137577,0.2776661278548868,Small,RegolithCovered,background_regolith,Background,Background,-1,-1.0,-1.0,-1.0,0.0,0.007,1.0,-1,,unreal_rockfield.json,unreal_rockfield.json,nan,nan,nan
2310,-227.61467329935607,-156.14032410657063,0.39021016140993814,Medium,RegolithCovered,background_regolith,Background,Background,-1,-1.0,-1.0,-1.0,0.0,0.007,1.0,-1,,unreal_rockfield.json,unreal_rockfield.json,nan,nan,nan
2311,-113.38389233069856,-199.52238532670066,0.2818057567763233,Small,RegolithCovered,background_regolith,Background,Background,-1,-1.0,-1.0,-1.0,0.0,0.007,1.0,-1,,unreal_rockfield.json,unreal_rockfield.json,nan,nan,nan
2312,-88.46552934354688,-93.25693533127841,0.3399360963315904,Medium,RegolithCovered,background_regolith,Background,Background,-1,-1.0,-1.0,-1.0,0.0,0.007,1.0,-1,,unreal_rockfield.json,unreal_rockfield.json,nan,nan,nan
2313,243.39274269844663,25.292214728232693,0.31313333793913084,Medium,RegolithCovered,background_regolith,Background,Background,-1,-1.0,-1.0,-1.0,0.0,0.007,1.0,-1,,unreal_rockfield.json,unreal_rockfield.json,nan,nan,nan
2314,-224.8832667012543,175.74846644489884,0.29890781830926116,Small,RegolithCovered,background_regolith,Background,Background,-1,-1.0,-1.0,-1.0,0.0,0.007,1.0,-1,,unreal_rockfield.json,unreal_rockfield.json,nan,nan,nan
2315,35.16495254371779,-98.9791558580279,0.2812101682070908,Small,RegolithCovered,background_regolith,Background,Background,-1,-1.0,-1.0,-1.0,0.0,0.007,1.0,-1,,unreal_rockfield.json,unreal_rockfield.json,nan,nan,nan
2316,-33.59324930570389,-167.24906155583363,0.41002792207494027,Medium,RegolithCovered,background_regolith,Background,Background,-1,-1.0,-1.0,-1.0,0.0,0.007,1.0,-1,,unreal_rockfield.json,unreal_rockfield.json,nan,nan,nan
2317,-216.79586169011506,70.84109012115846,0.3439143315998404,Medium,RegolithCovered,background_regolith,Background,Background,-1,-1.0,-1.0,-1.0,0.0,0.007,1.0,-1,,unreal_rockfield.json,unreal_rockfield.json,nan,nan,nan
2318,-146.4659566026795,-197.70653401287882,0.28495621983507463,Small,RegolithCovered,background_regolith,Background,Background,-1,-1.0,-1.0,-1.0,0.0,0.007,1.0,-1,,unreal_rockfield.json,unreal_rockfield.json,nan,nan,nan
2319,-51.47709585863828,25.795770134586633,0.27320627061004016,Small,RegolithCovered,background_regolith,Background,Background,-1,-1.0,-1.0,-1.0,0.0,0.007,1.0,-1,,unreal_rockfield.json,unreal_rockfield.json,nan,nan,nan
2320,-191.3586840418714,70.04760887478255,0.287139106861154,Small,RegolithCovered,background_regolith,Background,Background,-1,-1.0,-1.0,-1.0,0.0,0.007,1.0,-1,,unreal_rockfield.json,unreal_rockfield.json,nan,nan,nan
2321,204.32905056917025,204.29853205969425,0.41412620779993553,Medium,RegolithCovered,background_regolith,Background,Background,-1,-1.0,-1.0,-1.0,0.0,0.007,1.0,-1,,unreal_rockfield.json,unreal_rockfield.json,nan,nan,nan
2322,-19.234290597247252,-98.03308206427198,0.36197185012461147,Medium,RegolithCovered,background_regolith,Background,Background,-1,-1.0,-1.0,-1.0,0.0,0.007,1.0,-1,,unreal_rockfield.json,unreal_rockfield.json,nan,nan,nan
2323,189.00875881221964,-25.73473311563461,0.26728237474890537,Small,RegolithCovered,background_regolith,Background,Background,-1,-1.0,-1.0,-1.0,0.0,0.007,1.0,-1,,unreal_rockfield.json,unreal_rockfield.json,nan,nan,nan
2324,96.9954527420881,48.27265236365855,0.42037864031581845,Medium,RegolithCovered,background_regolith,Background,Background,-1,-1.0,-1.0,-1.0,0.0,0.007,1.0,-1,,unreal_rockfield.json,unreal_rockfield.json,nan,nan,nan
2325,58.75576036866357,-208.6169011505478,0.30695662692021464,Medium,RegolithCovered,background_regolith,Background,Background,-1,-1.0,-1.0,-1.0,0.0,0.007,1.0,-1,,unreal_rockfield.json,unreal_rockfield.json,nan,nan,nan
2326,19.981994079409162,-114.46729941709646,0.26296143406198363,Small,RegolithCovered,background_regolith,Background,Background,-1,-1.0,-1.0,-1.0,0.0,0.007,1.0,-1,,unreal_rockfield.json,unreal_rockfield.json,nan,nan,nan
2327,-181.97424237800226,-237.0296334727012,0.4161165392842453,Medium,RegolithCovered,background_regolith,Background,Background,-1,-1.0,-1.0,-1.0,0.0,0.007,1.0,-1,,unreal_rockfield.json,unreal_rockfield.json,nan,nan,nan
2328,-16.335032197027516,-248.53511154515215,0.3013541447939913,Medium,RegolithCovered,background_regolith,Background,Background,-1,-1.0,-1.0,-1.0,0.0,0.007,1.0,-1,,unreal_rockfield.json,unreal_rockfield.json,nan,nan,nan
2329,57.88598284859768,-129.63499862666708,0.2610728997322156,Small,RegolithCovered,background_regolith,Background,Background,-1,-1.0,-1.0,-1.0,0.0,0.007,1.0,-1,,unreal_rockfield.json,unreal_rockfield.json,nan,nan,nan
2330,22.713400677510947,142.51380962553787,0.30891431929209867,Medium,RegolithCovered,background_regolith,Background,Background,-1,-1.0,-1.0,-1.0,0.0,0.007,1.0,-1,,unreal_rockfield.json,unreal_rockfield.json,nan,nan,nan
2331,62.87575914792319,147.4120303964354,0.2856443579625415,Small,RegolithCovered,background_regolith,Background,Background,-1,-1.0,-1.0,-1.0,0.0,0.007,1.0,-1,,unreal_rockfield.json,unreal_rockfield.json,nan,nan,nan
2332,39.01028473769344,167.03543198950166,0.33251308111318595,Medium,RegolithCovered,background_regolith,Background,Background,-1,-1.0,-1.0,-1.0,0.0,0.007,1.0,-1,,unreal_rockfield.json,unreal_rockfield.json,nan,nan,nan
2333,-54.43739127781001,120.61677907650994,0.3314557282278436,Medium,RegolithCovered,background_regolith,Background,Background,-1,-1.0,-1.0,-1.0,0.0,0.007,1.0,-1,,unreal_rockfield.json,unreal_rockfield.json,nan,nan,nan
2334,151.19632557145906,-139.46195867793818,0.30289065089216016,Medium,RegolithCovered,background_regolith,Background,Background,-1,-1.0,-1.0,-1.0,0.0,0.007,1.0,-1,,unreal_rockfield.json,unreal_rockfield.json,nan,nan,nan
2335,220.67171239356668,221.03793450727864,0.32349352779040275,Medium,RegolithCovered,background_regolith,Background,Background,-1,-1.0,-1.0,-1.0,0.0,0.007,1.0,-1,,unreal_rockfield.json,unreal_rockfield.json,nan,nan,nan
2336,-113.70433668019652,-137.58507034516435,0.36639536465774464,Medium,RegolithCovered,background_regolith,Background,Background,-1,-1.0,-1.0,-1.0,0.0,0.007,1.0,-1,,unreal_rockfield.json,unreal_rockfield.json,nan,nan,nan
2337,225.90563676870022,119.41129795220803,0.3040121841435701,Medium,RegolithCovered,background_regolith,Background,Background,-1,-1.0,-1.0,-1.0,0.0,0.007,1.0,-1,,unreal_rockfield.json,unreal_rockfield.json,nan,nan,nan
2338,-166.08935819574572,215.16312143314917,0.263633240346678,Small,RegolithCovered,background_regolith,Background,Background,-1,-1.0,-1.0,-1.0,0.0,0.007,1.0,-1,,unreal_rockfield.json,unreal_rockfield.json,nan,nan,nan
2339,221.51097140415658,-49.066133610034484,0.4014892383082538,Medium,RegolithCovered,background_regolith,Background,Background,-1,-1.0,-1.0,-1.0,0.0,0.007,1.0,-1,,unreal_rockfield.json,unreal_rockfield.json,nan,nan,nan
2340,30.70925016022221,-138.0581072420423,0.2883168558532412,Small,RegolithCovered,background_regolith,Background,Background,-1,-1.0,-1.0,-1.0,0.0,0.007,1.0,-1,,unreal_rockfield.json,unreal_rockfield.json,nan,nan,nan
2341,42.2910245063631,121.19663075655387,0.27341670893793274,Small,RegolithCovered,background_regolith,Background,Background,-1,-1.0,-1.0,-1.0,0.0,0.007,1.0,-1,,unreal_rockfield.json,unreal_rockfield.json,nan,nan,nan
2342,14.290292062135677,-23.644215216528806,0.2606737373312513,Small,RegolithCovered,background_regolith,Background,Background,-1,-1.0,-1.0,-1.0,0.0,0.007,1.0,-1,,unreal_rockfield.json,unreal_rockfield.json,nan,nan,nan
2343,22.75917844172494,-240.75289162877286,0.31146736113107687,Medium,RegolithCovered,background_regolith,Background,Background,-1,-1.0,-1.0,-1.0,0.0,0.007,1.0,-1,,unreal_rockfield.json,unreal_rockfield.json,nan,nan,nan
2344,117.09189123203225,245.05600146488842,0.2610499428102493,Small,RegolithCovered,background_regolith,Background,Background,-1,-1.0,-1.0,-1.0,0.0,0.007,1.0,-1,,unreal_rockfield.json,unreal_rockfield.json,nan,nan,nan
2345,-245.17807550279244,-156.3997314371166,0.29213312281044107,Small,RegolithCovered,background_regolith,Background,Background,-1,-1.0,-1.0,-1.0,0.0,0.007,1.0,-1,,unreal_rockfield.json,unreal_rockfield.json,nan,nan,nan
2346,101.11545152134772,-170.94180120242928,0.2799638097629459,Small,RegolithCovered,background_regolith,Background,Background,-1,-1.0,-1.0,-1.0,0.0,0.007,1.0,-1,,unreal_rockfield.json,unreal_rockfield.json,nan,nan,nan
2347,-243.83526108584857,9.987182226020082,0.28307473878354206,Small,RegolithCovered,background_regolith,Background,Background,-1,-1.0,-1.0,-1.0,0.0,0.007,1.0,-1,,unreal_rockfield.json,unreal_rockfield.json,nan,nan,nan
2348,100.82552568132576,138.16492202520828,0.32236562968171073,Medium,RegolithCovered,background_regolith,Background,Background,-1,-1.0,-1.0,-1.0,0.0,0.007,1.0,-1,,unreal_rockfield.json,unreal_rockfield.json,nan,nan,nan
2349,12.718588824121866,-5.180516983550518,0.3433782430809627,Medium,RegolithCovered,background_regolith,Background,Background,-1,-1.0,-1.0,-1.0,0.0,0.007,1.0,-1,,unreal_rockfield.json,unreal_rockfield.json,nan,nan,nan
2350,-19.17325357829526,-45.57176427503282,0.26027688713609526,Small,RegolithCovered,background_regolith,Background,Background,-1,-1.0,-1.0,-1.0,0.0,0.007,1.0,-1,,unreal_rockfield.json,unreal_rockfield.json,nan,nan,nan
2351,-200.17853328043458,10.33814508499404,0.3159501786257187,Medium,RegolithCovered,background_regolith,Background,Background,-1,-1.0,-1.0,-1.0,0.0,0.007,1.0,-1,,unreal_rockfield.json,unreal_rockfield.json,nan,nan,nan
2352,66.06494338816492,22.04199346903897,0.40839137092693695,Medium,RegolithCovered,background_regolith,Background,Background,-1,-1.0,-1.0,-1.0,0.0,0.007,1.0,-1,,unreal_rockfield.json,unreal_rockfield.json,nan,nan,nan
2353,-131.35929441206093,26.390881069368618,0.2694043600412725,Small,RegolithCovered,background_regolith,Background,Background,-1,-1.0,-1.0,-1.0,0.0,0.007,1.0,-1,,unreal_rockfield.json,unreal_rockfield.json,nan,nan,nan
2354,200.4837183751946,168.63765373699147,0.2714175790068994,Small,RegolithCovered,background_regolith,Background,Background,-1,-1.0,-1.0,-1.0,0.0,0.007,1.0,-1,,unreal_rockfield.json,unreal_rockfield.json,nan,nan,nan
2355,196.82149723807493,-113.82641071810053,0.31112414692362445,Medium,RegolithCovered,background_regolith,Background,Background,-1,-1.0,-1.0,-1.0,0.0,0.007,1.0,-1,,unreal_rockfield.json,unreal_rockfield.json,nan,nan,nan
2356,175.9620960112308,26.390881069368618,0.27619896706107333,Small,RegolithCovered,background_regolith,Background,Background,-1,-1.0,-1.0,-1.0,0.0,0.007,1.0,-1,,unreal_rockfield.json,unreal_rockfield.json,nan,nan,nan
2357,232.22296823023163,-153.97350993377484,0.3050255762671405,Medium,RegolithCovered,background_regolith,Background,Background,-1,-1.0,-1.0,-1.0,0.0,0.007,1.0,-1,,unreal_rockfield.json,unreal_rockfield.json,nan,nan,nan
2358,181.10446485793636,166.2724692526017,0.28559312456027175,Small,RegolithCovered,background_regolith,Background,Background,-1,-1.0,-1.0,-1.0,0.0,0.007,1.0,-1,,unreal_rockfield.json,unreal_rockfield.json,nan,nan,nan
2359,92.41767632068849,-59.10672322763759,0.5259609536389788,Medium,RegolithCovered,background_regolith,Background,Background,-1,-1.0,-1.0,-1.0,0.0,0.007,1.0,-1,,unreal_rockfield.json,unreal_rockfield.json,nan,nan,nan
2360,-11.085848567155978,133.61766411328466,0.2840460131288424,Small,RegolithCovered,background_regolith,Background,Background,-1,-1.0,-1.0,-1.0,0.0,0.007,1.0,-1,,unreal_rockfield.json,unreal_rockfield.json,nan,nan,nan
2361,208.92208624530775,-25.124362926114685,0.2809979780870333,Small,RegolithCovered,background_regolith,Background,Background,-1,-1.0,-1.0,-1.0,0.0,0.007,1.0,-1,,unreal_rockfield.json,unreal_rockfield.json,nan,nan,nan
2362,70.61220130008849,165.05172887356184,0.26411791156989933,Small,RegolithCovered,background_regolith,Background,Background,-1,-1.0,-1.0,-1.0,0.0,0.007,1.0,-1,,unreal_rockfield.json,unreal_rockfield.json,nan,nan,nan
2363,111.67485580004274,-143.10892056031983,0.27403758973980347,Small,RegolithCovered,background_regolith,Background,Background,-1,-1.0,-1.0,-1.0,0.0,0.007,1.0,-1,,unreal_rockfield.json,unreal_rockfield.json,nan,nan,nan
2364,125.57603686635946,-36.263618884853656,0.2884371777350131,Small,RegolithCovered,background_regolith,Background,Background,-1,-1.0,-1.0,-1.0,0.0,0.007,1.0,-1,,unreal_rockfield.json,unreal_rockfield.json,nan,nan,nan
2365,121.8070009460738,-116.74092837305827,0.3384939807907356,Medium,RegolithCovered,background_regolith,Background,Background,-1,-1.0,-1.0,-1.0,0.0,0.007,1.0,-1,,unreal_rockfield.json,unreal_rockfield.json,nan,nan,nan
2366,95.88152714621418,-1.2894070253608731,0.2618283402558775,Small,RegolithCovered,background_regolith,Background,Background,-1,-1.0,-1.0,-1.0,0.0,0.007,1.0,-1,,unreal_rockfield.json,unreal_rockfield.json,nan,nan,nan
2367,-150.58595538193913,-150.50965910824914,0.391415560661797,Medium,RegolithCovered,background_regolith,Background,Background,-1,-1.0,-1.0,-1.0,0.0,0.007,1.0,-1,,unreal_rockfield.json,unreal_rockfield.json,nan,nan,nan
2368,20.668660542619136,62.15857417523728,0.26635179191234193,Small,RegolithCovered,background_regolith,Background,Background,-1,-1.0,-1.0,-1.0,0.0,0.007,1.0,-1,,unreal_rockfield.json,unreal_rockfield.json,nan,nan,nan
2369,-237.36533707693715,-10.231330301828052,0.3516052161478256,Medium,RegolithCovered,background_regolith,Background,Background,-1,-1.0,-1.0,-1.0,0.0,0.007,1.0,-1,,unreal_rockfield.json,unreal_rockfield.json,nan,nan,nan
2370,23.079622791222903,-44.80880153813288,0.2972043244112923,Small,RegolithCovered,background_regolith,Background,Background,-1,-1.0,-1.0,-1.0,0.0,0.007,1.0,-1,,unreal_rockfield.json,unreal_rockfield.json,nan,nan,nan
2371,-105.69322794274726,132.06122013000885,0.3032196602689429,Medium,RegolithCovered,background_regolith,Background,Background,-1,-1.0,-1.0,-1.0,0.0,0.007,1.0,-1,,unreal_rockfield.json,unreal_rockfield.json,nan,nan,nan
2372,244.30829798272651,-137.82921842097232,0.2629214031847128,Small,RegolithCovered,background_regolith,Background,Background,-1,-1.0,-1.0,-1.0,0.0,0.007,1.0,-1,,unreal_rockfield.json,unreal_rockfield.json,nan,nan,nan
2373,169.50743125705742,57.58079775383766,0.2618283402558775,Small,RegolithCovered,background_regolith,Background,Background,-1,-1.0,-1.0,-1.0,0.0,0.007,1.0,-1,,unreal_rockfield.json,unreal_rockfield.json,nan,nan,nan
2374,85.81041901913511,-93.36375011444443,0.2847203336827795,Small,RegolithCovered,background_regolith,Background,Background,-1,-1.0,-1.0,-1.0,0.0,0.007,1.0,-1,,unreal_rockfield.json,unreal_rockfield.json,nan,nan,nan
2375,59.01516769920954,-197.7523117770928,0.3839887422445791,Medium,RegolithCovered,background_regolith,Background,Background,-1,-1.0,-1.0,-1.0,0.0,0.007,1.0,-1,,unreal_rockfield.json,unreal_rockfield.json,nan,nan,nan
2376,126.8578142643513,244.3540757469405,0.28477852820434574,Small,RegolithCovered,background_regolith,Background,Background,-1,-1.0,-1.0,-1.0,0.0,0.007,1.0,-1,,unreal_rockfield.json,unreal_rockfield.json,nan,nan,nan
2377,-22.56080813013091,-27.21488082522049,0.5314402538010764,Medium,RegolithCovered,background_regolith,Background,Background,-1,-1.0,-1.0,-1.0,0.0,0.007,1.0,-1,,unreal_rockfield.json,unreal_rockfield.json,nan,nan,nan
2378,-9.49888607440414,28.26776940214239,0.33995224888874537,Medium,RegolithCovered,background_regolith,Background,Background,-1,-1.0,-1.0,-1.0,0.0,0.007,1.0,-1,,unreal_rockfield.json,unreal_rockfield.json,nan,nan,nan
2379,238.31141087069307,8.461256752220208,0.4590219034301245,Medium,RegolithCovered,background_regolith,Background,Background,-1,-1.0,-1.0,-1.0,0.0,0.007,1.0,-1,,unreal_rockfield.json,unreal_rockfield.json,nan,nan,nan
2380,171.97943052461318,-135.73870052186652,0.4202556307089419,Medium,RegolithCovered,background_regolith,Background,Background,-1,-1.0,-1.0,-1.0,0.0,0.007,1.0,-1,,unreal_rockfield.json,unreal_rockfield.json,nan,nan,nan
2381,139.44669942320013,138.8363292336802,0.35039977033902325,Medium,RegolithCovered,background_regolith,Background,Background,-1,-1.0,-1.0,-1.0,0.0,0.007,1.0,-1,,unreal_rockfield.json,unreal_rockfield.json,nan,nan,nan
2382,-141.87292092654195,153.21054719687487,0.4324854296683153,Medium,RegolithCovered,background_regolith,Background,Background,-1,-1.0,-1.0,-1.0,0.0,0.007,1.0,-1,,unreal_rockfield.json,unreal_rockfield.json,nan,nan,nan
2383,66.96523941770681,5.836664937284468,0.2724426223464241,Small,RegolithCovered,background_regolith,Background,Background,-1,-1.0,-1.0,-1.0,0.0,0.007,1.0,-1,,unreal_rockfield.json,unreal_rockfield.json,nan,nan,nan
2384,-7.835627307962284,170.78920865504926,0.2952169143114468,Small,RegolithCovered,background_regolith,Background,Background,-1,-1.0,-1.0,-1.0,0.0,0.007,1.0,-1,,unreal_rockfield.json,unreal_rockfield.json,nan,nan,nan
2385,64.27961058381908,-28.405102694784375,0.3156354267660915,Medium,RegolithCovered,background_regolith,Background,Background,-1,-1.0,-1.0,-1.0,0.0,0.007,1.0,-1,,unreal_rockfield.json,unreal_rockfield.json,nan,nan,nan
2386,212.0807519760735,59.64079714346752,0.2722906982722493,Small,RegolithCovered,background_regolith,Background,Background,-1,-1.0,-1.0,-1.0,0.0,0.007,1.0,-1,,unreal_rockfield.json,unreal_rockfield.json,nan,nan,nan
2387,-200.65157017731255,-38.491470076601445,0.31378253122920646,Medium,RegolithCovered,background_regolith,Background,Background,-1,-1.0,-1.0,-1.0,0.0,0.007,1.0,-1,,unreal_rockfield.json,unreal_rockfield.json,nan,nan,nan
2388,-249.0234076967681,-213.39304788354139,0.30831262683372956,Medium,RegolithCovered,background_regolith,Background,Background,-1,-1.0,-1.0,-1.0,0.0,0.007,1.0,-1,,unreal_rockfield.json,unreal_rockfield.json,nan,nan,nan
2389,-31.71636097293006,229.33896908474986,0.3001263320571584,Medium,RegolithCovered,background_regolith,Background,Background,-1,-1.0,-1.0,-1.0,0.0,0.007,1.0,-1,,unreal_rockfield.json,unreal_rockfield.json,nan,nan,nan
2390,-128.99410992767113,237.65526291695915,0.30725899321264877,Medium,RegolithCovered,background_regolith,Background,Background,-1,-1.0,-1.0,-1.0,0.0,0.007,1.0,-1,,unreal_rockfield.json,unreal_rockfield.json,nan,nan,nan
2391,82.5144199957274,118.00744651631214,0.39216608674179143,Medium,RegolithCovered,background_regolith,Background,Background,-1,-1.0,-1.0,-1.0,0.0,0.007,1.0,-1,,unreal_rockfield.json,unreal_rockfield.json,nan,nan,nan
2392,-153.3478804895169,173.0323191015351,0.27727067053838184,Small,RegolithCovered,background_regolith,Background,Background,-1,-1.0,-1.0,-1.0,0.0,0.007,1.0,-1,,unreal_rockfield.json,unreal_rockfield.json,nan,nan,nan
2393,-12.215033417767899,162.16772972808008,0.2619172988354471,Small,RegolithCovered,background_regolith,Background,Background,-1,-1.0,-1.0,-1.0,0.0,0.007,1.0,-1,,unreal_rockfield.json,unreal_rockfield.json,nan,nan,nan
2394,-143.38358714560383,-67.63664662617876,0.31718752553591106,Medium,RegolithCovered,background_regolith,Background,Background,-1,-1.0,-1.0,-1.0,0.0,0.007,1.0,-1,,unreal_rockfield.json,unreal_rockfield.json,nan,nan,nan
2395,44.82406079287085,174.60402233954892,0.3294889377820341,Medium,RegolithCovered,background_regolith,Background,Background,-1,-1.0,-1.0,-1.0,0.0,0.007,1.0,-1,,unreal_rockfield.json,unreal_rockfield.json,nan,nan,nan
2396,-178.80031739249853,-249.34385204626605,0.2807819495514904,Small,RegolithCovered,background_regolith,Background,Background,-1,-1.0,-1.0,-1.0,0.0,0.007,1.0,-1,,unreal_rockfield.json,unreal_rockfield.json,nan,nan,nan
2397,-150.75380718405714,215.0257881405072,0.3229410881103913,Medium,RegolithCovered,background_regolith,Background,Background,-1,-1.0,-1.0,-1.0,0.0,0.007,1.0,-1,,unreal_rockfield.json,unreal_rockfield.json,nan,nan,nan
2398,175.3059480574969,10.383922849208034,0.36938413419345884,Medium,RegolithCovered,background_regolith,Background,Background,-1,-1.0,-1.0,-1.0,0.0,0.007,1.0,-1,,unreal_rockfield.json,unreal_rockfield.json,nan,nan,nan
2399,-128.2769249549852,-4.310739463484595,0.36679816744074056,Medium,RegolithCovered,background_regolith,Background,Background,-1,-1.0,-1.0,-1.0,0.0,0.007,1.0,-1,,unreal_rockfield.json,unreal_rockfield.json,nan,nan,nan
2400,229.43052461317785,-101.74108096560565,0.29140534459854817,Small,RegolithCovered,background_regolith,Background,Background,-1,-1.0,-1.0,-1.0,0.0,0.007,1.0,-1,,unreal_rockfield.json,unreal_rockfield.json,nan,nan,nan
2401,143.87188329721977,-231.18533890804773,0.2863294038660586,Small,RegolithCovered,background_regolith,Background,Background,-1,-1.0,-1.0,-1.0,0.0,0.007,1.0,-1,,unreal_rockfield.json,unreal_rockfield.json,nan,nan,nan
2402,83.14004943998538,-53.76598406933806,0.28500141703929915,Small,RegolithCovered,background_regolith,Background,Background,-1,-1.0,-1.0,-1.0,0.0,0.007,1.0,-1,,unreal_rockfield.json,unreal_rockfield.json,nan,nan,nan
2403,-209.10519730216376,5.836664937284468,0.3316212741362877,Medium,RegolithCovered,background_regolith,Background,Background,-1,-1.0,-1.0,-1.0,0.0,0.007,1.0,-1,,unreal_rockfield.json,unreal_rockfield.json,nan,nan,nan
2404,-47.55546739097264,1.13681447798092,0.3666939511287674,Medium,RegolithCovered,background_regolith,Background,Background,-1,-1.0,-1.0,-1.0,0.0,0.007,1.0,-1,,unreal_rockfield.json,unreal_rockfield.json,nan,nan,nan
2405,3.5325174718466883,154.12610248115482,0.360456693213282,Medium,RegolithCovered,background_regolith,Background,Background,-1,-1.0,-1.0,-1.0,0.0,0.007,1.0,-1,,unreal_rockfield.json,unreal_rockfield.json,nan,nan,nan
2406,193.89172032837917,-24.117252113406778,0.40846837343538245,Medium,RegolithCovered,background_regolith,Background,Background,-1,-1.0,-1.0,-1.0,0.0,0.007,1.0,-1,,unreal_rockfield.json,unreal_rockfield.json,nan,nan,nan
2407,138.33277382732626,-119.47233497116,0.32280098823129416,Medium,RegolithCovered,background_regolith,Background,Background,-1,-1.0,-1.0,-1.0,0.0,0.007,1.0,-1,,unreal_rockfield.json,unreal_rockfield.json,nan,nan,nan
2408,189.72594378490555,-28.572954496902355,0.3214945084053355,Medium,RegolithCovered,background_regolith,Background,Background,-1,-1.0,-1.0,-1.0,0.0,0.007,1.0,-1,,unreal_rockfield.json,unreal_rockfield.json,nan,nan,nan
2409,225.02059999389627,-78.47071749015777,0.3719469017902054,Medium,RegolithCovered,background_regolith,Background,Background,-1,-1.0,-1.0,-1.0,0.0,0.007,1.0,-1,,unreal_rockfield.json,unreal_rockfield.json,nan,nan,nan
2410,38.84243293557546,214.1560106204413,0.2784701423304512,Small,RegolithCovered,background_regolith,Background,Background,-1,-1.0,-1.0,-1.0,0.0,0.007,1.0,-1,,unreal_rockfield.json,unreal_rockfield.json,nan,nan,nan
2411,-72.76375621814631,-107.60063478499708,0.2894025076837896,Small,RegolithCovered,background_regolith,Background,Background,-1,-1.0,-1.0,-1.0,0.0,0.007,1.0,-1,,unreal_rockfield.json,unreal_rockfield.json,nan,nan,nan
2412,114.36048463393053,-88.19086275826288,0.38101754290809164,Medium,RegolithCovered,background_regolith,Background,Background,-1,-1.0,-1.0,-1.0,0.0,0.007,1.0,-1,,unreal_rockfield.json,unreal_rockfield.json,nan,nan,nan
2413,139.33988464003414,103.35856196783351,0.27409787986701256,Small,RegolithCovered,background_regolith,Background,Background,-1,-1.0,-1.0,-1.0,0.0,0.007,1.0,-1,,unreal_rockfield.json,unreal_rockfield.json,nan,nan,nan
2414,-61.54820398571735,-217.207861568041,0.3161491847470663,Medium,RegolithCovered,background_regolith,Background,Background,-1,-1.0,-1.0,-1.0,0.0,0.007,1.0,-1,,unreal_rockfield.json,unreal_rockfield.json,nan,nan,nan
2415,92.09723197119052,21.935178685872984,0.33124266619299125,Medium,RegolithCovered,background_regolith,Background,Background,-1,-1.0,-1.0,-1.0,0.0,0.007,1.0,-1,,unreal_rockfield.json,unreal_rockfield.json,nan,nan,nan
2416,-74.32020020142215,-155.25528733176674,0.33000892340267507,Medium,RegolithCovered,background_regolith,Background,Background,-1,-1.0,-1.0,-1.0,0.0,0.007,1.0,-1,,unreal_rockfield.json,unreal_rockfield.json,nan,nan,nan
2417,-226.97378460036012,-49.09665211951048,0.3169479960935806,Medium,RegolithCovered,background_regolith,Background,Background,-1,-1.0,-1.0,-1.0,0.0,0.007,1.0,-1,,unreal_rockfield.json,unreal_rockfield.json,nan,nan,nan
2418,-205.3056428724021,246.24622333445234,0.34354196902657436,Medium,RegolithCovered,background_regolith,Background,Background,-1,-1.0,-1.0,-1.0,0.0,0.007,1.0,-1,,unreal_rockfield.json,unreal_rockfield.json,nan,nan,nan
2419,-171.01809747611927,192.3047578356273,0.2650319459956749,Small,RegolithCovered,background_regolith,Background,Background,-1,-1.0,-1.0,-1.0,0.0,0.007,1.0,-1,,unreal_rockfield.json,unreal_rockfield.json,nan,nan,nan
2420,-216.1549729911191,178.92239143040257,0.334089199768115,Medium,RegolithCovered,background_regolith,Background,Background,-1,-1.0,-1.0,-1.0,0.0,0.007,1.0,-1,,unreal_rockfield.json,unreal_rockfield.json,nan,nan,nan
2421,98.38404492324594,-118.4041871395001,0.39499105407227897,Medium,RegolithCovered,background_regolith,Background,Background,-1,-1.0,-1.0,-1.0,0.0,0.007,1.0,-1,,unreal_rockfield.json,unreal_rockfield.json,nan,nan,nan
2422,163.81572923978393,-98.21619312112799,0.28816261969137913,Small,RegolithCovered,background_regolith,Background,Background,-1,-1.0,-1.0,-1.0,0.0,0.007,1.0,-1,,unreal_rockfield.json,unreal_rockfield.json,nan,nan,nan
2423,204.7410504470962,237.56370738853116,0.28483944814312184,Small,RegolithCovered,background_regolith,Background,Background,-1,-1.0,-1.0,-1.0,0.0,0.007,1.0,-1,,unreal_rockfield.json,unreal_rockfield.json,nan,nan,nan
2424,-139.52299569689018,-165.0822473830378,0.2818900738760815,Small,RegolithCovered,background_regolith,Background,Background,-1,-1.0,-1.0,-1.0,0.0,0.007,1.0,-1,,unreal_rockfield.json,unreal_rockfield.json,nan,nan,nan
2425,-80.72908719138158,120.60151982177194,0.36454751416373415,Medium,RegolithCovered,background_regolith,Background,Background,-1,-1.0,-1.0,-1.0,0.0,0.007,1.0,-1,,unreal_rockfield.json,unreal_rockfield.json,nan,nan,nan
2426,218.53541673024688,221.2210455641346,0.2866648011740546,Small,RegolithCovered,background_regolith,Background,Background,-1,-1.0,-1.0,-1.0,0.0,0.007,1.0,-1,,unreal_rockfield.json,unreal_rockfield.json,nan,nan,nan
2427,-43.557542649617005,-36.355174413281645,0.26300952184654186,Small,RegolithCovered,background_regolith,Background,Background,-1,-1.0,-1.0,-1.0,0.0,0.007,1.0,-1,,unreal_rockfield.json,unreal_rockfield.json,nan,nan,nan
2428,-9.971922971282083,201.99438459425642,0.321819440898627,Medium,RegolithCovered,background_regolith,Background,Background,-1,-1.0,-1.0,-1.0,0.0,0.007,1.0,-1,,unreal_rockfield.json,unreal_rockfield.json,nan,nan,nan
2429,189.81749931333354,-228.98800622577593,0.32828242118248646,Medium,RegolithCovered,background_regolith,Background,Background,-1,-1.0,-1.0,-1.0,0.0,0.007,1.0,-1,,unreal_rockfield.json,unreal_rockfield.json,nan,nan,nan
2430,-40.383617664113274,-9.346293527024159,0.3580771220717995,Medium,RegolithCovered,background_regolith,Background,Background,-1,-1.0,-1.0,-1.0,0.0,0.007,1.0,-1,,unreal_rockfield.json,unreal_rockfield.json,nan,nan,nan
2431,153.19528794213687,-88.55708487197487,0.5933410556911511,Medium,RegolithCovered,background_regolith,Background,Background,-1,-1.0,-1.0,-1.0,0.0,0.007,1.0,-1,,unreal_rockfield.json,unreal_rockfield.json,nan,nan,nan
2432,156.00299081392865,-152.32551042207098,0.26802195086031566,Small,RegolithCovered,background_regolith,Background,Background,-1,-1.0,-1.0,-1.0,0.0,0.007,1.0,-1,,unreal_rockfield.json,unreal_rockfield.json,nan,nan,nan
2433,-187.68120365001374,-202.75734733115635,0.27320627061004016,Small,RegolithCovered,background_regolith,Background,Background,-1,-1.0,-1.0,-1.0,0.0,0.007,1.0,-1,,unreal_rockfield.json,unreal_rockfield.json,nan,nan,nan
2434,-214.52223273415325,-54.55946531571399,0.32909902081727327,Medium,RegolithCovered,background_regolith,Background,Background,-1,-1.0,-1.0,-1.0,0.0,0.007,1.0,-1,,unreal_rockfield.json,unreal_rockfield.json,nan,nan,nan
2435,142.14758751182592,181.51646473586231,0.33403855117652087,Medium,RegolithCovered,background_regolith,Background,Background,-1,-1.0,-1.0,-1.0,0.0,0.007,1.0,-1,,unreal_rockfield.json,unreal_rockfield.json,nan,nan,nan
2436,-203.42875453962827,152.26447340311898,0.26554505424402797,Small,RegolithCovered,background_regolith,Background,Background,-1,-1.0,-1.0,-1.0,0.0,0.007,1.0,-1,,unreal_rockfield.json,unreal_rockfield.json,nan,nan,nan
2437,211.76030762657547,155.78936124759667,0.27972907754233034,Small,RegolithCovered,background_regolith,Background,Background,-1,-1.0,-1.0,-1.0,0.0,0.007,1.0,-1,,unreal_rockfield.json,unreal_rockfield.json,nan,nan,nan
2438,-220.22919400616473,-52.835169530320144,0.2733491757578123,Small,RegolithCovered,background_regolith,Background,Background,-1,-1.0,-1.0,-1.0,0.0,0.007,1.0,-1,,unreal_rockfield.json,unreal_rockfield.json,nan,nan,nan
2439,-49.47813348796046,-70.4748680074465,0.448752248967566,Medium,RegolithCovered,background_regolith,Background,Background,-1,-1.0,-1.0,-1.0,0.0,0.007,1.0,-1,,unreal_rockfield.json,unreal_rockfield.json,nan,nan,nan
2440,163.9835810419019,-210.09704886013367,0.27107283526636006,Small,RegolithCovered,background_regolith,Background,Background,-1,-1.0,-1.0,-1.0,0.0,0.007,1.0,-1,,unreal_rockfield.json,unreal_rockfield.json,nan,nan,nan
2441,233.3216345713675,57.84020508438368,0.36681120760709607,Medium,RegolithCovered,background_regolith,Background,Background,-1,-1.0,-1.0,-1.0,0.0,0.007,1.0,-1,,unreal_rockfield.json,unreal_rockfield.json,nan,nan,nan
2442,-173.902096621601,-0.617999816888954,0.3170363850917861,Medium,RegolithCovered,background_regolith,Background,Background,-1,-1.0,-1.0,-1.0,0.0,0.007,1.0,-1,,unreal_rockfield.json,unreal_rockfield.json,nan,nan,nan
2443,65.54612872707298,-107.81426435132906,0.5007201925870959,Medium,RegolithCovered,background_regolith,Background,Background,-1,-1.0,-1.0,-1.0,0.0,0.007,1.0,-1,,unreal_rockfield.json,unreal_rockfield.json,nan,nan,nan
2444,221.7551194799646,228.43867305520797,0.33012294225109284,Medium,RegolithCovered,background_regolith,Background,Background,-1,-1.0,-1.0,-1.0,0.0,0.007,1.0,-1,,unreal_rockfield.json,unreal_rockfield.json,nan,nan,nan
2445,160.26032288583025,98.21619312112796,0.26576370439688346,Small,RegolithCovered,background_regolith,Background,Background,-1,-1.0,-1.0,-1.0,0.0,0.007,1.0,-1,,unreal_rockfield.json,unreal_rockfield.json,nan,nan,nan
2446,-90.83071382793665,149.24314096499523,0.28028830498380986,Small,RegolithCovered,background_regolith,Background,Background,-1,-1.0,-1.0,-1.0,0.0,0.007,1.0,-1,,unreal_rockfield.json,unreal_rockfield.json,nan,nan,nan
2447,-235.73259681997132,52.65205847346414,0.27643316618011665,Small,RegolithCovered,background_regolith,Background,Background,-1,-1.0,-1.0,-1.0,0.0,0.007,1.0,-1,,unreal_rockfield.json,unreal_rockfield.json,nan,nan,nan
2448,-185.25498214667195,169.30906094546344,0.31418893015319016,Medium,RegolithCovered,background_regolith,Background,Background,-1,-1.0,-1.0,-1.0,0.0,0.007,1.0,-1,,unreal_rockfield.json,unreal_rockfield.json,nan,nan,nan
2449,-101.40537736136969,234.7102267525254,0.30971625404890785,Medium,RegolithCovered,background_regolith,Background,Background,-1,-1.0,-1.0,-1.0,0.0,0.007,1.0,-1,,unreal_rockfield.json,unreal_rockfield.json,nan,nan,nan
2450,211.9434186834315,71.58879360332043,0.6649221567278676,Medium,RegolithCovered,background_regolith,Background,Background,-1,-1.0,-1.0,-1.0,0.0,0.007,1.0,-1,,unreal_rockfield.json,unreal_rockfield.json,nan,nan,nan
2451,-84.98641926328318,-195.00564592425306,0.33964617432414157,Medium,RegolithCovered,background_regolith,Background,Background,-1,-1.0,-1.0,-1.0,0.0,0.007,1.0,-1,,unreal_rockfield.json,unreal_rockfield.json,nan,nan,nan
2452,95.7289345988342,100.15411847285378,0.2977268208922461,Small,RegolithCovered,background_regolith,Background,Background,-1,-1.0,-1.0,-1.0,0.0,0.007,1.0,-1,,unreal_rockfield.json,unreal_rockfield.json,nan,nan,nan
2453,125.78966643269143,-147.50358592486344,0.319779198386715,Medium,RegolithCovered,background_regolith,Background,Background,-1,-1.0,-1.0,-1.0,0.0,0.007,1.0,-1,,unreal_rockfield.json,unreal_rockfield.json,nan,nan,nan
2454,-132.04596087527085,-117.3055207983642,0.2847732346961108,Small,RegolithCovered,background_regolith,Background,Background,-1,-1.0,-1.0,-1.0,0.0,0.007,1.0,-1,,unreal_rockfield.json,unreal_rockfield.json,nan,nan,nan
2455,-77.66197698904386,227.17215491195407,0.3009176254722428,Medium,RegolithCovered,background_regolith,Background,Background,-1,-1.0,-1.0,-1.0,0.0,0.007,1.0,-1,,unreal_rockfield.json,unreal_rockfield.json,nan,nan,nan
2456,-56.665242469557796,-118.61781670583207,0.26443697579834735,Small,RegolithCovered,background_regolith,Background,Background,-1,-1.0,-1.0,-1.0,0.0,0.007,1.0,-1,,unreal_rockfield.json,unreal_rockfield.json,nan,nan,nan
2457,-49.9816888943144,-102.10730307931763,0.3010113664569119,Medium,RegolithCovered,background_regolith,Background,Background,-1,-1.0,-1.0,-1.0,0.0,0.007,1.0,-1,,unreal_rockfield.json,unreal_rockfield.json,nan,nan,nan
2458,-21.507919553209007,-19.798883022553184,0.3145392204092939,Medium,RegolithCovered,background_regolith,Background,Background,-1,-1.0,-1.0,-1.0,0.0,0.007,1.0,-1,,unreal_rockfield.json,unreal_rockfield.json,nan,nan,nan
2459,237.53318887905516,-178.41883602404857,0.2825729086777616,Small,RegolithCovered,background_regolith,Background,Background,-1,-1.0,-1.0,-1.0,0.0,0.007,1.0,-1,,unreal_rockfield.json,unreal_rockfield.json,nan,nan,nan
2460,-144.4517349772637,38.796655171361465,0.31472771447382414,Medium,RegolithCovered,background_regolith,Background,Background,-1,-1.0,-1.0,-1.0,0.0,0.007,1.0,-1,,unreal_rockfield.json,unreal_rockfield.json,nan,nan,nan
2461,-122.76833399456771,-184.21735282448805,0.31248776338206363,Medium,RegolithCovered,background_regolith,Background,Background,-1,-1.0,-1.0,-1.0,0.0,0.007,1.0,-1,,unreal_rockfield.json,unreal_rockfield.json,nan,nan,nan
2462,-246.59718619342632,-43.52702414014101,0.29626798843433766,Small,RegolithCovered,background_regolith,Background,Background,-1,-1.0,-1.0,-1.0,0.0,0.007,1.0,-1,,unreal_rockfield.json,unreal_rockfield.json,nan,nan,nan
2463,106.30359813226721,-167.03543198950163,0.2665868927646788,Small,RegolithCovered,background_regolith,Background,Background,-1,-1.0,-1.0,-1.0,0.0,0.007,1.0,-1,,unreal_rockfield.json,unreal_rockfield.json,nan,nan,nan
2464,53.170873134556075,184.18683431501205,0.5118324551459994,Medium,RegolithCovered,background_regolith,Background,Background,-1,-1.0,-1.0,-1.0,0.0,0.007,1.0,-1,,unreal_rockfield.json,unreal_rockfield.json,nan,nan,nan
2465,132.62581255531478,-224.8832667012543,0.27436917713531284,Small,RegolithCovered,background_regolith,Background,Background,-1,-1.0,-1.0,-1.0,0.0,0.007,1.0,-1,,unreal_rockfield.json,unreal_rockfield.json,nan,nan,nan
2466,-114.17737357707449,-118.06848353526414,0.33205135919778583,Medium,RegolithCovered,background_regolith,Background,Background,-1,-1.0,-1.0,-1.0,0.0,0.007,1.0,-1,,unreal_rockfield.json,unreal_rockfield.json,nan,nan,nan
2467,-24.25458540604876,2.6932584612567325,0.3410126631092245,Medium,RegolithCovered,background_regolith,Background,Background,-1,-1.0,-1.0,-1.0,0.0,0.007,1.0,-1,,unreal_rockfield.json,unreal_rockfield.json,nan,nan,nan
2468,-222.42652668843652,235.8088930936613,0.26822475143368396,Small,RegolithCovered,background_regolith,Background,Background,-1,-1.0,-1.0,-1.0,0.0,0.007,1.0,-1,,unreal_rockfield.json,unreal_rockfield.json,nan,nan,nan
2469,133.3887752922147,-83.06375316629536,0.36587970808887743,Medium,RegolithCovered,background_regolith,Background,Background,-1,-1.0,-1.0,-1.0,0.0,0.007,1.0,-1,,unreal_rockfield.json,unreal_rockfield.json,nan,nan,nan
2470,19.17325357829526,5.424665059358517,0.32628591991115163,Medium,RegolithCovered,background_regolith,Background,Background,-1,-1.0,-1.0,-1.0,0.0,0.007,1.0,-1,,unreal_rockfield.json,unreal_rockfield.json,nan,nan,nan
2471,232.29926450392162,-130.99307229834895,0.4109552300062981,Medium,RegolithCovered,background_regolith,Background,Background,-1,-1.0,-1.0,-1.0,0.0,0.007,1.0,-1,,unreal_rockfield.json,unreal_rockfield.json,nan,nan,nan
2472,17.265846736045432,-139.66032898953216,0.3284967645848242,Medium,RegolithCovered,background_regolith,Background,Background,-1,-1.0,-1.0,-1.0,0.0,0.007,1.0,-1,,unreal_rockfield.json,unreal_rockfield.json,nan,nan,nan
2473,159.9093600268563,109.15707876827298,0.3521371217731094,Medium,RegolithCovered,background_regolith,Background,Background,-1,-1.0,-1.0,-1.0,0.0,0.007,1.0,-1,,unreal_rockfield.json,unreal_rockfield.json,nan,nan,nan
2474,-83.38419751579332,168.50032044434948,0.3286205753365724,Medium,RegolithCovered,background_regolith,Background,Background,-1,-1.0,-1.0,-1.0,0.0,0.007,1.0,-1,,unreal_rockfield.json,unreal_rockfield.json,nan,nan,nan
2475,192.64046143986332,-27.489547410504457,0.30564974191043587,Medium,RegolithCovered,background_regolith,Background,Background,-1,-1.0,-1.0,-1.0,0.0,0.007,1.0,-1,,unreal_rockfield.json,unreal_rockfield.json,nan,nan,nan
2476,147.3967711416974,-191.3739432966094,0.31497182712684374,Medium,RegolithCovered,background_regolith,Background,Background,-1,-1.0,-1.0,-1.0,0.0,0.007,1.0,-1,,unreal_rockfield.json,unreal_rockfield.json,nan,nan,nan
2477,21.87414166692099,-57.36716818750574,0.5242114493113061,Medium,RegolithCovered,background_regolith,Background,Background,-1,-1.0,-1.0,-1.0,0.0,0.007,1.0,-1,,unreal_rockfield.json,unreal_rockfield.json,nan,nan,nan
2478,192.04535050508133,-19.58525345622121,0.3923451768611357,Medium,RegolithCovered,background_regolith,Background,Background,-1,-1.0,-1.0,-1.0,0.0,0.007,1.0,-1,,unreal_rockfield.json,unreal_rockfield.json,nan,nan,nan
2479,19.386883144627234,76.38019959105196,0.2809687895273045,Small,RegolithCovered,background_regolith,Background,Background,-1,-1.0,-1.0,-1.0,0.0,0.007,1.0,-1,,unreal_rockfield.json,unreal_rockfield.json,nan,nan,nan
2480,216.85689870906702,66.69057283242284,0.33610312600795167,Medium,RegolithCovered,background_regolith,Background,Background,-1,-1.0,-1.0,-1.0,0.0,0.007,1.0,-1,,unreal_rockfield.json,unreal_rockfield.json,nan,nan,nan
2481,-233.48948637348553,-47.23502304147465,0.26059043030483847,Small,RegolithCovered,background_regolith,Background,Background,-1,-1.0,-1.0,-1.0,0.0,0.007,1.0,-1,,unreal_rockfield.json,unreal_rockfield.json,nan,nan,nan
2482,211.68401135288548,50.698873867000316,0.2728429697898894,Small,RegolithCovered,background_regolith,Background,Background,-1,-1.0,-1.0,-1.0,0.0,0.007,1.0,-1,,unreal_rockfield.json,unreal_rockfield.json,nan,nan,nan
2483,-16.441846980193503,-239.57792901394697,0.27237259098816957,Small,RegolithCovered,background_regolith,Background,Background,-1,-1.0,-1.0,-1.0,0.0,0.007,1.0,-1,,unreal_rockfield.json,unreal_rockfield.json,nan,nan,nan
2484,-132.83944212164678,-5.943479720450455,0.32800444174470417,Medium,RegolithCovered,background_regolith,Background,Background,-1,-1.0,-1.0,-1.0,0.0,0.007,1.0,-1,,unreal_rockfield.json,unreal_rockfield.json,nan,nan,nan
2485,225.69200720236825,-198.9120151371807,0.29264568072793357,Small,RegolithCovered,background_regolith,Background,Background,-1,-1.0,-1.0,-1.0,0.0,0.007,1.0,-1,,unreal_rockfield.json,unreal_rockfield.json,nan,nan,nan
2486,26.32984405041657,-173.76476332895902,0.32364738590227565,Medium,RegolithCovered,background_regolith,Background,Background,-1,-1.0,-1.0,-1.0,0.0,0.007,1.0,-1,,unreal_rockfield.json,unreal_rockfield.json,nan,nan,nan
2487,245.43748283333844,-1.182592242194886,0.34496711292771554,Medium,RegolithCovered,background_regolith,Background,Background,-1,-1.0,-1.0,-1.0,0.0,0.007,1.0,-1,,unreal_rockfield.json,unreal_rockfield.json,nan,nan,nan
2488,117.5649281289102,-128.62788781395915,0.2959869688311159,Small,RegolithCovered,background_regolith,Background,Background,-1,-1.0,-1.0,-1.0,0.0,0.007,1.0,-1,,unreal_rockfield.json,unreal_rockfield.json,nan,nan,nan
2489,-51.431318094424284,-98.82656331064791,0.26293901204064685,Small,RegolithCovered,background_regolith,Background,Background,-1,-1.0,-1.0,-1.0,0.0,0.007,1.0,-1,,unreal_rockfield.json,unreal_rockfield.json,nan,nan,nan
2490,-57.000946073793756,-170.19409772026734,0.3814999625215008,Medium,RegolithCovered,background_regolith,Background,Background,-1,-1.0,-1.0,-1.0,0.0,0.007,1.0,-1,,unreal_rockfield.json,unreal_rockfield.json,nan,nan,nan
2491,75.93768120365002,80.3323465681936,0.3015283567130649,Medium,RegolithCovered,background_regolith,Background,Background,-1,-1.0,-1.0,-1.0,0.0,0.007,1.0,-1,,unreal_rockfield.json,unreal_rockfield.json,nan,nan,nan
2492,0.6790368358409182,29.00021362956636,0.28324582760545725,Small,RegolithCovered,background_regolith,Background,Background,-1,-1.0,-1.0,-1.0,0.0,0.007,1.0,-1,,unreal_rockfield.json,unreal_rockfield.json,nan,nan,nan
2493,-182.81350138859216,223.25052644428843,0.35390938990046034,Medium,RegolithCovered,background_regolith,Background,Background,-1,-1.0,-1.0,-1.0,0.0,0.007,1.0,-1,,unreal_rockfield.json,unreal_rockfield.json,nan,nan,nan
2494,95.63737907040621,-153.28684347056492,0.26865710255829867,Small,RegolithCovered,background_regolith,Background,Background,-1,-1.0,-1.0,-1.0,0.0,0.007,1.0,-1,,unreal_rockfield.json,unreal_rockfield.json,nan,nan,nan
2495,190.38209173863947,-19.15799432355726,0.28392897137526246,Small,RegolithCovered,background_regolith,Background,Background,-1,-1.0,-1.0,-1.0,0.0,0.007,1.0,-1,,unreal_rockfield.json,unreal_rockfield.json,nan,nan,nan
2496,-216.84163945432906,-21.523178807947005,0.2696945594177241,Small,RegolithCovered,background_regolith,Background,Background,-1,-1.0,-1.0,-1.0,0.0,0.007,1.0,-1,,unreal_rockfield.json,unreal_rockfield.json,nan,nan,nan
2497,-108.72981963560898,-238.0977813043611,0.2966498770008754,Small,RegolithCovered,background_regolith,Background,Background,-1,-1.0,-1.0,-1.0,0.0,0.007,1.0,-1,,unreal_rockfield.json,unreal_rockfield.json,nan,nan,nan
2498,124.29425946836761,-143.36832789086583,0.3846008044334308,Medium,RegolithCovered,background_regolith,Background,Background,-1,-1.0,-1.0,-1.0,0.0,0.007,1.0,-1,,unreal_rockfield.json,unreal_rockfield.json,nan,nan,nan
2499,116.26789147618035,47.4181340983306,0.3613633485178972,Medium,RegolithCovered,background_regolith,Background,Background,-1,-1.0,-1.0,-1.0,0.0,0.007,1.0,-1,,unreal_rockfield.json,unreal_rockfield.json,nan,nan,nan
2500,-244.3235572374645,218.96267586291083,0.2744508970479277,Small,RegolithCovered,background_regolith,Background,Background,-1,-1.0,-1.0,-1.0,0.0,0.007,1.0,-1,,unreal_rockfield.json,unreal_rockfield.json,nan,nan,nan
2501,-220.4580828272347,-98.67397076326793,0.2768299877223995,Small,RegolithCovered,background_regolith,Background,Background,-1,-1.0,-1.0,-1.0,0.0,0.007,1.0,-1,,unreal_rockfield.json,unreal_rockfield.json,nan,nan,nan
2502,-177.93053987243263,-242.5534836878567,0.2852468000231413,Small,RegolithCovered,background_regolith,Background,Background,-1,-1.0,-1.0,-1.0,0.0,0.007,1.0,-1,,unreal_rockfield.json,unreal_rockfield.json,nan,nan,nan
2503,-232.8028199102756,103.17545091097753,0.2697678882310906,Small,RegolithCovered,background_regolith,Background,Background,-1,-1.0,-1.0,-1.0,0.0,0.007,1.0,-1,,unreal_rockfield.json,unreal_rockfield.json,nan,nan,nan
2504,-173.38328196050907,140.1181066316721,0.2912800670485393,Small,RegolithCovered,background_regolith,Background,Background,-1,-1.0,-1.0,-1.0,0.0,0.007,1.0,-1,,unreal_rockfield.json,unreal_rockfield.json,nan,nan,nan
2505,84.25397503585924,162.25928525650806,0.3229995762692548,Medium,RegolithCovered,background_regolith,Background,Background,-1,-1.0,-1.0,-1.0,0.0,0.007,1.0,-1,,unreal_rockfield.json,unreal_rockfield.json,nan,nan,nan
2506,-140.91158787804804,177.93053987243263,0.31156053230083003,Medium,RegolithCovered,background_regolith,Background,Background,-1,-1.0,-1.0,-1.0,0.0,0.007,1.0,-1,,unreal_rockfield.json,unreal_rockfield.json,nan,nan,nan
2507,144.81795709097565,-167.5084688863796,0.26547355605555933,Small,RegolithCovered,background_regolith,Background,Background,-1,-1.0,-1.0,-1.0,0.0,0.007,1.0,-1,,unreal_rockfield.json,unreal_rockfield.json,nan,nan,nan
2508,-96.18671224097415,193.81542405468917,0.34165069706890644,Medium,RegolithCovered,background_regolith,Background,Background,-1,-1.0,-1.0,-1.0,0.0,0.007,1.0,-1,,unreal_rockfield.json,unreal_rockfield.json,nan,nan,nan
2509,215.7734916226691,65.19516586809897,0.2616323681446439,Small,RegolithCovered,background_regolith,Background,Background,-1,-1.0,-1.0,-1.0,0.0,0.007,1.0,-1,,unreal_rockfield.json,unreal_rockfield.json,nan,nan,nan
2510,-56.81783501693778,-73.8776818140202,0.46208498699699807,Medium,RegolithCovered,background_regolith,Background,Background,-1,-1.0,-1.0,-1.0,0.0,0.007,1.0,-1,,unreal_rockfield.json,unreal_rockfield.json,nan,nan,nan
2511,-159.7567674794763,55.87176122318186,0.3276190274383932,Medium,RegolithCovered,background_regolith,Background,Background,-1,-1.0,-1.0,-1.0,0.0,0.007,1.0,-1,,unreal_rockfield.json,unreal_rockfield.json,nan,nan,nan
2512,-201.1551255836665,-243.97259437849056,0.2613910103853107,Small,RegolithCovered,background_regolith,Background,Background,-1,-1.0,-1.0,-1.0,0.0,0.007,1.0,-1,,unreal_rockfield.json,unreal_rockfield.json,nan,nan,nan
2513,124.24848170415362,94.23352763451032,0.2925922860423761,Small,RegolithCovered,background_regolith,Background,Background,-1,-1.0,-1.0,-1.0,0.0,0.007,1.0,-1,,unreal_rockfield.json,unreal_rockfield.json,nan,nan,nan
2514,26.253547776726577,-129.5434430982391,0.2611679234817629,Small,RegolithCovered,background_regolith,Background,Background,-1,-1.0,-1.0,-1.0,0.0,0.007,1.0,-1,,unreal_rockfield.json,unreal_rockfield.json,nan,nan,nan
2515,-242.3398541215247,-246.23096407971434,0.4103179419484528,Medium,RegolithCovered,background_regolith,Background,Background,-1,-1.0,-1.0,-1.0,0.0,0.007,1.0,-1,,unreal_rockfield.json,unreal_rockfield.json,nan,nan,nan
2516,138.0733664967803,-148.78536332285532,0.2641673480073255,Small,RegolithCovered,background_regolith,Background,Background,-1,-1.0,-1.0,-1.0,0.0,0.007,1.0,-1,,unreal_rockfield.json,unreal_rockfield.json,nan,nan,nan
2517,245.13229773857847,-4.173406170842611,0.2955668938421148,Small,RegolithCovered,background_regolith,Background,Background,-1,-1.0,-1.0,-1.0,0.0,0.007,1.0,-1,,unreal_rockfield.json,unreal_rockfield.json,nan,nan,nan
2518,-83.87249366740929,-199.81231116672262,0.2757256512568477,Small,RegolithCovered,background_regolith,Background,Background,-1,-1.0,-1.0,-1.0,0.0,0.007,1.0,-1,,unreal_rockfield.json,unreal_rockfield.json,nan,nan,nan
2519,231.03274636066772,-51.12613299966429,0.37729112165813816,Medium,RegolithCovered,background_regolith,Background,Background,-1,-1.0,-1.0,-1.0,0.0,0.007,1.0,-1,,unreal_rockfield.json,unreal_rockfield.json,nan,nan,nan
2520,14.885402996917662,160.7486190374462,0.26284305387969736,Small,RegolithCovered,background_regolith,Background,Background,-1,-1.0,-1.0,-1.0,0.0,0.007,1.0,-1,,unreal_rockfield.json,unreal_rockfield.json,nan,nan,nan
2521,205.32090212714013,-103.09915463728754,0.284575174412019,Small,RegolithCovered,background_regolith,Background,Background,-1,-1.0,-1.0,-1.0,0.0,0.007,1.0,-1,,unreal_rockfield.json,unreal_rockfield.json,nan,nan,nan
2522,-97.04123050630207,62.40272225104525,0.3696984363209162,Medium,RegolithCovered,background_regolith,Background,Background,-1,-1.0,-1.0,-1.0,0.0,0.007,1.0,-1,,unreal_rockfield.json,unreal_rockfield.json,nan,nan,nan
2523,-43.588061159093,-193.84594256416517,0.28611898550270964,Small,RegolithCovered,background_regolith,Background,Background,-1,-1.0,-1.0,-1.0,0.0,0.007,1.0,-1,,unreal_rockfield.json,unreal_rockfield.json,nan,nan,nan
2524,-132.3511459700308,-12.550737022003858,0.5364379621219192,Medium,RegolithCovered,background_regolith,Background,Background,-1,-1.0,-1.0,-1.0,0.0,0.007,1.0,-1,,unreal_rockfield.json,unreal_rockfield.json,nan,nan,nan
2525,87.168492690817,-23.35428937650684,0.27362611462241154,Small,RegolithCovered,background_regolith,Background,Background,-1,-1.0,-1.0,-1.0,0.0,0.007,1.0,-1,,unreal_rockfield.json,unreal_rockfield.json,nan,nan,nan
2526,-240.43244727927487,22.072511978514967,0.3456265684384997,Medium,RegolithCovered,background_regolith,Background,Background,-1,-1.0,-1.0,-1.0,0.0,0.007,1.0,-1,,unreal_rockfield.json,unreal_rockfield.json,nan,nan,nan
2527,-88.32819605090486,60.00701925717948,0.27210551485237827,Small,RegolithCovered,background_regolith,Background,Background,-1,-1.0,-1.0,-1.0,0.0,0.007,1.0,-1,,unreal_rockfield.json,unreal_rockfield.json,nan,nan,nan
2528,-182.5083162938322,98.10937833796197,0.2922171189772027,Small,RegolithCovered,background_regolith,Background,Background,-1,-1.0,-1.0,-1.0,0.0,0.007,1.0,-1,,unreal_rockfield.json,unreal_rockfield.json,nan,nan,nan
2529,-203.35245826593828,176.41987365337076,0.26772852041032374,Small,RegolithCovered,background_regolith,Background,Background,-1,-1.0,-1.0,-1.0,0.0,0.007,1.0,-1,,unreal_rockfield.json,unreal_rockfield.json,nan,nan,nan
2530,225.38682210760822,142.3917355876339,0.36238112856367766,Medium,RegolithCovered,background_regolith,Background,Background,-1,-1.0,-1.0,-1.0,0.0,0.007,1.0,-1,,unreal_rockfield.json,unreal_rockfield.json,nan,nan,nan
2531,185.178685872982,128.03277687917722,0.34778418777053044,Medium,RegolithCovered,background_regolith,Background,Background,-1,-1.0,-1.0,-1.0,0.0,0.007,1.0,-1,,unreal_rockfield.json,unreal_rockfield.json,nan,nan,nan
2532,-49.52391125217446,115.74907681508836,0.3143465031259253,Medium,RegolithCovered,background_regolith,Background,Background,-1,-1.0,-1.0,-1.0,0.0,0.007,1.0,-1,,unreal_rockfield.json,unreal_rockfield.json,nan,nan,nan
2533,-166.77602465895566,182.09631641590624,0.2684431150918207,Small,RegolithCovered,background_regolith,Background,Background,-1,-1.0,-1.0,-1.0,0.0,0.007,1.0,-1,,unreal_rockfield.json,unreal_rockfield.json,nan,nan,nan
2534,-167.09646900845362,231.96356089968566,0.26443033838589913,Small,RegolithCovered,background_regolith,Background,Background,-1,-1.0,-1.0,-1.0,0.0,0.007,1.0,-1,,unreal_rockfield.json,unreal_rockfield.json,nan,nan,nan
2535,-114.28418836024048,20.56184575945315,0.3207778942880656,Medium,RegolithCovered,background_regolith,Background,Background,-1,-1.0,-1.0,-1.0,0.0,0.007,1.0,-1,,unreal_rockfield.json,unreal_rockfield.json,nan,nan,nan
2536,-221.57200842310863,-116.51203955198827,0.26659387868521645,Small,RegolithCovered,background_regolith,Background,Background,-1,-1.0,-1.0,-1.0,0.0,0.007,1.0,-1,,unreal_rockfield.json,unreal_rockfield.json,nan,nan,nan
2537,7.728812524796297,163.327433088168,0.300196385921329,Medium,RegolithCovered,background_regolith,Background,Background,-1,-1.0,-1.0,-1.0,0.0,0.007,1.0,-1,,unreal_rockfield.json,unreal_rockfield.json,nan,nan,nan
2538,186.61305581835387,155.97247230445265,0.3295951811104494,Medium,RegolithCovered,background_regolith,Background,Background,-1,-1.0,-1.0,-1.0,0.0,0.007,1.0,-1,,unreal_rockfield.json,unreal_rockfield.json,nan,nan,nan
2539,55.26139103366188,-94.41663869136633,0.2745748167023851,Small,RegolithCovered,background_regolith,Background,Background,-1,-1.0,-1.0,-1.0,0.0,0.007,1.0,-1,,unreal_rockfield.json,unreal_rockfield.json,nan,nan,nan
2540,-137.0052186651204,-27.79473250526442,0.2715900094459377,Small,RegolithCovered,background_regolith,Background,Background,-1,-1.0,-1.0,-1.0,0.0,0.007,1.0,-1,,unreal_rockfield.json,unreal_rockfield.json,nan,nan,nan
2541,-94.58449049348431,3.8529618213446497,0.262254567407217,Small,RegolithCovered,background_regolith,Background,Background,-1,-1.0,-1.0,-1.0,0.0,0.007,1.0,-1,,unreal_rockfield.json,unreal_rockfield.json,nan,nan,nan
2542,53.094576860866084,58.02331614123966,0.38165046400053076,Medium,RegolithCovered,background_regolith,Background,Background,-1,-1.0,-1.0,-1.0,0.0,0.007,1.0,-1,,unreal_rockfield.json,unreal_rockfield.json,nan,nan,nan
2543,-243.4995574816126,-61.70079653309733,0.3004516615551275,Medium,RegolithCovered,background_regolith,Background,Background,-1,-1.0,-1.0,-1.0,0.0,0.007,1.0,-1,,unreal_rockfield.json,unreal_rockfield.json,nan,nan,nan
2544,-162.991729483932,-246.7040009765923,0.42149604376305716,Medium,RegolithCovered,background_regolith,Background,Background,-1,-1.0,-1.0,-1.0,0.0,0.007,1.0,-1,,unreal_rockfield.json,unreal_rockfield.json,nan,nan,nan
2545,141.094698934904,7.591479232154313,0.3188806727909122,Medium,RegolithCovered,background_regolith,Background,Background,-1,-1.0,-1.0,-1.0,0.0,0.007,1.0,-1,,unreal_rockfield.json,unreal_rockfield.json,nan,nan,nan
2546,-127.69707327494126,-110.37781914731283,0.26911426343555445,Small,RegolithCovered,background_regolith,Background,Background,-1,-1.0,-1.0,-1.0,0.0,0.007,1.0,-1,,unreal_rockfield.json,unreal_rockfield.json,nan,nan,nan
2547,-242.78237250892667,214.61378826258124,0.26684965704769287,Small,RegolithCovered,background_regolith,Background,Background,-1,-1.0,-1.0,-1.0,0.0,0.007,1.0,-1,,unreal_rockfield.json,unreal_rockfield.json,nan,nan,nan
2548,-192.2589800714133,209.12045655690173,0.2817339646301751,Small,RegolithCovered,background_regolith,Background,Background,-1,-1.0,-1.0,-1.0,0.0,0.007,1.0,-1,,unreal_rockfield.json,unreal_rockfield.json,nan,nan,nan
2549,203.01675466170235,-185.51438947721795,0.3018481280873462,Medium,RegolithCovered,background_regolith,Background,Background,-1,-1.0,-1.0,-1.0,0.0,0.007,1.0,-1,,unreal_rockfield.json,unreal_rockfield.json,nan,nan,nan
2550,48.95931882686847,-205.87023529770806,0.34286442022387675,Medium,RegolithCovered,background_regolith,Background,Background,-1,-1.0,-1.0,-1.0,0.0,0.007,1.0,-1,,unreal_rockfield.json,unreal_rockfield.json,nan,nan,nan
2551,-16.97592089602344,-41.924802392651145,0.40165072514603317,Medium,RegolithCovered,background_regolith,Background,Background,-1,-1.0,-1.0,-1.0,0.0,0.007,1.0,-1,,unreal_rockfield.json,unreal_rockfield.json,nan,nan,nan
2552,-123.62285225989564,-97.834711752678,0.3249376281339266,Medium,RegolithCovered,background_regolith,Background,Background,-1,-1.0,-1.0,-1.0,0.0,0.007,1.0,-1,,unreal_rockfield.json,unreal_rockfield.json,nan,nan,nan
2553,-67.43827631458478,10.948515274514023,0.30927356983471394,Medium,RegolithCovered,background_regolith,Background,Background,-1,-1.0,-1.0,-1.0,0.0,0.007,1.0,-1,,unreal_rockfield.json,unreal_rockfield.json,nan,nan,nan
2554,133.64818262276066,142.1933652760399,0.2989904857195635,Small,RegolithCovered,background_regolith,Background,Background,-1,-1.0,-1.0,-1.0,0.0,0.007,1.0,-1,,unreal_rockfield.json,unreal_rockfield.json,nan,nan,nan
2555,160.5960264900662,-200.28534806360057,0.30054077440676935,Medium,RegolithCovered,background_regolith,Background,Background,-1,-1.0,-1.0,-1.0,0.0,0.007,1.0,-1,,unreal_rockfield.json,unreal_rockfield.json,nan,nan,nan
2556,-241.88207647938475,-224.19660023804437,0.30542707722098816,Medium,RegolithCovered,background_regolith,Background,Background,-1,-1.0,-1.0,-1.0,0.0,0.007,1.0,-1,,unreal_rockfield.json,unreal_rockfield.json,nan,nan,nan
2557,-63.45561082796715,168.66817224646746,0.2946623289587552,Small,RegolithCovered,background_regolith,Background,Background,-1,-1.0,-1.0,-1.0,0.0,0.007,1.0,-1,,unreal_rockfield.json,unreal_rockfield.json,nan,nan,nan
2558,-247.07022309030427,-234.8780785546434,0.2636364963988517,Small,RegolithCovered,background_regolith,Background,Background,-1,-1.0,-1.0,-1.0,0.0,0.007,1.0,-1,,unreal_rockfield.json,unreal_rockfield.json,nan,nan,nan
2559,-176.72505874813075,-240.1882992034669,0.29252954725711294,Small,RegolithCovered,background_regolith,Background,Background,-1,-1.0,-1.0,-1.0,0.0,0.007,1.0,-1,,unreal_rockfield.json,unreal_rockfield.json,nan,nan,nan
2560,237.13644825586715,207.51823480941192,0.26069648657172995,Small,RegolithCovered,background_regolith,Background,Background,-1,-1.0,-1.0,-1.0,0.0,0.007,1.0,-1,,unreal_rockfield.json,unreal_rockfield.json,nan,nan,nan
2561,-21.004364146855067,-203.1693472090823,0.28678914024184327,Small,RegolithCovered,background_regolith,Background,Background,-1,-1.0,-1.0,-1.0,0.0,0.007,1.0,-1,,unreal_rockfield.json,unreal_rockfield.json,nan,nan,nan
2562,-102.07678456984164,183.8816492202521,0.29368807159179144,Small,RegolithCovered,background_regolith,Background,Background,-1,-1.0,-1.0,-1.0,0.0,0.007,1.0,-1,,unreal_rockfield.json,unreal_rockfield.json,nan,nan,nan
2563,100.82552568132576,-208.7084566789758,0.28213399814827,Small,RegolithCovered,background_regolith,Background,Background,-1,-1.0,-1.0,-1.0,0.0,0.007,1.0,-1,,unreal_rockfield.json,unreal_rockfield.json,nan,nan,nan
2564,-59.060945463423565,-12.916959135715814,0.298265785987336,Small,RegolithCovered,background_regolith,Background,Background,-1,-1.0,-1.0,-1.0,0.0,0.007,1.0,-1,,unreal_rockfield.json,unreal_rockfield.json,nan,nan,nan
2565,149.28891872920923,-58.28272347178566,0.30221621348604566,Medium,RegolithCovered,background_regolith,Background,Background,-1,-1.0,-1.0,-1.0,0.0,0.007,1.0,-1,,unreal_rockfield.json,unreal_rockfield.json,nan,nan,nan
2566,-69.54405346842859,-120.5099642933439,0.27811986052715465,Small,RegolithCovered,background_regolith,Background,Background,-1,-1.0,-1.0,-1.0,0.0,0.007,1.0,-1,,unreal_rockfield.json,unreal_rockfield.json,nan,nan,nan
2567,-34.8597674489578,-5.89770195623646,0.32234251423417715,Medium,RegolithCovered,background_regolith,Background,Background,-1,-1.0,-1.0,-1.0,0.0,0.007,1.0,-1,,unreal_rockfield.json,unreal_rockfield.json,nan,nan,nan
2568,168.48506118961149,141.62877285073398,0.396933415020241,Medium,RegolithCovered,background_regolith,Background,Background,-1,-1.0,-1.0,-1.0,0.0,0.007,1.0,-1,,unreal_rockfield.json,unreal_rockfield.json,nan,nan,nan
2569,-146.4812158574175,-82.11767937253944,0.29481352763450946,Small,RegolithCovered,background_regolith,Background,Background,-1,-1.0,-1.0,-1.0,0.0,0.007,1.0,-1,,unreal_rockfield.json,unreal_rockfield.json,nan,nan,nan
2570,-83.38419751579332,-97.20908230842008,0.30586512996473153,Medium,RegolithCovered,background_regolith,Background,Background,-1,-1.0,-1.0,-1.0,0.0,0.007,1.0,-1,,unreal_rockfield.json,unreal_rockfield.json,nan,nan,nan
2571,-145.97766045106357,-140.36225470748008,0.3033731826524011,Medium,RegolithCovered,background_regolith,Background,Background,-1,-1.0,-1.0,-1.0,0.0,0.007,1.0,-1,,unreal_rockfield.json,unreal_rockfield.json,nan,nan,nan
2572,-243.74370555742058,-221.06845301675466,0.2616432312632603,Small,RegolithCovered,background_regolith,Background,Background,-1,-1.0,-1.0,-1.0,0.0,0.007,1.0,-1,,unreal_rockfield.json,unreal_rockfield.json,nan,nan,nan
2573,-73.8776818140202,-94.03515732291635,0.28472826488856456,Small,RegolithCovered,background_regolith,Background,Background,-1,-1.0,-1.0,-1.0,0.0,0.007,1.0,-1,,unreal_rockfield.json,unreal_rockfield.json,nan,nan,nan
2574,146.6795861690115,-130.367442854091,0.32652349010297244,Medium,RegolithCovered,background_regolith,Background,Background,-1,-1.0,-1.0,-1.0,0.0,0.007,1.0,-1,,unreal_rockfield.json,unreal_rockfield.json,nan,nan,nan
2575,-155.30106509598073,155.1789910580767,0.2791137917485194,Small,RegolithCovered,background_regolith,Background,Background,-1,-1.0,-1.0,-1.0,0.0,0.007,1.0,-1,,unreal_rockfield.json,unreal_rockfield.json,nan,nan,nan
2576,216.948454237495,-128.61262855922115,0.2822614659759014,Small,RegolithCovered,background_regolith,Background,Background,-1,-1.0,-1.0,-1.0,0.0,0.007,1.0,-1,,unreal_rockfield.json,unreal_rockfield.json,nan,nan,nan
2577,-91.77678762169256,-99.26908169804989,0.2850759580681552,Small,RegolithCovered,background_regolith,Background,Background,-1,-1.0,-1.0,-1.0,0.0,0.007,1.0,-1,,unreal_rockfield.json,unreal_rockfield.json,nan,nan,nan
2578,-49.09665211951048,138.8515884884182,0.3175700027846581,Medium,RegolithCovered,background_regolith,Background,Background,-1,-1.0,-1.0,-1.0,0.0,0.007,1.0,-1,,unreal_rockfield.json,unreal_rockfield.json,nan,nan,nan
2579,-200.9872737815485,-193.15927610095522,0.6015101504893029,Medium,RegolithCovered,background_regolith,Background,Background,-1,-1.0,-1.0,-1.0,0.0,0.007,1.0,-1,,unreal_rockfield.json,unreal_rockfield.json,nan,nan,nan
2580,134.85366374706257,152.096621601001,0.2712594722802653,Small,RegolithCovered,background_regolith,Background,Background,-1,-1.0,-1.0,-1.0,0.0,0.007,1.0,-1,,unreal_rockfield.json,unreal_rockfield.json,nan,nan,nan
2581,-209.8529007843257,244.29303872798852,0.26097656601878927,Small,RegolithCovered,background_regolith,Background,Background,-1,-1.0,-1.0,-1.0,0.0,0.007,1.0,-1,,unreal_rockfield.json,unreal_rockfield.json,nan,nan,nan
2582,170.77394940031127,219.61882381664475,0.30444562360869004,Medium,RegolithCovered,background_regolith,Background,Background,-1,-1.0,-1.0,-1.0,0.0,0.007,1.0,-1,,unreal_rockfield.json,unreal_rockfield.json,nan,nan,nan
2583,152.172917874691,-108.47041230506301,0.28186029675093544,Small,RegolithCovered,background_regolith,Background,Background,-1,-1.0,-1.0,-1.0,0.0,0.007,1.0,-1,,unreal_rockfield.json,unreal_rockfield.json,nan,nan,nan
2584,52.52998443556015,45.2665791802728,0.3594607660814189,Medium,RegolithCovered,background_regolith,Background,Background,-1,-1.0,-1.0,-1.0,0.0,0.007,1.0,-1,,unreal_rockfield.json,unreal_rockfield.json,nan,nan,nan
2585,-235.56474501785334,228.51496932889796,0.40496921533375524,Medium,RegolithCovered,background_regolith,Background,Background,-1,-1.0,-1.0,-1.0,0.0,0.007,1.0,-1,,unreal_rockfield.json,unreal_rockfield.json,nan,nan,nan
2586,-105.3117465742973,205.29038361766413,0.26410803127370985,Small,RegolithCovered,background_regolith,Background,Background,-1,-1.0,-1.0,-1.0,0.0,0.007,1.0,-1,,unreal_rockfield.json,unreal_rockfield.json,nan,nan,nan
2587,-233.06222724082156,96.07989745780816,0.2885175683642894,Small,RegolithCovered,background_regolith,Background,Background,-1,-1.0,-1.0,-1.0,0.0,0.007,1.0,-1,,unreal_rockfield.json,unreal_rockfield.json,nan,nan,nan
2588,-166.91335795159765,-197.32505264442884,0.27157626810528096,Small,RegolithCovered,background_regolith,Background,Background,-1,-1.0,-1.0,-1.0,0.0,0.007,1.0,-1,,unreal_rockfield.json,unreal_rockfield.json,nan,nan,nan
2589,-213.3777886288034,1.3046662800988997,0.3296284264494302,Medium,RegolithCovered,background_regolith,Background,Background,-1,-1.0,-1.0,-1.0,0.0,0.007,1.0,-1,,unreal_rockfield.json,unreal_rockfield.json,nan,nan,nan
2590,-182.21839045381023,-219.6340830713828,0.29111254316203755,Small,RegolithCovered,background_regolith,Background,Background,-1,-1.0,-1.0,-1.0,0.0,0.007,1.0,-1,,unreal_rockfield.json,unreal_rockfield.json,nan,nan,nan
2591,25.170140690328708,-246.03259376812036,0.27733110714622744,Small,RegolithCovered,background_regolith,Background,Background,-1,-1.0,-1.0,-1.0,0.0,0.007,1.0,-1,,unreal_rockfield.json,unreal_rockfield.json,nan,nan,nan
2592,232.3755607776116,-232.03985717337565,0.29372665388981917,Small,RegolithCovered,background_regolith,Background,Background,-1,-1.0,-1.0,-1.0,0.0,0.007,1.0,-1,,unreal_rockfield.json,unreal_rockfield.json,nan,nan,nan
2593,-9.544663838618135,-239.22696615497298,0.31248776338206363,Medium,RegolithCovered,background_regolith,Background,Background,-1,-1.0,-1.0,-1.0,0.0,0.007,1.0,-1,,unreal_rockfield.json,unreal_rockfield.json,nan,nan,nan
2594,-164.82284005249184,97.69737846003602,0.4198268750836994,Medium,RegolithCovered,background_regolith,Background,Background,-1,-1.0,-1.0,-1.0,0.0,0.007,1.0,-1,,unreal_rockfield.json,unreal_rockfield.json,nan,nan,nan
2595,78.40968047120577,-181.6385387737663,0.26354217360600657,Small,RegolithCovered,background_regolith,Background,Background,-1,-1.0,-1.0,-1.0,0.0,0.007,1.0,-1,,unreal_rockfield.json,unreal_rockfield.json,nan,nan,nan
2596,165.4484694967498,-59.24405652027957,0.26370004010292886,Small,RegolithCovered,background_regolith,Background,Background,-1,-1.0,-1.0,-1.0,0.0,0.007,1.0,-1,,unreal_rockfield.json,unreal_rockfield.json,nan,nan,nan
2597,-245.57481612598042,-27.932065797906432,0.2685106702676921,Small,RegolithCovered,background_regolith,Background,Background,-1,-1.0,-1.0,-1.0,0.0,0.007,1.0,-1,,unreal_rockfield.json,unreal_rockfield.json,nan,nan,nan
2598,227.88933988464004,72.48908963286232,0.2754072096778267,Small,RegolithCovered,background_regolith,Background,Background,-1,-1.0,-1.0,-1.0,0.0,0.007,1.0,-1,,unreal_rockfield.json,unreal_rockfield.json,nan,nan,nan
2599,-70.33753471480452,-118.92300180059206,0.36091411479776714,Medium,RegolithCovered,background_regolith,Background,Background,-1,-1.0,-1.0,-1.0,0.0,0.007,1.0,-1,,unreal_rockfield.json,unreal_rockfield.json,nan,nan,nan
2600,-98.07885982848597,-237.45689260536514,0.2871837400363958,Small,RegolithCovered,background_regolith,Background,Background,-1,-1.0,-1.0,-1.0,0.0,0.007,1.0,-1,,unreal_rockfield.json,unreal_rockfield.json,nan,nan,nan
2601,-33.25754570146793,90.87649159215067,0.3438709028459186,Medium,RegolithCovered,background_regolith,Background,Background,-1,-1.0,-1.0,-1.0,0.0,0.007,1.0,-1,,unreal_rockfield.json,unreal_rockfield.json,nan,nan,nan
2602,50.958281197546285,-109.5690786461989,0.5816841849126082,Medium,RegolithCovered,background_regolith,Background,Background,-1,-1.0,-1.0,-1.0,0.0,0.007,1.0,-1,,unreal_rockfield.json,unreal_rockfield.json,nan,nan,nan
2603,-231.96356089968566,96.90389721366012,0.28765786463837223,Small,RegolithCovered,background_regolith,Background,Background,-1,-1.0,-1.0,-1.0,0.0,0.007,1.0,-1,,unreal_rockfield.json,unreal_rockfield.json,nan,nan,nan
2604,174.28357799005096,-203.94756920072024,0.2771255145250254,Small,RegolithCovered,background_regolith,Background,Background,-1,-1.0,-1.0,-1.0,0.0,0.007,1.0,-1,,unreal_rockfield.json,unreal_rockfield.json,nan,nan,nan
2605,-214.91897335734123,28.237250892666395,0.26051031105409,Small,RegolithCovered,background_regolith,Background,Background,-1,-1.0,-1.0,-1.0,0.0,0.007,1.0,-1,,unreal_rockfield.json,unreal_rockfield.json,nan,nan,nan
2606,83.17056794946137,-223.64726706747643,0.27326133540511793,Small,RegolithCovered,background_regolith,Background,Background,-1,-1.0,-1.0,-1.0,0.0,0.007,1.0,-1,,unreal_rockfield.json,unreal_rockfield.json,nan,nan,nan
2607,228.255561998352,122.37159337137979,0.3832450990779251,Medium,RegolithCovered,background_regolith,Background,Background,-1,-1.0,-1.0,-1.0,0.0,0.007,1.0,-1,,unreal_rockfield.json,unreal_rockfield.json,nan,nan,nan
2608,-66.35486922818689,220.03082369457076,0.3248283594321897,Medium,RegolithCovered,background_regolith,Background,Background,-1,-1.0,-1.0,-1.0,0.0,0.007,1.0,-1,,unreal_rockfield.json,unreal_rockfield.json,nan,nan,nan
2609,-61.27353740043338,-159.07010101626636,0.2982587009430692,Small,RegolithCovered,background_regolith,Background,Background,-1,-1.0,-1.0,-1.0,0.0,0.007,1.0,-1,,unreal_rockfield.json,unreal_rockfield.json,nan,nan,nan
2610,-52.52998443556018,-179.3801690725425,0.3269071442685017,Medium,RegolithCovered,background_regolith,Background,Background,-1,-1.0,-1.0,-1.0,0.0,0.007,1.0,-1,,unreal_rockfield.json,unreal_rockfield.json,nan,nan,nan
2611,-3.3341471602526838,-71.16153447065645,0.29328168848737235,Small,RegolithCovered,background_regolith,Background,Background,-1,-1.0,-1.0,-1.0,0.0,0.007,1.0,-1,,unreal_rockfield.json,unreal_rockfield.json,nan,nan,nan
2612,237.42637409588917,-188.62727744376966,0.2782797755537604,Small,RegolithCovered,background_regolith,Background,Background,-1,-1.0,-1.0,-1.0,0.0,0.007,1.0,-1,,unreal_rockfield.json,unreal_rockfield.json,nan,nan,nan
2613,-130.79470198675497,-118.25159459212011,0.39453534681467567,Medium,RegolithCovered,background_regolith,Background,Background,-1,-1.0,-1.0,-1.0,0.0,0.007,1.0,-1,,unreal_rockfield.json,unreal_rockfield.json,nan,nan,nan
2614,-238.0672627948851,-90.03723258156072,0.3361407308297212,Medium,RegolithCovered,background_regolith,Background,Background,-1,-1.0,-1.0,-1.0,0.0,0.007,1.0,-1,,unreal_rockfield.json,unreal_rockfield.json,nan,nan,nan
2615,-63.913388470107094,98.73500778221995,0.6791015909410087,Medium,RegolithCovered,background_regolith,Background,Background,-1,-1.0,-1.0,-1.0,0.0,0.007,1.0,-1,,unreal_rockfield.json,unreal_rockfield.json,nan,nan,nan
2616,3.1510361033967342,-163.52580339976197,0.2790555251118238,Small,RegolithCovered,background_regolith,Background,Background,-1,-1.0,-1.0,-1.0,0.0,0.007,1.0,-1,,unreal_rockfield.json,unreal_rockfield.json,nan,nan,nan
2617,-243.02652058473464,-105.76952421643725,0.3049358990335203,Medium,RegolithCovered,background_regolith,Background,Background,-1,-1.0,-1.0,-1.0,0.0,0.007,1.0,-1,,unreal_rockfield.json,unreal_rockfield.json,nan,nan,nan
2618,-69.89501632740257,59.701834162419516,0.40619724745293806,Medium,RegolithCovered,background_regolith,Background,Background,-1,-1.0,-1.0,-1.0,0.0,0.007,1.0,-1,,unreal_rockfield.json,unreal_rockfield.json,nan,nan,nan
2619,150.8453627124851,-35.378582110049734,0.28350754755151225,Small,RegolithCovered,background_regolith,Background,Background,-1,-1.0,-1.0,-1.0,0.0,0.007,1.0,-1,,unreal_rockfield.json,unreal_rockfield.json,nan,nan,nan
2620,112.95663319803464,23.491622669148853,0.4000539996440747,Medium,RegolithCovered,background_regolith,Background,Background,-1,-1.0,-1.0,-1.0,0.0,0.007,1.0,-1,,unreal_rockfield.json,unreal_rockfield.json,nan,nan,nan
2621,230.52919095431378,-214.0339365825373,0.3241237055167169,Medium,RegolithCovered,background_regolith,Background,Background,-1,-1.0,-1.0,-1.0,0.0,0.007,1.0,-1,,unreal_rockfield.json,unreal_rockfield.json,nan,nan,nan
2622,-69.4372386852626,194.15112765892513,0.2634205189601714,Small,RegolithCovered,background_regolith,Background,Background,-1,-1.0,-1.0,-1.0,0.0,0.007,1.0,-1,,unreal_rockfield.json,unreal_rockfield.json,nan,nan,nan
2623,164.2124698629719,200.5447553941466,0.2708117392788988,Small,RegolithCovered,background_regolith,Background,Background,-1,-1.0,-1.0,-1.0,0.0,0.007,1.0,-1,,unreal_rockfield.json,unreal_rockfield.json,nan,nan,nan
2624,102.88552507095557,37.68272957548754,0.4970101800251665,Medium,RegolithCovered,background_regolith,Background,Background,-1,-1.0,-1.0,-1.0,0.0,0.007,1.0,-1,,unreal_rockfield.json,unreal_rockfield.json,nan,nan,nan
2625,-195.02090517899106,65.14938810388497,0.2727662349478917,Small,RegolithCovered,background_regolith,Background,Background,-1,-1.0,-1.0,-1.0,0.0,0.007,1.0,-1,,unreal_rockfield.json,unreal_rockfield.json,nan,nan,nan
2626,214.76638080996122,172.29987487411114,0.29587907121236634,Small,RegolithCovered,background_regolith,Background,Background,-1,-1.0,-1.0,-1.0,0.0,0.007,1.0,-1,,unreal_rockfield.json,unreal_rockfield.json,nan,nan,nan
2627,130.01647999511704,224.7154148991363,0.28050194708002907,Small,RegolithCovered,background_regolith,Background,Background,-1,-1.0,-1.0,-1.0,0.0,0.007,1.0,-1,,unreal_rockfield.json,unreal_rockfield.json,nan,nan,nan
2628,-78.30286568803979,131.43559068575087,0.29005752247824396,Small,RegolithCovered,background_regolith,Background,Background,-1,-1.0,-1.0,-1.0,0.0,0.007,1.0,-1,,unreal_rockfield.json,unreal_rockfield.json,nan,nan,nan
2629,-152.70699179052096,174.39039277321694,0.27487663405942986,Small,RegolithCovered,background_regolith,Background,Background,-1,-1.0,-1.0,-1.0,0.0,0.007,1.0,-1,,unreal_rockfield.json,unreal_rockfield.json,nan,nan,nan
2630,72.71797845393229,105.26596881008334,0.41614541233578684,Medium,RegolithCovered,background_regolith,Background,Background,-1,-1.0,-1.0,-1.0,0.0,0.007,1.0,-1,,unreal_rockfield.json,unreal_rockfield.json,nan,nan,nan
2631,-249.64903714102604,23.201696829126888,0.2638830626462836,Small,RegolithCovered,background_regolith,Background,Background,-1,-1.0,-1.0,-1.0,0.0,0.007,1.0,-1,,unreal_rockfield.json,unreal_rockfield.json,nan,nan,nan
2632,-6.7217017120883895,-108.86715292825096,0.3440622483048921,Medium,RegolithCovered,background_regolith,Background,Background,-1,-1.0,-1.0,-1.0,0.0,0.007,1.0,-1,,unreal_rockfield.json,unreal_rockfield.json,nan,nan,nan
2633,114.34522537919253,206.57216101565604,0.33063572818924436,Medium,RegolithCovered,background_regolith,Background,Background,-1,-1.0,-1.0,-1.0,0.0,0.007,1.0,-1,,unreal_rockfield.json,unreal_rockfield.json,nan,nan,nan
2634,75.83086642048403,-237.19748527481917,0.45891484897044627,Medium,RegolithCovered,background_regolith,Background,Background,-1,-1.0,-1.0,-1.0,0.0,0.007,1.0,-1,,unreal_rockfield.json,unreal_rockfield.json,nan,nan,nan
2635,-178.87661366618852,-246.07837153233436,0.2624360951010424,Small,RegolithCovered,background_regolith,Background,Background,-1,-1.0,-1.0,-1.0,0.0,0.007,1.0,-1,,unreal_rockfield.json,unreal_rockfield.json,nan,nan,nan
2636,67.16360972930079,-247.60429700613423,0.5429732185588279,Medium,RegolithCovered,background_regolith,Background,Background,-1,-1.0,-1.0,-1.0,0.0,0.007,1.0,-1,,unreal_rockfield.json,unreal_rockfield.json,nan,nan,nan
2637,161.42002624591817,236.7702261421552,0.2940429431095615,Small,RegolithCovered,background_regolith,Background,Background,-1,-1.0,-1.0,-1.0,0.0,0.007,1.0,-1,,unreal_rockfield.json,unreal_rockfield.json,nan,nan,nan
2638,-43.816949980162974,115.48966948454239,0.472121172985928,Medium,RegolithCovered,background_regolith,Background,Background,-1,-1.0,-1.0,-1.0,0.0,0.007,1.0,-1,,unreal_rockfield.json,unreal_rockfield.json,nan,nan,nan
2639,77.44834742271189,240.1882992034669,0.2859991826598547,Small,RegolithCovered,background_regolith,Background,Background,-1,-1.0,-1.0,-1.0,0.0,0.007,1.0,-1,,unreal_rockfield.json,unreal_rockfield.json,nan,nan,nan
2640,91.4868617816706,205.82445753349407,0.35132624215762454,Medium,RegolithCovered,background_regolith,Background,Background,-1,-1.0,-1.0,-1.0,0.0,0.007,1.0,-1,,unreal_rockfield.json,unreal_rockfield.json,nan,nan,nan
2641,167.5389873958556,-245.19333475753044,0.26152544062995403,Small,RegolithCovered,background_regolith,Background,Background,-1,-1.0,-1.0,-1.0,0.0,0.007,1.0,-1,,unreal_rockfield.json,unreal_rockfield.json,nan,nan,nan
2642,31.80791650135808,-190.64149906918547,0.3373659772016973,Medium,RegolithCovered,background_regolith,Background,Background,-1,-1.0,-1.0,-1.0,0.0,0.007,1.0,-1,,unreal_rockfield.json,unreal_rockfield.json,nan,nan,nan
2643,-239.28800317392498,213.27097384563734,0.2852494745511795,Small,RegolithCovered,background_regolith,Background,Background,-1,-1.0,-1.0,-1.0,0.0,0.007,1.0,-1,,unreal_rockfield.json,unreal_rockfield.json,nan,nan,nan
2644,92.89071321756649,-134.9147007660146,0.27663112868277795,Small,RegolithCovered,background_regolith,Background,Background,-1,-1.0,-1.0,-1.0,0.0,0.007,1.0,-1,,unreal_rockfield.json,unreal_rockfield.json,nan,nan,nan
2645,-25.24643696401867,-67.16360972930082,0.3367460386147489,Medium,RegolithCovered,background_regolith,Background,Background,-1,-1.0,-1.0,-1.0,0.0,0.007,1.0,-1,,unreal_rockfield.json,unreal_rockfield.json,nan,nan,nan
2646,37.163914914395605,120.46418652912996,0.2658254045385284,Small,RegolithCovered,background_regolith,Background,Background,-1,-1.0,-1.0,-1.0,0.0,0.007,1.0,-1,,unreal_rockfield.json,unreal_rockfield.json,nan,nan,nan
2647,79.30997650074772,-86.48182622760706,0.5639852333943359,Medium,RegolithCovered,background_regolith,Background,Background,-1,-1.0,-1.0,-1.0,0.0,0.007,1.0,-1,,unreal_rockfield.json,unreal_rockfield.json,nan,nan,nan
2648,-202.52845851008638,-180.86031678212834,0.2973048904765035,Small,RegolithCovered,background_regolith,Background,Background,-1,-1.0,-1.0,-1.0,0.0,0.007,1.0,-1,,unreal_rockfield.json,unreal_rockfield.json,nan,nan,nan
2649,-111.88848536637471,212.0807519760735,0.4919603725098623,Medium,RegolithCovered,background_regolith,Background,Background,-1,-1.0,-1.0,-1.0,0.0,0.007,1.0,-1,,unreal_rockfield.json,unreal_rockfield.json,nan,nan,nan
2650,-31.685842463454065,185.27024140140998,0.3129651592335586,Medium,RegolithCovered,background_regolith,Background,Background,-1,-1.0,-1.0,-1.0,0.0,0.007,1.0,-1,,unreal_rockfield.json,unreal_rockfield.json,nan,nan,nan
2651,-15.48051393169959,-90.86123233741264,0.2984468137216569,Small,RegolithCovered,background_regolith,Background,Background,-1,-1.0,-1.0,-1.0,0.0,0.007,1.0,-1,,unreal_rockfield.json,unreal_rockfield.json,nan,nan,nan
2652,-22.54554887539291,-59.42716757713555,0.31748067303840144,Medium,RegolithCovered,background_regolith,Background,Background,-1,-1.0,-1.0,-1.0,0.0,0.007,1.0,-1,,unreal_rockfield.json,unreal_rockfield.json,nan,nan,nan
2653,33.25754570146796,-56.54316843165381,0.3393258569026914,Medium,RegolithCovered,background_regolith,Background,Background,-1,-1.0,-1.0,-1.0,0.0,0.007,1.0,-1,,unreal_rockfield.json,unreal_rockfield.json,nan,nan,nan
2654,-197.9201635792108,54.66628009887995,0.3442630106873469,Medium,RegolithCovered,background_regolith,Background,Background,-1,-1.0,-1.0,-1.0,0.0,0.007,1.0,-1,,unreal_rockfield.json,unreal_rockfield.json,nan,nan,nan
2655,-65.91235084078491,242.00415051728874,0.2614558533809074,Small,RegolithCovered,background_regolith,Background,Background,-1,-1.0,-1.0,-1.0,0.0,0.007,1.0,-1,,unreal_rockfield.json,unreal_rockfield.json,nan,nan,nan
2656,-242.2788171025727,71.68034913174841,0.2641129711307324,Small,RegolithCovered,background_regolith,Background,Background,-1,-1.0,-1.0,-1.0,0.0,0.007,1.0,-1,,unreal_rockfield.json,unreal_rockfield.json,nan,nan,nan
2657,-181.50120548112432,66.29383220923489,0.3317527015659656,Medium,RegolithCovered,background_regolith,Background,Background,-1,-1.0,-1.0,-1.0,0.0,0.007,1.0,-1,,unreal_rockfield.json,unreal_rockfield.json,nan,nan,nan
2658,198.65260780663476,-132.00018311105686,0.33510507537149214,Medium,RegolithCovered,background_regolith,Background,Background,-1,-1.0,-1.0,-1.0,0.0,0.007,1.0,-1,,unreal_rockfield.json,unreal_rockfield.json,nan,nan,nan
2659,64.61531418805504,-239.79155858027895,0.28430196011728137,Small,RegolithCovered,background_regolith,Background,Background,-1,-1.0,-1.0,-1.0,0.0,0.007,1.0,-1,,unreal_rockfield.json,unreal_rockfield.json,nan,nan,nan
2660,-133.17514572588277,-239.34904019287697,0.3344523886613578,Medium,RegolithCovered,background_regolith,Background,Background,-1,-1.0,-1.0,-1.0,0.0,0.007,1.0,-1,,unreal_rockfield.json,unreal_rockfield.json,nan,nan,nan
2661,-201.64342173528246,59.30509353923151,0.3308259199080754,Medium,RegolithCovered,background_regolith,Background,Background,-1,-1.0,-1.0,-1.0,0.0,0.007,1.0,-1,,unreal_rockfield.json,unreal_rockfield.json,nan,nan,nan
2662,46.86880092776266,194.01379436628315,0.43419988549533517,Medium,RegolithCovered,background_regolith,Background,Background,-1,-1.0,-1.0,-1.0,0.0,0.007,1.0,-1,,unreal_rockfield.json,unreal_rockfield.json,nan,nan,nan
2663,-54.81887264625996,246.5056306649983,0.33451802743527886,Medium,RegolithCovered,background_regolith,Background,Background,-1,-1.0,-1.0,-1.0,0.0,0.007,1.0,-1,,unreal_rockfield.json,unreal_rockfield.json,nan,nan,nan
2664,66.46168401135287,-30.81606494338817,0.30463142417405115,Medium,RegolithCovered,background_regolith,Background,Background,-1,-1.0,-1.0,-1.0,0.0,0.007,1.0,-1,,unreal_rockfield.json,unreal_rockfield.json,nan,nan,nan
2665,-14.809106723227643,148.6480300302133,0.33666240093723027,Medium,RegolithCovered,background_regolith,Background,Background,-1,-1.0,-1.0,-1.0,0.0,0.007,1.0,-1,,unreal_rockfield.json,unreal_rockfield.json,nan,nan,nan
2666,-38.18628498184148,-164.25824762718588,0.325352522178649,Medium,RegolithCovered,background_regolith,Background,Background,-1,-1.0,-1.0,-1.0,0.0,0.007,1.0,-1,,unreal_rockfield.json,unreal_rockfield.json,nan,nan,nan
2667,-166.05883968626972,201.71971800897245,0.29955865783289726,Small,RegolithCovered,background_regolith,Background,Background,-1,-1.0,-1.0,-1.0,0.0,0.007,1.0,-1,,unreal_rockfield.json,unreal_rockfield.json,nan,nan,nan
2668,244.3235572374645,-76.25812555314798,0.2651786352473991,Small,RegolithCovered,background_regolith,Background,Background,-1,-1.0,-1.0,-1.0,0.0,0.007,1.0,-1,,unreal_rockfield.json,unreal_rockfield.json,nan,nan,nan
2669,-93.97412030396436,6.996368297372385,0.4429143215699934,Medium,RegolithCovered,background_regolith,Background,Background,-1,-1.0,-1.0,-1.0,0.0,0.007,1.0,-1,,unreal_rockfield.json,unreal_rockfield.json,nan,nan,nan
2670,93.76049073763238,146.16077150791955,0.2657345995573526,Small,RegolithCovered,background_regolith,Background,Background,-1,-1.0,-1.0,-1.0,0.0,0.007,1.0,-1,,unreal_rockfield.json,unreal_rockfield.json,nan,nan,nan
2671,109.44700460829495,-106.77663502914515,0.2866234302002298,Small,RegolithCovered,background_regolith,Background,Background,-1,-1.0,-1.0,-1.0,0.0,0.007,1.0,-1,,unreal_rockfield.json,unreal_rockfield.json,nan,nan,nan
2672,-95.7899716177862,32.28095339823608,0.5777218740949454,Medium,RegolithCovered,background_regolith,Background,Background,-1,-1.0,-1.0,-1.0,0.0,0.007,1.0,-1,,unreal_rockfield.json,unreal_rockfield.json,nan,nan,nan
2673,-48.562578203680545,-71.6040528580584,0.5863236047122298,Medium,RegolithCovered,background_regolith,Background,Background,-1,-1.0,-1.0,-1.0,0.0,0.007,1.0,-1,,unreal_rockfield.json,unreal_rockfield.json,nan,nan,nan
2674,-141.91869869075595,151.33365886410104,0.2906406635713243,Small,RegolithCovered,background_regolith,Background,Background,-1,-1.0,-1.0,-1.0,0.0,0.007,1.0,-1,,unreal_rockfield.json,unreal_rockfield.json,nan,nan,nan
2675,-201.44505142368848,27.169103061006524,0.28605632186049024,Small,RegolithCovered,background_regolith,Background,Background,-1,-1.0,-1.0,-1.0,0.0,0.007,1.0,-1,,unreal_rockfield.json,unreal_rockfield.json,nan,nan,nan
2676,38.0336924344615,38.17102572710354,0.3327384089897864,Medium,RegolithCovered,background_regolith,Background,Background,-1,-1.0,-1.0,-1.0,0.0,0.007,1.0,-1,,unreal_rockfield.json,unreal_rockfield.json,nan,nan,nan
2677,-186.82668538468582,212.8437147129734,0.3391345767440317,Medium,RegolithCovered,background_regolith,Background,Background,-1,-1.0,-1.0,-1.0,0.0,0.007,1.0,-1,,unreal_rockfield.json,unreal_rockfield.json,nan,nan,nan
2678,-54.43739127781001,28.221991637928397,0.2704048965297974,Small,RegolithCovered,background_regolith,Background,Background,-1,-1.0,-1.0,-1.0,0.0,0.007,1.0,-1,,unreal_rockfield.json,unreal_rockfield.json,nan,nan,nan
2679,-126.82729575487534,154.1718802453688,0.3517552421801145,Medium,RegolithCovered,background_regolith,Background,Background,-1,-1.0,-1.0,-1.0,0.0,0.007,1.0,-1,,unreal_rockfield.json,unreal_rockfield.json,nan,nan,nan
2680,114.0858180486465,-166.51661732840967,0.2728106438076084,Small,RegolithCovered,background_regolith,Background,Background,-1,-1.0,-1.0,-1.0,0.0,0.007,1.0,-1,,unreal_rockfield.json,unreal_rockfield.json,nan,nan,nan
2681,57.596057008575656,245.39170506912444,0.303860598586286,Medium,RegolithCovered,background_regolith,Background,Background,-1,-1.0,-1.0,-1.0,0.0,0.007,1.0,-1,,unreal_rockfield.json,unreal_rockfield.json,nan,nan,nan
2682,222.07556382946257,233.7336344492935,0.26355679597015574,Small,RegolithCovered,background_regolith,Background,Background,-1,-1.0,-1.0,-1.0,0.0,0.007,1.0,-1,,unreal_rockfield.json,unreal_rockfield.json,nan,nan,nan
2683,237.12118900112915,167.78313547166357,0.38245951130864003,Medium,RegolithCovered,background_regolith,Background,Background,-1,-1.0,-1.0,-1.0,0.0,0.007,1.0,-1,,unreal_rockfield.json,unreal_rockfield.json,nan,nan,nan
2684,165.73839533677176,103.09915463728754,0.2892883952834411,Small,RegolithCovered,background_regolith,Background,Background,-1,-1.0,-1.0,-1.0,0.0,0.007,1.0,-1,,unreal_rockfield.json,unreal_rockfield.json,nan,nan,nan
2685,131.71025727103483,3.9139988402966424,0.378375490790894,Medium,RegolithCovered,background_regolith,Background,Background,-1,-1.0,-1.0,-1.0,0.0,0.007,1.0,-1,,unreal_rockfield.json,unreal_rockfield.json,nan,nan,nan
2686,-122.46314889980772,-167.99676503799554,0.2687470412964978,Small,RegolithCovered,background_regolith,Background,Background,-1,-1.0,-1.0,-1.0,0.0,0.007,1.0,-1,,unreal_rockfield.json,unreal_rockfield.json,nan,nan,nan
2687,75.44938505203407,5.14999847407455,0.5692324683965853,Medium,RegolithCovered,background_regolith,Background,Background,-1,-1.0,-1.0,-1.0,0.0,0.007,1.0,-1,,unreal_rockfield.json,unreal_rockfield.json,nan,nan,nan
2688,215.36149174474315,221.92297128208259,0.3746706718898506,Medium,RegolithCovered,background_regolith,Background,Background,-1,-1.0,-1.0,-1.0,0.0,0.007,1.0,-1,,unreal_rockfield.json,unreal_rockfield.json,nan,nan,nan
2689,-151.2726218451491,-20.104068117313176,0.33627632804099156,Medium,RegolithCovered,background_regolith,Background,Background,-1,-1.0,-1.0,-1.0,0.0,0.007,1.0,-1,,unreal_rockfield.json,unreal_rockfield.json,nan,nan,nan
2690,-66.79738761558883,-182.99661244544816,0.28809138979022636,Small,RegolithCovered,background_regolith,Background,Background,-1,-1.0,-1.0,-1.0,0.0,0.007,1.0,-1,,unreal_rockfield.json,unreal_rockfield.json,nan,nan,nan
2691,-11.986144596697898,-90.86123233741264,0.277196916102977,Small,RegolithCovered,background_regolith,Background,Background,-1,-1.0,-1.0,-1.0,0.0,0.007,1.0,-1,,unreal_rockfield.json,unreal_rockfield.json,nan,nan,nan
2692,17.29636524552143,76.8379772331919,0.26239814566953834,Small,RegolithCovered,background_regolith,Background,Background,-1,-1.0,-1.0,-1.0,0.0,0.007,1.0,-1,,unreal_rockfield.json,unreal_rockfield.json,nan,nan,nan
2693,149.9755851924192,246.81081575975827,0.26144967349029,Small,RegolithCovered,background_regolith,Background,Background,-1,-1.0,-1.0,-1.0,0.0,0.007,1.0,-1,,unreal_rockfield.json,unreal_rockfield.json,nan,nan,nan
2694,-33.37961973937192,-23.216956083864858,0.3255120434275903,Medium,RegolithCovered,background_regolith,Background,Background,-1,-1.0,-1.0,-1.0,0.0,0.007,1.0,-1,,unreal_rockfield.json,unreal_rockfield.json,nan,nan,nan
2695,78.92849513229771,-138.62269966734823,0.29330080809649717,Small,RegolithCovered,background_regolith,Background,Background,-1,-1.0,-1.0,-1.0,0.0,0.007,1.0,-1,,unreal_rockfield.json,unreal_rockfield.json,nan,nan,nan
2696,-145.27573473311566,235.3358561967833,0.3659439154599462,Medium,RegolithCovered,background_regolith,Background,Background,-1,-1.0,-1.0,-1.0,0.0,0.007,1.0,-1,,unreal_rockfield.json,unreal_rockfield.json,nan,nan,nan
2697,189.98535111545152,160.13824884792626,0.283141054154324,Small,RegolithCovered,background_regolith,Background,Background,-1,-1.0,-1.0,-1.0,0.0,0.007,1.0,-1,,unreal_rockfield.json,unreal_rockfield.json,nan,nan,nan
2698,163.87676625873593,96.88863795892212,0.3188644825673068,Medium,RegolithCovered,background_regolith,Background,Background,-1,-1.0,-1.0,-1.0,0.0,0.007,1.0,-1,,unreal_rockfield.json,unreal_rockfield.json,nan,nan,nan
2699,-75.95294045838801,45.60228278450876,0.34439434120580903,Medium,RegolithCovered,background_regolith,Background,Background,-1,-1.0,-1.0,-1.0,0.0,0.007,1.0,-1,,unreal_rockfield.json,unreal_rockfield.json,nan,nan,nan
2700,-125.39292580950347,132.73262733848077,0.30672368243500614,Medium,RegolithCovered,background_regolith,Background,Background,-1,-1.0,-1.0,-1.0,0.0,0.007,1.0,-1,,unreal_rockfield.json,unreal_rockfield.json,nan,nan,nan
2701,41.77220984527116,-76.21234778893398,0.2676460769748805,Small,RegolithCovered,background_regolith,Background,Background,-1,-1.0,-1.0,-1.0,0.0,0.007,1.0,-1,,unreal_rockfield.json,unreal_rockfield.json,nan,nan,nan
2702,58.236945707571635,49.41709646900841,0.3113093720309165,Medium,RegolithCovered,background_regolith,Background,Background,-1,-1.0,-1.0,-1.0,0.0,0.007,1.0,-1,,unreal_rockfield.json,unreal_rockfield.json,nan,nan,nan
2703,88.28241828669087,-49.462874233222465,0.3401707828774103,Medium,RegolithCovered,background_regolith,Background,Background,-1,-1.0,-1.0,-1.0,0.0,0.007,1.0,-1,,unreal_rockfield.json,unreal_rockfield.json,nan,nan,nan
2704,194.9446089053011,199.75127414777063,0.262567604020028,Small,RegolithCovered,background_regolith,Background,Background,-1,-1.0,-1.0,-1.0,0.0,0.007,1.0,-1,,unreal_rockfield.json,unreal_rockfield.json,nan,nan,nan
2705,69.1473128452406,7.0574053163243775,0.3030744621053088,Medium,RegolithCovered,background_regolith,Background,Background,-1,-1.0,-1.0,-1.0,0.0,0.007,1.0,-1,,unreal_rockfield.json,unreal_rockfield.json,nan,nan,nan
2706,64.85946226386301,64.66109195226903,0.3195106971314291,Medium,RegolithCovered,background_regolith,Background,Background,-1,-1.0,-1.0,-1.0,0.0,0.007,1.0,-1,,unreal_rockfield.json,unreal_rockfield.json,nan,nan,nan
2707,114.46729941709651,-27.977843562120427,0.26018088896568353,Small,RegolithCovered,background_regolith,Background,Background,-1,-1.0,-1.0,-1.0,0.0,0.007,1.0,-1,,unreal_rockfield.json,unreal_rockfield.json,nan,nan,nan
2708,-230.97170934171575,102.50404370250556,0.2726071412339815,Small,RegolithCovered,background_regolith,Background,Background,-1,-1.0,-1.0,-1.0,0.0,0.007,1.0,-1,,unreal_rockfield.json,unreal_rockfield.json,nan,nan,nan
2709,-237.21274452955717,146.43543809320352,0.32341677125707086,Medium,RegolithCovered,background_regolith,Background,Background,-1,-1.0,-1.0,-1.0,0.0,0.007,1.0,-1,,unreal_rockfield.json,unreal_rockfield.json,nan,nan,nan
2710,170.5908383434553,232.23822748496963,0.2725549089359427,Small,RegolithCovered,background_regolith,Background,Background,-1,-1.0,-1.0,-1.0,0.0,0.007,1.0,-1,,unreal_rockfield.json,unreal_rockfield.json,nan,nan,nan
2711,155.98773155919065,123.27188940092168,0.2756522903930995,Small,RegolithCovered,background_regolith,Background,Background,-1,-1.0,-1.0,-1.0,0.0,0.007,1.0,-1,,unreal_rockfield.json,unreal_rockfield.json,nan,nan,nan
2712,240.9360026856288,16.57918027283546,0.33476673086933734,Medium,RegolithCovered,background_regolith,Background,Background,-1,-1.0,-1.0,-1.0,0.0,0.007,1.0,-1,,unreal_rockfield.json,unreal_rockfield.json,nan,nan,nan
2713,87.09219641712701,-83.09427167577135,0.4122487840354878,Medium,RegolithCovered,background_regolith,Background,Background,-1,-1.0,-1.0,-1.0,0.0,0.007,1.0,-1,,unreal_rockfield.json,unreal_rockfield.json,nan,nan,nan
2714,-111.49174474318673,28.6797692800684,0.27706313307544755,Small,RegolithCovered,background_regolith,Background,Background,-1,-1.0,-1.0,-1.0,0.0,0.007,1.0,-1,,unreal_rockfield.json,unreal_rockfield.json,nan,nan,nan
2715,174.60402233954892,213.10312204351936,0.2757062202331441,Small,RegolithCovered,background_regolith,Background,Background,-1,-1.0,-1.0,-1.0,0.0,0.007,1.0,-1,,unreal_rockfield.json,unreal_rockfield.json,nan,nan,nan
2716,-223.69304483169043,107.15811639759517,0.2692256061426249,Small,RegolithCovered,background_regolith,Background,Background,-1,-1.0,-1.0,-1.0,0.0,0.007,1.0,-1,,unreal_rockfield.json,unreal_rockfield.json,nan,nan,nan
2717,134.6552934354686,106.8376720480972,0.3024515773736067,Medium,RegolithCovered,background_regolith,Background,Background,-1,-1.0,-1.0,-1.0,0.0,0.007,1.0,-1,,unreal_rockfield.json,unreal_rockfield.json,nan,nan,nan
2718,-163.51054414502397,-81.84301278725547,0.29831186463643067,Small,RegolithCovered,background_regolith,Background,Background,-1,-1.0,-1.0,-1.0,0.0,0.007,1.0,-1,,unreal_rockfield.json,unreal_rockfield.json,nan,nan,nan
2719,-124.26374095889156,101.22226630451371,0.3099955347477734,Medium,RegolithCovered,background_regolith,Background,Background,-1,-1.0,-1.0,-1.0,0.0,0.007,1.0,-1,,unreal_rockfield.json,unreal_rockfield.json,nan,nan,nan
2720,103.55693227942749,137.20358897671434,0.36232075753399257,Medium,RegolithCovered,background_regolith,Background,Background,-1,-1.0,-1.0,-1.0,0.0,0.007,1.0,-1,,unreal_rockfield.json,unreal_rockfield.json,nan,nan,nan
2721,135.3114413892025,-118.95352031006806,0.5865743274217874,Medium,RegolithCovered,background_regolith,Background,Background,-1,-1.0,-1.0,-1.0,0.0,0.007,1.0,-1,,unreal_rockfield.json,unreal_rockfield.json,nan,nan,nan
2722,49.17294839320044,-176.60298471022676,0.2979832082593816,Small,RegolithCovered,background_regolith,Background,Background,-1,-1.0,-1.0,-1.0,0.0,0.007,1.0,-1,,unreal_rockfield.json,unreal_rockfield.json,nan,nan,nan
2723,-197.05038605914487,-109.8895229956969,0.5686111774784426,Medium,RegolithCovered,background_regolith,Background,Background,-1,-1.0,-1.0,-1.0,0.0,0.007,1.0,-1,,unreal_rockfield.json,unreal_rockfield.json,nan,nan,nan
2724,248.96237067781607,-124.75203711050753,0.2877143014078393,Small,RegolithCovered,background_regolith,Background,Background,-1,-1.0,-1.0,-1.0,0.0,0.007,1.0,-1,,unreal_rockfield.json,unreal_rockfield.json,nan,nan,nan
2725,116.37470625934634,-33.730582598345904,0.2734781940636203,Small,RegolithCovered,background_regolith,Background,Background,-1,-1.0,-1.0,-1.0,0.0,0.007,1.0,-1,,unreal_rockfield.json,unreal_rockfield.json,nan,nan,nan
2726,-117.36655781731619,13.51207007049777,0.278585218116685,Small,RegolithCovered,background_regolith,Background,Background,-1,-1.0,-1.0,-1.0,0.0,0.007,1.0,-1,,unreal_rockfield.json,unreal_rockfield.json,nan,nan,nan
2727,-236.69392986846523,162.686544389172,0.276323571671776,Small,RegolithCovered,background_regolith,Background,Background,-1,-1.0,-1.0,-1.0,0.0,0.007,1.0,-1,,unreal_rockfield.json,unreal_rockfield.json,nan,nan,nan
2728,200.75838496047857,225.11215552232426,0.2651972186271979,Small,RegolithCovered,background_regolith,Background,Background,-1,-1.0,-1.0,-1.0,0.0,0.007,1.0,-1,,unreal_rockfield.json,unreal_rockfield.json,nan,nan,nan
2729,-238.70815149388105,-156.55232398449658,0.2697791807417928,Small,RegolithCovered,background_regolith,Background,Background,-1,-1.0,-1.0,-1.0,0.0,0.007,1.0,-1,,unreal_rockfield.json,unreal_rockfield.json,nan,nan,nan
2730,121.31870479445786,205.79393902401807,0.29756597315190453,Small,RegolithCovered,background_regolith,Background,Background,-1,-1.0,-1.0,-1.0,0.0,0.007,1.0,-1,,unreal_rockfield.json,unreal_rockfield.json,nan,nan,nan
2731,5.867183446760464,125.31662953581349,0.3022200626172816,Medium,RegolithCovered,background_regolith,Background,Background,-1,-1.0,-1.0,-1.0,0.0,0.007,1.0,-1,,unreal_rockfield.json,unreal_rockfield.json,nan,nan,nan
2732,-13.801995910519736,248.85555589465008,0.2826586834886653,Small,RegolithCovered,background_regolith,Background,Background,-1,-1.0,-1.0,-1.0,0.0,0.007,1.0,-1,,unreal_rockfield.json,unreal_rockfield.json,nan,nan,nan
2733,-236.67867061372723,181.34861293374433,0.28746369160529706,Small,RegolithCovered,background_regolith,Background,Background,-1,-1.0,-1.0,-1.0,0.0,0.007,1.0,-1,,unreal_rockfield.json,unreal_rockfield.json,nan,nan,nan
2734,146.38966032898952,-71.8329416791284,0.2675959722302531,Small,RegolithCovered,background_regolith,Background,Background,-1,-1.0,-1.0,-1.0,0.0,0.007,1.0,-1,,unreal_rockfield.json,unreal_rockfield.json,nan,nan,nan
2735,-175.1380962553789,-234.4813379314554,0.32173944114727737,Medium,RegolithCovered,background_regolith,Background,Background,-1,-1.0,-1.0,-1.0,0.0,0.007,1.0,-1,,unreal_rockfield.json,unreal_rockfield.json,nan,nan,nan
2736,-103.84685811944945,5.48570207831051,0.2739794577671354,Small,RegolithCovered,background_regolith,Background,Background,-1,-1.0,-1.0,-1.0,0.0,0.007,1.0,-1,,unreal_rockfield.json,unreal_rockfield.json,nan,nan,nan
2737,221.2210455641346,-4.4480727561266065,0.5819226549211198,Medium,RegolithCovered,background_regolith,Background,Background,-1,-1.0,-1.0,-1.0,0.0,0.007,1.0,-1,,unreal_rockfield.json,unreal_rockfield.json,nan,nan,nan
2738,-224.9595629749443,-60.64790795617543,0.2962578017836264,Small,RegolithCovered,background_regolith,Background,Background,-1,-1.0,-1.0,-1.0,0.0,0.007,1.0,-1,,unreal_rockfield.json,unreal_rockfield.json,nan,nan,nan
2739,9.575182348094131,-116.38996551408428,0.30215466935556196,Medium,RegolithCovered,background_regolith,Background,Background,-1,-1.0,-1.0,-1.0,0.0,0.007,1.0,-1,,unreal_rockfield.json,unreal_rockfield.json,nan,nan,nan
2740,-158.5818048646504,-123.19559312723166,0.2771255145250254,Small,RegolithCovered,background_regolith,Background,Background,-1,-1.0,-1.0,-1.0,0.0,0.007,1.0,-1,,unreal_rockfield.json,unreal_rockfield.json,nan,nan,nan
2741,-126.24744407483139,-232.31452375865962,0.3978839908695646,Medium,RegolithCovered,background_regolith,Background,Background,-1,-1.0,-1.0,-1.0,0.0,0.007,1.0,-1,,unreal_rockfield.json,unreal_rockfield.json,nan,nan,nan
2742,130.10803552354503,-246.62770470290232,0.26953330254599045,Small,RegolithCovered,background_regolith,Background,Background,-1,-1.0,-1.0,-1.0,0.0,0.007,1.0,-1,,unreal_rockfield.json,unreal_rockfield.json,nan,nan,nan
2743,-187.16238898892178,107.79900509659109,0.3027425496215072,Medium,RegolithCovered,background_regolith,Background,Background,-1,-1.0,-1.0,-1.0,0.0,0.007,1.0,-1,,unreal_rockfield.json,unreal_rockfield.json,nan,nan,nan
2744,75.37308877834408,-197.64549699392683,0.3529497060025655,Medium,RegolithCovered,background_regolith,Background,Background,-1,-1.0,-1.0,-1.0,0.0,0.007,1.0,-1,,unreal_rockfield.json,unreal_rockfield.json,nan,nan,nan
2745,220.12237922299875,8.735923337504175,0.3216652677068509,Medium,RegolithCovered,background_regolith,Background,Background,-1,-1.0,-1.0,-1.0,0.0,0.007,1.0,-1,,unreal_rockfield.json,unreal_rockfield.json,nan,nan,nan
2746,149.15158543656725,65.62242500076297,0.3021815851966043,Medium,RegolithCovered,background_regolith,Background,Background,-1,-1.0,-1.0,-1.0,0.0,0.007,1.0,-1,,unreal_rockfield.json,unreal_rockfield.json,nan,nan,nan
2747,-140.1791436506241,-248.03155613879818,0.28491637742010073,Small,RegolithCovered,background_regolith,Background,Background,-1,-1.0,-1.0,-1.0,0.0,0.007,1.0,-1,,unreal_rockfield.json,unreal_rockfield.json,nan,nan,nan
2748,-232.94015320291757,95.6831568346202,0.34086459011375814,Medium,RegolithCovered,background_regolith,Background,Background,-1,-1.0,-1.0,-1.0,0.0,0.007,1.0,-1,,unreal_rockfield.json,unreal_rockfield.json,nan,nan,nan
2749,-177.27439191869868,1.1673329874569163,0.45832884630201365,Medium,RegolithCovered,background_regolith,Background,Background,-1,-1.0,-1.0,-1.0,0.0,0.007,1.0,-1,,unreal_rockfield.json,unreal_rockfield.json,nan,nan,nan
2750,92.89071321756649,126.96462904751729,0.3791415537175498,Medium,RegolithCovered,background_regolith,Background,Background,-1,-1.0,-1.0,-1.0,0.0,0.007,1.0,-1,,unreal_rockfield.json,unreal_rockfield.json,nan,nan,nan
2751,169.32432020020144,125.80492568742943,0.3430864818587396,Medium,RegolithCovered,background_regolith,Background,Background,-1,-1.0,-1.0,-1.0,0.0,0.007,1.0,-1,,unreal_rockfield.json,unreal_rockfield.json,nan,nan,nan
2752,159.52787865840634,-236.83126316110722,0.5677893876457513,Medium,RegolithCovered,background_regolith,Background,Background,-1,-1.0,-1.0,-1.0,0.0,0.007,1.0,-1,,unreal_rockfield.json,unreal_rockfield.json,nan,nan,nan
2753,-160.27558214056825,204.19171727652827,0.275074047421608,Small,RegolithCovered,background_regolith,Background,Background,-1,-1.0,-1.0,-1.0,0.0,0.007,1.0,-1,,unreal_rockfield.json,unreal_rockfield.json,nan,nan,nan
2754,161.66417432172614,-136.88314462721638,0.2730516478017622,Small,RegolithCovered,background_regolith,Background,Background,-1,-1.0,-1.0,-1.0,0.0,0.007,1.0,-1,,unreal_rockfield.json,unreal_rockfield.json,nan,nan,nan
2755,209.01364177373574,156.14032410657063,0.2740022860624311,Small,RegolithCovered,background_regolith,Background,Background,-1,-1.0,-1.0,-1.0,0.0,0.007,1.0,-1,,unreal_rockfield.json,unreal_rockfield.json,nan,nan,nan
2756,-202.95571764275033,-1.9302957243568244,0.37845483497787324,Medium,RegolithCovered,background_regolith,Background,Background,-1,-1.0,-1.0,-1.0,0.0,0.007,1.0,-1,,unreal_rockfield.json,unreal_rockfield.json,nan,nan,nan
2757,83.67412335581531,56.436353648487795,0.26004029500868675,Small,RegolithCovered,background_regolith,Background,Background,-1,-1.0,-1.0,-1.0,0.0,0.007,1.0,-1,,unreal_rockfield.json,unreal_rockfield.json,nan,nan,nan
2758,79.95086519974365,-213.9881588183233,0.30681672657363085,Medium,RegolithCovered,background_regolith,Background,Background,-1,-1.0,-1.0,-1.0,0.0,0.007,1.0,-1,,unreal_rockfield.json,unreal_rockfield.json,nan,nan,nan
2759,156.90328684347054,-70.4596087527085,0.29518040054266054,Small,RegolithCovered,background_regolith,Background,Background,-1,-1.0,-1.0,-1.0,0.0,0.007,1.0,-1,,unreal_rockfield.json,unreal_rockfield.json,nan,nan,nan
2760,56.54316843165378,-229.12533951841792,0.2807311288189093,Small,RegolithCovered,background_regolith,Background,Background,-1,-1.0,-1.0,-1.0,0.0,0.007,1.0,-1,,unreal_rockfield.json,unreal_rockfield.json,nan,nan,nan
2761,153.63780632953888,160.41291543321023,0.3914351957103047,Medium,RegolithCovered,background_regolith,Background,Background,-1,-1.0,-1.0,-1.0,0.0,0.007,1.0,-1,,unreal_rockfield.json,unreal_rockfield.json,nan,nan,nan
2762,-242.12622455519272,-6.141850032044431,0.26670581052571074,Small,RegolithCovered,background_regolith,Background,Background,-1,-1.0,-1.0,-1.0,0.0,0.007,1.0,-1,,unreal_rockfield.json,unreal_rockfield.json,nan,nan,nan
2763,-209.28830835901974,14.946440015869655,0.291537098803705,Small,RegolithCovered,background_regolith,Background,Background,-1,-1.0,-1.0,-1.0,0.0,0.007,1.0,-1,,unreal_rockfield.json,unreal_rockfield.json,nan,nan,nan
2764,-33.318582720419926,188.4899441511277,0.27850693400257487,Small,RegolithCovered,background_regolith,Background,Background,-1,-1.0,-1.0,-1.0,0.0,0.007,1.0,-1,,unreal_rockfield.json,unreal_rockfield.json,nan,nan,nan
2765,-62.70790734580521,83.24686422315136,0.3234639924653545,Medium,RegolithCovered,background_regolith,Background,Background,-1,-1.0,-1.0,-1.0,0.0,0.007,1.0,-1,,unreal_rockfield.json,unreal_rockfield.json,nan,nan,nan
2766,-110.6524857325968,-192.80831324198127,0.2630769379353854,Small,RegolithCovered,background_regolith,Background,Background,-1,-1.0,-1.0,-1.0,0.0,0.007,1.0,-1,,unreal_rockfield.json,unreal_rockfield.json,nan,nan,nan
2767,176.99972533341474,175.93157750175482,0.32776643235015535,Medium,RegolithCovered,background_regolith,Background,Background,-1,-1.0,-1.0,-1.0,0.0,0.007,1.0,-1,,unreal_rockfield.json,unreal_rockfield.json,nan,nan,nan
2768,49.75280007324437,43.60332041383094,0.2774522298367853,Small,RegolithCovered,background_regolith,Background,Background,-1,-1.0,-1.0,-1.0,0.0,0.007,1.0,-1,,unreal_rockfield.json,unreal_rockfield.json,nan,nan,nan
2769,30.06836146122623,-241.97363200781274,0.3136899645815948,Medium,RegolithCovered,background_regolith,Background,Background,-1,-1.0,-1.0,-1.0,0.0,0.007,1.0,-1,,unreal_rockfield.json,unreal_rockfield.json,nan,nan,nan
2770,95.95782341990417,-162.686544389172,0.2751656272401973,Small,RegolithCovered,background_regolith,Background,Background,-1,-1.0,-1.0,-1.0,0.0,0.007,1.0,-1,,unreal_rockfield.json,unreal_rockfield.json,nan,nan,nan
2771,81.93456831568346,-167.84417249061556,0.27314516939761097,Small,RegolithCovered,background_regolith,Background,Background,-1,-1.0,-1.0,-1.0,0.0,0.007,1.0,-1,,unreal_rockfield.json,unreal_rockfield.json,nan,nan,nan
2772,170.13306070131534,226.66859950560013,0.2890610178248548,Small,RegolithCovered,background_regolith,Background,Background,-1,-1.0,-1.0,-1.0,0.0,0.007,1.0,-1,,unreal_rockfield.json,unreal_rockfield.json,nan,nan,nan
2773,-131.87810907315287,220.06134220404675,0.2813570961972938,Small,RegolithCovered,background_regolith,Background,Background,-1,-1.0,-1.0,-1.0,0.0,0.007,1.0,-1,,unreal_rockfield.json,unreal_rockfield.json,nan,nan,nan
2774,-23.6899929807428,34.41724906155588,0.33160055239765773,Medium,RegolithCovered,background_regolith,Background,Background,-1,-1.0,-1.0,-1.0,0.0,0.007,1.0,-1,,unreal_rockfield.json,unreal_rockfield.json,nan,nan,nan
2775,-224.24237800225836,-120.86092715231788,0.269916811973632,Small,RegolithCovered,background_regolith,Background,Background,-1,-1.0,-1.0,-1.0,0.0,0.007,1.0,-1,,unreal_rockfield.json,unreal_rockfield.json,nan,nan,nan
2776,124.11114841151164,-78.30286568803979,0.3144205371211397,Medium,RegolithCovered,background_regolith,Background,Background,-1,-1.0,-1.0,-1.0,0.0,0.007,1.0,-1,,unreal_rockfield.json,unreal_rockfield.json,nan,nan,nan
2777,122.09692678609582,162.35084078493605,0.3085006845370268,Medium,RegolithCovered,background_regolith,Background,Background,-1,-1.0,-1.0,-1.0,0.0,0.007,1.0,-1,,unreal_rockfield.json,unreal_rockfield.json,nan,nan,nan
2778,169.90417188024537,11.909848323007907,0.2820915893627808,Small,RegolithCovered,background_regolith,Background,Background,-1,-1.0,-1.0,-1.0,0.0,0.007,1.0,-1,,unreal_rockfield.json,unreal_rockfield.json,nan,nan,nan
2779,152.56965849787895,225.73778496658224,0.3377135149884924,Medium,RegolithCovered,background_regolith,Background,Background,-1,-1.0,-1.0,-1.0,0.0,0.007,1.0,-1,,unreal_rockfield.json,unreal_rockfield.json,nan,nan,nan
2780,-44.73250526444289,-241.5158543656728,0.2646782931771421,Small,RegolithCovered,background_regolith,Background,Background,-1,-1.0,-1.0,-1.0,0.0,0.007,1.0,-1,,unreal_rockfield.json,unreal_rockfield.json,nan,nan,nan
2781,148.46491897335733,45.144505142368814,0.3497004231158298,Medium,RegolithCovered,background_regolith,Background,Background,-1,-1.0,-1.0,-1.0,0.0,0.007,1.0,-1,,unreal_rockfield.json,unreal_rockfield.json,nan,nan,nan
2782,-204.96993926816614,194.13586840418714,0.4413493339148622,Medium,RegolithCovered,background_regolith,Background,Background,-1,-1.0,-1.0,-1.0,0.0,0.007,1.0,-1,,unreal_rockfield.json,unreal_rockfield.json,nan,nan,nan
2783,-162.57972960600603,158.82595294045836,0.3270462104817123,Medium,RegolithCovered,background_regolith,Background,Background,-1,-1.0,-1.0,-1.0,0.0,0.007,1.0,-1,,unreal_rockfield.json,unreal_rockfield.json,nan,nan,nan
2784,229.81200598162786,-157.5899533066805,0.34820536303949495,Medium,RegolithCovered,background_regolith,Background,Background,-1,-1.0,-1.0,-1.0,0.0,0.007,1.0,-1,,unreal_rockfield.json,unreal_rockfield.json,nan,nan,nan
2785,45.35813470870079,243.1485946226386,0.2907944018673608,Small,RegolithCovered,background_regolith,Background,Background,-1,-1.0,-1.0,-1.0,0.0,0.007,1.0,-1,,unreal_rockfield.json,unreal_rockfield.json,nan,nan,nan
2786,-129.84862819299906,84.02508621478927,0.5263406695276783,Medium,RegolithCovered,background_regolith,Background,Background,-1,-1.0,-1.0,-1.0,0.0,0.007,1.0,-1,,unreal_rockfield.json,unreal_rockfield.json,nan,nan,nan
2787,202.6352732932524,-105.41856135746329,0.319768211295792,Medium,RegolithCovered,background_regolith,Background,Background,-1,-1.0,-1.0,-1.0,0.0,0.007,1.0,-1,,unreal_rockfield.json,unreal_rockfield.json,nan,nan,nan
2788,-243.83526108584857,-165.66209906308177,0.2847838223325516,Small,RegolithCovered,background_regolith,Background,Background,-1,-1.0,-1.0,-1.0,0.0,0.007,1.0,-1,,unreal_rockfield.json,unreal_rockfield.json,nan,nan,nan
2789,109.8590044862209,-34.5698416089358,0.3052463997989811,Medium,RegolithCovered,background_regolith,Background,Background,-1,-1.0,-1.0,-1.0,0.0,0.007,1.0,-1,,unreal_rockfield.json,unreal_rockfield.json,nan,nan,nan
2790,77.96716208380383,197.9812005981628,0.2638716002723557,Small,RegolithCovered,background_regolith,Background,Background,-1,-1.0,-1.0,-1.0,0.0,0.007,1.0,-1,,unreal_rockfield.json,unreal_rockfield.json,nan,nan,nan
2791,-34.875026703695795,-74.45753349406414,0.3525520970165586,Medium,RegolithCovered,background_regolith,Background,Background,-1,-1.0,-1.0,-1.0,0.0,0.007,1.0,-1,,unreal_rockfield.json,unreal_rockfield.json,nan,nan,nan
2792,-16.502883999145496,1.9608142338328207,0.7038112654673487,Medium,RegolithCovered,background_regolith,Background,Background,-1,-1.0,-1.0,-1.0,0.0,0.007,1.0,-1,,unreal_rockfield.json,unreal_rockfield.json,nan,nan,nan
2793,243.33170567949463,-67.85027619251073,0.2772773816204452,Small,RegolithCovered,background_regolith,Background,Background,-1,-1.0,-1.0,-1.0,0.0,0.007,1.0,-1,,unreal_rockfield.json,unreal_rockfield.json,nan,nan,nan
2794,-18.379772331919327,-35.57695242164371,0.3094028323673136,Medium,RegolithCovered,background_regolith,Background,Background,-1,-1.0,-1.0,-1.0,0.0,0.007,1.0,-1,,unreal_rockfield.json,unreal_rockfield.json,nan,nan,nan
2795,-213.25571459089937,22.972808008056916,0.4380407943991452,Medium,RegolithCovered,background_regolith,Background,Background,-1,-1.0,-1.0,-1.0,0.0,0.007,1.0,-1,,unreal_rockfield.json,unreal_rockfield.json,nan,nan,nan
2796,63.013092440565174,-85.10849330118717,0.27677687056144196,Small,RegolithCovered,background_regolith,Background,Background,-1,-1.0,-1.0,-1.0,0.0,0.007,1.0,-1,,unreal_rockfield.json,unreal_rockfield.json,nan,nan,nan
2797,102.1225623340556,42.47413556321908,0.29494540302970007,Small,RegolithCovered,background_regolith,Background,Background,-1,-1.0,-1.0,-1.0,0.0,0.007,1.0,-1,,unreal_rockfield.json,unreal_rockfield.json,nan,nan,nan
2798,52.60628070925014,133.14462721640672,0.29276525593239033,Small,RegolithCovered,background_regolith,Background,Background,-1,-1.0,-1.0,-1.0,0.0,0.007,1.0,-1,,unreal_rockfield.json,unreal_rockfield.json,nan,nan,nan
2799,49.325540940580424,3.898739585558644,0.33718154171425974,Medium,RegolithCovered,background_regolith,Background,Background,-1,-1.0,-1.0,-1.0,0.0,0.007,1.0,-1,,unreal_rockfield.json,unreal_rockfield.json,nan,nan,nan
2800,-193.03720206305124,205.09201330607016,0.2855823459547406,Small,RegolithCovered,background_regolith,Background,Background,-1,-1.0,-1.0,-1.0,0.0,0.007,1.0,-1,,unreal_rockfield.json,unreal_rockfield.json,nan,nan,nan
2801,40.04791405987737,18.013550218207342,0.42479997811997633,Medium,RegolithCovered,background_regolith,Background,Background,-1,-1.0,-1.0,-1.0,0.0,0.007,1.0,-1,,unreal_rockfield.json,unreal_rockfield.json,nan,nan,nan
2802,119.25870540482805,-7.683034760582302,0.293310370846432,Small,RegolithCovered,background_regolith,Background,Background,-1,-1.0,-1.0,-1.0,0.0,0.007,1.0,-1,,unreal_rockfield.json,unreal_rockfield.json,nan,nan,nan
2803,226.40919217505416,122.20374156926181,0.2639519028347719,Small,RegolithCovered,background_regolith,Background,Background,-1,-1.0,-1.0,-1.0,0.0,0.007,1.0,-1,,unreal_rockfield.json,unreal_rockfield.json,nan,nan,nan
2804,29.42747276223031,64.55427716910305,0.2666165908949891,Small,RegolithCovered,background_regolith,Background,Background,-1,-1.0,-1.0,-1.0,0.0,0.007,1.0,-1,,unreal_rockfield.json,unreal_rockfield.json,nan,nan,nan
2805,139.82818079165014,-243.7131870479446,0.3045990596924294,Medium,RegolithCovered,background_regolith,Background,Background,-1,-1.0,-1.0,-1.0,0.0,0.007,1.0,-1,,unreal_rockfield.json,unreal_rockfield.json,nan,nan,nan
2806,95.82049012726219,-60.052797021393474,0.2765804532804615,Small,RegolithCovered,background_regolith,Background,Background,-1,-1.0,-1.0,-1.0,0.0,0.007,1.0,-1,,unreal_rockfield.json,unreal_rockfield.json,nan,nan,nan
2807,23.628955961790837,193.02194280831327,0.2600208887973799,Small,RegolithCovered,background_regolith,Background,Background,-1,-1.0,-1.0,-1.0,0.0,0.007,1.0,-1,,unreal_rockfield.json,unreal_rockfield.json,nan,nan,nan
2808,3.242591631824723,-97.69737846003602,0.4197048783351519,Medium,RegolithCovered,background_regolith,Background,Background,-1,-1.0,-1.0,-1.0,0.0,0.007,1.0,-1,,unreal_rockfield.json,unreal_rockfield.json,nan,nan,nan
2809,-119.70122379223,-121.39500106814782,0.2978671348958854,Small,RegolithCovered,background_regolith,Background,Background,-1,-1.0,-1.0,-1.0,0.0,0.007,1.0,-1,,unreal_rockfield.json,unreal_rockfield.json,nan,nan,nan
2810,101.00863673818174,206.785790581988,0.2860672136753802,Small,RegolithCovered,background_regolith,Background,Background,-1,-1.0,-1.0,-1.0,0.0,0.007,1.0,-1,,unreal_rockfield.json,unreal_rockfield.json,nan,nan,nan
2811,209.4409009063997,-190.01586962492752,0.3343213541004205,Medium,RegolithCovered,background_regolith,Background,Background,-1,-1.0,-1.0,-1.0,0.0,0.007,1.0,-1,,unreal_rockfield.json,unreal_rockfield.json,nan,nan,nan
2812,17.5405133213294,-167.72209845271158,0.5597734063462629,Medium,RegolithCovered,background_regolith,Background,Background,-1,-1.0,-1.0,-1.0,0.0,0.007,1.0,-1,,unreal_rockfield.json,unreal_rockfield.json,nan,nan,nan
2813,236.22089297158726,206.45008697775205,0.2859855886814931,Small,RegolithCovered,background_regolith,Background,Background,-1,-1.0,-1.0,-1.0,0.0,0.007,1.0,-1,,unreal_rockfield.json,unreal_rockfield.json,nan,nan,nan
2814,-174.39039277321694,-222.7622302926725,0.27110970965854964,Small,RegolithCovered,background_regolith,Background,Background,-1,-1.0,-1.0,-1.0,0.0,0.007,1.0,-1,,unreal_rockfield.json,unreal_rockfield.json,nan,nan,nan
2815,-191.87749870296335,-235.38163396099733,0.5175606339257807,Medium,RegolithCovered,background_regolith,Background,Background,-1,-1.0,-1.0,-1.0,0.0,0.007,1.0,-1,,unreal_rockfield.json,unreal_rockfield.json,nan,nan,nan
2816,-229.65941343424788,-85.64256721701713,0.26914392646349583,Small,RegolithCovered,background_regolith,Background,Background,-1,-1.0,-1.0,-1.0,0.0,0.007,1.0,-1,,unreal_rockfield.json,unreal_rockfield.json,nan,nan,nan
2817,-242.5534836878567,151.10477004303107,0.30190545544297187,Medium,RegolithCovered,background_regolith,Background,Background,-1,-1.0,-1.0,-1.0,0.0,0.007,1.0,-1,,unreal_rockfield.json,unreal_rockfield.json,nan,nan,nan
2818,-241.5005951109348,-194.22742393261512,0.2866868810836481,Small,RegolithCovered,background_regolith,Background,Background,-1,-1.0,-1.0,-1.0,0.0,0.007,1.0,-1,,unreal_rockfield.json,unreal_rockfield.json,nan,nan,nan
2819,77.15842158268993,27.21488082522052,0.32958188888781714,Medium,RegolithCovered,background_regolith,Background,Background,-1,-1.0,-1.0,-1.0,0.0,0.007,1.0,-1,,unreal_rockfield.json,unreal_rockfield.json,nan,nan,nan
2820,80.3170873134556,-180.05157628101443,0.422505206300662,Medium,RegolithCovered,background_regolith,Background,Background,-1,-1.0,-1.0,-1.0,0.0,0.007,1.0,-1,,unreal_rockfield.json,unreal_rockfield.json,nan,nan,nan
2821,-75.23575548570207,-249.26755577257606,0.35204644042820593,Medium,RegolithCovered,background_regolith,Background,Background,-1,-1.0,-1.0,-1.0,0.0,0.007,1.0,-1,,unreal_rockfield.json,unreal_rockfield.json,nan,nan,nan
2822,130.45899838251898,74.97634815515607,0.2617473508171934,Small,RegolithCovered,background_regolith,Background,Background,-1,-1.0,-1.0,-1.0,0.0,0.007,1.0,-1,,unreal_rockfield.json,unreal_rockfield.json,nan,nan,nan
2823,-59.68657490768152,-101.42063661610769,0.2740292804139007,Small,RegolithCovered,background_regolith,Background,Background,-1,-1.0,-1.0,-1.0,0.0,0.007,1.0,-1,,unreal_rockfield.json,unreal_rockfield.json,nan,nan,nan
2824,152.41706595049897,-155.5452131717887,0.2605526188655618,Small,RegolithCovered,background_regolith,Background,Background,-1,-1.0,-1.0,-1.0,0.0,0.007,1.0,-1,,unreal_rockfield.json,unreal_rockfield.json,nan,nan,nan
2825,-171.41483809930725,-160.7638782921842,0.27578399614060056,Small,RegolithCovered,background_regolith,Background,Background,-1,-1.0,-1.0,-1.0,0.0,0.007,1.0,-1,,unreal_rockfield.json,unreal_rockfield.json,nan,nan,nan
2826,185.026093325602,-207.3809015167699,0.2754243635836244,Small,RegolithCovered,background_regolith,Background,Background,-1,-1.0,-1.0,-1.0,0.0,0.007,1.0,-1,,unreal_rockfield.json,unreal_rockfield.json,nan,nan,nan
2827,-200.9567552720725,192.2437208166753,0.27763679620259746,Small,RegolithCovered,background_regolith,Background,Background,-1,-1.0,-1.0,-1.0,0.0,0.007,1.0,-1,,unreal_rockfield.json,unreal_rockfield.json,nan,nan,nan
2828,-118.51100192266608,-61.79235206152532,0.2659181242427214,Small,RegolithCovered,background_regolith,Background,Background,-1,-1.0,-1.0,-1.0,0.0,0.007,1.0,-1,,unreal_rockfield.json,unreal_rockfield.json,nan,nan,nan
2829,-31.868953520310072,81.36997589037753,0.4314261660916951,Medium,RegolithCovered,background_regolith,Background,Background,-1,-1.0,-1.0,-1.0,0.0,0.007,1.0,-1,,unreal_rockfield.json,unreal_rockfield.json,nan,nan,nan
2830,136.04388561662648,-225.46311838129827,0.2698828344064552,Small,RegolithCovered,background_regolith,Background,Background,-1,-1.0,-1.0,-1.0,0.0,0.007,1.0,-1,,unreal_rockfield.json,unreal_rockfield.json,nan,nan,nan
2831,-106.59352397228918,55.96331675160985,0.26216174211207605,Small,RegolithCovered,background_regolith,Background,Background,-1,-1.0,-1.0,-1.0,0.0,0.007,1.0,-1,,unreal_rockfield.json,unreal_rockfield.json,nan,nan,nan
2832,-71.6040528580584,177.80846583452865,0.2717710181052127,Small,RegolithCovered,background_regolith,Background,Background,-1,-1.0,-1.0,-1.0,0.0,0.007,1.0,-1,,unreal_rockfield.json,unreal_rockfield.json,nan,nan,nan
2833,217.29941709646897,-141.64403210547198,0.28759023246682425,Small,RegolithCovered,background_regolith,Background,Background,-1,-1.0,-1.0,-1.0,0.0,0.007,1.0,-1,,unreal_rockfield.json,unreal_rockfield.json,nan,nan,nan
2834,-79.02005066072573,-190.03112887966552,0.3916318881777966,Medium,RegolithCovered,background_regolith,Background,Background,-1,-1.0,-1.0,-1.0,0.0,0.007,1.0,-1,,unreal_rockfield.json,unreal_rockfield.json,nan,nan,nan
2835,134.79262672811058,-207.31986449781792,0.48690603985502084,Medium,RegolithCovered,background_regolith,Background,Background,-1,-1.0,-1.0,-1.0,0.0,0.007,1.0,-1,,unreal_rockfield.json,unreal_rockfield.json,nan,nan,nan
2836,53.003021332438095,-150.15869624927518,0.3549493303932673,Medium,RegolithCovered,background_regolith,Background,Background,-1,-1.0,-1.0,-1.0,0.0,0.007,1.0,-1,,unreal_rockfield.json,unreal_rockfield.json,nan,nan,nan
2837,-245.37644581438641,238.63185522019103,0.33003572905107464,Medium,RegolithCovered,background_regolith,Background,Background,-1,-1.0,-1.0,-1.0,0.0,0.007,1.0,-1,,unreal_rockfield.json,unreal_rockfield.json,nan,nan,nan
2838,109.59959715567493,-243.4995574816126,0.4567542573021494,Medium,RegolithCovered,background_regolith,Background,Background,-1,-1.0,-1.0,-1.0,0.0,0.007,1.0,-1,,unreal_rockfield.json,unreal_rockfield.json,nan,nan,nan
2839,82.19397564622943,-210.46327097384562,0.2722288822374389,Small,RegolithCovered,background_regolith,Background,Background,-1,-1.0,-1.0,-1.0,0.0,0.007,1.0,-1,,unreal_rockfield.json,unreal_rockfield.json,nan,nan,nan
2840,-61.77709280678732,68.73531296731466,0.3591973316959008,Medium,RegolithCovered,background_regolith,Background,Background,-1,-1.0,-1.0,-1.0,0.0,0.007,1.0,-1,,unreal_rockfield.json,unreal_rockfield.json,nan,nan,nan
2841,3.883480330820646,17.754142887661374,0.2831155366598964,Small,RegolithCovered,background_regolith,Background,Background,-1,-1.0,-1.0,-1.0,0.0,0.007,1.0,-1,,unreal_rockfield.json,unreal_rockfield.json,nan,nan,nan
2842,77.14316232795187,161.32847071749018,0.3114766703514953,Medium,RegolithCovered,background_regolith,Background,Background,-1,-1.0,-1.0,-1.0,0.0,0.007,1.0,-1,,unreal_rockfield.json,unreal_rockfield.json,nan,nan,nan
2843,-16.106143375957515,-85.20004882961516,0.30303137945000097,Medium,RegolithCovered,background_regolith,Background,Background,-1,-1.0,-1.0,-1.0,0.0,0.007,1.0,-1,,unreal_rockfield.json,unreal_rockfield.json,nan,nan,nan
2844,-10.093997009186069,100.64241462446978,0.27518055377515666,Small,RegolithCovered,background_regolith,Background,Background,-1,-1.0,-1.0,-1.0,0.0,0.007,1.0,-1,,unreal_rockfield.json,unreal_rockfield.json,nan,nan,nan
2845,-117.73277993102818,62.097537156285284,0.321369647056867,Medium,RegolithCovered,background_regolith,Background,Background,-1,-1.0,-1.0,-1.0,0.0,0.007,1.0,-1,,unreal_rockfield.json,unreal_rockfield.json,nan,nan,nan
2846,-198.28638569292275,-44.228949858088924,0.3551724152632788,Medium,RegolithCovered,background_regolith,Background,Background,-1,-1.0,-1.0,-1.0,0.0,0.007,1.0,-1,,unreal_rockfield.json,unreal_rockfield.json,nan,nan,nan
2847,56.436353648487795,-8.079775383770254,0.29610865057840785,Small,RegolithCovered,background_regolith,Background,Background,-1,-1.0,-1.0,-1.0,0.0,0.007,1.0,-1,,unreal_rockfield.json,unreal_rockfield.json,nan,nan,nan
2848,-153.56151005584888,-184.705648976104,0.2982941367717546,Small,RegolithCovered,background_regolith,Background,Background,-1,-1.0,-1.0,-1.0,0.0,0.007,1.0,-1,,unreal_rockfield.json,unreal_rockfield.json,nan,nan,nan
2849,-96.8581194494461,-59.35087130344556,0.3151719902512883,Medium,RegolithCovered,background_regolith,Background,Background,-1,-1.0,-1.0,-1.0,0.0,0.007,1.0,-1,,unreal_rockfield.json,unreal_rockfield.json,nan,nan,nan
2850,-105.02182073427534,19.966734824671164,0.2831053337177259,Small,RegolithCovered,background_regolith,Background,Background,-1,-1.0,-1.0,-1.0,0.0,0.007,1.0,-1,,unreal_rockfield.json,unreal_rockfield.json,nan,nan,nan
2851,-77.20419934690389,210.14282662434766,0.3242075169210227,Medium,RegolithCovered,background_regolith,Background,Background,-1,-1.0,-1.0,-1.0,0.0,0.007,1.0,-1,,unreal_rockfield.json,unreal_rockfield.json,nan,nan,nan
2852,82.83486434522536,-62.28064821314126,0.2880543940417135,Small,RegolithCovered,background_regolith,Background,Background,-1,-1.0,-1.0,-1.0,0.0,0.007,1.0,-1,,unreal_rockfield.json,unreal_rockfield.json,nan,nan,nan
2853,-69.84923856318858,79.23368022705773,0.26640392372180444,Small,RegolithCovered,background_regolith,Background,Background,-1,-1.0,-1.0,-1.0,0.0,0.007,1.0,-1,,unreal_rockfield.json,unreal_rockfield.json,nan,nan,nan
2854,225.61571092867825,164.42609942930386,0.2901705827701012,Small,RegolithCovered,background_regolith,Background,Background,-1,-1.0,-1.0,-1.0,0.0,0.007,1.0,-1,,unreal_rockfield.json,unreal_rockfield.json,nan,nan,nan
2855,-118.3278908658101,80.98849452192752,0.270240949458128,Small,RegolithCovered,background_regolith,Background,Background,-1,-1.0,-1.0,-1.0,0.0,0.007,1.0,-1,,unreal_rockfield.json,unreal_rockfield.json,nan,nan,nan
2856,-156.56758323923458,21.431623279519044,0.3406350568719972,Medium,RegolithCovered,background_regolith,Background,Background,-1,-1.0,-1.0,-1.0,0.0,0.007,1.0,-1,,unreal_rockfield.json,unreal_rockfield.json,nan,nan,nan
2857,129.51292458876304,-78.42493972594377,0.35390938990046034,Medium,RegolithCovered,background_regolith,Background,Background,-1,-1.0,-1.0,-1.0,0.0,0.007,1.0,-1,,unreal_rockfield.json,unreal_rockfield.json,nan,nan,nan
2858,244.88814966277045,-174.49720755638293,0.3153377298937719,Medium,RegolithCovered,background_regolith,Background,Background,-1,-1.0,-1.0,-1.0,0.0,0.007,1.0,-1,,unreal_rockfield.json,unreal_rockfield.json,nan,nan,nan
2859,-70.4748680074465,-200.0564592425306,0.31747542327504097,Medium,RegolithCovered,background_regolith,Background,Background,-1,-1.0,-1.0,-1.0,0.0,0.007,1.0,-1,,unreal_rockfield.json,unreal_rockfield.json,nan,nan,nan
2860,-112.17841120639667,-184.553056428724,0.307118223461363,Medium,RegolithCovered,background_regolith,Background,Background,-1,-1.0,-1.0,-1.0,0.0,0.007,1.0,-1,,unreal_rockfield.json,unreal_rockfield.json,nan,nan,nan
2861,-82.4839014862514,-168.3935056611835,0.3340024032090658,Medium,RegolithCovered,background_regolith,Background,Background,-1,-1.0,-1.0,-1.0,0.0,0.007,1.0,-1,,unreal_rockfield.json,unreal_rockfield.json,nan,nan,nan
2862,-126.0948515274514,21.797845393231,0.3317873423245825,Medium,RegolithCovered,background_regolith,Background,Background,-1,-1.0,-1.0,-1.0,0.0,0.007,1.0,-1,,unreal_rockfield.json,unreal_rockfield.json,nan,nan,nan
2863,207.6555681020539,123.01248207037571,0.26938010998695694,Small,RegolithCovered,background_regolith,Background,Background,-1,-1.0,-1.0,-1.0,0.0,0.007,1.0,-1,,unreal_rockfield.json,unreal_rockfield.json,nan,nan,nan
2864,-215.92608417004914,-53.49131748405409,0.38298781176639013,Medium,RegolithCovered,background_regolith,Background,Background,-1,-1.0,-1.0,-1.0,0.0,0.007,1.0,-1,,unreal_rockfield.json,unreal_rockfield.json,nan,nan,nan
2865,-50.08850367748039,221.3431196020386,0.33027086528304783,Medium,RegolithCovered,background_regolith,Background,Background,-1,-1.0,-1.0,-1.0,0.0,0.007,1.0,-1,,unreal_rockfield.json,unreal_rockfield.json,nan,nan,nan
2866,61.593981749931345,-132.18329416791283,0.2932148316303852,Small,RegolithCovered,background_regolith,Background,Background,-1,-1.0,-1.0,-1.0,0.0,0.007,1.0,-1,,unreal_rockfield.json,unreal_rockfield.json,nan,nan,nan
2867,-204.2832728049562,116.95455793939027,0.31226023481477566,Medium,RegolithCovered,background_regolith,Background,Background,-1,-1.0,-1.0,-1.0,0.0,0.007,1.0,-1,,unreal_rockfield.json,unreal_rockfield.json,nan,nan,nan
2868,233.88622699667349,88.75545518356881,0.3977752469040408,Medium,RegolithCovered,background_regolith,Background,Background,-1,-1.0,-1.0,-1.0,0.0,0.007,1.0,-1,,unreal_rockfield.json,unreal_rockfield.json,nan,nan,nan
2869,-49.76805932798243,138.60744041261023,0.299431405450564,Small,RegolithCovered,background_regolith,Background,Background,-1,-1.0,-1.0,-1.0,0.0,0.007,1.0,-1,,unreal_rockfield.json,unreal_rockfield.json,nan,nan,nan
2870,-127.01040681173131,192.42683187353134,0.3063071711333077,Medium,RegolithCovered,background_regolith,Background,Background,-1,-1.0,-1.0,-1.0,0.0,0.007,1.0,-1,,unreal_rockfield.json,unreal_rockfield.json,nan,nan,nan
2871,24.10199285866878,-106.77663502914515,0.28407466961216266,Small,RegolithCovered,background_regolith,Background,Background,-1,-1.0,-1.0,-1.0,0.0,0.007,1.0,-1,,unreal_rockfield.json,unreal_rockfield.json,nan,nan,nan
2872,-236.09881893368328,42.47413556321908,0.4636659288809618,Medium,RegolithCovered,background_regolith,Background,Background,-1,-1.0,-1.0,-1.0,0.0,0.007,1.0,-1,,unreal_rockfield.json,unreal_rockfield.json,nan,nan,nan
2873,-76.105533005768,-200.63631092257455,0.26949962787952075,Small,RegolithCovered,background_regolith,Background,Background,-1,-1.0,-1.0,-1.0,0.0,0.007,1.0,-1,,unreal_rockfield.json,unreal_rockfield.json,nan,nan,nan
2874,217.29941709646897,58.5421308023316,0.2684942280687606,Small,RegolithCovered,background_regolith,Background,Background,-1,-1.0,-1.0,-1.0,0.0,0.007,1.0,-1,,unreal_rockfield.json,unreal_rockfield.json,nan,nan,nan
2875,226.34815515610217,184.58357493820006,0.27564151239670104,Small,RegolithCovered,background_regolith,Background,Background,-1,-1.0,-1.0,-1.0,0.0,0.007,1.0,-1,,unreal_rockfield.json,unreal_rockfield.json,nan,nan,nan
2876,-232.26874599444562,-106.02893154698324,0.3239028590422359,Medium,RegolithCovered,background_regolith,Background,Background,-1,-1.0,-1.0,-1.0,0.0,0.007,1.0,-1,,unreal_rockfield.json,unreal_rockfield.json,nan,nan,nan
2877,54.75783562730794,-201.52134769737847,0.26756558030259003,Small,RegolithCovered,background_regolith,Background,Background,-1,-1.0,-1.0,-1.0,0.0,0.007,1.0,-1,,unreal_rockfield.json,unreal_rockfield.json,nan,nan,nan
2878,74.7627185888241,231.0937833796197,0.32020955978325377,Medium,RegolithCovered,background_regolith,Background,Background,-1,-1.0,-1.0,-1.0,0.0,0.007,1.0,-1,,unreal_rockfield.json,unreal_rockfield.json,nan,nan,nan
2879,104.18256172368541,-126.21692556535538,0.29954409745251503,Small,RegolithCovered,background_regolith,Background,Background,-1,-1.0,-1.0,-1.0,0.0,0.007,1.0,-1,,unreal_rockfield.json,unreal_rockfield.json,nan,nan,nan
2880,132.77840510269476,178.41883602404857,0.3279657716153939,Medium,RegolithCovered,background_regolith,Background,Background,-1,-1.0,-1.0,-1.0,0.0,0.007,1.0,-1,,unreal_rockfield.json,unreal_rockfield.json,nan,nan,nan
2881,-168.59187597277747,-16.273995178075523,0.4017431873333358,Medium,RegolithCovered,background_regolith,Background,Background,-1,-1.0,-1.0,-1.0,0.0,0.007,1.0,-1,,unreal_rockfield.json,unreal_rockfield.json,nan,nan,nan
2882,-167.82891323587756,-109.93530075991089,0.4279289513226657,Medium,RegolithCovered,background_regolith,Background,Background,-1,-1.0,-1.0,-1.0,0.0,0.007,1.0,-1,,unreal_rockfield.json,unreal_rockfield.json,nan,nan,nan
2883,126.65944395275733,-166.1198767052217,0.33311373564194213,Medium,RegolithCovered,background_regolith,Background,Background,-1,-1.0,-1.0,-1.0,0.0,0.007,1.0,-1,,unreal_rockfield.json,unreal_rockfield.json,nan,nan,nan
2884,-63.577684865871134,217.29941709646897,0.33933384167270547,Medium,RegolithCovered,background_regolith,Background,Background,-1,-1.0,-1.0,-1.0,0.0,0.007,1.0,-1,,unreal_rockfield.json,unreal_rockfield.json,nan,nan,nan
2885,199.61394085512865,227.17215491195407,0.3038566159180744,Medium,RegolithCovered,background_regolith,Background,Background,-1,-1.0,-1.0,-1.0,0.0,0.007,1.0,-1,,unreal_rockfield.json,unreal_rockfield.json,nan,nan,nan
2886,85.9324930570391,135.63188573870048,0.6499980025721502,Medium,RegolithCovered,background_regolith,Background,Background,-1,-1.0,-1.0,-1.0,0.0,0.007,1.0,-1,,unreal_rockfield.json,unreal_rockfield.json,nan,nan,nan
2887,135.26566362498852,189.4054994354076,0.2816499410415705,Small,RegolithCovered,background_regolith,Background,Background,-1,-1.0,-1.0,-1.0,0.0,0.007,1.0,-1,,unreal_rockfield.json,unreal_rockfield.json,nan,nan,nan
2888,-53.91857661671804,52.758873256630125,0.26606621070074177,Small,RegolithCovered,background_regolith,Background,Background,-1,-1.0,-1.0,-1.0,0.0,0.007,1.0,-1,,unreal_rockfield.json,unreal_rockfield.json,nan,nan,nan
2889,-211.9434186834315,78.47071749015777,0.5305018598642482,Medium,RegolithCovered,background_regolith,Background,Background,-1,-1.0,-1.0,-1.0,0.0,0.007,1.0,-1,,unreal_rockfield.json,unreal_rockfield.json,nan,nan,nan
2890,22.438734092226923,82.01086458937345,0.29564725718330875,Small,RegolithCovered,background_regolith,Background,Background,-1,-1.0,-1.0,-1.0,0.0,0.007,1.0,-1,,unreal_rockfield.json,unreal_rockfield.json,nan,nan,nan
2891,76.99056978057189,-142.2696615497299,0.26006269813421456,Small,RegolithCovered,background_regolith,Background,Background,-1,-1.0,-1.0,-1.0,0.0,0.007,1.0,-1,,unreal_rockfield.json,unreal_rockfield.json,nan,nan,nan
2892,-92.90597247230446,150.47914059877314,0.2930592048086527,Small,RegolithCovered,background_regolith,Background,Background,-1,-1.0,-1.0,-1.0,0.0,0.007,1.0,-1,,unreal_rockfield.json,unreal_rockfield.json,nan,nan,nan
2893,4.371776482436587,34.34095278786589,0.27125362760839034,Small,RegolithCovered,background_regolith,Background,Background,-1,-1.0,-1.0,-1.0,0.0,0.007,1.0,-1,,unreal_rockfield.json,unreal_rockfield.json,nan,nan,nan
2894,234.84756004516737,87.214270455031,0.283072190145763,Small,RegolithCovered,background_regolith,Background,Background,-1,-1.0,-1.0,-1.0,0.0,0.007,1.0,-1,,unreal_rockfield.json,unreal_rockfield.json,nan,nan,nan
2895,37.331766716513584,-19.692068239387197,0.2633266814642299,Small,RegolithCovered,background_regolith,Background,Background,-1,-1.0,-1.0,-1.0,0.0,0.007,1.0,-1,,unreal_rockfield.json,unreal_rockfield.json,nan,nan,nan
2896,-146.6643269142735,-207.19779045991393,0.5788696449228807,Medium,RegolithCovered,background_regolith,Background,Background,-1,-1.0,-1.0,-1.0,0.0,0.007,1.0,-1,,unreal_rockfield.json,unreal_rockfield.json,nan,nan,nan
2897,47.81487472151855,-91.4105655079806,0.3045384346220582,Medium,RegolithCovered,background_regolith,Background,Background,-1,-1.0,-1.0,-1.0,0.0,0.007,1.0,-1,,unreal_rockfield.json,unreal_rockfield.json,nan,nan,nan
2898,85.8714560380871,-84.75753044221321,0.28712516795243304,Small,RegolithCovered,background_regolith,Background,Background,-1,-1.0,-1.0,-1.0,0.0,0.007,1.0,-1,,unreal_rockfield.json,unreal_rockfield.json,nan,nan,nan
2899,-5.256813257240509,102.6566362498856,0.3102400775467752,Medium,RegolithCovered,background_regolith,Background,Background,-1,-1.0,-1.0,-1.0,0.0,0.007,1.0,-1,,unreal_rockfield.json,unreal_rockfield.json,nan,nan,nan
2900,-75.52568132572404,-165.63158055360577,0.34119419301498904,Medium,RegolithCovered,background_regolith,Background,Background,-1,-1.0,-1.0,-1.0,0.0,0.007,1.0,-1,,unreal_rockfield.json,unreal_rockfield.json,nan,nan,nan
2901,136.18121890926847,37.14865565965761,0.2799044167878981,Small,RegolithCovered,background_regolith,Background,Background,-1,-1.0,-1.0,-1.0,0.0,0.007,1.0,-1,,unreal_rockfield.json,unreal_rockfield.json,nan,nan,nan
2902,-24.26984466078676,-122.02063051240577,0.3312563861128843,Medium,RegolithCovered,background_regolith,Background,Background,-1,-1.0,-1.0,-1.0,0.0,0.007,1.0,-1,,unreal_rockfield.json,unreal_rockfield.json,nan,nan,nan
2903,-31.15176854762413,212.9047517319254,0.283291902950969,Small,RegolithCovered,background_regolith,Background,Background,-1,-1.0,-1.0,-1.0,0.0,0.007,1.0,-1,,unreal_rockfield.json,unreal_rockfield.json,nan,nan,nan
2904,-75.51042207098604,241.83629871517076,0.2880401728743408,Small,RegolithCovered,background_regolith,Background,Background,-1,-1.0,-1.0,-1.0,0.0,0.007,1.0,-1,,unreal_rockfield.json,unreal_rockfield.json,nan,nan,nan
2905,-6.79799798577838,-197.56920072023684,0.26330729308180834,Small,RegolithCovered,background_regolith,Background,Background,-1,-1.0,-1.0,-1.0,0.0,0.007,1.0,-1,,unreal_rockfield.json,unreal_rockfield.json,nan,nan,nan
2906,124.87411114841154,-246.7192602313303,0.28445675371693324,Small,RegolithCovered,background_regolith,Background,Background,-1,-1.0,-1.0,-1.0,0.0,0.007,1.0,-1,,unreal_rockfield.json,unreal_rockfield.json,nan,nan,nan
2907,-16.014587847529526,-1.88451796014283,0.3417424609992697,Medium,RegolithCovered,background_regolith,Background,Background,-1,-1.0,-1.0,-1.0,0.0,0.007,1.0,-1,,unreal_rockfield.json,unreal_rockfield.json,nan,nan,nan
2908,105.81530198065127,89.64049195837276,0.2610728997322156,Small,RegolithCovered,background_regolith,Background,Background,-1,-1.0,-1.0,-1.0,0.0,0.007,1.0,-1,,unreal_rockfield.json,unreal_rockfield.json,nan,nan,nan
2909,-106.28833887752921,211.3940855128635,0.3943087304799527,Medium,RegolithCovered,background_regolith,Background,Background,-1,-1.0,-1.0,-1.0,0.0,0.007,1.0,-1,,unreal_rockfield.json,unreal_rockfield.json,nan,nan,nan
2910,230.59022797326577,26.37562181463062,0.28518800034357983,Small,RegolithCovered,background_regolith,Background,Background,-1,-1.0,-1.0,-1.0,0.0,0.007,1.0,-1,,unreal_rockfield.json,unreal_rockfield.json,nan,nan,nan
2911,20.08880886257515,-72.32123783074434,0.3195927405799613,Medium,RegolithCovered,background_regolith,Background,Background,-1,-1.0,-1.0,-1.0,0.0,0.007,1.0,-1,,unreal_rockfield.json,unreal_rockfield.json,nan,nan,nan
2912,-86.58864101077305,-66.2327951902829,0.2639962170472323,Small,RegolithCovered,background_regolith,Background,Background,-1,-1.0,-1.0,-1.0,0.0,0.007,1.0,-1,,unreal_rockfield.json,unreal_rockfield.json,nan,nan,nan
2913,-186.8572038941618,11.650440992461938,0.3094921775912859,Medium,RegolithCovered,background_regolith,Background,Background,-1,-1.0,-1.0,-1.0,0.0,0.007,1.0,-1,,unreal_rockfield.json,unreal_rockfield.json,nan,nan,nan
2914,107.06656086916718,-248.62666707358014,0.28645557479809913,Small,RegolithCovered,background_regolith,Background,Background,-1,-1.0,-1.0,-1.0,0.0,0.007,1.0,-1,,unreal_rockfield.json,unreal_rockfield.json,nan,nan,nan
2915,-127.33085116122929,23.323770867030873,0.36207990526154704,Medium,RegolithCovered,background_regolith,Background,Background,-1,-1.0,-1.0,-1.0,0.0,0.007,1.0,-1,,unreal_rockfield.json,unreal_rockfield.json,nan,nan,nan
2916,173.23068941312908,235.21378215887933,0.3530521133299541,Medium,RegolithCovered,background_regolith,Background,Background,-1,-1.0,-1.0,-1.0,0.0,0.007,1.0,-1,,unreal_rockfield.json,unreal_rockfield.json,nan,nan,nan
2917,-21.370586260567023,80.14923551133762,0.33872245397524464,Medium,RegolithCovered,background_regolith,Background,Background,-1,-1.0,-1.0,-1.0,0.0,0.007,1.0,-1,,unreal_rockfield.json,unreal_rockfield.json,nan,nan,nan
2918,168.3629871517075,79.79827265236366,0.2657619917915024,Small,RegolithCovered,background_regolith,Background,Background,-1,-1.0,-1.0,-1.0,0.0,0.007,1.0,-1,,unreal_rockfield.json,unreal_rockfield.json,nan,nan,nan
2919,94.01989806817835,-75.11368144779809,0.3475701547236966,Medium,RegolithCovered,background_regolith,Background,Background,-1,-1.0,-1.0,-1.0,0.0,0.007,1.0,-1,,unreal_rockfield.json,unreal_rockfield.json,nan,nan,nan
2920,-40.74983977782526,-244.7813348796045,0.2856470560618232,Small,RegolithCovered,background_regolith,Background,Background,-1,-1.0,-1.0,-1.0,0.0,0.007,1.0,-1,,unreal_rockfield.json,unreal_rockfield.json,nan,nan,nan
2921,-131.90862758262887,68.56746116519668,0.4632107501756491,Medium,RegolithCovered,background_regolith,Background,Background,-1,-1.0,-1.0,-1.0,0.0,0.007,1.0,-1,,unreal_rockfield.json,unreal_rockfield.json,nan,nan,nan
2922,-136.7610705893124,-247.08548234504227,0.35047802151347024,Medium,RegolithCovered,background_regolith,Background,Background,-1,-1.0,-1.0,-1.0,0.0,0.007,1.0,-1,,unreal_rockfield.json,unreal_rockfield.json,nan,nan,nan
2923,-62.87575914792319,111.55278176213875,0.2683902412087258,Small,RegolithCovered,background_regolith,Background,Background,-1,-1.0,-1.0,-1.0,0.0,0.007,1.0,-1,,unreal_rockfield.json,unreal_rockfield.json,nan,nan,nan
2924,123.74492629779962,94.06567583239234,0.2952434876619279,Small,RegolithCovered,background_regolith,Background,Background,-1,-1.0,-1.0,-1.0,0.0,0.007,1.0,-1,,unreal_rockfield.json,unreal_rockfield.json,nan,nan,nan
2925,-45.373393963438815,39.97161778618732,0.2729137671048767,Small,RegolithCovered,background_regolith,Background,Background,-1,-1.0,-1.0,-1.0,0.0,0.007,1.0,-1,,unreal_rockfield.json,unreal_rockfield.json,nan,nan,nan
2926,-78.1655323953978,104.91500595110938,0.2629790598181717,Small,RegolithCovered,background_regolith,Background,Background,-1,-1.0,-1.0,-1.0,0.0,0.007,1.0,-1,,unreal_rockfield.json,unreal_rockfield.json,nan,nan,nan
2927,-25.383770256660654,-112.49885555589464,0.650961263417166,Medium,RegolithCovered,background_regolith,Background,Background,-1,-1.0,-1.0,-1.0,0.0,0.007,1.0,-1,,unreal_rockfield.json,unreal_rockfield.json,nan,nan,nan
2928,224.97482222968227,-204.81734672078616,0.3122224147052815,Medium,RegolithCovered,background_regolith,Background,Background,-1,-1.0,-1.0,-1.0,0.0,0.007,1.0,-1,,unreal_rockfield.json,unreal_rockfield.json,nan,nan,nan
2929,242.82815027314064,81.12582781456956,0.34444696189083285,Medium,RegolithCovered,background_regolith,Background,Background,-1,-1.0,-1.0,-1.0,0.0,0.007,1.0,-1,,unreal_rockfield.json,unreal_rockfield.json,nan,nan,nan
2930,22.972808008056916,-126.50685140537736,0.2655263168010706,Small,RegolithCovered,background_regolith,Background,Background,-1,-1.0,-1.0,-1.0,0.0,0.007,1.0,-1,,unreal_rockfield.json,unreal_rockfield.json,nan,nan,nan
2931,-185.7890560625019,-8.125553147984249,0.2808255563508959,Small,RegolithCovered,background_regolith,Background,Background,-1,-1.0,-1.0,-1.0,0.0,0.007,1.0,-1,,unreal_rockfield.json,unreal_rockfield.json,nan,nan,nan
2932,-163.40372936185798,186.68935209204386,0.33996840628244535,Medium,RegolithCovered,background_regolith,Background,Background,-1,-1.0,-1.0,-1.0,0.0,0.007,1.0,-1,,unreal_rockfield.json,unreal_rockfield.json,nan,nan,nan
2933,-106.12048707541123,124.58418530838958,0.2615285361058958,Small,RegolithCovered,background_regolith,Background,Background,-1,-1.0,-1.0,-1.0,0.0,0.007,1.0,-1,,unreal_rockfield.json,unreal_rockfield.json,nan,nan,nan
2934,241.91259498886075,-134.7163304544206,0.3177860985701383,Medium,RegolithCovered,background_regolith,Background,Background,-1,-1.0,-1.0,-1.0,0.0,0.007,1.0,-1,,unreal_rockfield.json,unreal_rockfield.json,nan,nan,nan
2935,82.81960509048736,-58.19116794335767,0.28822824931428037,Small,RegolithCovered,background_regolith,Background,Background,-1,-1.0,-1.0,-1.0,0.0,0.007,1.0,-1,,unreal_rockfield.json,unreal_rockfield.json,nan,nan,nan
2936,-26.436658833582555,-117.96166875209815,0.3438795858329527,Medium,RegolithCovered,background_regolith,Background,Background,-1,-1.0,-1.0,-1.0,0.0,0.007,1.0,-1,,unreal_rockfield.json,unreal_rockfield.json,nan,nan,nan
2937,-13.374736777855787,-34.67665639210182,0.274694871250473,Small,RegolithCovered,background_regolith,Background,Background,-1,-1.0,-1.0,-1.0,0.0,0.007,1.0,-1,,unreal_rockfield.json,unreal_rockfield.json,nan,nan,nan
2938,-112.34626300851465,-227.72148808252206,0.3812166985971545,Medium,RegolithCovered,background_regolith,Background,Background,-1,-1.0,-1.0,-1.0,0.0,0.007,1.0,-1,,unreal_rockfield.json,unreal_rockfield.json,nan,nan,nan
2939,100.97811822870574,-31.456953642384093,0.35291902026898053,Medium,RegolithCovered,background_regolith,Background,Background,-1,-1.0,-1.0,-1.0,0.0,0.007,1.0,-1,,unreal_rockfield.json,unreal_rockfield.json,nan,nan,nan
2940,118.25159459212017,111.81218909268472,0.4901577804511874,Medium,RegolithCovered,background_regolith,Background,Background,-1,-1.0,-1.0,-1.0,0.0,0.007,1.0,-1,,unreal_rockfield.json,unreal_rockfield.json,nan,nan,nan
2941,211.01260414441356,205.97705008087405,0.31301795408692973,Medium,RegolithCovered,background_regolith,Background,Background,-1,-1.0,-1.0,-1.0,0.0,0.007,1.0,-1,,unreal_rockfield.json,unreal_rockfield.json,nan,nan,nan
2942,89.3505661183508,186.75038911099585,0.27765710065172694,Small,RegolithCovered,background_regolith,Background,Background,-1,-1.0,-1.0,-1.0,0.0,0.007,1.0,-1,,unreal_rockfield.json,unreal_rockfield.json,nan,nan,nan
2943,-80.24079103976561,155.43839838862272,0.37382709385189483,Medium,RegolithCovered,background_regolith,Background,Background,-1,-1.0,-1.0,-1.0,0.0,0.007,1.0,-1,,unreal_rockfield.json,unreal_rockfield.json,nan,nan,nan
2944,81.78197576830348,-191.74016541032137,0.2885434382094922,Small,RegolithCovered,background_regolith,Background,Background,-1,-1.0,-1.0,-1.0,0.0,0.007,1.0,-1,,unreal_rockfield.json,unreal_rockfield.json,nan,nan,nan
2945,41.100802636799244,115.13870662556843,0.2657602792556469,Small,RegolithCovered,background_regolith,Background,Background,-1,-1.0,-1.0,-1.0,0.0,0.007,1.0,-1,,unreal_rockfield.json,unreal_rockfield.json,nan,nan,nan
2946,241.0428174687948,111.1102633747368,0.27735351214931797,Small,RegolithCovered,background_regolith,Background,Background,-1,-1.0,-1.0,-1.0,0.0,0.007,1.0,-1,,unreal_rockfield.json,unreal_rockfield.json,nan,nan,nan
2947,141.68980986968597,137.69188512833028,0.3553963863987337,Medium,RegolithCovered,background_regolith,Background,Background,-1,-1.0,-1.0,-1.0,0.0,0.007,1.0,-1,,unreal_rockfield.json,unreal_rockfield.json,nan,nan,nan
2948,184.72090823084204,114.87929929502246,0.2854129201762496,Small,RegolithCovered,background_regolith,Background,Background,-1,-1.0,-1.0,-1.0,0.0,0.007,1.0,-1,,unreal_rockfield.json,unreal_rockfield.json,nan,nan,nan
2949,184.58357493820006,133.1904049806207,0.4134851651733825,Medium,RegolithCovered,background_regolith,Background,Background,-1,-1.0,-1.0,-1.0,0.0,0.007,1.0,-1,,unreal_rockfield.json,unreal_rockfield.json,nan,nan,nan
2950,164.1514328440199,9.987182226020082,0.41551310395542596,Medium,RegolithCovered,background_regolith,Background,Background,-1,-1.0,-1.0,-1.0,0.0,0.007,1.0,-1,,unreal_rockfield.json,unreal_rockfield.json,nan,nan,nan
2951,197.7675710318308,-27.1233252967925,0.4109552300062981,Medium,RegolithCovered,background_regolith,Background,Background,-1,-1.0,-1.0,-1.0,0.0,0.007,1.0,-1,,unreal_rockfield.json,unreal_rockfield.json,nan,nan,nan
2952,-8.7664418469802,242.46192815942868,0.2858336136438996,Small,RegolithCovered,background_regolith,Background,Background,-1,-1.0,-1.0,-1.0,0.0,0.007,1.0,-1,,unreal_rockfield.json,unreal_rockfield.json,nan,nan,nan
2953,-144.69588305307167,9.91088595233009,0.6890179513072264,Medium,RegolithCovered,background_regolith,Background,Background,-1,-1.0,-1.0,-1.0,0.0,0.007,1.0,-1,,unreal_rockfield.json,unreal_rockfield.json,nan,nan,nan
2954,97.27011932737207,200.92623676259655,0.33486947751270063,Medium,RegolithCovered,background_regolith,Background,Background,-1,-1.0,-1.0,-1.0,0.0,0.007,1.0,-1,,unreal_rockfield.json,unreal_rockfield.json,nan,nan,nan
2955,2.46436964018676,41.72643208105717,0.3465669739221655,Medium,RegolithCovered,background_regolith,Background,Background,-1,-1.0,-1.0,-1.0,0.0,0.007,1.0,-1,,unreal_rockfield.json,unreal_rockfield.json,nan,nan,nan
2956,81.5988647114475,-156.15558336130863,0.2818354976101213,Small,RegolithCovered,background_regolith,Background,Background,-1,-1.0,-1.0,-1.0,0.0,0.007,1.0,-1,,unreal_rockfield.json,unreal_rockfield.json,nan,nan,nan
2957,166.1503952146977,-191.63335062715538,0.2785391518528755,Small,RegolithCovered,background_regolith,Background,Background,-1,-1.0,-1.0,-1.0,0.0,0.007,1.0,-1,,unreal_rockfield.json,unreal_rockfield.json,nan,nan,nan
2958,-127.72759178441726,130.93203527939693,0.29627817729210176,Small,RegolithCovered,background_regolith,Background,Background,-1,-1.0,-1.0,-1.0,0.0,0.007,1.0,-1,,unreal_rockfield.json,unreal_rockfield.json,nan,nan,nan
2959,158.5512863551744,88.61812189092683,0.30584852767689374,Medium,RegolithCovered,background_regolith,Background,Background,-1,-1.0,-1.0,-1.0,0.0,0.007,1.0,-1,,unreal_rockfield.json,unreal_rockfield.json,nan,nan,nan
2960,97.0412305063021,-170.98757896664327,0.27920250405327174,Small,RegolithCovered,background_regolith,Background,Background,-1,-1.0,-1.0,-1.0,0.0,0.007,1.0,-1,,unreal_rockfield.json,unreal_rockfield.json,nan,nan,nan
2961,188.62727744376969,-240.69185460982087,0.2748808701260083,Small,RegolithCovered,background_regolith,Background,Background,-1,-1.0,-1.0,-1.0,0.0,0.007,1.0,-1,,unreal_rockfield.json,unreal_rockfield.json,nan,nan,nan
2962,-113.53648487807854,-164.27350688192388,0.2699961979052673,Small,RegolithCovered,background_regolith,Background,Background,-1,-1.0,-1.0,-1.0,0.0,0.007,1.0,-1,,unreal_rockfield.json,unreal_rockfield.json,nan,nan,nan
2963,133.44981231116668,-238.95229956968902,0.2627903708094041,Small,RegolithCovered,background_regolith,Background,Background,-1,-1.0,-1.0,-1.0,0.0,0.007,1.0,-1,,unreal_rockfield.json,unreal_rockfield.json,nan,nan,nan
2964,41.40598773155921,-207.47245704519793,0.27117966369407553,Small,RegolithCovered,background_regolith,Background,Background,-1,-1.0,-1.0,-1.0,0.0,0.007,1.0,-1,,unreal_rockfield.json,unreal_rockfield.json,nan,nan,nan
2965,-23.36954863124484,200.5752739036226,0.2688390114043775,Small,RegolithCovered,background_regolith,Background,Background,-1,-1.0,-1.0,-1.0,0.0,0.007,1.0,-1,,unreal_rockfield.json,unreal_rockfield.json,nan,nan,nan
2966,229.99511703848384,128.35322122867518,0.2836751275289084,Small,RegolithCovered,background_regolith,Background,Background,-1,-1.0,-1.0,-1.0,0.0,0.007,1.0,-1,,unreal_rockfield.json,unreal_rockfield.json,nan,nan,nan
2967,79.26419873653373,-242.43140964995268,0.26632401454178667,Small,RegolithCovered,background_regolith,Background,Background,-1,-1.0,-1.0,-1.0,0.0,0.007,1.0,-1,,unreal_rockfield.json,unreal_rockfield.json,nan,nan,nan
2968,74.10657063509018,-24.819177831354693,0.2626995292161633,Small,RegolithCovered,background_regolith,Background,Background,-1,-1.0,-1.0,-1.0,0.0,0.007,1.0,-1,,unreal_rockfield.json,unreal_rockfield.json,nan,nan,nan
2969,100.79500717184976,85.74938200018312,0.2624756625562573,Small,RegolithCovered,background_regolith,Background,Background,-1,-1.0,-1.0,-1.0,0.0,0.007,1.0,-1,,unreal_rockfield.json,unreal_rockfield.json,nan,nan,nan
2970,77.76879177220985,-185.8500930814539,0.2892533407457674,Small,RegolithCovered,background_regolith,Background,Background,-1,-1.0,-1.0,-1.0,0.0,0.007,1.0,-1,,unreal_rockfield.json,unreal_rockfield.json,nan,nan,nan
2971,218.2912686544389,-56.588946195867805,0.4848369609139485,Medium,RegolithCovered,background_regolith,Background,Background,-1,-1.0,-1.0,-1.0,0.0,0.007,1.0,-1,,unreal_rockfield.json,unreal_rockfield.json,nan,nan,nan
2972,-221.4499343852046,-68.44538712729269,0.2721154507848255,Small,RegolithCovered,background_regolith,Background,Background,-1,-1.0,-1.0,-1.0,0.0,0.007,1.0,-1,,unreal_rockfield.json,unreal_rockfield.json,nan,nan,nan
2973,-9.605700857570127,-203.2456434827723,0.3143267792642739,Medium,RegolithCovered,background_regolith,Background,Background,-1,-1.0,-1.0,-1.0,0.0,0.007,1.0,-1,,unreal_rockfield.json,unreal_rockfield.json,nan,nan,nan
2974,205.6566057313761,-20.851771599475086,0.2897524587538138,Small,RegolithCovered,background_regolith,Background,Background,-1,-1.0,-1.0,-1.0,0.0,0.007,1.0,-1,,unreal_rockfield.json,unreal_rockfield.json,nan,nan,nan
2975,-34.310434278389835,43.252357554856985,0.28499875712979317,Small,RegolithCovered,background_regolith,Background,Background,-1,-1.0,-1.0,-1.0,0.0,0.007,1.0,-1,,unreal_rockfield.json,unreal_rockfield.json,nan,nan,nan
2976,140.69795831171604,-174.26831873531296,0.26135400269171044,Small,RegolithCovered,background_regolith,Background,Background,-1,-1.0,-1.0,-1.0,0.0,0.007,1.0,-1,,unreal_rockfield.json,unreal_rockfield.json,nan,nan,nan
2977,129.879146702475,244.24726096377452,0.38384970076520136,Medium,RegolithCovered,background_regolith,Background,Background,-1,-1.0,-1.0,-1.0,0.0,0.007,1.0,-1,,unreal_rockfield.json,unreal_rockfield.json,nan,nan,nan
2978,239.80681783501694,148.35810419019134,0.28015678998112803,Small,RegolithCovered,background_regolith,Background,Background,-1,-1.0,-1.0,-1.0,0.0,0.007,1.0,-1,,unreal_rockfield.json,unreal_rockfield.json,nan,nan,nan
2979,211.4093447676015,-229.3694875942259,0.2822539578195745,Small,RegolithCovered,background_regolith,Background,Background,-1,-1.0,-1.0,-1.0,0.0,0.007,1.0,-1,,unreal_rockfield.json,unreal_rockfield.json,nan,nan,nan
2980,221.7398602252266,26.604510635700592,0.27935935169870874,Small,RegolithCovered,background_regolith,Background,Background,-1,-1.0,-1.0,-1.0,0.0,0.007,1.0,-1,,unreal_rockfield.json,unreal_rockfield.json,nan,nan,nan
2981,-93.31797235023043,-9.361552781762157,0.37576881498968145,Medium,RegolithCovered,background_regolith,Background,Background,-1,-1.0,-1.0,-1.0,0.0,0.007,1.0,-1,,unreal_rockfield.json,unreal_rockfield.json,nan,nan,nan
2982,-1.0147404400769062,-138.8668477431562,0.27646609798680444,Small,RegolithCovered,background_regolith,Background,Background,-1,-1.0,-1.0,-1.0,0.0,0.007,1.0,-1,,unreal_rockfield.json,unreal_rockfield.json,nan,nan,nan
2983,-66.81264687032683,3.1662953581347324,0.29353406097384843,Small,RegolithCovered,background_regolith,Background,Background,-1,-1.0,-1.0,-1.0,0.0,0.007,1.0,-1,,unreal_rockfield.json,unreal_rockfield.json,nan,nan,nan
2984,-240.34089175084688,-75.0068666646321,0.28504399687410265,Small,RegolithCovered,background_regolith,Background,Background,-1,-1.0,-1.0,-1.0,0.0,0.007,1.0,-1,,unreal_rockfield.json,unreal_rockfield.json,nan,nan,nan
2985,157.33054597613454,-120.06744590594195,0.2919717798991625,Small,RegolithCovered,background_regolith,Background,Background,-1,-1.0,-1.0,-1.0,0.0,0.007,1.0,-1,,unreal_rockfield.json,unreal_rockfield.json,nan,nan,nan
2986,38.84243293557546,-39.468062379833356,0.3342704834608118,Medium,RegolithCovered,background_regolith,Background,Background,-1,-1.0,-1.0,-1.0,0.0,0.007,1.0,-1,,unreal_rockfield.json,unreal_rockfield.json,nan,nan,nan
2987,62.46375926999724,-136.9899594103824,0.28615171393367966,Small,RegolithCovered,background_regolith,Background,Background,-1,-1.0,-1.0,-1.0,0.0,0.007,1.0,-1,,unreal_rockfield.json,unreal_rockfield.json,nan,nan,nan
2988,183.8511307107761,144.3144016846217,0.3279464473171509,Medium,RegolithCovered,background_regolith,Background,Background,-1,-1.0,-1.0,-1.0,0.0,0.007,1.0,-1,,unreal_rockfield.json,unreal_rockfield.json,nan,nan,nan
2989,208.6016418958098,-91.2427137058626,0.29925020535567204,Small,RegolithCovered,background_regolith,Background,Background,-1,-1.0,-1.0,-1.0,0.0,0.007,1.0,-1,,unreal_rockfield.json,unreal_rockfield.json,nan,nan,nan
2990,-242.09570604571672,143.2004760887478,0.2651870812211798,Small,RegolithCovered,background_regolith,Background,Background,-1,-1.0,-1.0,-1.0,0.0,0.007,1.0,-1,,unreal_rockfield.json,unreal_rockfield.json,nan,nan,nan
2991,-224.9595629749443,-187.9711294900357,0.34379281806207634,Medium,RegolithCovered,background_regolith,Background,Background,-1,-1.0,-1.0,-1.0,0.0,0.007,1.0,-1,,unreal_rockfield.json,unreal_rockfield.json,nan,nan,nan
2992,-222.9300820947905,66.53798028504286,0.26379308553427344,Small,RegolithCovered,background_regolith,Background,Background,-1,-1.0,-1.0,-1.0,0.0,0.007,1.0,-1,,unreal_rockfield.json,unreal_rockfield.json,nan,nan,nan
2993,-39.23917355876338,-177.0607623523667,0.2605163523777468,Small,RegolithCovered,background_regolith,Background,Background,-1,-1.0,-1.0,-1.0,0.0,0.007,1.0,-1,,unreal_rockfield.json,unreal_rockfield.json,nan,nan,nan
2994,174.29883724478896,66.96523941770681,0.2939652860282288,Small,RegolithCovered,background_regolith,Background,Background,-1,-1.0,-1.0,-1.0,0.0,0.007,1.0,-1,,unreal_rockfield.json,unreal_rockfield.json,nan,nan,nan
2995,128.55159154026916,121.0135196996979,0.3765789621048931,Medium,RegolithCovered,background_regolith,Background,Background,-1,-1.0,-1.0,-1.0,0.0,0.007,1.0,-1,,unreal_rockfield.json,unreal_rockfield.json,nan,nan,nan
2996,-30.556657612842173,-154.3397320474868,0.2834741063004815,Small,RegolithCovered,background_regolith,Background,Background,-1,-1.0,-1.0,-1.0,0.0,0.007,1.0,-1,,unreal_rockfield.json,unreal_rockfield.json,nan,nan,nan
2997,-190.39735099337747,174.17676320688497,0.3626717946083163,Medium,RegolithCovered,background_regolith,Background,Background,-1,-1.0,-1.0,-1.0,0.0,0.007,1.0,-1,,unreal_rockfield.json,unreal_rockfield.json,nan,nan,nan
2998,232.83333841975156,63.02835169530317,0.3060023158707018,Medium,RegolithCovered,background_regolith,Background,Background,-1,-1.0,-1.0,-1.0,0.0,0.007,1.0,-1,,unreal_rockfield.json,unreal_rockfield.json,nan,nan,nan
2999,218.3217871639149,-177.82372508926665,0.2844357336222192,Small,RegolithCovered,background_regolith,Background,Background,-1,-1.0,-1.0,-1.0,0.0,0.007,1.0,-1,,unreal_rockfield.json,unreal_rockfield.json,nan,nan,nan
3000,-1.5640736106448685,-169.7820978423414,0.33797760170811036,Medium,RegolithCovered,background_regolith,Background,Background,-1,-1.0,-1.0,-1.0,0.0,0.007,1.0,-1,,unreal_rockfield.json,unreal_rockfield.json,nan,nan,nan
3001,-45.7548753318888,-179.1817987609485,0.3725909989186387,Medium,RegolithCovered,background_regolith,Background,Background,-1,-1.0,-1.0,-1.0,0.0,0.007,1.0,-1,,unreal_rockfield.json,unreal_rockfield.json,nan,nan,nan
3002,-249.18796972312774,247.42678575081035,0.28736551297309343,Small,RegolithCovered,background_clump,Background,Background,-1,-1.0,-1.0,-1.0,0.0,0.007,1.0,100000,,unreal_rockfield.json,unreal_rockfield.json,nan,nan,nan
3003,-112.68759311058552,106.83039232777028,0.32322244167872066,Medium,RegolithCovered,background_clump,Background,Background,-1,-1.0,-1.0,-1.0,0.0,0.007,1.0,100001,,unreal_rockfield.json,unreal_rockfield.json,nan,nan,nan
3004,-113.2223277622346,108.91873303673911,0.5076853348042429,Medium,RegolithCovered,background_clump,Background,Background,-1,-1.0,-1.0,-1.0,0.0,0.007,1.0,100001,,unreal_rockfield.json,unreal_rockfield.json,nan,nan,nan
3005,-110.23926944994702,106.53461269883158,0.2732552136410434,Small,RegolithCovered,background_clump,Background,Background,-1,-1.0,-1.0,-1.0,0.0,0.007,1.0,100001,,unreal_rockfield.json,unreal_rockfield.json,nan,nan,nan
3006,-112.35380516400882,107.7619833378976,0.26912723847590964,Small,RegolithCovered,background_clump,Background,Background,-1,-1.0,-1.0,-1.0,0.0,0.007,1.0,100001,,unreal_rockfield.json,unreal_rockfield.json,nan,nan,nan
3007,-113.5562244912973,105.89964100925624,0.26526824890355144,Small,RegolithCovered,background_clump,Background,Background,-1,-1.0,-1.0,-1.0,0.0,0.007,1.0,100001,,unreal_rockfield.json,unreal_rockfield.json,nan,nan,nan
3008,-114.10209832715128,106.29674586699268,0.513443974786601,Medium,RegolithCovered,background_clump,Background,Background,-1,-1.0,-1.0,-1.0,0.0,0.007,1.0,100001,,unreal_rockfield.json,unreal_rockfield.json,nan,nan,nan
3009,-110.27427310054809,106.29473445025519,0.38971156649426386,Medium,RegolithCovered,background_clump,Background,Background,-1,-1.0,-1.0,-1.0,0.0,0.007,1.0,100001,,unreal_rockfield.json,unreal_rockfield.json,nan,nan,nan
3010,-111.40200835828422,103.83485731909843,0.3044295007413393,Medium,RegolithCovered,background_clump,Background,Background,-1,-1.0,-1.0,-1.0,0.0,0.007,1.0,100001,,unreal_rockfield.json,unreal_rockfield.json,nan,nan,nan
3011,-17.102818461604784,41.78076018235489,0.2970348881049379,Small,RegolithCovered,background_clump,Background,Background,-1,-1.0,-1.0,-1.0,0.0,0.007,1.0,100002,,unreal_rockfield.json,unreal_rockfield.json,nan,nan,nan
3012,-10.599963982031063,40.7644270857527,0.27962986779959054,Small,RegolithCovered,background_clump,Background,Background,-1,-1.0,-1.0,-1.0,0.0,0.007,1.0,100002,,unreal_rockfield.json,unreal_rockfield.json,nan,nan,nan
3013,-16.91021955627123,39.781873827229624,0.33473008373046986,Medium,RegolithCovered,background_clump,Background,Background,-1,-1.0,-1.0,-1.0,0.0,0.007,1.0,100002,,unreal_rockfield.json,unreal_rockfield.json,nan,nan,nan
3014,-19.89462879686208,42.70010680624397,0.26325079495418646,Small,RegolithCovered,background_clump,Background,Background,-1,-1.0,-1.0,-1.0,0.0,0.007,1.0,100002,,unreal_rockfield.json,unreal_rockfield.json,nan,nan,nan
3015,-15.042762913144143,42.590652439751004,0.3209237846551019,Medium,RegolithCovered,background_clump,Background,Background,-1,-1.0,-1.0,-1.0,0.0,0.007,1.0,100002,,unreal_rockfield.json,unreal_rockfield.json,nan,nan,nan
3016,-14.625902873441959,41.30779749116295,0.2636707002507046,Small,RegolithCovered,background_clump,Background,Background,-1,-1.0,-1.0,-1.0,0.0,0.007,1.0,100002,,unreal_rockfield.json,unreal_rockfield.json,nan,nan,nan
3017,1.6185142199679252,-31.286711830163252,0.2752061539938738,Small,RegolithCovered,background_clump,Background,Background,-1,-1.0,-1.0,-1.0,0.0,0.007,1.0,100003,,unreal_rockfield.json,unreal_rockfield.json,nan,nan,nan
3018,1.600405408927926,-31.338951993674797,0.28871627821538304,Small,RegolithCovered,background_clump,Background,Background,-1,-1.0,-1.0,-1.0,0.0,0.007,1.0,100003,,unreal_rockfield.json,unreal_rockfield.json,nan,nan,nan
3019,3.818419123358467,-29.269426581031755,0.2687819665872047,Small,RegolithCovered,background_clump,Background,Background,-1,-1.0,-1.0,-1.0,0.0,0.007,1.0,100003,,unreal_rockfield.json,unreal_rockfield.json,nan,nan,nan
3020,2.5669644598256283,-30.13365699300536,0.36838418929640654,Medium,RegolithCovered,background_clump,Background,Background,-1,-1.0,-1.0,-1.0,0.0,0.007,1.0,100003,,unreal_rockfield.json,unreal_rockfield.json,nan,nan,nan
3021,2.499954296879145,-32.31188062727842,0.27921886518178046,Small,RegolithCovered,background_clump,Background,Background,-1,-1.0,-1.0,-1.0,0.0,0.007,1.0,100003,,unreal_rockfield.json,unreal_rockfield.json,nan,nan,nan
3022,62.33622072831208,173.46030278735054,0.2661490899739436,Small,RegolithCovered,background_clump,Background,Background,-1,-1.0,-1.0,-1.0,0.0,0.007,1.0,100004,,unreal_rockfield.json,unreal_rockfield.json,nan,nan,nan
3023,60.72106006843231,175.32245359428,0.29194391208795145,Small,RegolithCovered,background_clump,Background,Background,-1,-1.0,-1.0,-1.0,0.0,0.007,1.0,100004,,unreal_rockfield.json,unreal_rockfield.json,nan,nan,nan
3024,58.42470586198741,176.69709896685305,0.3496328983571153,Medium,RegolithCovered,background_clump,Background,Background,-1,-1.0,-1.0,-1.0,0.0,0.007,1.0,100004,,unreal_rockfield.json,unreal_rockfield.json,nan,nan,nan
3025,60.515236387711795,174.27386365836006,0.2696176053489746,Small,RegolithCovered,background_clump,Background,Background,-1,-1.0,-1.0,-1.0,0.0,0.007,1.0,100004,,unreal_rockfield.json,unreal_rockfield.json,nan,nan,nan
3026,62.266065630279904,173.6654947591207,0.36284203011558436,Medium,RegolithCovered,background_clump,Background,Background,-1,-1.0,-1.0,-1.0,0.0,0.007,1.0,100004,,unreal_rockfield.json,unreal_rockfield.json,nan,nan,nan
3027,63.05296034704712,177.13280234619882,0.3387619442365209,Medium,RegolithCovered,background_clump,Background,Background,-1,-1.0,-1.0,-1.0,0.0,0.007,1.0,100004,,unreal_rockfield.json,unreal_rockfield.json,nan,nan,nan
3028,57.39417297357933,178.42593989038593,0.2637081937131046,Small,RegolithCovered,background_clump,Background,Background,-1,-1.0,-1.0,-1.0,0.0,0.007,1.0,100004,,unreal_rockfield.json,unreal_rockfield.json,nan,nan,nan
3029,61.16081458773937,175.7140004170416,0.4237883917411846,Medium,RegolithCovered,background_clump,Background,Background,-1,-1.0,-1.0,-1.0,0.0,0.007,1.0,100004,,unreal_rockfield.json,unreal_rockfield.json,nan,nan,nan
3030,199.0614122638224,-234.3829395907194,0.2660524132861753,Small,RegolithCovered,background_clump,Background,Background,-1,-1.0,-1.0,-1.0,0.0,0.007,1.0,100005,,unreal_rockfield.json,unreal_rockfield.json,nan,nan,nan
3031,197.7122709776054,-230.4137156009613,0.34903838319508007,Medium,RegolithCovered,background_clump,Background,Background,-1,-1.0,-1.0,-1.0,0.0,0.007,1.0,100005,,unreal_rockfield.json,unreal_rockfield.json,nan,nan,nan
3032,200.78552676954294,-228.0786685416075,0.2685838235428936,Small,RegolithCovered,background_clump,Background,Background,-1,-1.0,-1.0,-1.0,0.0,0.007,1.0,100005,,unreal_rockfield.json,unreal_rockfield.json,nan,nan,nan
3033,201.32855329260045,-230.98847218325926,0.3315246424122352,Medium,RegolithCovered,background_clump,Background,Background,-1,-1.0,-1.0,-1.0,0.0,0.007,1.0,100005,,unreal_rockfield.json,unreal_rockfield.json,nan,nan,nan
3034,199.32468288001414,-232.8814225217174,0.48201610622410496,Medium,RegolithCovered,background_clump,Background,Background,-1,-1.0,-1.0,-1.0,0.0,0.007,1.0,100005,,unreal_rockfield.json,unreal_rockfield.json,nan,nan,nan
3035,198.9902591713042,-233.848476871965,0.3453493437446641,Medium,RegolithCovered,background_clump,Background,Background,-1,-1.0,-1.0,-1.0,0.0,0.007,1.0,100005,,unreal_rockfield.json,unreal_rockfield.json,nan,nan,nan
3036,197.53897151049676,-232.64137003835856,0.47585806162752275,Medium,RegolithCovered,background_clump,Background,Background,-1,-1.0,-1.0,-1.0,0.0,0.007,1.0,100005,,unreal_rockfield.json,unreal_rockfield.json,nan,nan,nan
3037,197.25481659365013,-230.12050841876015,0.4031700857940341,Medium,RegolithCovered,background_clump,Background,Background,-1,-1.0,-1.0,-1.0,0.0,0.007,1.0,100005,,unreal_rockfield.json,unreal_rockfield.json,nan,nan,nan
3038,199.28413702642794,-232.6235602682612,0.3002480705422585,Medium,RegolithCovered,background_clump,Background,Background,-1,-1.0,-1.0,-1.0,0.0,0.007,1.0,100005,,unreal_rockfield.json,unreal_rockfield.json,nan,nan,nan
3039,197.14076606171534,-231.34724078466215,0.41474528475613265,Medium,RegolithCovered,background_clump,Background,Background,-1,-1.0,-1.0,-1.0,0.0,0.007,1.0,100005,,unreal_rockfield.json,unreal_rockfield.json,nan,nan,nan
3040,-220.71542291463982,0.3475167515017237,0.3489240486446089,Medium,RegolithCovered,background_clump,Background,Background,-1,-1.0,-1.0,-1.0,0.0,0.007,1.0,100006,,unreal_rockfield.json,unreal_rockfield.json,nan,nan,nan
3041,-218.41085522059979,-1.2149821317096783,0.29948953570527265,Small,RegolithCovered,background_clump,Background,Background,-1,-1.0,-1.0,-1.0,0.0,0.007,1.0,100006,,unreal_rockfield.json,unreal_rockfield.json,nan,nan,nan
3042,-218.85737955729206,-3.3235709807980243,0.27567169747952835,Small,RegolithCovered,background_clump,Background,Background,-1,-1.0,-1.0,-1.0,0.0,0.007,1.0,100006,,unreal_rockfield.json,unreal_rockfield.json,nan,nan,nan
3043,-223.53462352232606,0.5220343282395494,0.3127593161258104,Medium,RegolithCovered,background_clump,Background,Background,-1,-1.0,-1.0,-1.0,0.0,0.007,1.0,100006,,unreal_rockfield.json,unreal_rockfield.json,nan,nan,nan
3044,140.63574454408504,210.86446272004696,0.3979275409395544,Medium,RegolithCovered,background_clump,Background,Background,-1,-1.0,-1.0,-1.0,0.0,0.007,1.0,100007,,unreal_rockfield.json,unreal_rockfield.json,nan,nan,nan
3045,75.56719715842799,6.399630978105208,0.665476705316514,Medium,RegolithCovered,background_clump,Background,Background,-1,-1.0,-1.0,-1.0,0.0,0.007,1.0,100008,,unreal_rockfield.json,unreal_rockfield.json,nan,nan,nan
3046,77.47762098648626,9.76473947724594,0.3060731389139704,Medium,RegolithCovered,background_clump,Background,Background,-1,-1.0,-1.0,-1.0,0.0,0.007,1.0,100008,,unreal_rockfield.json,unreal_rockfield.json,nan,nan,nan
3047,76.3988620472159,9.453919443217337,0.32396245381855543,Medium,RegolithCovered,background_clump,Background,Background,-1,-1.0,-1.0,-1.0,0.0,0.007,1.0,100008,,unreal_rockfield.json,unreal_rockfield.json,nan,nan,nan
3048,79.16097209521787,9.763002428776494,0.32440561406066615,Medium,RegolithCovered,background_clump,Background,Background,-1,-1.0,-1.0,-1.0,0.0,0.007,1.0,100008,,unreal_rockfield.json,unreal_rockfield.json,nan,nan,nan
3049,78.03713240719644,9.25537703747294,0.28479970843833236,Small,RegolithCovered,background_clump,Background,Background,-1,-1.0,-1.0,-1.0,0.0,0.007,1.0,100008,,unreal_rockfield.json,unreal_rockfield.json,nan,nan,nan
3050,79.43019829757067,8.765605073256767,0.28133012317986417,Small,RegolithCovered,background_clump,Background,Background,-1,-1.0,-1.0,-1.0,0.0,0.007,1.0,100008,,unreal_rockfield.json,unreal_rockfield.json,nan,nan,nan
3051,-243.32695633424058,-119.03208147134485,0.28284086732829883,Small,RegolithCovered,background_clump,Background,Background,-1,-1.0,-1.0,-1.0,0.0,0.007,1.0,100009,,unreal_rockfield.json,unreal_rockfield.json,nan,nan,nan
3052,-238.54846629259853,-118.86311732441315,0.26865893614817293,Small,RegolithCovered,background_clump,Background,Background,-1,-1.0,-1.0,-1.0,0.0,0.007,1.0,100009,,unreal_rockfield.json,unreal_rockfield.json,nan,nan,nan
3053,-245.26292589839022,-118.25202012434164,0.2756738543538894,Small,RegolithCovered,background_clump,Background,Background,-1,-1.0,-1.0,-1.0,0.0,0.007,1.0,100009,,unreal_rockfield.json,unreal_rockfield.json,nan,nan,nan
3054,-243.93272832992128,-121.598441439751,0.2641673480073255,Small,RegolithCovered,background_clump,Background,Background,-1,-1.0,-1.0,-1.0,0.0,0.007,1.0,100009,,unreal_rockfield.json,unreal_rockfield.json,nan,nan,nan
3055,-245.2971442840356,-122.1595216699956,0.4078040389049136,Medium,RegolithCovered,background_clump,Background,Background,-1,-1.0,-1.0,-1.0,0.0,0.007,1.0,100009,,unreal_rockfield.json,unreal_rockfield.json,nan,nan,nan
3056,57.40996704664213,-113.99265508860375,0.32694503447724993,Medium,RegolithCovered,background_clump,Background,Background,-1,-1.0,-1.0,-1.0,0.0,0.007,1.0,100010,,unreal_rockfield.json,unreal_rockfield.json,nan,nan,nan
3057,56.72503679073977,-111.96654257635298,0.3722466069488436,Medium,RegolithCovered,background_clump,Background,Background,-1,-1.0,-1.0,-1.0,0.0,0.007,1.0,100010,,unreal_rockfield.json,unreal_rockfield.json,nan,nan,nan
3058,57.05174739193893,-112.2126865518803,0.2611771308996198,Small,RegolithCovered,background_clump,Background,Background,-1,-1.0,-1.0,-1.0,0.0,0.007,1.0,100010,,unreal_rockfield.json,unreal_rockfield.json,nan,nan,nan
3059,56.922825696740404,-109.81433688681587,0.2775917086709237,Small,RegolithCovered,background_clump,Background,Background,-1,-1.0,-1.0,-1.0,0.0,0.007,1.0,100010,,unreal_rockfield.json,unreal_rockfield.json,nan,nan,nan
3060,53.36132920059772,-109.92043746113168,0.32559198913748394,Medium,RegolithCovered,background_clump,Background,Background,-1,-1.0,-1.0,-1.0,0.0,0.007,1.0,100010,,unreal_rockfield.json,unreal_rockfield.json,nan,nan,nan
3061,27.29945570535067,-49.18127713546677,0.289125035961701,Small,RegolithCovered,background_clump,Background,Background,-1,-1.0,-1.0,-1.0,0.0,0.007,1.0,100011,,unreal_rockfield.json,unreal_rockfield.json,nan,nan,nan
3062,24.90103787590108,-43.05109206944066,0.27570837880978827,Small,RegolithCovered,background_clump,Background,Background,-1,-1.0,-1.0,-1.0,0.0,0.007,1.0,100011,,unreal_rockfield.json,unreal_rockfield.json,nan,nan,nan
3063,46.20522723445413,171.37264537558676,0.2673801253145877,Small,RegolithCovered,background_clump,Background,Background,-1,-1.0,-1.0,-1.0,0.0,0.007,1.0,100012,,unreal_rockfield.json,unreal_rockfield.json,nan,nan,nan
3064,48.34778617756501,171.42308761080665,0.3535669748940959,Medium,RegolithCovered,background_clump,Background,Background,-1,-1.0,-1.0,-1.0,0.0,0.007,1.0,100012,,unreal_rockfield.json,unreal_rockfield.json,nan,nan,nan
3065,45.79785964595297,170.839668366145,0.2781951768917313,Small,RegolithCovered,background_clump,Background,Background,-1,-1.0,-1.0,-1.0,0.0,0.007,1.0,100012,,unreal_rockfield.json,unreal_rockfield.json,nan,nan,nan
3066,48.27504326189863,170.42860526995912,0.27632795019908973,Small,RegolithCovered,background_clump,Background,Background,-1,-1.0,-1.0,-1.0,0.0,0.007,1.0,100012,,unreal_rockfield.json,unreal_rockfield.json,nan,nan,nan
3067,186.01725916997938,26.955138108600025,0.2703724386777011,Small,RegolithCovered,background_clump,Background,Background,-1,-1.0,-1.0,-1.0,0.0,0.007,1.0,100013,,unreal_rockfield.json,unreal_rockfield.json,nan,nan,nan
3068,135.21381942608787,246.696988539413,0.30838251742373557,Medium,RegolithCovered,background_clump,Background,Background,-1,-1.0,-1.0,-1.0,0.0,0.007,1.0,100014,,unreal_rockfield.json,unreal_rockfield.json,nan,nan,nan
3069,129.2442874695657,245.85501123765178,0.2738117265547384,Small,RegolithCovered,background_clump,Background,Background,-1,-1.0,-1.0,-1.0,0.0,0.007,1.0,100014,,unreal_rockfield.json,unreal_rockfield.json,nan,nan,nan
3070,130.6577173921133,247.75552076496,0.3846887452193588,Medium,RegolithCovered,background_clump,Background,Background,-1,-1.0,-1.0,-1.0,0.0,0.007,1.0,100014,,unreal_rockfield.json,unreal_rockfield.json,nan,nan,nan
3071,128.38005921919293,245.92378778888974,0.4218097766821347,Medium,RegolithCovered,background_clump,Background,Background,-1,-1.0,-1.0,-1.0,0.0,0.007,1.0,100014,,unreal_rockfield.json,unreal_rockfield.json,nan,nan,nan
3072,139.15077734176057,-21.251978809381946,0.26137096045359454,Small,RegolithCovered,background_clump,Background,Background,-1,-1.0,-1.0,-1.0,0.0,0.007,1.0,100015,,unreal_rockfield.json,unreal_rockfield.json,nan,nan,nan
3073,140.96620252464598,-20.23918929080035,0.36409772674529783,Medium,RegolithCovered,background_clump,Background,Background,-1,-1.0,-1.0,-1.0,0.0,0.007,1.0,100015,,unreal_rockfield.json,unreal_rockfield.json,nan,nan,nan
3074,139.90780241267052,-20.47554426546012,0.287320701594163,Small,RegolithCovered,background_clump,Background,Background,-1,-1.0,-1.0,-1.0,0.0,0.007,1.0,100015,,unreal_rockfield.json,unreal_rockfield.json,nan,nan,nan
3075,139.37289446366665,-21.705516142532808,0.2671476708171399,Small,RegolithCovered,background_clump,Background,Background,-1,-1.0,-1.0,-1.0,0.0,0.007,1.0,100015,,unreal_rockfield.json,unreal_rockfield.json,nan,nan,nan
3076,141.73180716363697,-19.401428645424964,0.27981903015108256,Small,RegolithCovered,background_clump,Background,Background,-1,-1.0,-1.0,-1.0,0.0,0.007,1.0,100015,,unreal_rockfield.json,unreal_rockfield.json,nan,nan,nan
3077,136.6117839900201,-17.538083921879963,0.26344968381688777,Small,RegolithCovered,background_clump,Background,Background,-1,-1.0,-1.0,-1.0,0.0,0.007,1.0,100015,,unreal_rockfield.json,unreal_rockfield.json,nan,nan,nan
3078,138.94700481350083,-20.722808392634768,0.2662269372410805,Small,RegolithCovered,background_clump,Background,Background,-1,-1.0,-1.0,-1.0,0.0,0.007,1.0,100015,,unreal_rockfield.json,unreal_rockfield.json,nan,nan,nan
3079,141.46459903315824,-20.015992468521066,0.27798779692020414,Small,RegolithCovered,background_clump,Background,Background,-1,-1.0,-1.0,-1.0,0.0,0.007,1.0,100015,,unreal_rockfield.json,unreal_rockfield.json,nan,nan,nan
3080,-1.447276240762339,-177.02900247604197,0.3121091272532195,Medium,RegolithCovered,background_clump,Background,Background,-1,-1.0,-1.0,-1.0,0.0,0.007,1.0,100016,,unreal_rockfield.json,unreal_rockfield.json,nan,nan,nan
3081,-3.2355295345660253,-178.86339668425774,0.29395558797345545,Small,RegolithCovered,background_clump,Background,Background,-1,-1.0,-1.0,-1.0,0.0,0.007,1.0,100016,,unreal_rockfield.json,unreal_rockfield.json,nan,nan,nan
3082,-75.74377133897003,61.33109657759338,0.26811417773220336,Small,RegolithCovered,background_clump,Background,Background,-1,-1.0,-1.0,-1.0,0.0,0.007,1.0,100017,,unreal_rockfield.json,unreal_rockfield.json,nan,nan,nan
3083,-79.69108627333794,60.714498736151164,0.2852548240812497,Small,RegolithCovered,background_clump,Background,Background,-1,-1.0,-1.0,-1.0,0.0,0.007,1.0,100017,,unreal_rockfield.json,unreal_rockfield.json,nan,nan,nan
3084,-75.92773359815386,58.04078377768167,0.3017489228772581,Medium,RegolithCovered,background_clump,Background,Background,-1,-1.0,-1.0,-1.0,0.0,0.007,1.0,100017,,unreal_rockfield.json,unreal_rockfield.json,nan,nan,nan
3085,-76.05532901405495,58.15001898518497,0.30278147941745764,Medium,RegolithCovered,background_clump,Background,Background,-1,-1.0,-1.0,-1.0,0.0,0.007,1.0,100017,,unreal_rockfield.json,unreal_rockfield.json,nan,nan,nan
3086,-74.03562044825942,58.66274245583631,0.32639831737831426,Medium,RegolithCovered,background_clump,Background,Background,-1,-1.0,-1.0,-1.0,0.0,0.007,1.0,100017,,unreal_rockfield.json,unreal_rockfield.json,nan,nan,nan
3087,-77.70458282231697,59.3611107562819,0.3644973647025406,Medium,RegolithCovered,background_clump,Background,Background,-1,-1.0,-1.0,-1.0,0.0,0.007,1.0,100017,,unreal_rockfield.json,unreal_rockfield.json,nan,nan,nan
3088,-75.9829242766266,59.26303085392876,0.35313417414814663,Medium,RegolithCovered,background_clump,Background,Background,-1,-1.0,-1.0,-1.0,0.0,0.007,1.0,100017,,unreal_rockfield.json,unreal_rockfield.json,nan,nan,nan
3089,-76.59644011390367,59.77596716032965,0.27292186559936865,Small,RegolithCovered,background_clump,Background,Background,-1,-1.0,-1.0,-1.0,0.0,0.007,1.0,100017,,unreal_rockfield.json,unreal_rockfield.json,nan,nan,nan
3090,-212.83775497496617,-84.3014885319858,0.26517694625599025,Small,RegolithCovered,background_clump,Background,Background,-1,-1.0,-1.0,-1.0,0.0,0.007,1.0,100018,,unreal_rockfield.json,unreal_rockfield.json,nan,nan,nan
3091,-214.61885403525127,-85.06523999323063,0.31719796576079606,Medium,RegolithCovered,background_clump,Background,Background,-1,-1.0,-1.0,-1.0,0.0,0.007,1.0,100018,,unreal_rockfield.json,unreal_rockfield.json,nan,nan,nan
3092,-215.4310554639301,-85.71356790783996,0.27119716998206894,Small,RegolithCovered,background_clump,Background,Background,-1,-1.0,-1.0,-1.0,0.0,0.007,1.0,100018,,unreal_rockfield.json,unreal_rockfield.json,nan,nan,nan
3093,-207.01634962961438,-193.26330386956207,0.48967332085751386,Medium,RegolithCovered,background_clump,Background,Background,-1,-1.0,-1.0,-1.0,0.0,0.007,1.0,100019,,unreal_rockfield.json,unreal_rockfield.json,nan,nan,nan
3094,-210.78078010325237,-195.88801077131257,0.2986213963815185,Small,RegolithCovered,background_clump,Background,Background,-1,-1.0,-1.0,-1.0,0.0,0.007,1.0,100019,,unreal_rockfield.json,unreal_rockfield.json,nan,nan,nan
3095,-209.44458941552915,-197.8492669811138,0.26607483637444196,Small,RegolithCovered,background_clump,Background,Background,-1,-1.0,-1.0,-1.0,0.0,0.007,1.0,100019,,unreal_rockfield.json,unreal_rockfield.json,nan,nan,nan
3096,65.33348278016777,-0.5127310162298836,0.5165400715376821,Medium,RegolithCovered,background_clump,Background,Background,-1,-1.0,-1.0,-1.0,0.0,0.007,1.0,100020,,unreal_rockfield.json,unreal_rockfield.json,nan,nan,nan
3097,61.44576244300799,-0.5090978859678531,0.27867287644386013,Small,RegolithCovered,background_clump,Background,Background,-1,-1.0,-1.0,-1.0,0.0,0.007,1.0,100020,,unreal_rockfield.json,unreal_rockfield.json,nan,nan,nan
3098,60.121968616930374,-1.1144926547521277,0.2852013572026598,Small,RegolithCovered,background_clump,Background,Background,-1,-1.0,-1.0,-1.0,0.0,0.007,1.0,100020,,unreal_rockfield.json,unreal_rockfield.json,nan,nan,nan
3099,66.35284750294974,-1.9931045149801876,0.2876635051775083,Small,RegolithCovered,background_clump,Background,Background,-1,-1.0,-1.0,-1.0,0.0,0.007,1.0,100020,,unreal_rockfield.json,unreal_rockfield.json,nan,nan,nan
3100,157.22846760532659,107.18808289396307,0.26084085620981246,Small,RegolithCovered,background_clump,Background,Background,-1,-1.0,-1.0,-1.0,0.0,0.007,1.0,100021,,unreal_rockfield.json,unreal_rockfield.json,nan,nan,nan
3101,159.33856761350606,107.71962642154412,0.27518268655375544,Small,RegolithCovered,background_clump,Background,Background,-1,-1.0,-1.0,-1.0,0.0,0.007,1.0,100021,,unreal_rockfield.json,unreal_rockfield.json,nan,nan,nan
3102,161.65119495508682,110.04771227520402,0.27916046029524894,Small,RegolithCovered,background_clump,Background,Background,-1,-1.0,-1.0,-1.0,0.0,0.007,1.0,100021,,unreal_rockfield.json,unreal_rockfield.json,nan,nan,nan
3103,-13.5068052854578,26.711174812026233,0.31285016486251854,Medium,RegolithCovered,background_clump,Background,Background,-1,-1.0,-1.0,-1.0,0.0,0.007,1.0,100022,,unreal_rockfield.json,unreal_rockfield.json,nan,nan,nan
3104,-15.379471887347188,22.950957492527717,0.2899447391428964,Small,RegolithCovered,background_clump,Background,Background,-1,-1.0,-1.0,-1.0,0.0,0.007,1.0,100022,,unreal_rockfield.json,unreal_rockfield.json,nan,nan,nan
3105,-12.89716148664433,23.33349737707277,0.30713100393024256,Medium,RegolithCovered,background_clump,Background,Background,-1,-1.0,-1.0,-1.0,0.0,0.007,1.0,100022,,unreal_rockfield.json,unreal_rockfield.json,nan,nan,nan
3106,-17.109440681148108,24.251134930593988,0.34143441584523054,Medium,RegolithCovered,background_clump,Background,Background,-1,-1.0,-1.0,-1.0,0.0,0.007,1.0,100022,,unreal_rockfield.json,unreal_rockfield.json,nan,nan,nan
3107,-16.654842721440087,23.52227205098315,0.2646632744289313,Small,RegolithCovered,background_clump,Background,Background,-1,-1.0,-1.0,-1.0,0.0,0.007,1.0,100022,,unreal_rockfield.json,unreal_rockfield.json,nan,nan,nan
3108,-12.11949651315826,22.62571843483255,0.26841758157652273,Small,RegolithCovered,background_clump,Background,Background,-1,-1.0,-1.0,-1.0,0.0,0.007,1.0,100022,,unreal_rockfield.json,unreal_rockfield.json,nan,nan,nan
3109,-16.16378550045192,22.84532889844072,0.30472459289808,Medium,RegolithCovered,background_clump,Background,Background,-1,-1.0,-1.0,-1.0,0.0,0.007,1.0,100022,,unreal_rockfield.json,unreal_rockfield.json,nan,nan,nan
3110,-14.969321793797308,24.034783810646907,0.2755618376421282,Small,RegolithCovered,background_clump,Background,Background,-1,-1.0,-1.0,-1.0,0.0,0.007,1.0,100022,,unreal_rockfield.json,unreal_rockfield.json,nan,nan,nan
3111,48.48322288705394,124.41440961509812,0.2648790577636394,Small,RegolithCovered,background_clump,Background,Background,-1,-1.0,-1.0,-1.0,0.0,0.007,1.0,100023,,unreal_rockfield.json,unreal_rockfield.json,nan,nan,nan
3112,52.01998130248874,123.14132512236066,0.29085785502232114,Small,RegolithCovered,background_clump,Background,Background,-1,-1.0,-1.0,-1.0,0.0,0.007,1.0,100023,,unreal_rockfield.json,unreal_rockfield.json,nan,nan,nan
3113,49.72466366394159,118.30023804849367,0.27954971724705735,Small,RegolithCovered,background_clump,Background,Background,-1,-1.0,-1.0,-1.0,0.0,0.007,1.0,100023,,unreal_rockfield.json,unreal_rockfield.json,nan,nan,nan
3114,51.52484925826556,123.94317878902211,0.43945120584613206,Medium,RegolithCovered,background_clump,Background,Background,-1,-1.0,-1.0,-1.0,0.0,0.007,1.0,100023,,unreal_rockfield.json,unreal_rockfield.json,nan,nan,nan
3115,48.2458492585013,119.34703786937044,0.34577020220800775,Medium,RegolithCovered,background_clump,Background,Background,-1,-1.0,-1.0,-1.0,0.0,0.007,1.0,100023,,unreal_rockfield.json,unreal_rockfield.json,nan,nan,nan
3116,49.179582712902906,124.25223396177414,0.34657609484136376,Medium,RegolithCovered,background_clump,Background,Background,-1,-1.0,-1.0,-1.0,0.0,0.007,1.0,100023,,unreal_rockfield.json,unreal_rockfield.json,nan,nan,nan
3117,51.44834382807661,127.85101264468302,0.38393656450661756,Medium,RegolithCovered,background_clump,Background,Background,-1,-1.0,-1.0,-1.0,0.0,0.007,1.0,100023,,unreal_rockfield.json,unreal_rockfield.json,nan,nan,nan
3118,48.75571615303921,125.30241695943369,0.35862881428343185,Medium,RegolithCovered,background_clump,Background,Background,-1,-1.0,-1.0,-1.0,0.0,0.007,1.0,100023,,unreal_rockfield.json,unreal_rockfield.json,nan,nan,nan
3119,-107.54999968683487,130.50726124699722,0.2710166141568505,Small,RegolithCovered,background_clump,Background,Background,-1,-1.0,-1.0,-1.0,0.0,0.007,1.0,100024,,unreal_rockfield.json,unreal_rockfield.json,nan,nan,nan
3120,-99.90991539987367,132.68748279362495,0.2927463551663441,Small,RegolithCovered,background_clump,Background,Background,-1,-1.0,-1.0,-1.0,0.0,0.007,1.0,100024,,unreal_rockfield.json,unreal_rockfield.json,nan,nan,nan
3121,-105.35072786841691,130.6371123711596,0.26169137354314254,Small,RegolithCovered,background_clump,Background,Background,-1,-1.0,-1.0,-1.0,0.0,0.007,1.0,100024,,unreal_rockfield.json,unreal_rockfield.json,nan,nan,nan
3122,-106.81217357293693,127.82446880637417,0.28342784402293897,Small,RegolithCovered,background_clump,Background,Background,-1,-1.0,-1.0,-1.0,0.0,0.007,1.0,100024,,unreal_rockfield.json,unreal_rockfield.json,nan,nan,nan
3123,-107.48817856269797,128.30424409058293,0.3455280379002477,Medium,RegolithCovered,background_clump,Background,Background,-1,-1.0,-1.0,-1.0,0.0,0.007,1.0,100024,,unreal_rockfield.json,unreal_rockfield.json,nan,nan,nan
3124,-12.805458634815908,-241.80897979883014,0.3717763222385891,Medium,RegolithCovered,background_clump,Background,Background,-1,-1.0,-1.0,-1.0,0.0,0.007,1.0,100025,,unreal_rockfield.json,unreal_rockfield.json,nan,nan,nan
3125,-16.382326430973734,-234.29641832423562,0.36379980125745714,Medium,RegolithCovered,background_clump,Background,Background,-1,-1.0,-1.0,-1.0,0.0,0.007,1.0,100025,,unreal_rockfield.json,unreal_rockfield.json,nan,nan,nan
3126,-17.73102488533577,-237.05714998503365,0.31132793279239457,Medium,RegolithCovered,background_clump,Background,Background,-1,-1.0,-1.0,-1.0,0.0,0.007,1.0,100025,,unreal_rockfield.json,unreal_rockfield.json,nan,nan,nan
3127,-12.895624230039731,-238.9945497124853,0.26421849363124217,Small,RegolithCovered,background_clump,Background,Background,-1,-1.0,-1.0,-1.0,0.0,0.007,1.0,100025,,unreal_rockfield.json,unreal_rockfield.json,nan,nan,nan
3128,-11.718922882936425,-238.78969409073397,0.30008582158999775,Medium,RegolithCovered,background_clump,Background,Background,-1,-1.0,-1.0,-1.0,0.0,0.007,1.0,100025,,unreal_rockfield.json,unreal_rockfield.json,nan,nan,nan
3129,-14.442518085103545,-238.53188638362582,0.27248870478281795,Small,RegolithCovered,background_clump,Background,Background,-1,-1.0,-1.0,-1.0,0.0,0.007,1.0,100025,,unreal_rockfield.json,unreal_rockfield.json,nan,nan,nan
3130,-18.265292737282362,-233.4970432343583,0.27059056818555866,Small,RegolithCovered,background_clump,Background,Background,-1,-1.0,-1.0,-1.0,0.0,0.007,1.0,100025,,unreal_rockfield.json,unreal_rockfield.json,nan,nan,nan
3131,-18.50367576030731,-236.7880901416951,0.2889274496845076,Small,RegolithCovered,background_clump,Background,Background,-1,-1.0,-1.0,-1.0,0.0,0.007,1.0,100025,,unreal_rockfield.json,unreal_rockfield.json,nan,nan,nan
3132,-14.688720712898768,-240.03259556429637,0.2920865239317066,Small,RegolithCovered,background_clump,Background,Background,-1,-1.0,-1.0,-1.0,0.0,0.007,1.0,100025,,unreal_rockfield.json,unreal_rockfield.json,nan,nan,nan
3133,181.57514570948126,74.40274047496305,0.30574903301525264,Medium,RegolithCovered,background_clump,Background,Background,-1,-1.0,-1.0,-1.0,0.0,0.007,1.0,100026,,unreal_rockfield.json,unreal_rockfield.json,nan,nan,nan
3134,184.379961102728,72.87451370585299,0.30337712556790325,Medium,RegolithCovered,background_clump,Background,Background,-1,-1.0,-1.0,-1.0,0.0,0.007,1.0,100026,,unreal_rockfield.json,unreal_rockfield.json,nan,nan,nan
3135,182.10157158411806,74.76070909460725,0.31649806836999583,Medium,RegolithCovered,background_clump,Background,Background,-1,-1.0,-1.0,-1.0,0.0,0.007,1.0,100026,,unreal_rockfield.json,unreal_rockfield.json,nan,nan,nan
3136,180.05964689483517,77.12275528165748,0.2649377951720411,Small,RegolithCovered,background_clump,Background,Background,-1,-1.0,-1.0,-1.0,0.0,0.007,1.0,100026,,unreal_rockfield.json,unreal_rockfield.json,nan,nan,nan
3137,182.61830481195375,78.00518191261338,0.3054435358855081,Medium,RegolithCovered,background_clump,Background,Background,-1,-1.0,-1.0,-1.0,0.0,0.007,1.0,100026,,unreal_rockfield.json,unreal_rockfield.json,nan,nan,nan
3138,182.18507129353335,75.29491268517673,0.32273108167228315,Medium,RegolithCovered,background_clump,Background,Background,-1,-1.0,-1.0,-1.0,0.0,0.007,1.0,100026,,unreal_rockfield.json,unreal_rockfield.json,nan,nan,nan
3139,118.00546539241701,19.105232168174,0.32347580455671665,Medium,RegolithCovered,background_clump,Background,Background,-1,-1.0,-1.0,-1.0,0.0,0.007,1.0,100027,,unreal_rockfield.json,unreal_rockfield.json,nan,nan,nan
3140,117.19945906262052,18.834588378239715,0.5726200376118937,Medium,RegolithCovered,background_clump,Background,Background,-1,-1.0,-1.0,-1.0,0.0,0.007,1.0,100027,,unreal_rockfield.json,unreal_rockfield.json,nan,nan,nan
3141,117.19509580178988,18.120901601976822,0.28011144775591074,Small,RegolithCovered,background_clump,Background,Background,-1,-1.0,-1.0,-1.0,0.0,0.007,1.0,100027,,unreal_rockfield.json,unreal_rockfield.json,nan,nan,nan
3142,116.96074490065739,17.049222787614355,0.2818404563386589,Small,RegolithCovered,background_clump,Background,Background,-1,-1.0,-1.0,-1.0,0.0,0.007,1.0,100027,,unreal_rockfield.json,unreal_rockfield.json,nan,nan,nan
3143,-132.28553104307312,-193.75437881363962,0.2794391587554761,Small,RegolithCovered,background_clump,Background,Background,-1,-1.0,-1.0,-1.0,0.0,0.007,1.0,100028,,unreal_rockfield.json,unreal_rockfield.json,nan,nan,nan
3144,-132.8679210261439,-195.15598903341285,0.29091534026396515,Small,RegolithCovered,background_clump,Background,Background,-1,-1.0,-1.0,-1.0,0.0,0.007,1.0,100028,,unreal_rockfield.json,unreal_rockfield.json,nan,nan,nan
3145,-133.52480629946666,-197.99297067954996,0.395053453482563,Medium,RegolithCovered,background_clump,Background,Background,-1,-1.0,-1.0,-1.0,0.0,0.007,1.0,100028,,unreal_rockfield.json,unreal_rockfield.json,nan,nan,nan
3146,-132.67037400983864,-197.62210067183517,0.2646549329993723,Small,RegolithCovered,background_clump,Background,Background,-1,-1.0,-1.0,-1.0,0.0,0.007,1.0,100028,,unreal_rockfield.json,unreal_rockfield.json,nan,nan,nan
3147,-134.02349847231798,-6.586216039331722,0.28921831295165323,Small,RegolithCovered,background_clump,Background,Background,-1,-1.0,-1.0,-1.0,0.0,0.007,1.0,100029,,unreal_rockfield.json,unreal_rockfield.json,nan,nan,nan
3148,-128.72003914192027,-7.520521106431903,0.2609643491789806,Small,RegolithCovered,background_clump,Background,Background,-1,-1.0,-1.0,-1.0,0.0,0.007,1.0,100029,,unreal_rockfield.json,unreal_rockfield.json,nan,nan,nan
3149,-131.3243850309392,-5.438150040900783,0.283250944757263,Small,RegolithCovered,background_clump,Background,Background,-1,-1.0,-1.0,-1.0,0.0,0.007,1.0,100029,,unreal_rockfield.json,unreal_rockfield.json,nan,nan,nan
3150,-134.91185782490103,-8.459612778225521,0.26561496727437145,Small,RegolithCovered,background_clump,Background,Background,-1,-1.0,-1.0,-1.0,0.0,0.007,1.0,100029,,unreal_rockfield.json,unreal_rockfield.json,nan,nan,nan
3151,-131.35646700475786,-5.770202096826695,0.3520867250841633,Medium,RegolithCovered,background_clump,Background,Background,-1,-1.0,-1.0,-1.0,0.0,0.007,1.0,100029,,unreal_rockfield.json,unreal_rockfield.json,nan,nan,nan
3152,-208.69589561640998,-205.8704943988963,0.3209237846551019,Medium,RegolithCovered,background_clump,Background,Background,-1,-1.0,-1.0,-1.0,0.0,0.007,1.0,100030,,unreal_rockfield.json,unreal_rockfield.json,nan,nan,nan
3153,-208.51771848318066,-203.95061236814507,0.2663934922166742,Small,RegolithCovered,background_clump,Background,Background,-1,-1.0,-1.0,-1.0,0.0,0.007,1.0,100030,,unreal_rockfield.json,unreal_rockfield.json,nan,nan,nan
3154,-203.40079982904265,-204.9440346690338,0.2762798104233793,Small,RegolithCovered,background_clump,Background,Background,-1,-1.0,-1.0,-1.0,0.0,0.007,1.0,100030,,unreal_rockfield.json,unreal_rockfield.json,nan,nan,nan
3155,-207.79697074787893,-203.19465368827426,0.2835178421689275,Small,RegolithCovered,background_clump,Background,Background,-1,-1.0,-1.0,-1.0,0.0,0.007,1.0,100030,,unreal_rockfield.json,unreal_rockfield.json,nan,nan,nan
3156,-206.10906406428862,-201.80468678805562,0.2813988138385508,Small,RegolithCovered,background_clump,Background,Background,-1,-1.0,-1.0,-1.0,0.0,0.007,1.0,100030,,unreal_rockfield.json,unreal_rockfield.json,nan,nan,nan
3157,-207.73953735005475,-204.06090077016663,0.2781563615076691,Small,RegolithCovered,background_clump,Background,Background,-1,-1.0,-1.0,-1.0,0.0,0.007,1.0,100030,,unreal_rockfield.json,unreal_rockfield.json,nan,nan,nan
3158,-209.51076833606518,-203.78942475453627,0.26394042161151765,Small,RegolithCovered,background_clump,Background,Background,-1,-1.0,-1.0,-1.0,0.0,0.007,1.0,100030,,unreal_rockfield.json,unreal_rockfield.json,nan,nan,nan
3159,233.88215349959208,-27.335223698274426,0.32632960106170833,Medium,RegolithCovered,background_clump,Background,Background,-1,-1.0,-1.0,-1.0,0.0,0.007,1.0,100031,,unreal_rockfield.json,unreal_rockfield.json,nan,nan,nan
3160,234.22210021862128,-25.251662500918677,0.34195159444651313,Medium,RegolithCovered,background_clump,Background,Background,-1,-1.0,-1.0,-1.0,0.0,0.007,1.0,100031,,unreal_rockfield.json,unreal_rockfield.json,nan,nan,nan
3161,-90.27157311612173,55.08586342682021,0.2833021483314495,Small,RegolithCovered,background_clump,Background,Background,-1,-1.0,-1.0,-1.0,0.0,0.007,1.0,100032,,unreal_rockfield.json,unreal_rockfield.json,nan,nan,nan
3162,-90.80413534850487,57.21518936193198,0.2902003816671837,Small,RegolithCovered,background_clump,Background,Background,-1,-1.0,-1.0,-1.0,0.0,0.007,1.0,100032,,unreal_rockfield.json,unreal_rockfield.json,nan,nan,nan
3163,-93.33393120551739,55.705121087503905,0.27366111395948955,Small,RegolithCovered,background_clump,Background,Background,-1,-1.0,-1.0,-1.0,0.0,0.007,1.0,100032,,unreal_rockfield.json,unreal_rockfield.json,nan,nan,nan
3164,-90.59790855687419,52.957861439872765,0.36275684944972497,Medium,RegolithCovered,background_clump,Background,Background,-1,-1.0,-1.0,-1.0,0.0,0.007,1.0,100032,,unreal_rockfield.json,unreal_rockfield.json,nan,nan,nan
3165,-93.49097747697631,54.167406429004366,0.2679515590822304,Small,RegolithCovered,background_clump,Background,Background,-1,-1.0,-1.0,-1.0,0.0,0.007,1.0,100032,,unreal_rockfield.json,unreal_rockfield.json,nan,nan,nan
3166,-88.48856810538624,53.11909736761281,0.32873160303368754,Medium,RegolithCovered,background_clump,Background,Background,-1,-1.0,-1.0,-1.0,0.0,0.007,1.0,100032,,unreal_rockfield.json,unreal_rockfield.json,nan,nan,nan
3167,-78.81444384427645,-188.47355832855965,0.2991923669894279,Small,RegolithCovered,background_clump,Background,Background,-1,-1.0,-1.0,-1.0,0.0,0.007,1.0,100033,,unreal_rockfield.json,unreal_rockfield.json,nan,nan,nan
3168,-78.58373264616966,-189.3595948957145,0.3322327674112581,Medium,RegolithCovered,background_clump,Background,Background,-1,-1.0,-1.0,-1.0,0.0,0.007,1.0,100033,,unreal_rockfield.json,unreal_rockfield.json,nan,nan,nan
3169,-79.40661854016672,-185.50042443739252,0.2707693401395172,Small,RegolithCovered,background_clump,Background,Background,-1,-1.0,-1.0,-1.0,0.0,0.007,1.0,100033,,unreal_rockfield.json,unreal_rockfield.json,nan,nan,nan
3170,-12.74707881725242,187.12170062245193,0.2927432057859562,Small,RegolithCovered,background_clump,Background,Background,-1,-1.0,-1.0,-1.0,0.0,0.007,1.0,100034,,unreal_rockfield.json,unreal_rockfield.json,nan,nan,nan
3171,-13.805164623844792,188.1074003412571,0.2826839426158355,Small,RegolithCovered,background_clump,Background,Background,-1,-1.0,-1.0,-1.0,0.0,0.007,1.0,100034,,unreal_rockfield.json,unreal_rockfield.json,nan,nan,nan
3172,-14.121235338139854,187.67835422966465,0.34599538515551764,Medium,RegolithCovered,background_clump,Background,Background,-1,-1.0,-1.0,-1.0,0.0,0.007,1.0,100034,,unreal_rockfield.json,unreal_rockfield.json,nan,nan,nan
3173,-15.197814894613902,189.03972744404066,0.27702307738914145,Small,RegolithCovered,background_clump,Background,Background,-1,-1.0,-1.0,-1.0,0.0,0.007,1.0,100034,,unreal_rockfield.json,unreal_rockfield.json,nan,nan,nan
3174,198.778021715967,65.84851700736974,0.26712290353377,Small,RegolithCovered,background_clump,Background,Background,-1,-1.0,-1.0,-1.0,0.0,0.007,1.0,100035,,unreal_rockfield.json,unreal_rockfield.json,nan,nan,nan
3175,194.62192565946384,64.3833172069551,0.5007201925870959,Medium,RegolithCovered,background_clump,Background,Background,-1,-1.0,-1.0,-1.0,0.0,0.007,1.0,100035,,unreal_rockfield.json,unreal_rockfield.json,nan,nan,nan
3176,194.97166800400984,68.24800264418054,0.32698295237051905,Medium,RegolithCovered,background_clump,Background,Background,-1,-1.0,-1.0,-1.0,0.0,0.007,1.0,100035,,unreal_rockfield.json,unreal_rockfield.json,nan,nan,nan
3177,193.79908644823809,61.84009014490859,0.31807213239596416,Medium,RegolithCovered,background_clump,Background,Background,-1,-1.0,-1.0,-1.0,0.0,0.007,1.0,100035,,unreal_rockfield.json,unreal_rockfield.json,nan,nan,nan
3178,193.55441068822842,66.31756010085601,0.2636397527043933,Small,RegolithCovered,background_clump,Background,Background,-1,-1.0,-1.0,-1.0,0.0,0.007,1.0,100035,,unreal_rockfield.json,unreal_rockfield.json,nan,nan,nan
3179,193.852236941314,65.15873586611103,0.29879304187201355,Small,RegolithCovered,background_clump,Background,Background,-1,-1.0,-1.0,-1.0,0.0,0.007,1.0,100035,,unreal_rockfield.json,unreal_rockfield.json,nan,nan,nan
3180,93.98242494019449,77.51131531656226,0.3092780215028858,Medium,RegolithCovered,background_clump,Background,Background,-1,-1.0,-1.0,-1.0,0.0,0.007,1.0,100036,,unreal_rockfield.json,unreal_rockfield.json,nan,nan,nan
3181,96.03683069274257,73.62224119094408,0.2932466562529453,Small,RegolithCovered,background_clump,Background,Background,-1,-1.0,-1.0,-1.0,0.0,0.007,1.0,100036,,unreal_rockfield.json,unreal_rockfield.json,nan,nan,nan
3182,96.36238185007797,78.07751325279519,0.27214129491078365,Small,RegolithCovered,background_clump,Background,Background,-1,-1.0,-1.0,-1.0,0.0,0.007,1.0,100036,,unreal_rockfield.json,unreal_rockfield.json,nan,nan,nan
3183,97.32772504833589,78.7362220028468,0.2735069169541229,Small,RegolithCovered,background_clump,Background,Background,-1,-1.0,-1.0,-1.0,0.0,0.007,1.0,100036,,unreal_rockfield.json,unreal_rockfield.json,nan,nan,nan
3184,91.19378353205062,75.98922218846111,0.2662130872403466,Small,RegolithCovered,background_clump,Background,Background,-1,-1.0,-1.0,-1.0,0.0,0.007,1.0,100036,,unreal_rockfield.json,unreal_rockfield.json,nan,nan,nan
3185,93.14077141279192,77.20795157609662,0.33210013849532527,Medium,RegolithCovered,background_clump,Background,Background,-1,-1.0,-1.0,-1.0,0.0,0.007,1.0,100036,,unreal_rockfield.json,unreal_rockfield.json,nan,nan,nan
3186,90.8097252808756,75.82890101234182,0.30952348685056014,Medium,RegolithCovered,background_clump,Background,Background,-1,-1.0,-1.0,-1.0,0.0,0.007,1.0,100036,,unreal_rockfield.json,unreal_rockfield.json,nan,nan,nan
3187,93.10572331601755,75.76317103299446,0.3071437877505072,Medium,RegolithCovered,background_clump,Background,Background,-1,-1.0,-1.0,-1.0,0.0,0.007,1.0,100036,,unreal_rockfield.json,unreal_rockfield.json,nan,nan,nan
3188,94.67045187097187,76.9916674481405,0.36952058040383345,Medium,RegolithCovered,background_clump,Background,Background,-1,-1.0,-1.0,-1.0,0.0,0.007,1.0,100036,,unreal_rockfield.json,unreal_rockfield.json,nan,nan,nan
3189,95.02275909368062,80.48597269634479,0.33280195607538654,Medium,RegolithCovered,background_clump,Background,Background,-1,-1.0,-1.0,-1.0,0.0,0.007,1.0,100036,,unreal_rockfield.json,unreal_rockfield.json,nan,nan,nan
3190,174.31538536997573,72.44548170781863,0.2938168036039413,Small,RegolithCovered,background_clump,Background,Background,-1,-1.0,-1.0,-1.0,0.0,0.007,1.0,100037,,unreal_rockfield.json,unreal_rockfield.json,nan,nan,nan
3191,172.183030293838,71.4017975065313,0.2771277440710507,Small,RegolithCovered,background_clump,Background,Background,-1,-1.0,-1.0,-1.0,0.0,0.007,1.0,100037,,unreal_rockfield.json,unreal_rockfield.json,nan,nan,nan
3192,177.1072302097786,72.8319179643767,0.26866260356445626,Small,RegolithCovered,background_clump,Background,Background,-1,-1.0,-1.0,-1.0,0.0,0.007,1.0,100037,,unreal_rockfield.json,unreal_rockfield.json,nan,nan,nan
3193,176.44236059850397,73.48044382896317,0.2906647455357303,Small,RegolithCovered,background_clump,Background,Background,-1,-1.0,-1.0,-1.0,0.0,0.007,1.0,100037,,unreal_rockfield.json,unreal_rockfield.json,nan,nan,nan
3194,174.52743254504205,71.4656202392792,0.30951453931168976,Medium,RegolithCovered,background_clump,Background,Background,-1,-1.0,-1.0,-1.0,0.0,0.007,1.0,100037,,unreal_rockfield.json,unreal_rockfield.json,nan,nan,nan
3195,177.0482953901239,75.31277879685418,0.31388504228469727,Medium,RegolithCovered,background_clump,Background,Background,-1,-1.0,-1.0,-1.0,0.0,0.007,1.0,100037,,unreal_rockfield.json,unreal_rockfield.json,nan,nan,nan
3196,210.71398322430005,85.90261230986809,0.35516177212873584,Medium,RegolithCovered,background_clump,Background,Background,-1,-1.0,-1.0,-1.0,0.0,0.007,1.0,100038,,unreal_rockfield.json,unreal_rockfield.json,nan,nan,nan
3197,215.5259572402556,77.47716281029426,0.2924512427980988,Small,RegolithCovered,background_clump,Background,Background,-1,-1.0,-1.0,-1.0,0.0,0.007,1.0,100038,,unreal_rockfield.json,unreal_rockfield.json,nan,nan,nan
3198,211.96587507588143,79.24001766854128,0.34976803011758134,Medium,RegolithCovered,background_clump,Background,Background,-1,-1.0,-1.0,-1.0,0.0,0.007,1.0,100038,,unreal_rockfield.json,unreal_rockfield.json,nan,nan,nan
3199,212.44042955283263,76.69754286242573,0.41435065313943714,Medium,RegolithCovered,background_clump,Background,Background,-1,-1.0,-1.0,-1.0,0.0,0.007,1.0,100038,,unreal_rockfield.json,unreal_rockfield.json,nan,nan,nan
3200,209.78135309581245,79.9879985355327,0.26488241197751067,Small,RegolithCovered,background_clump,Background,Background,-1,-1.0,-1.0,-1.0,0.0,0.007,1.0,100038,,unreal_rockfield.json,unreal_rockfield.json,nan,nan,nan
3201,210.9987300832449,79.76141388312794,0.2791114596110543,Small,RegolithCovered,background_clump,Background,Background,-1,-1.0,-1.0,-1.0,0.0,0.007,1.0,100038,,unreal_rockfield.json,unreal_rockfield.json,nan,nan,nan
3202,213.74807716986857,79.01512424764131,0.3118036019211834,Medium,RegolithCovered,background_clump,Background,Background,-1,-1.0,-1.0,-1.0,0.0,0.007,1.0,100038,,unreal_rockfield.json,unreal_rockfield.json,nan,nan,nan
3203,210.97095695180735,78.48438628453276,0.28434912903715986,Small,RegolithCovered,background_clump,Background,Background,-1,-1.0,-1.0,-1.0,0.0,0.007,1.0,100038,,unreal_rockfield.json,unreal_rockfield.json,nan,nan,nan
3204,212.27284915861145,80.2766314996335,0.2745327705449768,Small,RegolithCovered,background_clump,Background,Background,-1,-1.0,-1.0,-1.0,0.0,0.007,1.0,100038,,unreal_rockfield.json,unreal_rockfield.json,nan,nan,nan
3205,212.71496579213493,79.097318797907,0.28584987236043213,Small,RegolithCovered,background_clump,Background,Background,-1,-1.0,-1.0,-1.0,0.0,0.007,1.0,100038,,unreal_rockfield.json,unreal_rockfield.json,nan,nan,nan
3206,-34.03423844477052,-60.06112389404488,0.2980149141350107,Small,RegolithCovered,background_clump,Background,Background,-1,-1.0,-1.0,-1.0,0.0,0.007,1.0,100039,,unreal_rockfield.json,unreal_rockfield.json,nan,nan,nan
3207,102.68218382869134,202.0413578302743,0.3285097834619006,Medium,RegolithCovered,background_clump,Background,Background,-1,-1.0,-1.0,-1.0,0.0,0.007,1.0,100040,,unreal_rockfield.json,unreal_rockfield.json,nan,nan,nan
3208,103.88729436240808,202.5009624350836,0.29466889266239343,Small,RegolithCovered,background_clump,Background,Background,-1,-1.0,-1.0,-1.0,0.0,0.007,1.0,100040,,unreal_rockfield.json,unreal_rockfield.json,nan,nan,nan
3209,103.18421452774933,202.7849868651009,0.335758400076073,Medium,RegolithCovered,background_clump,Background,Background,-1,-1.0,-1.0,-1.0,0.0,0.007,1.0,100040,,unreal_rockfield.json,unreal_rockfield.json,nan,nan,nan
3210,103.08825864057742,203.55406148539643,0.3467496802058765,Medium,RegolithCovered,background_clump,Background,Background,-1,-1.0,-1.0,-1.0,0.0,0.007,1.0,100040,,unreal_rockfield.json,unreal_rockfield.json,nan,nan,nan
3211,-208.35314865542082,43.44739632687186,0.3881649160526842,Medium,RegolithCovered,background_clump,Background,Background,-1,-1.0,-1.0,-1.0,0.0,0.007,1.0,100041,,unreal_rockfield.json,unreal_rockfield.json,nan,nan,nan
3212,-208.15271641552886,42.735099990040425,0.29634615947805903,Small,RegolithCovered,background_clump,Background,Background,-1,-1.0,-1.0,-1.0,0.0,0.007,1.0,100041,,unreal_rockfield.json,unreal_rockfield.json,nan,nan,nan
3213,-207.99527729304083,43.33287226815045,0.4045086425270191,Medium,RegolithCovered,background_clump,Background,Background,-1,-1.0,-1.0,-1.0,0.0,0.007,1.0,100041,,unreal_rockfield.json,unreal_rockfield.json,nan,nan,nan
3214,-92.12899360982638,-61.53996634828723,0.2692981347872714,Small,RegolithCovered,background_clump,Background,Background,-1,-1.0,-1.0,-1.0,0.0,0.007,1.0,100042,,unreal_rockfield.json,unreal_rockfield.json,nan,nan,nan
3215,-90.50243719165584,-62.31474787898656,0.30184430870123213,Medium,RegolithCovered,background_clump,Background,Background,-1,-1.0,-1.0,-1.0,0.0,0.007,1.0,100042,,unreal_rockfield.json,unreal_rockfield.json,nan,nan,nan
3216,-94.09279569678849,-64.38665550550047,0.2741290972303062,Small,RegolithCovered,background_clump,Background,Background,-1,-1.0,-1.0,-1.0,0.0,0.007,1.0,100042,,unreal_rockfield.json,unreal_rockfield.json,nan,nan,nan
3217,-116.37268645235305,-42.39297326678846,0.2654225600907751,Small,RegolithCovered,background_clump,Background,Background,-1,-1.0,-1.0,-1.0,0.0,0.007,1.0,100043,,unreal_rockfield.json,unreal_rockfield.json,nan,nan,nan
3218,-120.34126667837859,-45.42752052911121,0.3312015279015465,Medium,RegolithCovered,background_clump,Background,Background,-1,-1.0,-1.0,-1.0,0.0,0.007,1.0,100043,,unreal_rockfield.json,unreal_rockfield.json,nan,nan,nan
3219,-123.90619780268202,-43.55771685977883,0.30704586403031076,Medium,RegolithCovered,background_clump,Background,Background,-1,-1.0,-1.0,-1.0,0.0,0.007,1.0,100043,,unreal_rockfield.json,unreal_rockfield.json,nan,nan,nan
3220,-120.81015460627835,-43.05657614830293,0.27302931380548945,Small,RegolithCovered,background_clump,Background,Background,-1,-1.0,-1.0,-1.0,0.0,0.007,1.0,100043,,unreal_rockfield.json,unreal_rockfield.json,nan,nan,nan
3221,-221.3040547718452,98.75568999250261,0.29447238121856484,Small,RegolithCovered,background_clump,Background,Background,-1,-1.0,-1.0,-1.0,0.0,0.007,1.0,100044,,unreal_rockfield.json,unreal_rockfield.json,nan,nan,nan
3222,-224.2415919342395,97.58623162389625,0.3012823724236852,Medium,RegolithCovered,background_clump,Background,Background,-1,-1.0,-1.0,-1.0,0.0,0.007,1.0,100044,,unreal_rockfield.json,unreal_rockfield.json,nan,nan,nan
3223,-217.0301079572551,98.13947013761562,0.29947499647570375,Small,RegolithCovered,background_clump,Background,Background,-1,-1.0,-1.0,-1.0,0.0,0.007,1.0,100044,,unreal_rockfield.json,unreal_rockfield.json,nan,nan,nan
3224,-221.37592105414774,101.59381995399474,0.26806532684127937,Small,RegolithCovered,background_clump,Background,Background,-1,-1.0,-1.0,-1.0,0.0,0.007,1.0,100044,,unreal_rockfield.json,unreal_rockfield.json,nan,nan,nan
3225,-223.43239155349372,99.90985136470577,0.26036859348747715,Small,RegolithCovered,background_clump,Background,Background,-1,-1.0,-1.0,-1.0,0.0,0.007,1.0,100044,,unreal_rockfield.json,unreal_rockfield.json,nan,nan,nan
3226,-221.56515378061272,98.1568600743283,0.2741374256445106,Small,RegolithCovered,background_clump,Background,Background,-1,-1.0,-1.0,-1.0,0.0,0.007,1.0,100044,,unreal_rockfield.json,unreal_rockfield.json,nan,nan,nan
3227,-222.3431327413232,98.69090154687196,0.2702637882200116,Small,RegolithCovered,background_clump,Background,Background,-1,-1.0,-1.0,-1.0,0.0,0.007,1.0,100044,,unreal_rockfield.json,unreal_rockfield.json,nan,nan,nan
3228,-223.82576096246189,99.26099641615129,0.2880942368571946,Small,RegolithCovered,background_clump,Background,Background,-1,-1.0,-1.0,-1.0,0.0,0.007,1.0,100044,,unreal_rockfield.json,unreal_rockfield.json,nan,nan,nan
3229,-222.94600256525513,98.50676199238578,0.3137630292104178,Medium,RegolithCovered,background_clump,Background,Background,-1,-1.0,-1.0,-1.0,0.0,0.007,1.0,100044,,unreal_rockfield.json,unreal_rockfield.json,nan,nan,nan
3230,-141.5074234198983,228.8374873727355,0.26400278610335126,Small,RegolithCovered,background_clump,Background,Background,-1,-1.0,-1.0,-1.0,0.0,0.007,1.0,100045,,unreal_rockfield.json,unreal_rockfield.json,nan,nan,nan
3231,-141.67861179660576,228.057746927227,0.2838588919372765,Small,RegolithCovered,background_clump,Background,Background,-1,-1.0,-1.0,-1.0,0.0,0.007,1.0,100045,,unreal_rockfield.json,unreal_rockfield.json,nan,nan,nan
3232,-144.73969554730468,223.81756692176955,0.326837750665263,Medium,RegolithCovered,background_clump,Background,Background,-1,-1.0,-1.0,-1.0,0.0,0.007,1.0,100045,,unreal_rockfield.json,unreal_rockfield.json,nan,nan,nan
3233,183.70403154521483,76.56566654189376,0.26616119013218553,Small,RegolithCovered,background_clump,Background,Background,-1,-1.0,-1.0,-1.0,0.0,0.007,1.0,100046,,unreal_rockfield.json,unreal_rockfield.json,nan,nan,nan
3234,184.4238365902107,79.96261633844915,0.5453197638378814,Medium,RegolithCovered,background_clump,Background,Background,-1,-1.0,-1.0,-1.0,0.0,0.007,1.0,100046,,unreal_rockfield.json,unreal_rockfield.json,nan,nan,nan
3235,186.32949001151607,78.47131297337567,0.4689285654102894,Medium,RegolithCovered,background_clump,Background,Background,-1,-1.0,-1.0,-1.0,0.0,0.007,1.0,100046,,unreal_rockfield.json,unreal_rockfield.json,nan,nan,nan
3236,-55.94598598932741,54.933884203379705,0.2812786744364973,Small,RegolithCovered,background_clump,Background,Background,-1,-1.0,-1.0,-1.0,0.0,0.007,1.0,100047,,unreal_rockfield.json,unreal_rockfield.json,nan,nan,nan
3237,-55.39027975891411,55.62769714746907,0.2766333332884316,Small,RegolithCovered,background_clump,Background,Background,-1,-1.0,-1.0,-1.0,0.0,0.007,1.0,100047,,unreal_rockfield.json,unreal_rockfield.json,nan,nan,nan
3238,-54.25631248961205,57.050573535017655,0.3885573323856547,Medium,RegolithCovered,background_clump,Background,Background,-1,-1.0,-1.0,-1.0,0.0,0.007,1.0,100047,,unreal_rockfield.json,unreal_rockfield.json,nan,nan,nan
3239,6.32884522405935,44.80417710173019,0.34723680478721886,Medium,RegolithCovered,background_clump,Background,Background,-1,-1.0,-1.0,-1.0,0.0,0.007,1.0,100048,,unreal_rockfield.json,unreal_rockfield.json,nan,nan,nan
3240,5.080628471561768,49.82884979617765,0.2611986228303866,Small,RegolithCovered,background_clump,Background,Background,-1,-1.0,-1.0,-1.0,0.0,0.007,1.0,100048,,unreal_rockfield.json,unreal_rockfield.json,nan,nan,nan
3241,7.129528095903736,46.27458440528794,0.2760312019435519,Small,RegolithCovered,background_clump,Background,Background,-1,-1.0,-1.0,-1.0,0.0,0.007,1.0,100048,,unreal_rockfield.json,unreal_rockfield.json,nan,nan,nan
3242,6.265367301930382,46.41810181492088,0.2966224962468925,Small,RegolithCovered,background_clump,Background,Background,-1,-1.0,-1.0,-1.0,0.0,0.007,1.0,100048,,unreal_rockfield.json,unreal_rockfield.json,nan,nan,nan
3243,9.854766218145844,48.60070840739945,0.3414095157592526,Medium,RegolithCovered,background_clump,Background,Background,-1,-1.0,-1.0,-1.0,0.0,0.007,1.0,100048,,unreal_rockfield.json,unreal_rockfield.json,nan,nan,nan
3244,9.07626908980092,45.314390191908494,0.44368845827663606,Medium,RegolithCovered,background_clump,Background,Background,-1,-1.0,-1.0,-1.0,0.0,0.007,1.0,100048,,unreal_rockfield.json,unreal_rockfield.json,nan,nan,nan
3245,6.700239721822268,50.95141464651272,0.3710848640310302,Medium,RegolithCovered,background_clump,Background,Background,-1,-1.0,-1.0,-1.0,0.0,0.007,1.0,100048,,unreal_rockfield.json,unreal_rockfield.json,nan,nan,nan
3246,3.523817200135936,-43.920333127590965,0.26495459236914637,Small,RegolithCovered,background_clump,Background,Background,-1,-1.0,-1.0,-1.0,0.0,0.007,1.0,100049,,unreal_rockfield.json,unreal_rockfield.json,nan,nan,nan
3247,2.2975917701337663,-50.10403773476757,0.3153930986368022,Medium,RegolithCovered,background_clump,Background,Background,-1,-1.0,-1.0,-1.0,0.0,0.007,1.0,100049,,unreal_rockfield.json,unreal_rockfield.json,nan,nan,nan
3248,2.344356453838639,-41.437667259622074,0.3748348549894353,Medium,RegolithCovered,background_clump,Background,Background,-1,-1.0,-1.0,-1.0,0.0,0.007,1.0,100049,,unreal_rockfield.json,unreal_rockfield.json,nan,nan,nan
3249,-195.23900463760557,62.641757201970115,0.3145243695580877,Medium,RegolithCovered,background_clump,Background,Background,-1,-1.0,-1.0,-1.0,0.0,0.007,1.0,100050,,unreal_rockfield.json,unreal_rockfield.json,nan,nan,nan
3250,-198.93399686595302,59.43158628466544,0.26710875729312356,Small,RegolithCovered,background_clump,Background,Background,-1,-1.0,-1.0,-1.0,0.0,0.007,1.0,100050,,unreal_rockfield.json,unreal_rockfield.json,nan,nan,nan
3251,-198.1265399041228,63.69270933135154,0.29418565085538134,Small,RegolithCovered,background_clump,Background,Background,-1,-1.0,-1.0,-1.0,0.0,0.007,1.0,100050,,unreal_rockfield.json,unreal_rockfield.json,nan,nan,nan
3252,-194.98588509007917,63.27972587588947,0.3211377633969077,Medium,RegolithCovered,background_clump,Background,Background,-1,-1.0,-1.0,-1.0,0.0,0.007,1.0,100050,,unreal_rockfield.json,unreal_rockfield.json,nan,nan,nan
3253,-197.53173617449423,62.52407415165393,0.27554893107525463,Small,RegolithCovered,background_clump,Background,Background,-1,-1.0,-1.0,-1.0,0.0,0.007,1.0,100050,,unreal_rockfield.json,unreal_rockfield.json,nan,nan,nan
3254,-198.79620786446324,60.525682824318466,0.31745442968900567,Medium,RegolithCovered,background_clump,Background,Background,-1,-1.0,-1.0,-1.0,0.0,0.007,1.0,100050,,unreal_rockfield.json,unreal_rockfield.json,nan,nan,nan
3255,-196.22457583149549,62.153329067392846,0.2959228747331172,Small,RegolithCovered,background_clump,Background,Background,-1,-1.0,-1.0,-1.0,0.0,0.007,1.0,100050,,unreal_rockfield.json,unreal_rockfield.json,nan,nan,nan
3256,-195.14744646617564,59.61757930500909,0.31420859957430214,Medium,RegolithCovered,background_clump,Background,Background,-1,-1.0,-1.0,-1.0,0.0,0.007,1.0,100050,,unreal_rockfield.json,unreal_rockfield.json,nan,nan,nan
3257,-29.7491743473869,42.987882667154445,0.2657945431885454,Small,RegolithCovered,background_clump,Background,Background,-1,-1.0,-1.0,-1.0,0.0,0.007,1.0,100051,,unreal_rockfield.json,unreal_rockfield.json,nan,nan,nan
3258,-27.131637874249996,36.2353976202342,0.29965705718422475,Small,RegolithCovered,background_clump,Background,Background,-1,-1.0,-1.0,-1.0,0.0,0.007,1.0,100051,,unreal_rockfield.json,unreal_rockfield.json,nan,nan,nan
3259,-24.961111613438646,40.087819740253735,0.3015815038590393,Medium,RegolithCovered,background_clump,Background,Background,-1,-1.0,-1.0,-1.0,0.0,0.007,1.0,100051,,unreal_rockfield.json,unreal_rockfield.json,nan,nan,nan
3260,-27.121071728475638,40.83958788397818,0.32795288795287114,Medium,RegolithCovered,background_clump,Background,Background,-1,-1.0,-1.0,-1.0,0.0,0.007,1.0,100051,,unreal_rockfield.json,unreal_rockfield.json,nan,nan,nan
3261,-30.106171933379574,44.10096147512906,0.3820199379955297,Medium,RegolithCovered,background_clump,Background,Background,-1,-1.0,-1.0,-1.0,0.0,0.007,1.0,100051,,unreal_rockfield.json,unreal_rockfield.json,nan,nan,nan
3262,-29.455579168741057,41.14975678507798,0.26307051266380077,Small,RegolithCovered,background_clump,Background,Background,-1,-1.0,-1.0,-1.0,0.0,0.007,1.0,100051,,unreal_rockfield.json,unreal_rockfield.json,nan,nan,nan
3263,-28.39549474857694,40.91235336566077,0.49423105418236607,Medium,RegolithCovered,background_clump,Background,Background,-1,-1.0,-1.0,-1.0,0.0,0.007,1.0,100051,,unreal_rockfield.json,unreal_rockfield.json,nan,nan,nan
3264,-28.58629606281519,39.0133578493617,0.2879691333175251,Small,RegolithCovered,background_clump,Background,Background,-1,-1.0,-1.0,-1.0,0.0,0.007,1.0,100051,,unreal_rockfield.json,unreal_rockfield.json,nan,nan,nan
